402.1287,406.6808,411.2303,415.7773,420.3218,424.8639,429.4034,433.9404,438.4749,443.0069,447.5365,452.0635,456.5881,461.1101,465.6297,470.1469,474.6615,479.1736,483.6833,488.1905,492.6953,497.1975,501.6973,506.1946,510.6895,515.1819,519.6719,524.1594,528.6445,533.1271,537.6072,542.085,546.5602,551.033,555.5034,559.9714,564.4369,568.9,573.3607,577.8188,582.2747,586.728,591.179,595.6276,600.0737,604.5174,608.9587,613.3976,617.834,622.2681,626.6998,631.129,635.5559,639.9803,644.4024,648.8221,653.2394,657.6543,662.0668,666.4769,670.8846,675.29,679.693,684.0936,688.4918,692.8877,697.2812,701.6723,706.061,710.4474,714.8315,719.2131,723.5925,727.9694,732.3441,736.7163,741.0862,745.4538,749.819,754.1819,758.5424,762.9006,767.2565,771.61,775.9612,780.3101,784.6566,789.0008,793.3427,797.6823,802.0195,806.3544,810.687,815.0173,819.3453,823.671,827.9944,832.3154,836.6342,840.9507,845.2648,849.5767,853.8863,858.1935,862.4985,866.8013,871.1017,875.3998,879.6956,883.9892,888.2805,892.5695,896.8563,901.1407,905.4229,909.7028,913.9805,918.2559,922.529,926.7999,931.0685,935.3348,939.5989,943.8608,948.1204,952.3777,956.6329,960.8857,965.1364,969.3847,973.6309,977.8748,982.1164,986.3558,990.5931,994.8281,999.0608,1003.291,1007.52,1011.746,1015.97,1020.191,1024.411,1028.628,1032.843,1037.056,1041.266,1045.475,1049.681,1053.885,1058.087,1062.286,1066.484,1070.679,1074.872,1079.063,1083.251,1087.438,1091.622,1095.804,1099.984,1104.162,1108.337,1112.51,1116.682,1120.851,1125.018,1129.182,1133.345,1137.505,1141.663,1145.819,1149.973,1154.125,1158.275,1162.422,1166.567,1170.71,1174.851,1178.99,1183.127,1187.261,1191.394,1195.524,1199.652,1203.778,1207.902,1212.024,1216.144,1220.261,1224.377,1228.49,1232.601,1236.71,1240.817,1244.922,1249.024,1253.125,1257.223,1261.32,1265.414,1269.506,1273.596,1277.684,1281.77,1285.854,1289.935,1294.015,1298.092,1302.168,1306.241,1310.312,1314.381,1318.448,1322.513,1326.576,1330.637,1334.696,1338.753,1342.807,1346.86,1350.91,1354.959,1359.005,1363.049,1367.091,1371.132,1375.17,1379.206,1383.24,1387.272,1391.302,1395.329,1399.355,1403.379,1407.401,1411.42,1415.438,1419.454,1423.467,1427.479,1431.488,1435.496,1439.501,1443.505,1447.506,1451.505,1455.503,1459.498,1463.491,1467.483,1471.472,1475.459,1479.444,1483.428,1487.409,1491.388,1495.365,1499.341,1503.314,1507.285,1511.255,1515.222,1519.187,1523.15,1527.112,1531.071,1535.028,1538.983,1542.937,1546.888,1550.838,1554.785,1558.73,1562.674,1566.615,1570.555,1574.492,1578.428,1582.361,1586.293,1590.223,1594.15,1598.076,1602,1605.922,1609.842,1613.76,1617.676,1621.59,1625.502,1629.412,1633.32,1637.226,1641.131,1645.033,1648.933,1652.832,1656.729,1660.623,1664.516,1668.407,1672.295,1676.182,1680.067,1683.95,1687.832,1691.711,1695.588,1699.463,1703.337,1707.208,1711.078,1714.946,1718.812,1722.676,1726.538,1730.398,1734.256,1738.112,1741.967,1745.819,1749.67,1753.519,1757.365,1761.21,1765.053,1768.895,1772.734,1776.571,1780.407,1784.24,1788.072,1791.902,1795.73,1799.556,1803.38,1807.203,1811.023,1814.842,1818.659,1822.474,1826.287,1830.098,1833.907,1837.715,1841.52,1845.324,1849.126,1852.926,1856.724,1860.521,1864.315,1868.108,1871.899,1875.688,1879.475,1883.26,1887.043,1890.825,1894.605,1898.383,1902.159,1905.933,1909.705,1913.476,1917.245,1921.012,1924.777,1928.54,1932.302,1936.061,1939.819,1943.575,1947.33,1951.082,1954.833,1958.581,1962.328,1966.073,1969.817,1973.558,1977.298,1981.036,1984.772,1988.507,1992.239,1995.97,1999.699
1125.0,1139.0,1145.0,1160.0,1146.0,1141.0,1158.0,1124.0,1133.0,1125.0,1126.0,1130.0,1115.0,1134.0,1127.0,1104.0,1122.0,1123.0,1114.0,1141.0,1120.0,1130.0,1129.0,1138.0,1138.0,1136.0,1149.0,1160.0,1180.0,1233.0,1204.0,1211.0,1216.0,1186.0,1189.0,1148.0,1147.0,1133.0,1151.0,1137.0,1130.0,1134.0,1101.0,1150.0,1137.0,1120.0,1107.0,1115.0,1150.0,1127.0,1139.0,1126.0,1137.0,1155.0,1149.0,1146.0,1124.0,1138.0,1160.0,1182.0,1150.0,1136.0,1105.0,1124.0,1114.0,1122.0,1122.0,1143.0,1151.0,1140.0,1158.0,1155.0,1162.0,1175.0,1138.0,1136.0,1132.0,1131.0,1148.0,1152.0,1180.0,1184.0,1197.0,1214.0,1210.0,1255.0,1275.0,1242.0,1218.0,1227.0,1235.0,1244.0,1228.0,1248.0,1263.0,1281.0,1285.0,1298.0,1274.0,1301.0,1342.0,1392.0,1472.0,1441.0,1384.0,1339.0,1326.0,1302.0,1320.0,1306.0,1300.0,1329.0,1281.0,1275.0,1283.0,1271.0,1292.0,1284.0,1313.0,1328.0,1333.0,1277.0,1274.0,1258.0,1289.0,1246.0,1275.0,1262.0,1247.0,1248.0,1279.0,1296.0,1283.0,1268.0,1305.0,1274.0,1326.0,1403.0,1364.0,1329.0,1277.0,1262.0,1278.0,1321.0,1323.0,1334.0,1378.0,1378.0,1357.0,1352.0,1317.0,1350.0,1348.0,1318.0,1375.0,1348.0,1364.0,1367.0,1427.0,1389.0,1392.0,1386.0,1356.0,1361.0,1336.0,1384.0,1397.0,1366.0,1348.0,1302.0,1305.0,1326.0,1278.0,1280.0,1288.0,1262.0,1283.0,1262.0,1249.0,1237.0,1249.0,1232.0,1224.0,1257.0,1266.0,1293.0,1277.0,1299.0,1287.0,1330.0,1332.0,1386.0,1400.0,1399.0,1421.0,1449.0,1471.0,1483.0,1496.0,1476.0,1470.0,1486.0,1461.0,1509.0,1512.0,1553.0,1511.0,1529.0,1534.0,1490.0,1536.0,1532.0,1540.0,1542.0,1555.0,1546.0,1550.0,1561.0,1579.0,1588.0,1571.0,1533.0,1531.0,1485.0,1491.0,1498.0,1480.0,1471.0,1510.0,1490.0,1521.0,1498.0,1493.0,1474.0,1477.0,1506.0,1529.0,1493.0,1500.0,1507.0,1502.0,1524.0,1564.0,1573.0,1608.0,1680.0,1697.0,1660.0,1623.0,1600.0,1544.0,1537.0,1501.0,1465.0,1425.0,1353.0,1322.0,1274.0,1253.0,1239.0,1237.0,1240.0,1208.0,1227.0,1207.0,1222.0,1213.0,1224.0,1225.0,1230.0,1261.0,1242.0,1275.0,1278.0,1289.0,1290.0,1329.0,1342.0,1322.0,1295.0,1306.0,1309.0,1317.0,1314.0,1322,1329.0,1342.0,1330.0,1368.0,1340.0,1364.0,1418.0,1438.0,1465.0,1536.0,1557.0,1595.0,1597.0,1556.0,1520.0,1440.0,1440.0,1384.0,1352.0,1336.0,1294.0,1267.0,1249.0,1225.0,1211.0,1165.0,1193.0,1175.0,1121.0,1139.0,1131.0,1122.0,1117.0,1091.0,1108.0,1128.0,1090.0,1105.0,1105.0,1121.0,1084.0,1103.0,1072.0,1115.0,1117.0,1110.0,1102.0,1093.0,1078.0,1098.0,1095.0,1104.0,1092.0,1087.0,1092.0,1086.0,1112.0,1090.0,1071.0,1108.0,1100.0,1102.0,1084.0,1101.0,1082.0,1103.0,1113.0,1088.0,1107.0,1098.0,1081.0,1113.0,1119.0,1080.0,1089.0,1105.0,1095.0,1117.0,1103.0,1087.0,1098.0,1095.0,1109.0,1096.0,1107.0,1112.0,1111.0,1097.0,1103.0,1094.0,1108.0,1096.0,1119.0,1095.0,1079.0,1095.0,1086.0,1096.0,1121.0,1103.0,1081.0,1105.0,1125.0,1087.0
1052.0,1049.0,1044.0,1040.0,1021.0,1047.0,1035.0,1052.0,1034.0,1018.0,1029.0,1023.0,1039.0,998.0,1012.0,1008.0,1005.0,1010.0,1012.0,1006.0,1016.0,1029.0,1045.0,1037.0,1024.0,1048.0,1045.0,1048.0,1049.0,1076.0,1058.0,1106.0,1083.0,1070.0,1056.0,1064.0,1019.0,1033.0,1010.0,1010.0,1021.0,1014.0,992.0,1019.0,987.0,987.0,1010.0,1002.0,1028.0,1011.0,1032.0,983.0,1016.0,1030.0,1035.0,1026.0,1037.0,1036.0,1012.0,1043.0,1034.0,1030.0,1008.0,1035.0,1017.0,1006.0,1001.0,1007.0,1025.0,1004.0,1034.0,1017.0,1043.0,1023.0,1016.0,1025.0,1026.0,1015.0,1040.0,1040.0,1031.0,1063.0,1056.0,1071.0,1084.0,1114.0,1112.0,1100.0,1082.0,1081.0,1109.0,1121.0,1105.0,1132.0,1120.0,1139.0,1147.0,1165.0,1147.0,1167.0,1211.0,1244.0,1305.0,1314.0,1262.0,1225.0,1184.0,1165.0,1159.0,1170.0,1158.0,1147.0,1135.0,1118.0,1118.0,1107.0,1164.0,1171.0,1157.0,1166.0,1147.0,1167.0,1131.0,1134.0,1116.0,1115.0,1123.0,1129.0,1118.0,1136.0,1137.0,1151.0,1154.0,1134.0,1135.0,1159.0,1181.0,1240.0,1207.0,1168.0,1137.0,1121.0,1139.0,1159.0,1172.0,1186.0,1198.0,1197.0,1188.0,1195.0,1191.0,1171.0,1188.0,1164.0,1214.0,1209.0,1241.0,1228.0,1220.0,1219.0,1232.0,1227.0,1227.0,1227.0,1195.0,1197.0,1204.0,1197.0,1187.0,1184.0,1156.0,1160.0,1166.0,1140.0,1135.0,1147.0,1149.0,1145.0,1115.0,1082.0,1109.0,1091.0,1105.0,1096.0,1125.0,1146.0,1156.0,1147.0,1141.0,1175.0,1178.0,1213.0,1241.0,1286.0,1275.0,1291.0,1269.0,1278.0,1309.0,1274.0,1297.0,1300.0,1343.0,1335.0,1326.0,1356.0,1348.0,1313.0,1353.0,1369.0,1354.0,1340.0,1365.0,1366.0,1380.0,1382.0,1371.0,1390.0,1383.0,1381.0,1389.0,1365.0,1364.0,1348.0,1337.0,1313.0,1345.0,1342.0,1314.0,1318.0,1325.0,1322.0,1285.0,1288.0,1304.0,1313.0,1321.0,1325.0,1311.0,1336.0,1329.0,1347.0,1369.0,1386.0,1429.0,1469.0,1474.0,1486.0,1450.0,1379.0,1364.0,1344.0,1329.0,1273.0,1267.0,1188.0,1151.0,1115.0,1118.0,1109.0,1089.0,1094.0,1093.0,1059.0,1061.0,1061.0,1094.0,1069.0,1104.0,1082.0,1092.0,1096.0,1069.0,1100.0,1143.0,1120.0,1136.0,1191.0,1174.0,1150.0,1139.0,1134.0,1136.0,1155.0,1198,1163.0,1178.0,1197.0,1197.0,1208.0,1237.0,1243.0,1277.0,1330.0,1354.0,1393.0,1421.0,1432.0,1387.0,1349.0,1287.0,1221.0,1229.0,1219.0,1176.0,1151.0,1122.0,1101.0,1070.0,1050.0,1045.0,1037.0,1013.0,992.0,991.0,995.0,985.0,996.0,987.0,990.0,963.0,980.0,980.0,968.0,958.0,962.0,967.0,959.0,979.0,964.0,937.0,991.0,971.0,933.0,952.0,957.0,949.0,957.0,967.0,953.0,974.0,951.0,946.0,933.0,959.0,943.0,944.0,969.0,978.0,977.0,976.0,946.0,967.0,957.0,964.0,952.0,988.0,946.0,970.0,953.0,963.0,952.0,943.0,966.0,964.0,947.0,961.0,947.0,945.0,968.0,967.0,972.0,947.0,957.0,975.0,978.0,951.0,979.0,968.0,959.0,948.0,978.0,978.0,969.0,963.0,949.0,940.0,963.0,974.0
1072.0,1064.0,1064.0,1063.0,1068.0,1091.0,1076.0,1073.0,1063.0,1076.0,1069.0,1056.0,1054.0,1066.0,1059.0,1049.0,1033.0,1029.0,1032.0,1057.0,1047.0,1066.0,1065.0,1042.0,1059.0,1061.0,1076.0,1082.0,1105.0,1129.0,1133.0,1135.0,1139.0,1116.0,1096.0,1090.0,1070.0,1066.0,1055.0,1072.0,1031.0,1036.0,1041.0,1057.0,1023.0,1030.0,1023.0,1039.0,1055.0,1067.0,1051.0,1051.0,1054.0,1066.0,1064.0,1066.0,1044.0,1050.0,1058.0,1047.0,1059.0,1052.0,1054.0,1039.0,1023.0,1032.0,1021.0,1016.0,1049.0,1050.0,1078.0,1052.0,1075.0,1075.0,1055.0,1052.0,1052.0,1063.0,1071.0,1074.0,1075.0,1071.0,1073.0,1096.0,1136.0,1156.0,1166.0,1154.0,1124.0,1136.0,1117.0,1167.0,1156.0,1179.0,1153.0,1204.0,1182.0,1186.0,1219.0,1236.0,1245.0,1318.0,1365.0,1390.0,1345.0,1258.0,1238.0,1216.0,1229.0,1246.0,1226.0,1217.0,1208.0,1198.0,1195.0,1159.0,1208.0,1195.0,1236.0,1231.0,1223.0,1223.0,1204.0,1165.0,1179.0,1173.0,1171.0,1158.0,1157.0,1159.0,1182.0,1193.0,1211.0,1212.0,1207.0,1186.0,1242.0,1290.0,1230.0,1210.0,1178.0,1166.0,1186.0,1218.0,1218.0,1239.0,1262.0,1251.0,1277.0,1250.0,1275.0,1237.0,1262.0,1270.0,1250.0,1307.0,1282.0,1312.0,1303.0,1308.0,1301.0,1301.0,1273.0,1274.0,1278.0,1295.0,1298.0,1261.0,1249.0,1231.0,1219.0,1208.0,1211.0,1197.0,1197.0,1167.0,1173.0,1159.0,1167.0,1140.0,1135.0,1141.0,1116.0,1138.0,1147.0,1191.0,1188.0,1204.0,1206.0,1193.0,1247.0,1262.0,1293.0,1328.0,1343.0,1376.0,1365.0,1364.0,1360.0,1362.0,1378.0,1369.0,1388.0,1423.0,1430.0,1440.0,1437.0,1429.0,1435.0,1428.0,1449.0,1457.0,1466.0,1433.0,1442.0,1449.0,1447.0,1474.0,1486.0,1481.0,1477.0,1445.0,1449.0,1438.0,1414.0,1404.0,1385.0,1404.0,1405.0,1371.0,1382.0,1387.0,1361.0,1398.0,1373.0,1419.0,1429.0,1419.0,1449.0,1422.0,1393.0,1407.0,1439.0,1473.0,1525.0,1555.0,1564.0,1570.0,1561.0,1506.0,1446.0,1426.0,1393.0,1341.0,1300.0,1234.0,1186.0,1171.0,1126.0,1123.0,1122.0,1117.0,1111.0,1115.0,1102.0,1105.0,1095.0,1098.0,1117.0,1116.0,1132.0,1154.0,1134.0,1164.0,1165.0,1163.0,1212.0,1195.0,1203.0,1191.0,1199.0,1173.0,1190.0,1219.0,1228,1240.0,1241.0,1234.0,1248.0,1275.0,1289.0,1294.0,1327.0,1395.0,1419.0,1464.0,1510.0,1512.0,1453.0,1413.0,1358.0,1328.0,1270.0,1247.0,1213.0,1172.0,1164.0,1131.0,1091.0,1087.0,1063.0,1055.0,1029.0,1013.0,1023.0,1011.0,1002.0,987.0,989.0,1005.0,984.0,986.0,1121.0,986.0,981.0,991.0,974.0,967.0,968.0,978.0,974.0,989.0,972.0,974.0,970.0,965.0,974.0,977.0,980.0,974.0,983.0,967.0,968.0,947.0,985.0,966.0,963.0,967.0,961.0,984.0,970.0,974.0,968.0,963.0,962.0,959.0,965.0,973.0,967.0,961.0,962.0,963.0,977.0,966.0,957.0,963.0,974.0,962.0,991.0,971.0,960.0,959.0,987.0,963.0,973.0,955.0,963.0,966.0,977.0,967.0,965.0,964.0,981.0,988.0,971.0,972.0,961.0,961.0,973.0
1089.0,1091.0,1098.0,1068.0,1077.0,1077.0,1072.0,1089.0,1079.0,1098.0,1071.0,1084.0,1084.0,1061.0,1068.0,1091.0,1046.0,1041.0,1042.0,1062.0,1073.0,1070.0,1072.0,1100.0,1076.0,1090.0,1106.0,1138.0,1091.0,1143.0,1142.0,1148.0,1133.0,1097.0,1077.0,1100.0,1103.0,1114.0,1084.0,1049.0,1095.0,1031.0,1066.0,1061.0,1084.0,1050.0,1029.0,1070.0,1072.0,1053.0,1079.0,1076.0,1095.0,1080.0,1109.0,1064.0,1061.0,1078.0,1082.0,1092.0,1090.0,1057.0,1075.0,1060.0,1086.0,1057.0,1065.0,1067.0,1083.0,1078.0,1073.0,1086.0,1111.0,1091.0,1071.0,1094.0,1065.0,1077.0,1090.0,1065.0,1078.0,1081.0,1115.0,1128.0,1161.0,1176.0,1174.0,1162.0,1162.0,1163.0,1150.0,1187.0,1170.0,1176.0,1205.0,1175.0,1190.0,1208.0,1224.0,1225.0,1233.0,1302.0,1376.0,1379.0,1357.0,1278.0,1227.0,1226.0,1239.0,1253.0,1231.0,1207.0,1210.0,1210.0,1196.0,1185.0,1188.0,1223.0,1229.0,1232.0,1242.0,1215.0,1212.0,1189.0,1176.0,1198.0,1169.0,1175.0,1154.0,1145.0,1191.0,1207.0,1217.0,1175.0,1226.0,1191.0,1247.0,1279.0,1244.0,1201.0,1192.0,1167.0,1189.0,1216.0,1210.0,1223.0,1241.0,1303.0,1265.0,1270.0,1251.0,1245.0,1278.0,1248.0,1277.0,1285.0,1254.0,1290.0,1311.0,1278.0,1304.0,1305.0,1260.0,1293.0,1287.0,1282.0,1253.0,1249.0,1234.0,1217.0,1215.0,1212.0,1189.0,1200.0,1181.0,1221.0,1171.0,1167.0,1170.0,1154.0,1159.0,1131.0,1112.0,1167.0,1180.0,1187.0,1193.0,1217.0,1186.0,1218.0,1243.0,1286.0,1290.0,1328.0,1349.0,1340.0,1373.0,1356.0,1352.0,1365.0,1369.0,1374.0,1373.0,1388.0,1402.0,1398.0,1419.0,1409.0,1413.0,1405.0,1418.0,1414.0,1428.0,1421.0,1419.0,1428.0,1437.0,1450.0,1441.0,1444.0,1449.0,1429.0,1444.0,1440.0,1425.0,1415.0,1383.0,1378.0,1377.0,1378.0,1389.0,1368.0,1378.0,1368.0,1381.0,1373.0,1388.0,1387.0,1422.0,1390.0,1422.0,1399.0,1447.0,1464.0,1504.0,1514.0,1518.0,1518.0,1510.0,1451.0,1437.0,1419.0,1375.0,1350.0,1318.0,1248.0,1230.0,1193.0,1170.0,1154.0,1126.0,1149.0,1127.0,1089.0,1115.0,1145.0,1122.0,1132.0,1127.0,1135.0,1175.0,1185.0,1145.0,1152.0,1189.0,1192.0,1233.0,1220.0,1249.0,1216.0,1190.0,1200.0,1202.0,1230.0,1224,1221.0,1248.0,1253.0,1263.0,1258.0,1320.0,1293.0,1351.0,1395.0,1457.0,1501.0,1494.0,1501.0,1409.0,1411.0,1342.0,1310.0,1274.0,1226.0,1219.0,1180.0,1148.0,1165.0,1120.0,1091.0,1067.0,1080.0,1048.0,1022.0,1031.0,1061.0,1028.0,1019.0,1019.0,1012.0,1035.0,1022.0,1011.0,1008.0,1011.0,1025.0,997.0,992.0,1013.0,988.0,1016.0,1014.0,1015.0,1019.0,1007.0,1005.0,987.0,1004.0,982.0,1011.0,1004.0,1006.0,997.0,995.0,1001.0,992.0,998.0,1013.0,999.0,1013.0,989.0,986.0,1002.0,1024.0,1000.0,1000.0,992.0,1022.0,986.0,986.0,1001.0,982.0,1001.0,1011.0,989.0,1006.0,981.0,992.0,1002.0,1009.0,993.0,985.0,993.0,989.0,996.0,1013.0,993.0,994.0,996.0,1004.0,984.0,992.0,1000.0,1018.0,977.0,996.0,998.0,989.0,1015.0
1143.0,1118.0,1134.0,1116.0,1138.0,1143.0,1155.0,1120.0,1121.0,1120.0,1114.0,1101.0,1105.0,1107.0,1101.0,1108.0,1078.0,1084.0,1092.0,1096.0,1108.0,1117.0,1124.0,1101.0,1131.0,1144.0,1153.0,1155.0,1150.0,1196.0,1198.0,1191.0,1168.0,1159.0,1165.0,1153.0,1117.0,1117.0,1113.0,1112.0,1113.0,1126.0,1121.0,1102.0,1125.0,1104.0,1120.0,1097.0,1126.0,1122.0,1111.0,1111.0,1110.0,1126.0,1136.0,1151.0,1100.0,1103.0,1133.0,1118.0,1108.0,1134.0,1107.0,1108.0,1118.0,1117.0,1092.0,1085.0,1109.0,1096.0,1150.0,1119.0,1130.0,1139.0,1128.0,1121.0,1102.0,1102.0,1111.0,1116.0,1145.0,1145.0,1142.0,1163.0,1186.0,1206.0,1197.0,1223.0,1182.0,1173.0,1169.0,1193.0,1220.0,1239.0,1219.0,1230.0,1224.0,1267.0,1250.0,1275.0,1296.0,1339.0,1386.0,1443.0,1392.0,1338.0,1289.0,1257.0,1286.0,1292.0,1250.0,1280.0,1239.0,1215.0,1225.0,1223.0,1237.0,1257.0,1257.0,1259.0,1272.0,1241.0,1234.0,1237.0,1238.0,1222.0,1227.0,1200.0,1203.0,1219.0,1242.0,1268.0,1265.0,1248.0,1269.0,1249.0,1299.0,1344.0,1281.0,1251.0,1219.0,1229.0,1251.0,1261.0,1264.0,1287.0,1302.0,1328.0,1312.0,1304.0,1299.0,1293.0,1302.0,1307.0,1310.0,1321.0,1332.0,1320.0,1362.0,1349.0,1329.0,1354.0,1297.0,1305.0,1326.0,1366.0,1344.0,1311.0,1335.0,1268.0,1282.0,1295.0,1266.0,1254.0,1236.0,1234.0,1248.0,1219.0,1206.0,1210.0,1189.0,1199.0,1191.0,1224.0,1224.0,1253.0,1245.0,1247.0,1252.0,1259.0,1262.0,1319.0,1329.0,1357.0,1391.0,1412.0,1434.0,1425.0,1399.0,1397.0,1411.0,1447.0,1429.0,1473.0,1502.0,1508.0,1478.0,1467.0,1478.0,1470.0,1492.0,1465.0,1492.0,1478.0,1472.0,1474.0,1504.0,1511.0,1517.0,1487.0,1498.0,1493.0,1498.0,1467.0,1464.0,1464.0,1449.0,1410.0,1460.0,1442.0,1458.0,1460.0,1448.0,1454.0,1419.0,1463.0,1444.0,1460.0,1456.0,1486.0,1459.0,1471.0,1509.0,1542.0,1561.0,1592.0,1622.0,1593.0,1577.0,1544.0,1485.0,1473.0,1445.0,1408.0,1372.0,1301.0,1273.0,1235.0,1201.0,1179.0,1184.0,1203.0,1193.0,1161.0,1188.0,1185.0,1197.0,1193.0,1194.0,1187.0,1201.0,1243.0,1225.0,1221.0,1236.0,1235.0,1307.0,1276.0,1258.0,1280.0,1283.0,1267.0,1265.0,1273.0,1298,1322.0,1306.0,1317.0,1306.0,1322.0,1339.0,1363.0,1410.0,1441.0,1495.0,1569.0,1570.0,1578.0,1533.0,1456.0,1402.0,1367.0,1358.0,1302.0,1259.0,1241.0,1188.0,1195.0,1153.0,1147.0,1130.0,1117.0,1098.0,1098.0,1088.0,1091.0,1075.0,1075.0,1074.0,1064.0,1082.0,1066.0,1066.0,1061.0,1057.0,1057.0,1051.0,1058.0,1039.0,1041.0,1027.0,1053.0,1032.0,1040.0,1045.0,1022.0,1055.0,1051.0,1056.0,1043.0,1055.0,1033.0,1043.0,1032.0,1023.0,1063.0,1040.0,1045.0,1044.0,1044.0,1042.0,1053.0,1028.0,1038.0,1036.0,1053.0,1047.0,1051.0,1059.0,1054.0,1037.0,1030.0,1048.0,1058.0,1045.0,1041.0,1041.0,1056.0,1049.0,1048.0,1045.0,1026.0,1042.0,1031.0,1055.0,1041.0,1018.0,1054.0,1047.0,1045.0,1048.0,1045.0,1046.0,1044.0,1050.0,1035.0,1034.0,1040.0,1045.0
1102.0,1089.0,1092.0,1096.0,1082.0,1091.0,1083.0,1117.0,1096.0,1092.0,1082.0,1103.0,1059.0,1090.0,1089.0,1068.0,1072.0,1076.0,1059.0,1061.0,1078.0,1100.0,1087.0,1073.0,1066.0,1080.0,1104.0,1117.0,1132.0,1149.0,1147.0,1150.0,1146.0,1141.0,1121.0,1110.0,1105.0,1076.0,1078.0,1089.0,1083.0,1059.0,1086.0,1065.0,1068.0,1065.0,1064.0,1084.0,1074.0,1093.0,1063.0,1066.0,1070.0,1097.0,1108.0,1090.0,1069.0,1071.0,1076.0,1069.0,1079.0,1095.0,1095.0,1079.0,1060.0,1055.0,1069.0,1076.0,1080.0,1068.0,1090.0,1105.0,1105.0,1097.0,1091.0,1066.0,1080.0,1079.0,1101.0,1107.0,1105.0,1112.0,1101.0,1137.0,1117.0,1188.0,1179.0,1171.0,1152.0,1134.0,1139.0,1170.0,1193.0,1197.0,1201.0,1196.0,1192.0,1231.0,1227.0,1242.0,1265.0,1338.0,1347.0,1364.0,1363.0,1309.0,1266.0,1253.0,1239.0,1262.0,1229.0,1215.0,1207.0,1186.0,1185.0,1197.0,1193.0,1217.0,1236.0,1243.0,1219.0,1235.0,1201.0,1210.0,1189.0,1177.0,1190.0,1178.0,1174.0,1184.0,1173.0,1213.0,1207.0,1210.0,1216.0,1236.0,1239.0,1305.0,1228.0,1233.0,1205.0,1203.0,1194.0,1208.0,1244.0,1262.0,1267.0,1282.0,1268.0,1255.0,1251.0,1261.0,1245.0,1239.0,1279.0,1258.0,1274.0,1278.0,1317.0,1303.0,1293.0,1295.0,1273.0,1315.0,1297.0,1292.0,1288.0,1266.0,1242.0,1230.0,1235.0,1219.0,1207.0,1218.0,1207.0,1206.0,1171.0,1191.0,1169.0,1165.0,1169.0,1162.0,1153.0,1187.0,1192.0,1202.0,1215.0,1218.0,1212.0,1248.0,1255.0,1265.0,1303.0,1325.0,1356.0,1383.0,1393.0,1370.0,1364.0,1361.0,1362.0,1379.0,1390.0,1415.0,1434.0,1422.0,1443.0,1406.0,1429.0,1420.0,1435.0,1397.0,1440.0,1430.0,1415.0,1427.0,1422.0,1466.0,1468.0,1462.0,1429.0,1461.0,1450.0,1445.0,1384.0,1393.0,1381.0,1386.0,1382.0,1412.0,1409.0,1371.0,1384.0,1405.0,1376.0,1406.0,1417.0,1419.0,1415.0,1410.0,1408.0,1414.0,1453.0,1483.0,1522.0,1520.0,1556.0,1538.0,1524.0,1489.0,1436.0,1415.0,1384.0,1372.0,1313.0,1277.0,1229.0,1200.0,1167.0,1157.0,1155.0,1138.0,1153.0,1139.0,1134.0,1131.0,1142.0,1149.0,1154.0,1145.0,1163.0,1180.0,1183.0,1212.0,1235.0,1206.0,1237.0,1228.0,1221.0,1230.0,1232.0,1221.0,1229.0,1247.0,1246,1271.0,1271.0,1291.0,1275.0,1282.0,1303.0,1315.0,1367.0,1412.0,1465.0,1477.0,1491.0,1508.0,1491.0,1392.0,1364.0,1337.0,1304.0,1248.0,1231.0,1199.0,1169.0,1154.0,1116.0,1103.0,1094.0,1065.0,1079.0,1060.0,1056.0,1042.0,1034.0,1025.0,1026.0,1018.0,1050.0,1029.0,1036.0,1026.0,1012.0,1027.0,1010.0,1002.0,1017.0,1004.0,1021.0,1020.0,1012.0,994.0,1005.0,1009.0,1009.0,1015.0,1024.0,1021.0,1016.0,999.0,1011.0,1009.0,1033.0,1015.0,1013.0,1004.0,1000.0,1022.0,1014.0,1012.0,1014.0,1003.0,1009.0,1001.0,1016.0,1004.0,1005.0,1004.0,1007.0,1008.0,1033.0,1031.0,1016.0,1003.0,1017.0,989.0,1010.0,1006.0,1010.0,1004.0,1007.0,981.0,1012.0,1022.0,994.0,1002.0,1019.0,1004.0,1026.0,1006.0,1026.0,999.0,995.0,1008.0,1022.0,1005.0,1001.0
1111.0,1089.0,1098.0,1083.0,1109.0,1110.0,1090.0,1101.0,1082.0,1103.0,1099.0,1078.0,1067.0,1085.0,1082.0,1082.0,1048.0,1075.0,1071.0,1068.0,1088.0,1076.0,1085.0,1066.0,1102.0,1103.0,1110.0,1122.0,1104.0,1172.0,1162.0,1155.0,1123.0,1123.0,1118.0,1113.0,1098.0,1093.0,1086.0,1084.0,1085.0,1084.0,1086.0,1103.0,1078.0,1069.0,1054.0,1075.0,1066.0,1099.0,1094.0,1087.0,1108.0,1118.0,1085.0,1080.0,1090.0,1086.0,1084.0,1102.0,1093.0,1100.0,1105.0,1078.0,1057.0,1070.0,1096.0,1074.0,1098.0,1109.0,1082.0,1097.0,1102.0,1087.0,1098.0,1062.0,1059.0,1087.0,1091.0,1100.0,1114.0,1111.0,1092.0,1145.0,1144.0,1177.0,1156.0,1154.0,1150.0,1139.0,1158.0,1135.0,1195.0,1160.0,1194.0,1178.0,1191.0,1221.0,1193.0,1233.0,1261.0,1282.0,1358.0,1368.0,1342.0,1269.0,1252.0,1242.0,1223.0,1213.0,1200.0,1215.0,1211.0,1196.0,1165.0,1202.0,1213.0,1189.0,1245.0,1223.0,1214.0,1198.0,1216.0,1174.0,1176.0,1184.0,1186.0,1178.0,1164.0,1177.0,1158.0,1206.0,1176.0,1233.0,1217.0,1206.0,1253.0,1236.0,1259.0,1214.0,1187.0,1197.0,1189.0,1203.0,1242.0,1242.0,1277.0,1277.0,1257.0,1254.0,1240.0,1208.0,1228.0,1252.0,1276.0,1262.0,1285.0,1281.0,1303.0,1277.0,1300.0,1290.0,1272.0,1264.0,1272.0,1281.0,1260.0,1244.0,1254.0,1248.0,1215.0,1239.0,1241.0,1242.0,1184.0,1205.0,1220.0,1173.0,1154.0,1208.0,1175.0,1167.0,1179.0,1170.0,1200.0,1215.0,1241.0,1206.0,1214.0,1236.0,1252.0,1274.0,1293.0,1286.0,1328.0,1345.0,1335.0,1360.0,1355.0,1350.0,1350.0,1340.0,1378.0,1359.0,1397.0,1414.0,1401.0,1415.0,1402.0,1407.0,1407.0,1399.0,1425.0,1383.0,1429.0,1405.0,1428.0,1423.0,1432.0,1429.0,1413.0,1415.0,1419.0,1446.0,1376.0,1343.0,1372.0,1391.0,1393.0,1383.0,1404.0,1388.0,1387.0,1385.0,1391.0,1389.0,1397.0,1415.0,1410.0,1396.0,1424.0,1404.0,1426.0,1438.0,1508.0,1524.0,1541.0,1529.0,1510.0,1463.0,1458.0,1419.0,1367.0,1330.0,1297.0,1287.0,1239.0,1205.0,1155.0,1177.0,1180.0,1165.0,1161.0,1167.0,1177.0,1158.0,1153.0,1183.0,1157.0,1170.0,1206.0,1181.0,1224.0,1233.0,1221.0,1214.0,1283.0,1245.0,1229.0,1247.0,1233.0,1226.0,1271.0,1270.0,1253,1283.0,1250.0,1290.0,1264.0,1289.0,1335.0,1326.0,1381.0,1411.0,1457.0,1474.0,1482.0,1557.0,1453.0,1394.0,1335.0,1334.0,1303.0,1219.0,1226.0,1188.0,1161.0,1179.0,1143.0,1149.0,1107.0,1082.0,1087.0,1081.0,1073.0,1086.0,1055.0,1054.0,1062.0,1070.0,1042.0,1042.0,1049.0,1036.0,1066.0,1039.0,1045.0,1023.0,1052.0,1050.0,1058.0,1034.0,1044.0,1056.0,1031.0,1021.0,1047.0,1052.0,1035.0,1061.0,1045.0,1058.0,1022.0,1009.0,1049.0,1050.0,1029.0,1043.0,1056.0,1038.0,1050.0,1030.0,1029.0,1030.0,1036.0,1026.0,1041.0,1028.0,1031.0,1036.0,1034.0,1019.0,1043.0,1045.0,1029.0,1045.0,1030.0,1039.0,1037.0,1007.0,1045.0,1041.0,1047.0,1054.0,1063.0,1067.0,1036.0,1041.0,1066.0,1029.0,1035.0,1038.0,1056.0,1048.0,1037.0,1048.0,1036.0,1021.0,1017.0
1120.0,1107.0,1088.0,1101.0,1107.0,1103.0,1116.0,1119.0,1088.0,1094.0,1094.0,1065.0,1080.0,1078.0,1076.0,1092.0,1102.0,1063.0,1093.0,1092.0,1089.0,1088.0,1090.0,1083.0,1108.0,1105.0,1119.0,1123.0,1146.0,1154.0,1154.0,1169.0,1144.0,1136.0,1111.0,1117.0,1117.0,1114.0,1131.0,1079.0,1096.0,1096.0,1095.0,1111.0,1090.0,1098.0,1086.0,1109.0,1117.0,1106.0,1107.0,1097.0,1094.0,1124.0,1110.0,1113.0,1089.0,1096.0,1097.0,1110.0,1118.0,1097.0,1117.0,1103.0,1082.0,1084.0,1099.0,1083.0,1104.0,1104.0,1098.0,1110.0,1126.0,1110.0,1108.0,1112.0,1102.0,1122.0,1111.0,1126.0,1118.0,1121.0,1139.0,1151.0,1185.0,1186.0,1189.0,1177.0,1162.0,1151.0,1175.0,1177.0,1195.0,1186.0,1192.0,1200.0,1202.0,1220.0,1214.0,1215.0,1261.0,1294.0,1336.0,1349.0,1330.0,1277.0,1250.0,1219.0,1225.0,1231.0,1225.0,1211.0,1214.0,1194.0,1177.0,1184.0,1209.0,1225.0,1210.0,1219.0,1248.0,1212.0,1190.0,1206.0,1180.0,1180.0,1168.0,1194.0,1181.0,1203.0,1184.0,1212.0,1207.0,1196.0,1220.0,1194.0,1242.0,1285.0,1259.0,1203.0,1193.0,1194.0,1206.0,1193.0,1234.0,1248.0,1257.0,1296.0,1281.0,1240.0,1274.0,1231.0,1219.0,1255.0,1284.0,1254.0,1286.0,1291.0,1302.0,1302.0,1277.0,1278.0,1259.0,1277.0,1272.0,1300.0,1283.0,1271.0,1288.0,1247.0,1240.0,1219.0,1231.0,1228.0,1213.0,1203.0,1210.0,1209.0,1198.0,1199.0,1177.0,1158.0,1184.0,1165.0,1175.0,1204.0,1203.0,1252.0,1230.0,1244.0,1266.0,1289.0,1296.0,1317.0,1340.0,1357.0,1341.0,1366.0,1364.0,1356.0,1353.0,1340.0,1389.0,1378.0,1405.0,1376.0,1397.0,1400.0,1391.0,1392.0,1418.0,1397.0,1421.0,1412.0,1400.0,1391.0,1387.0,1394.0,1418.0,1402.0,1422.0,1415.0,1416.0,1418.0,1405.0,1371.0,1371.0,1388.0,1381.0,1393.0,1402.0,1377.0,1402.0,1364.0,1393.0,1388.0,1382.0,1387.0,1411.0,1399.0,1381.0,1397.0,1402.0,1444.0,1476.0,1484.0,1519.0,1467.0,1483.0,1451.0,1418.0,1391.0,1393.0,1357.0,1344.0,1271.0,1225.0,1205.0,1201.0,1186.0,1168.0,1180.0,1169.0,1154.0,1183.0,1182.0,1171.0,1179.0,1201.0,1149.0,1183.0,1213.0,1191.0,1221.0,1226.0,1208.0,1255.0,1248.0,1260.0,1228.0,1233.0,1239.0,1236.0,1248.0,1259,1254.0,1269.0,1279.0,1296.0,1286.0,1313.0,1329.0,1372.0,1378.0,1458.0,1459.0,1493.0,1497.0,1424.0,1369.0,1336.0,1330.0,1272.0,1254.0,1227.0,1200.0,1186.0,1176.0,1160.0,1142.0,1133.0,1109.0,1114.0,1112.0,1094.0,1077.0,1071.0,1071.0,1085.0,1089.0,1061.0,1059.0,1075.0,1063.0,1071.0,1057.0,1074.0,1068.0,1074.0,1066.0,1056.0,1074.0,1063.0,1070.0,1050.0,1067.0,1062.0,1056.0,1055.0,1063.0,1056.0,1069.0,1081.0,1051.0,1072.0,1062.0,1061.0,1054.0,1054.0,1065.0,1058.0,1066.0,1041.0,1076.0,1049.0,1061.0,1072.0,1062.0,1047.0,1036.0,1058.0,1048.0,1056.0,1066.0,1064.0,1080.0,1073.0,1051.0,1058.0,1068.0,1079.0,1051.0,1054.0,1080.0,1069.0,1063.0,1071.0,1058.0,1062.0,1065.0,1063.0,1063.0,1057.0,1068.0,1068.0,1052.0,1077.0,1059.0,1069.0
1111.0,1085.0,1111.0,1101.0,1106.0,1100.0,1070.0,1093.0,1088.0,1088.0,1097.0,1083.0,1110.0,1093.0,1087.0,1060.0,1072.0,1077.0,1080.0,1073.0,1066.0,1117.0,1101.0,1099.0,1085.0,1099.0,1114.0,1128.0,1136.0,1151.0,1162.0,1149.0,1138.0,1145.0,1119.0,1111.0,1083.0,1088.0,1096.0,1091.0,1078.0,1082.0,1075.0,1077.0,1088.0,1094.0,1076.0,1090.0,1099.0,1130.0,1110.0,1083.0,1093.0,1083.0,1120.0,1112.0,1092.0,1088.0,1096.0,1100.0,1115.0,1085.0,1099.0,1077.0,1067.0,1093.0,1099.0,1103.0,1094.0,1097.0,1067.0,1104.0,1105.0,1105.0,1101.0,1078.0,1114.0,1119.0,1106.0,1110.0,1132.0,1112.0,1123.0,1122.0,1140.0,1172.0,1179.0,1174.0,1160.0,1137.0,1162.0,1171.0,1181.0,1202.0,1179.0,1201.0,1189.0,1226.0,1219.0,1235.0,1250.0,1297.0,1315.0,1361.0,1331.0,1286.0,1239.0,1208.0,1240.0,1235.0,1237.0,1204.0,1233.0,1212.0,1208.0,1195.0,1212.0,1217.0,1222.0,1214.0,1211.0,1212.0,1204.0,1202.0,1206.0,1175.0,1187.0,1199.0,1176.0,1183.0,1188.0,1215.0,1215.0,1219.0,1192.0,1215.0,1230.0,1291.0,1228.0,1188.0,1194.0,1187.0,1197.0,1214.0,1236.0,1245.0,1283.0,1292.0,1268.0,1257.0,1254.0,1235.0,1269.0,1251.0,1272.0,1283.0,1296.0,1297.0,1287.0,1314.0,1279.0,1287.0,1300.0,1295.0,1263.0,1272.0,1290.0,1260.0,1271.0,1255.0,1244.0,1248.0,1225.0,1221.0,1216.0,1196.0,1195.0,1216.0,1197.0,1178.0,1177.0,1170.0,1185.0,1194.0,1182.0,1209.0,1208.0,1202.0,1221.0,1253.0,1230.0,1270.0,1295.0,1343.0,1311.0,1338.0,1357.0,1362.0,1358.0,1330.0,1367.0,1366.0,1371.0,1401.0,1422.0,1429.0,1419.0,1422.0,1391.0,1383.0,1389.0,1417.0,1406.0,1421.0,1413.0,1393.0,1403.0,1394.0,1406.0,1420.0,1443.0,1426.0,1400.0,1398.0,1394.0,1382.0,1391.0,1380.0,1387.0,1392.0,1390.0,1400.0,1364.0,1372.0,1368.0,1396.0,1386.0,1396.0,1402.0,1412.0,1435.0,1425.0,1430.0,1447.0,1490.0,1512.0,1526.0,1503.0,1474.0,1476.0,1404.0,1400.0,1400.0,1355.0,1321.0,1270.0,1235.0,1204.0,1186.0,1189.0,1182.0,1157.0,1172.0,1176.0,1166.0,1164.0,1162.0,1161.0,1204.0,1201.0,1178.0,1200.0,1186.0,1226.0,1192.0,1244.0,1251.0,1261.0,1253.0,1237.0,1251.0,1240.0,1236.0,1237.0,1282,1287.0,1277.0,1293.0,1307.0,1319.0,1316.0,1319.0,1348.0,1401.0,1454.0,1484.0,1500.0,1523.0,1435.0,1377.0,1342.0,1348.0,1284.0,1283.0,1238.0,1224.0,1177.0,1189.0,1159.0,1110.0,1098.0,1114.0,1101.0,1077.0,1102.0,1085.0,1067.0,1060.0,1078.0,1075.0,1081.0,1074.0,1060.0,1041.0,1058.0,1066.0,1057.0,1053.0,1052.0,1052.0,1065.0,1046.0,1041.0,1062.0,1036.0,1075.0,1048.0,1051.0,1045.0,1025.0,1059.0,1065.0,1050.0,1033.0,1077.0,1033.0,1040.0,1072.0,1052.0,1046.0,1041.0,1034.0,1040.0,1042.0,1061.0,1044.0,1050.0,1058.0,1035.0,1031.0,1043.0,1046.0,1054.0,1051.0,1045.0,1044.0,1049.0,1046.0,1060.0,1044.0,1061.0,1041.0,1060.0,1034.0,1054.0,1053.0,1066.0,1048.0,1030.0,1059.0,1054.0,1034.0,1050.0,1046.0,1045.0,1050.0,1052.0,1063.0,1043.0
1097.0,1104.0,1099.0,1113.0,1083.0,1094.0,1105.0,1099.0,1099.0,1072.0,1080.0,1102.0,1099.0,1062.0,1120.0,1073.0,1065.0,1100.0,1103.0,1094.0,1079.0,1098.0,1088.0,1102.0,1094.0,1143.0,1107.0,1125.0,1112.0,1170.0,1168.0,1164.0,1154.0,1124.0,1141.0,1107.0,1124.0,1073.0,1096.0,1095.0,1066.0,1088.0,1087.0,1096.0,1090.0,1101.0,1067.0,1094.0,1111.0,1106.0,1091.0,1112.0,1141.0,1120.0,1112.0,1114.0,1082.0,1094.0,1095.0,1094.0,1117.0,1119.0,1098.0,1092.0,1079.0,1090.0,1066.0,1106.0,1117.0,1095.0,1099.0,1084.0,1102.0,1111.0,1098.0,1093.0,1093.0,1101.0,1079.0,1122.0,1116.0,1127.0,1128.0,1128.0,1178.0,1168.0,1184.0,1165.0,1156.0,1169.0,1159.0,1179.0,1187.0,1209.0,1189.0,1218.0,1212.0,1222.0,1209.0,1235.0,1255.0,1280.0,1358.0,1368.0,1338.0,1306.0,1235.0,1221.0,1227.0,1258.0,1227.0,1208.0,1202.0,1196.0,1166.0,1196.0,1194.0,1226.0,1233.0,1246.0,1241.0,1217.0,1221.0,1171.0,1202.0,1188.0,1218.0,1177.0,1196.0,1194.0,1196.0,1215.0,1195.0,1200.0,1211.0,1236.0,1280.0,1273.0,1225.0,1202.0,1208.0,1202.0,1205.0,1235.0,1227.0,1261.0,1261.0,1258.0,1278.0,1262.0,1272.0,1240.0,1229.0,1266.0,1249.0,1260.0,1303.0,1261.0,1277.0,1288.0,1277.0,1280.0,1267.0,1287.0,1268.0,1267.0,1286.0,1309.0,1268.0,1239.0,1234.0,1238.0,1240.0,1213.0,1209.0,1202.0,1173.0,1190.0,1183.0,1173.0,1168.0,1180.0,1176.0,1192.0,1198.0,1237.0,1227.0,1213.0,1236.0,1243.0,1254.0,1257.0,1278.0,1296.0,1321.0,1311.0,1384.0,1373.0,1344.0,1346.0,1371.0,1381.0,1404.0,1406.0,1397.0,1432.0,1412.0,1418.0,1423.0,1407.0,1444.0,1412.0,1407.0,1431.0,1426.0,1400.0,1401.0,1436.0,1397.0,1445.0,1424.0,1428.0,1437.0,1431.0,1381.0,1394.0,1382.0,1371.0,1382.0,1392.0,1371.0,1395.0,1368.0,1400.0,1385.0,1403.0,1407.0,1403.0,1391.0,1400.0,1405.0,1407.0,1462.0,1500.0,1508.0,1525.0,1559.0,1509.0,1522.0,1465.0,1443.0,1412.0,1395.0,1348.0,1287.0,1279.0,1230.0,1192.0,1182.0,1163.0,1172.0,1154.0,1154.0,1173.0,1164.0,1153.0,1138.0,1156.0,1178.0,1175.0,1200.0,1212.0,1187.0,1185.0,1214.0,1222.0,1274.0,1257.0,1230.0,1253.0,1242.0,1250.0,1248.0,1271.0,1271,1297.0,1295.0,1290.0,1274.0,1291.0,1331.0,1335.0,1345.0,1420.0,1459.0,1479.0,1518.0,1511.0,1460.0,1421.0,1361.0,1327.0,1273.0,1249.0,1241.0,1230.0,1178.0,1140.0,1127.0,1136.0,1096.0,1097.0,1083.0,1078.0,1071.0,1074.0,1047.0,1055.0,1053.0,1064.0,1053.0,1061.0,1066.0,1051.0,1039.0,1051.0,1031.0,1025.0,1052.0,1042.0,1043.0,1059.0,1054.0,1049.0,1068.0,1055.0,1036.0,1048.0,1053.0,1054.0,1025.0,1030.0,1043.0,1017.0,1049.0,1022.0,1032.0,1034.0,1013.0,1019.0,1042.0,1022.0,1032.0,1036.0,1026.0,1035.0,1047.0,1034.0,1060.0,1021.0,1025.0,1031.0,1052.0,1039.0,1035.0,1025.0,1041.0,1032.0,1039.0,1052.0,1050.0,1051.0,1046.0,1047.0,1031.0,1017.0,1048.0,1040.0,1020.0,1033.0,1033.0,1033.0,1042.0,1036.0,1015.0,1053.0,1027.0,1036.0,1043.0
1111.0,1098.0,1107.0,1125.0,1133.0,1105.0,1112.0,1103.0,1112.0,1095.0,1088.0,1113.0,1102.0,1100.0,1086.0,1090.0,1085.0,1065.0,1063.0,1069.0,1073.0,1095.0,1083.0,1100.0,1084.0,1101.0,1115.0,1135.0,1154.0,1147.0,1194.0,1158.0,1158.0,1166.0,1131.0,1115.0,1117.0,1101.0,1112.0,1086.0,1094.0,1111.0,1078.0,1091.0,1089.0,1112.0,1094.0,1078.0,1099.0,1113.0,1096.0,1117.0,1125.0,1114.0,1103.0,1116.0,1115.0,1088.0,1103.0,1098.0,1131.0,1128.0,1087.0,1098.0,1106.0,1072.0,1089.0,1101.0,1122.0,1109.0,1092.0,1114.0,1127.0,1132.0,1133.0,1109.0,1098.0,1118.0,1114.0,1139.0,1148.0,1133.0,1148.0,1148.0,1173.0,1210.0,1198.0,1187.0,1169.0,1167.0,1182.0,1199.0,1184.0,1209.0,1205.0,1190.0,1215.0,1233.0,1221.0,1240.0,1263.0,1302.0,1367.0,1376.0,1337.0,1263.0,1240.0,1241.0,1248.0,1253.0,1260.0,1245.0,1242.0,1233.0,1226.0,1222.0,1244.0,1206.0,1239.0,1247.0,1248.0,1265.0,1227.0,1236.0,1240.0,1195.0,1214.0,1231.0,1225.0,1201.0,1229.0,1218.0,1233.0,1212.0,1239.0,1239.0,1276.0,1327.0,1273.0,1224.0,1219.0,1211.0,1236.0,1257.0,1246.0,1268.0,1289.0,1291.0,1307.0,1274.0,1264.0,1280.0,1255.0,1276.0,1287.0,1291.0,1331.0,1326.0,1355.0,1341.0,1337.0,1327.0,1290.0,1274.0,1276.0,1293.0,1318.0,1295.0,1292.0,1295.0,1254.0,1236.0,1241.0,1250.0,1244.0,1220.0,1240.0,1193.0,1218.0,1191.0,1211.0,1179.0,1199.0,1190.0,1209.0,1234.0,1243.0,1264.0,1261.0,1290.0,1290.0,1318.0,1345.0,1349.0,1345.0,1395.0,1385.0,1377.0,1388.0,1375.0,1391.0,1385.0,1416.0,1408.0,1391.0,1453.0,1449.0,1460.0,1429.0,1410.0,1454.0,1453.0,1443.0,1431.0,1426.0,1461.0,1483.0,1482.0,1478.0,1495.0,1463.0,1465.0,1443.0,1439.0,1388.0,1426.0,1403.0,1399.0,1424.0,1396.0,1423.0,1439.0,1412.0,1401.0,1405.0,1439.0,1431.0,1424.0,1445.0,1432.0,1430.0,1413.0,1457.0,1494.0,1532.0,1535.0,1578.0,1534.0,1515.0,1484.0,1458.0,1429.0,1414.0,1400.0,1335.0,1304.0,1273.0,1233.0,1198.0,1220.0,1206.0,1204.0,1182.0,1165.0,1178.0,1166.0,1187.0,1170.0,1187.0,1168.0,1192.0,1196.0,1216.0,1221.0,1226.0,1234.0,1287.0,1268.0,1278.0,1276.0,1262.0,1279.0,1249.0,1277.0,1266,1304.0,1250.0,1287.0,1315.0,1296.0,1324.0,1324.0,1365.0,1388.0,1476.0,1480.0,1495.0,1537.0,1461.0,1425.0,1387.0,1347.0,1312.0,1294.0,1298.0,1254.0,1211.0,1218.0,1188.0,1150.0,1145.0,1137.0,1109.0,1094.0,1102.0,1101.0,1108.0,1103.0,1093.0,1117.0,1111.0,1113.0,1086.0,1102.0,1101.0,1088.0,1089.0,1070.0,1082.0,1064.0,1097.0,1090.0,1095.0,1095.0,1095.0,1085.0,1071.0,1085.0,1096.0,1076.0,1096.0,1065.0,1074.0,1074.0,1083.0,1080.0,1105.0,1072.0,1107.0,1079.0,1086.0,1092.0,1088.0,1073.0,1114.0,1083.0,1098.0,1092.0,1065.0,1067.0,1099.0,1080.0,1100.0,1126.0,1095.0,1076.0,1105.0,1089.0,1074.0,1078.0,1107.0,1100.0,1099.0,1091.0,1096.0,1100.0,1097.0,1074.0,1060.0,1078.0,1087.0,1073.0,1081.0,1095.0,1091.0,1086.0,1088.0,1104.0,1083.0
1081.0,1081.0,1065.0,1092.0,1097.0,1091.0,1087.0,1071.0,1076.0,1079.0,1078.0,1075.0,1089.0,1043.0,1063.0,1035.0,1052.0,1054.0,1072.0,1053.0,1055.0,1054.0,1060.0,1078.0,1087.0,1110.0,1085.0,1110.0,1117.0,1147.0,1150.0,1151.0,1117.0,1110.0,1100.0,1097.0,1067.0,1050.0,1063.0,1039.0,1075.0,1083.0,1064.0,1051.0,1032.0,1045.0,1060.0,1040.0,1072.0,1058.0,1069.0,1043.0,1070.0,1088.0,1087.0,1085.0,1061.0,1056.0,1062.0,1058.0,1075.0,1080.0,1037.0,1042.0,1057.0,1027.0,1051.0,1054.0,1061.0,1048.0,1073.0,1066.0,1069.0,1065.0,1058.0,1062.0,1061.0,1060.0,1079.0,1066.0,1088.0,1105.0,1081.0,1116.0,1118.0,1158.0,1162.0,1130.0,1148.0,1122.0,1151.0,1163.0,1158.0,1191.0,1190.0,1179.0,1181.0,1218.0,1190.0,1221.0,1277.0,1326.0,1393.0,1403.0,1342.0,1285.0,1260.0,1230.0,1243.0,1247.0,1218.0,1212.0,1213.0,1193.0,1196.0,1197.0,1181.0,1246.0,1211.0,1225.0,1208.0,1240.0,1208.0,1193.0,1195.0,1171.0,1160.0,1158.0,1189.0,1176.0,1191.0,1183.0,1216.0,1216.0,1192.0,1206.0,1226.0,1310.0,1275.0,1216.0,1213.0,1182.0,1201.0,1214.0,1237.0,1243.0,1287.0,1279.0,1268.0,1257.0,1253.0,1226.0,1257.0,1241.0,1290.0,1271.0,1294.0,1298.0,1316.0,1329.0,1319.0,1315.0,1297.0,1272.0,1289.0,1302.0,1286.0,1295.0,1271.0,1246.0,1211.0,1195.0,1220.0,1184.0,1192.0,1175.0,1182.0,1196.0,1166.0,1139.0,1143.0,1146.0,1130.0,1143.0,1174.0,1180.0,1213.0,1207.0,1184.0,1228.0,1262.0,1273.0,1321.0,1333.0,1338.0,1377.0,1359.0,1373.0,1368.0,1376.0,1371.0,1378.0,1418.0,1433.0,1436.0,1475.0,1416.0,1433.0,1441.0,1439.0,1487.0,1432.0,1481.0,1452.0,1486.0,1443.0,1467.0,1484.0,1474.0,1459.0,1446.0,1477.0,1504.0,1436.0,1420.0,1423.0,1412.0,1402.0,1444.0,1375.0,1405.0,1399.0,1378.0,1395.0,1413.0,1411.0,1410.0,1439.0,1439.0,1444.0,1418.0,1436.0,1452.0,1508.0,1565.0,1610.0,1602.0,1595.0,1566.0,1511.0,1478.0,1427.0,1409.0,1363.0,1307.0,1253.0,1193.0,1194.0,1133.0,1125.0,1120.0,1100.0,1111.0,1108.0,1122.0,1089.0,1093.0,1126.0,1124.0,1139.0,1127.0,1155.0,1137.0,1137.0,1194.0,1177.0,1192.0,1224.0,1173.0,1221.0,1196.0,1185.0,1192.0,1221.0,1230,1233.0,1215.0,1241.0,1287.0,1247.0,1280.0,1309.0,1359.0,1398.0,1465.0,1472.0,1516.0,1527.0,1455.0,1415.0,1362.0,1318.0,1271.0,1267.0,1227.0,1169.0,1151.0,1147.0,1096.0,1083.0,1067.0,1035.0,1033.0,1024.0,1014.0,1026.0,1004.0,998.0,998.0,996.0,986.0,979.0,993.0,1015.0,994.0,974.0,962.0,968.0,993.0,984.0,954.0,998.0,977.0,980.0,957.0,968.0,967.0,985.0,972.0,951.0,990.0,973.0,953.0,971.0,973.0,972.0,970.0,974.0,966.0,973.0,975.0,954.0,979.0,967.0,981.0,958.0,986.0,967.0,967.0,982.0,967.0,960.0,961.0,976.0,966.0,979.0,964.0,953.0,959.0,956.0,978.0,973.0,964.0,961.0,975.0,981.0,964.0,993.0,961.0,970.0,968.0,973.0,973.0,967.0,964.0,958.0,977.0,969.0,981.0
1076.0,1061.0,1060.0,1051.0,1068.0,1078.0,1069.0,1056.0,1047.0,1063.0,1069.0,1041.0,1047.0,1053.0,1053.0,1041.0,1024.0,1035.0,1020.0,1049.0,1045.0,1054.0,1063.0,1054.0,1051.0,1053.0,1086.0,1060.0,1103.0,1122.0,1114.0,1114.0,1095.0,1101.0,1093.0,1080.0,1062.0,1039.0,1056.0,1057.0,1023.0,1050.0,1029.0,1045.0,1011.0,1041.0,1037.0,1028.0,1050.0,1058.0,1040.0,1039.0,1053.0,1065.0,1066.0,1063.0,1053.0,1049.0,1060.0,1050.0,1047.0,1047.0,1042.0,1038.0,1048.0,1041.0,1019.0,1047.0,1053.0,1020.0,1066.0,1054.0,1067.0,1066.0,1070.0,1037.0,1058.0,1064.0,1058.0,1068.0,1072.0,1079.0,1075.0,1110.0,1139.0,1152.0,1151.0,1145.0,1130.0,1128.0,1119.0,1146.0,1141.0,1153.0,1147.0,1192.0,1155.0,1166.0,1201.0,1214.0,1217.0,1278.0,1336.0,1357.0,1300.0,1259.0,1217.0,1202.0,1190.0,1236.0,1224.0,1194.0,1177.0,1164.0,1176.0,1158.0,1174.0,1191.0,1196.0,1212.0,1207.0,1192.0,1177.0,1155.0,1180.0,1155.0,1119.0,1157.0,1148.0,1153.0,1178.0,1193.0,1180.0,1175.0,1190.0,1193.0,1210.0,1278.0,1221.0,1178.0,1169.0,1161.0,1193.0,1202.0,1209.0,1224.0,1251.0,1244.0,1239.0,1224.0,1258.0,1223.0,1231.0,1237.0,1249.0,1273.0,1254.0,1266.0,1280.0,1280.0,1274.0,1285.0,1259.0,1266.0,1254.0,1282.0,1275.0,1238.0,1242.0,1230.0,1210.0,1216.0,1201.0,1186.0,1184.0,1149.0,1148.0,1147.0,1169.0,1126.0,1150.0,1132.0,1121.0,1136.0,1148.0,1178.0,1174.0,1185.0,1199.0,1192.0,1231.0,1242.0,1266.0,1311.0,1303.0,1336.0,1347.0,1353.0,1337.0,1338.0,1355.0,1341.0,1364.0,1378.0,1392.0,1418.0,1393.0,1408.0,1381.0,1390.0,1411.0,1433.0,1423.0,1393.0,1409.0,1430.0,1424.0,1437.0,1436.0,1435.0,1433.0,1418.0,1422.0,1408.0,1385.0,1357.0,1367.0,1389.0,1384.0,1349.0,1360.0,1360.0,1331.0,1355.0,1352.0,1386.0,1399.0,1381.0,1399.0,1396.0,1385.0,1393.0,1428.0,1431.0,1491.0,1525.0,1530.0,1520.0,1514.0,1453.0,1436.0,1397.0,1383.0,1315.0,1288.0,1226.0,1188.0,1170.0,1145.0,1115.0,1119.0,1104.0,1110.0,1103.0,1098.0,1104.0,1100.0,1088.0,1116.0,1131.0,1133.0,1144.0,1138.0,1159.0,1160.0,1175.0,1191.0,1203.0,1193.0,1198.0,1185.0,1164.0,1183.0,1203.0,1214,1219.0,1200.0,1229.0,1239.0,1257.0,1256.0,1276.0,1299.0,1380.0,1402.0,1448.0,1490.0,1464.0,1429.0,1389.0,1322.0,1324.0,1265.0,1251.0,1218.0,1166.0,1144.0,1133.0,1086.0,1076.0,1065.0,1056.0,1021.0,1005.0,1036.0,1022.0,995.0,984.0,1000.0,993.0,997.0,994.0,1187.0,1015.0,984.0,998.0,993.0,960.0,987.0,993.0,983.0,994.0,985.0,988.0,978.0,982.0,979.0,984.0,975.0,968.0,987.0,971.0,984.0,943.0,979.0,974.0,978.0,964.0,966.0,1003.0,972.0,993.0,970.0,970.0,978.0,967.0,980.0,978.0,988.0,972.0,977.0,975.0,992.0,967.0,969.0,984.0,983.0,974.0,996.0,978.0,982.0,981.0,986.0,977.0,981.0,961.0,972.0,976.0,987.0,976.0,981.0,994.0,1000.0,1004.0,983.0,979.0,990.0,975.0,973.0
1095.0,1101.0,1092.0,1077.0,1114.0,1102.0,1069.0,1078.0,1065.0,1067.0,1060.0,1059.0,1056.0,1050.0,1064.0,1047.0,1054.0,1040.0,1046.0,1045.0,1065.0,1088.0,1066.0,1074.0,1085.0,1083.0,1091.0,1118.0,1105.0,1126.0,1129.0,1145.0,1155.0,1149.0,1111.0,1106.0,1064.0,1091.0,1070.0,1074.0,1054.0,1065.0,1067.0,1055.0,1057.0,1038.0,1065.0,1036.0,1064.0,1060.0,1094.0,1071.0,1085.0,1050.0,1058.0,1064.0,1066.0,1068.0,1049.0,1078.0,1076.0,1064.0,1070.0,1037.0,1039.0,1039.0,1032.0,1033.0,1078.0,1059.0,1060.0,1074.0,1069.0,1086.0,1072.0,1060.0,1037.0,1055.0,1070.0,1087.0,1090.0,1121.0,1109.0,1104.0,1148.0,1159.0,1183.0,1183.0,1137.0,1125.0,1159.0,1173.0,1206.0,1170.0,1218.0,1175.0,1205.0,1226.0,1247.0,1235.0,1240.0,1315.0,1356.0,1387.0,1362.0,1284.0,1241.0,1230.0,1228.0,1240.0,1221.0,1210.0,1197.0,1197.0,1190.0,1192.0,1208.0,1208.0,1226.0,1230.0,1232.0,1230.0,1225.0,1199.0,1196.0,1169.0,1179.0,1157.0,1153.0,1172.0,1216.0,1226.0,1224.0,1176.0,1229.0,1199.0,1242.0,1330.0,1274.0,1225.0,1199.0,1193.0,1223.0,1210.0,1252.0,1232.0,1270.0,1304.0,1289.0,1264.0,1239.0,1241.0,1268.0,1265.0,1297.0,1294.0,1284.0,1295.0,1309.0,1304.0,1296.0,1252.0,1290.0,1275.0,1280.0,1301.0,1297.0,1277.0,1253.0,1248.0,1189.0,1219.0,1252.0,1199.0,1201.0,1195.0,1179.0,1177.0,1150.0,1140.0,1150.0,1141.0,1150.0,1163.0,1169.0,1168.0,1217.0,1232.0,1238.0,1231.0,1254.0,1261.0,1297.0,1337.0,1353.0,1408.0,1393.0,1390.0,1391.0,1389.0,1410.0,1357.0,1398.0,1434.0,1443.0,1438.0,1466.0,1398.0,1440.0,1445.0,1473.0,1466.0,1465.0,1476.0,1457.0,1492.0,1454.0,1440.0,1470.0,1484.0,1437.0,1425.0,1470.0,1448.0,1409.0,1396.0,1383.0,1380.0,1408.0,1376.0,1379.0,1400.0,1392.0,1390.0,1418.0,1403.0,1412.0,1456.0,1423.0,1391.0,1433.0,1410.0,1454.0,1495.0,1542.0,1570.0,1575.0,1558.0,1529.0,1508.0,1503.0,1405.0,1392.0,1342.0,1309.0,1273.0,1223.0,1178.0,1142.0,1115.0,1114.0,1133.0,1119.0,1104.0,1105.0,1115.0,1095.0,1090.0,1128.0,1085.0,1158.0,1123.0,1142.0,1161.0,1187.0,1229.0,1212.0,1219.0,1232.0,1230.0,1199.0,1218.0,1179.0,1185.0,1194,1253.0,1220.0,1250.0,1273.0,1272.0,1284.0,1308.0,1345.0,1392.0,1459.0,1484.0,1527.0,1501.0,1475.0,1409.0,1377.0,1327.0,1297.0,1227.0,1243.0,1202.0,1175.0,1155.0,1095.0,1092.0,1043.0,1035.0,1036.0,1029.0,1025.0,1046.0,1013.0,1023.0,1017.0,987.0,999.0,981.0,987.0,1010.0,1023.0,989.0,962.0,999.0,1001.0,976.0,997.0,980.0,993.0,978.0,995.0,963.0,979.0,999.0,984.0,949.0,990.0,963.0,975.0,969.0,979.0,996.0,980.0,952.0,1004.0,1007.0,988.0,1003.0,975.0,967.0,969.0,1013.0,1003.0,975.0,980.0,985.0,968.0,975.0,983.0,982.0,971.0,979.0,1002.0,976.0,988.0,974.0,977.0,971.0,1001.0,973.0,995.0,989.0,993.0,987.0,972.0,973.0,971.0,961.0,1012.0,986.0,970.0,985.0,972.0,991.0,970.0
1150.0,1121.0,1140.0,1134.0,1159.0,1132.0,1129.0,1143.0,1140.0,1141.0,1120.0,1120.0,1121.0,1135.0,1121.0,1112.0,1113.0,1107.0,1113.0,1096.0,1125.0,1116.0,1117.0,1109.0,1127.0,1126.0,1156.0,1158.0,1151.0,1223.0,1199.0,1191.0,1174.0,1153.0,1168.0,1166.0,1113.0,1122.0,1112.0,1119.0,1118.0,1125.0,1131.0,1119.0,1117.0,1126.0,1128.0,1114.0,1140.0,1120.0,1135.0,1127.0,1105.0,1113.0,1133.0,1133.0,1098.0,1107.0,1126.0,1124.0,1141.0,1134.0,1127.0,1121.0,1121.0,1115.0,1101.0,1114.0,1126.0,1100.0,1146.0,1127.0,1146.0,1137.0,1128.0,1123.0,1121.0,1129.0,1134.0,1126.0,1146.0,1143.0,1172.0,1171.0,1202.0,1221.0,1223.0,1224.0,1216.0,1200.0,1192.0,1227.0,1234.0,1234.0,1221.0,1255.0,1231.0,1252.0,1263.0,1282.0,1316.0,1369.0,1422.0,1479.0,1419.0,1364.0,1314.0,1280.0,1309.0,1295.0,1277.0,1287.0,1270.0,1239.0,1235.0,1224.0,1253.0,1273.0,1255.0,1272.0,1298.0,1260.0,1239.0,1243.0,1238.0,1227.0,1232.0,1225.0,1231.0,1228.0,1244.0,1258.0,1268.0,1244.0,1278.0,1248.0,1329.0,1373.0,1301.0,1257.0,1245.0,1255.0,1256.0,1273.0,1259.0,1312.0,1318.0,1344.0,1315.0,1313.0,1307.0,1296.0,1322.0,1317.0,1333.0,1333.0,1348.0,1321.0,1385.0,1375.0,1367.0,1364.0,1337.0,1307.0,1323.0,1354.0,1362.0,1308.0,1315.0,1285.0,1284.0,1307.0,1288.0,1248.0,1243.0,1233.0,1269.0,1200.0,1220.0,1218.0,1182.0,1190.0,1215.0,1213.0,1222.0,1265.0,1260.0,1260.0,1272.0,1261.0,1272.0,1310.0,1349.0,1374.0,1413.0,1432.0,1444.0,1432.0,1410.0,1440.0,1431.0,1434.0,1418.0,1475.0,1489.0,1506.0,1477.0,1472.0,1491.0,1474.0,1489.0,1477.0,1520.0,1506.0,1493.0,1503.0,1509.0,1528.0,1512.0,1515.0,1539.0,1522.0,1494.0,1499.0,1501.0,1456.0,1445.0,1436.0,1455.0,1452.0,1461.0,1454.0,1466.0,1457.0,1432.0,1474.0,1453.0,1480.0,1478.0,1509.0,1482.0,1513.0,1515.0,1554.0,1594.0,1612.0,1641.0,1604.0,1577.0,1562.0,1509.0,1484.0,1469.0,1418.0,1372.0,1291.0,1268.0,1215.0,1212.0,1193.0,1180.0,1170.0,1169.0,1170.0,1197.0,1150.0,1188.0,1179.0,1205.0,1189.0,1184.0,1226.0,1208.0,1225.0,1233.0,1249.0,1287.0,1263.0,1274.0,1264.0,1276.0,1251.0,1261.0,1273.0,1300,1320.0,1317.0,1298.0,1325.0,1354.0,1346.0,1361.0,1435.0,1466.0,1490.0,1562.0,1570.0,1576.0,1537.0,1479.0,1404.0,1371.0,1357.0,1293.0,1257.0,1238.0,1205.0,1195.0,1150.0,1163.0,1132.0,1127.0,1111.0,1098.0,1069.0,1081.0,1058.0,1061.0,1062.0,1060.0,1064.0,1066.0,1057.0,1042.0,1040.0,1037.0,1046.0,1034.0,1042.0,1035.0,1032.0,1051.0,1041.0,1034.0,1034.0,1030.0,1057.0,1026.0,1053.0,1067.0,1025.0,1047.0,1031.0,1025.0,1025.0,1053.0,1034.0,1050.0,1037.0,1025.0,1036.0,1036.0,1016.0,1017.0,1037.0,1035.0,1040.0,1032.0,1037.0,1031.0,1042.0,1045.0,1039.0,1044.0,1042.0,1025.0,1027.0,1030.0,1026.0,1039.0,1049.0,1028.0,1032.0,1040.0,1050.0,1028.0,1032.0,1040.0,1030.0,1034.0,1026.0,1041.0,1038.0,1029.0,1040.0,1019.0,1051.0,1041.0,1031.0
1104.0,1072.0,1083.0,1066.0,1086.0,1079.0,1072.0,1090.0,1077.0,1082.0,1068.0,1089.0,1064.0,1065.0,1072.0,1044.0,1044.0,1067.0,1056.0,1063.0,1061.0,1068.0,1079.0,1059.0,1068.0,1082.0,1081.0,1087.0,1109.0,1116.0,1122.0,1125.0,1119.0,1122.0,1094.0,1091.0,1094.0,1057.0,1068.0,1086.0,1074.0,1054.0,1075.0,1059.0,1060.0,1060.0,1063.0,1073.0,1054.0,1082.0,1078.0,1062.0,1068.0,1077.0,1086.0,1077.0,1059.0,1061.0,1058.0,1064.0,1074.0,1085.0,1078.0,1048.0,1059.0,1035.0,1076.0,1070.0,1071.0,1061.0,1093.0,1072.0,1088.0,1075.0,1069.0,1072.0,1071.0,1077.0,1070.0,1076.0,1089.0,1090.0,1095.0,1118.0,1103.0,1161.0,1170.0,1154.0,1161.0,1138.0,1121.0,1165.0,1175.0,1187.0,1182.0,1178.0,1159.0,1220.0,1185.0,1204.0,1247.0,1302.0,1322.0,1326.0,1340.0,1241.0,1218.0,1215.0,1221.0,1217.0,1220.0,1197.0,1185.0,1181.0,1161.0,1155.0,1187.0,1187.0,1206.0,1204.0,1210.0,1195.0,1193.0,1204.0,1168.0,1173.0,1168.0,1153.0,1144.0,1171.0,1166.0,1177.0,1199.0,1179.0,1200.0,1186.0,1242.0,1281.0,1208.0,1212.0,1194.0,1161.0,1183.0,1222.0,1219.0,1247.0,1248.0,1255.0,1236.0,1241.0,1230.0,1222.0,1244.0,1227.0,1263.0,1267.0,1277.0,1246.0,1287.0,1255.0,1268.0,1247.0,1262.0,1268.0,1251.0,1272.0,1262.0,1255.0,1236.0,1210.0,1230.0,1200.0,1184.0,1204.0,1191.0,1192.0,1170.0,1172.0,1169.0,1138.0,1151.0,1129.0,1132.0,1158.0,1155.0,1176.0,1210.0,1179.0,1195.0,1225.0,1222.0,1247.0,1272.0,1300.0,1337.0,1338.0,1357.0,1340.0,1340.0,1333.0,1333.0,1351.0,1347.0,1388.0,1376.0,1385.0,1443.0,1404.0,1394.0,1369.0,1380.0,1385.0,1409.0,1410.0,1401.0,1406.0,1393.0,1433.0,1427.0,1429.0,1409.0,1429.0,1424.0,1414.0,1362.0,1363.0,1359.0,1372.0,1358.0,1381.0,1338.0,1348.0,1377.0,1345.0,1338.0,1382.0,1376.0,1405.0,1357.0,1379.0,1384.0,1358.0,1418.0,1440.0,1465.0,1505.0,1522.0,1519.0,1501.0,1470.0,1432.0,1363.0,1352.0,1333.0,1292.0,1268.0,1211.0,1175.0,1158.0,1147.0,1137.0,1124.0,1129.0,1130.0,1116.0,1111.0,1122.0,1130.0,1125.0,1146.0,1144.0,1158.0,1148.0,1186.0,1203.0,1186.0,1219.0,1207.0,1191.0,1204.0,1201.0,1189.0,1211.0,1225.0,1232,1261.0,1223.0,1264.0,1244.0,1259.0,1275.0,1279.0,1339.0,1390.0,1410.0,1444.0,1466.0,1481.0,1438.0,1400.0,1327.0,1307.0,1258.0,1222.0,1215.0,1177.0,1177.0,1142.0,1080.0,1087.0,1081.0,1051.0,1042.0,1049.0,1033.0,1038.0,1029.0,1026.0,1011.0,1011.0,1032.0,1015.0,1022.0,1014.0,1009.0,1005.0,1002.0,1000.0,992.0,1008.0,1014.0,1009.0,1003.0,985.0,992.0,996.0,1018.0,998.0,1004.0,1004.0,989.0,990.0,990.0,988.0,1005.0,988.0,998.0,1007.0,974.0,991.0,1002.0,996.0,990.0,1008.0,1003.0,1000.0,1008.0,990.0,992.0,1006.0,990.0,991.0,1010.0,995.0,1003.0,992.0,1009.0,990.0,1008.0,1007.0,997.0,990.0,993.0,1003.0,1009.0,1013.0,990.0,993.0,987.0,1002.0,1002.0,986.0,1004.0,995.0,1007.0,998.0,1001.0,993.0,1000.0
1114.0,1100.0,1122.0,1123.0,1111.0,1136.0,1094.0,1116.0,1088.0,1114.0,1111.0,1114.0,1083.0,1082.0,1090.0,1082.0,1099.0,1103.0,1101.0,1093.0,1098.0,1093.0,1102.0,1104.0,1126.0,1108.0,1141.0,1139.0,1138.0,1160.0,1165.0,1168.0,1154.0,1169.0,1134.0,1123.0,1088.0,1089.0,1113.0,1117.0,1102.0,1113.0,1087.0,1113.0,1097.0,1098.0,1119.0,1125.0,1109.0,1120.0,1141.0,1120.0,1086.0,1123.0,1134.0,1093.0,1152.0,1103.0,1101.0,1134.0,1118.0,1082.0,1108.0,1127.0,1102.0,1112.0,1093.0,1102.0,1136.0,1116.0,1131.0,1124.0,1117.0,1130.0,1117.0,1104.0,1107.0,1092.0,1106.0,1112.0,1144.0,1143.0,1113.0,1164.0,1185.0,1194.0,1210.0,1184.0,1190.0,1177.0,1175.0,1192.0,1177.0,1225.0,1209.0,1213.0,1207.0,1248.0,1233.0,1247.0,1290.0,1329.0,1404.0,1393.0,1390.0,1308.0,1258.0,1245.0,1271.0,1253.0,1254.0,1244.0,1220.0,1227.0,1200.0,1193.0,1230.0,1224.0,1244.0,1243.0,1265.0,1273.0,1246.0,1222.0,1183.0,1169.0,1200.0,1233.0,1208.0,1208.0,1212.0,1231.0,1224.0,1235.0,1265.0,1241.0,1249.0,1316.0,1288.0,1241.0,1214.0,1232.0,1209.0,1274.0,1242.0,1291.0,1293.0,1303.0,1323.0,1307.0,1294.0,1278.0,1299.0,1269.0,1317.0,1314.0,1301.0,1308.0,1337.0,1304.0,1309.0,1323.0,1320.0,1310.0,1298.0,1308.0,1316.0,1321.0,1287.0,1270.0,1268.0,1244.0,1271.0,1274.0,1209.0,1220.0,1204.0,1206.0,1220.0,1191.0,1191.0,1181.0,1156.0,1190.0,1206.0,1230.0,1229.0,1233.0,1245.0,1248.0,1222.0,1308.0,1317.0,1339.0,1335.0,1380.0,1393.0,1407.0,1372.0,1369.0,1387.0,1396.0,1415.0,1420.0,1454.0,1471.0,1431.0,1433.0,1469.0,1486.0,1452.0,1450.0,1432.0,1434.0,1416.0,1446.0,1491.0,1503.0,1452.0,1480.0,1465.0,1480.0,1463.0,1477.0,1413.0,1428.0,1414.0,1402.0,1440.0,1416.0,1418.0,1423.0,1412.0,1429.0,1407.0,1410.0,1427.0,1444.0,1448.0,1435.0,1408.0,1472.0,1475.0,1487.0,1529.0,1569.0,1601.0,1584.0,1552.0,1478.0,1503.0,1458.0,1424.0,1391.0,1370.0,1285.0,1280.0,1234.0,1210.0,1194.0,1193.0,1178.0,1169.0,1158.0,1156.0,1185.0,1180.0,1189.0,1179.0,1228.0,1217.0,1206.0,1208.0,1219.0,1212.0,1252.0,1262.0,1289.0,1256.0,1283.0,1260.0,1233.0,1257.0,1264.0,1278,1282.0,1280.0,1270.0,1306.0,1317.0,1330.0,1380.0,1407.0,1420.0,1505.0,1514.0,1505.0,1534.0,1490.0,1454.0,1388.0,1356.0,1290.0,1273.0,1269.0,1217.0,1190.0,1174.0,1179.0,1154.0,1108.0,1127.0,1112.0,1091.0,1075.0,1089.0,1087.0,1111.0,1085.0,1056.0,1076.0,1083.0,1047.0,1071.0,1087.0,1081.0,1045.0,1034.0,1056.0,1087.0,1069.0,1048.0,1041.0,1062.0,1049.0,1060.0,1074.0,1061.0,1038.0,1035.0,1062.0,1057.0,1060.0,1057.0,1049.0,1076.0,1031.0,1035.0,1070.0,1030.0,1086.0,1054.0,1039.0,1065.0,1068.0,1033.0,1053.0,1038.0,1037.0,1061.0,1057.0,1060.0,1076.0,1051.0,1061.0,1031.0,1068.0,1060.0,1038.0,1039.0,1084.0,1061.0,1059.0,1076.0,1037.0,1061.0,1060.0,1051.0,1056.0,1048.0,1047.0,1031.0,1058.0,1061.0,1043.0,1069.0,1057.0,1046.0,1029.0
1127.0,1127.0,1108.0,1113.0,1130.0,1124.0,1130.0,1111.0,1105.0,1110.0,1085.0,1091.0,1105.0,1105.0,1084.0,1106.0,1104.0,1091.0,1097.0,1102.0,1112.0,1112.0,1123.0,1098.0,1098.0,1114.0,1132.0,1130.0,1151.0,1167.0,1175.0,1167.0,1158.0,1150.0,1142.0,1119.0,1129.0,1133.0,1134.0,1088.0,1117.0,1093.0,1104.0,1112.0,1087.0,1109.0,1100.0,1106.0,1124.0,1128.0,1120.0,1122.0,1106.0,1116.0,1130.0,1120.0,1128.0,1140.0,1118.0,1111.0,1131.0,1106.0,1117.0,1122.0,1089.0,1101.0,1108.0,1104.0,1104.0,1106.0,1107.0,1118.0,1106.0,1130.0,1122.0,1121.0,1097.0,1116.0,1108.0,1129.0,1136.0,1143.0,1162.0,1163.0,1174.0,1186.0,1189.0,1191.0,1174.0,1162.0,1197.0,1195.0,1206.0,1203.0,1187.0,1202.0,1216.0,1230.0,1224.0,1244.0,1253.0,1331.0,1367.0,1379.0,1364.0,1312.0,1282.0,1255.0,1237.0,1244.0,1239.0,1243.0,1220.0,1218.0,1200.0,1217.0,1237.0,1244.0,1224.0,1225.0,1252.0,1241.0,1225.0,1230.0,1220.0,1198.0,1206.0,1203.0,1207.0,1225.0,1212.0,1245.0,1203.0,1209.0,1239.0,1214.0,1268.0,1295.0,1254.0,1225.0,1214.0,1189.0,1218.0,1223.0,1258.0,1269.0,1283.0,1309.0,1297.0,1293.0,1268.0,1259.0,1248.0,1260.0,1290.0,1271.0,1304.0,1303.0,1331.0,1305.0,1303.0,1304.0,1295.0,1306.0,1285.0,1302.0,1294.0,1299.0,1318.0,1239.0,1273.0,1237.0,1238.0,1244.0,1235.0,1231.0,1228.0,1232.0,1227.0,1199.0,1178.0,1179.0,1200.0,1198.0,1217.0,1216.0,1223.0,1241.0,1240.0,1249.0,1265.0,1303.0,1314.0,1356.0,1358.0,1389.0,1364.0,1404.0,1394.0,1357.0,1381.0,1378.0,1422.0,1408.0,1435.0,1444.0,1433.0,1443.0,1413.0,1421.0,1441.0,1428.0,1433.0,1434.0,1438.0,1424.0,1409.0,1438.0,1421.0,1459.0,1455.0,1441.0,1445.0,1421.0,1428.0,1408.0,1400.0,1402.0,1423.0,1410.0,1431.0,1409.0,1396.0,1401.0,1391.0,1420.0,1411.0,1423.0,1426.0,1414.0,1393.0,1434.0,1425.0,1477.0,1522.0,1499.0,1568.0,1521.0,1511.0,1473.0,1456.0,1437.0,1419.0,1391.0,1346.0,1288.0,1246.0,1215.0,1231.0,1197.0,1174.0,1211.0,1186.0,1180.0,1191.0,1181.0,1178.0,1177.0,1214.0,1190.0,1214.0,1220.0,1196.0,1234.0,1260.0,1223.0,1272.0,1268.0,1291.0,1260.0,1251.0,1253.0,1264.0,1269.0,1277,1286.0,1284.0,1276.0,1322.0,1304.0,1337.0,1349.0,1386.0,1433.0,1466.0,1499.0,1519.0,1532.0,1478.0,1418.0,1357.0,1316.0,1306.0,1283.0,1270.0,1215.0,1210.0,1191.0,1154.0,1139.0,1141.0,1114.0,1112.0,1117.0,1115.0,1092.0,1085.0,1095.0,1094.0,1083.0,1074.0,1078.0,1080.0,1059.0,1079.0,1063.0,1081.0,1063.0,1070.0,1084.0,1084.0,1086.0,1075.0,1074.0,1061.0,1078.0,1077.0,1076.0,1062.0,1072.0,1057.0,1079.0,1077.0,1039.0,1070.0,1078.0,1065.0,1063.0,1062.0,1076.0,1068.0,1071.0,1053.0,1060.0,1062.0,1085.0,1085.0,1059.0,1071.0,1039.0,1073.0,1070.0,1072.0,1068.0,1085.0,1075.0,1064.0,1075.0,1074.0,1066.0,1082.0,1068.0,1048.0,1094.0,1066.0,1076.0,1068.0,1060.0,1067.0,1068.0,1076.0,1073.0,1071.0,1069.0,1075.0,1046.0,1065.0,1070.0,1076.0
1122.0,1101.0,1114.0,1120.0,1116.0,1071.0,1101.0,1092.0,1118.0,1101.0,1087.0,1088.0,1090.0,1074.0,1068.0,1069.0,1061.0,1058.0,1093.0,1074.0,1070.0,1111.0,1089.0,1097.0,1105.0,1100.0,1124.0,1113.0,1133.0,1137.0,1169.0,1143.0,1119.0,1168.0,1147.0,1119.0,1104.0,1097.0,1097.0,1101.0,1088.0,1073.0,1068.0,1078.0,1069.0,1080.0,1083.0,1085.0,1104.0,1112.0,1113.0,1073.0,1098.0,1100.0,1122.0,1124.0,1073.0,1088.0,1096.0,1095.0,1101.0,1076.0,1074.0,1072.0,1049.0,1086.0,1092.0,1085.0,1124.0,1093.0,1094.0,1091.0,1131.0,1116.0,1100.0,1092.0,1088.0,1088.0,1112.0,1128.0,1138.0,1121.0,1133.0,1128.0,1169.0,1191.0,1178.0,1195.0,1148.0,1161.0,1168.0,1180.0,1199.0,1198.0,1183.0,1202.0,1196.0,1216.0,1222.0,1256.0,1278.0,1332.0,1362.0,1377.0,1366.0,1301.0,1253.0,1215.0,1256.0,1233.0,1230.0,1221.0,1220.0,1213.0,1207.0,1233.0,1197.0,1245.0,1243.0,1225.0,1212.0,1239.0,1218.0,1202.0,1205.0,1202.0,1201.0,1195.0,1208.0,1193.0,1212.0,1207.0,1229.0,1227.0,1216.0,1224.0,1270.0,1291.0,1250.0,1201.0,1220.0,1201.0,1185.0,1212.0,1246.0,1258.0,1297.0,1290.0,1279.0,1257.0,1274.0,1253.0,1247.0,1255.0,1264.0,1263.0,1339.0,1316.0,1300.0,1282.0,1293.0,1314.0,1284.0,1318.0,1291.0,1284.0,1290.0,1286.0,1258.0,1260.0,1272.0,1233.0,1232.0,1236.0,1220.0,1214.0,1202.0,1202.0,1177.0,1191.0,1161.0,1175.0,1170.0,1186.0,1202.0,1228.0,1239.0,1229.0,1234.0,1234.0,1240.0,1295.0,1294.0,1324.0,1321.0,1388.0,1369.0,1383.0,1381.0,1354.0,1413.0,1387.0,1401.0,1403.0,1424.0,1449.0,1417.0,1420.0,1432.0,1417.0,1413.0,1418.0,1434.0,1438.0,1436.0,1432.0,1464.0,1445.0,1425.0,1460.0,1479.0,1443.0,1450.0,1423.0,1408.0,1389.0,1394.0,1401.0,1405.0,1428.0,1418.0,1390.0,1363.0,1359.0,1409.0,1420.0,1413.0,1412.0,1415.0,1439.0,1423.0,1429.0,1469.0,1473.0,1527.0,1585.0,1550.0,1507.0,1510.0,1502.0,1460.0,1428.0,1413.0,1380.0,1323.0,1284.0,1244.0,1213.0,1188.0,1176.0,1190.0,1159.0,1186.0,1186.0,1173.0,1158.0,1147.0,1163.0,1178.0,1187.0,1200.0,1203.0,1182.0,1220.0,1210.0,1231.0,1249.0,1269.0,1258.0,1263.0,1267.0,1231.0,1240.0,1239.0,1272,1283.0,1263.0,1298.0,1298.0,1319.0,1302.0,1336.0,1362.0,1420.0,1468.0,1523.0,1525.0,1539.0,1483.0,1444.0,1351.0,1322.0,1291.0,1266.0,1239.0,1226.0,1180.0,1159.0,1140.0,1127.0,1116.0,1122.0,1129.0,1074.0,1077.0,1068.0,1085.0,1055.0,1073.0,1060.0,1062.0,1060.0,1061.0,1026.0,1041.0,1066.0,1048.0,1061.0,1049.0,1026.0,1051.0,1046.0,1029.0,1050.0,1035.0,1050.0,1038.0,1046.0,1041.0,1036.0,1038.0,1057.0,1013.0,1017.0,1059.0,1040.0,1014.0,1044.0,1025.0,1043.0,1015.0,1042.0,1019.0,1023.0,1052.0,1013.0,1033.0,1022.0,1035.0,1035.0,1037.0,1043.0,1044.0,1042.0,1050.0,1032.0,1039.0,1027.0,1064.0,1025.0,1030.0,1016.0,1045.0,1045.0,1031.0,1024.0,1044.0,1044.0,1031.0,1044.0,1033.0,1041.0,1059.0,1047.0,1037.0,1046.0,1031.0,1047.0,1007.0
1049.0,1050.0,1051.0,1060.0,1048.0,1026.0,1046.0,1034.0,1027.0,1038.0,1057.0,1062.0,1021.0,994.0,1029.0,1040.0,1023.0,1011.0,1044.0,1038.0,1033.0,1050.0,1024.0,1036.0,1049.0,1042.0,1059.0,1067.0,1062.0,1091.0,1091.0,1082.0,1096.0,1075.0,1095.0,1067.0,1048.0,1028.0,1034.0,1028.0,1025.0,1038.0,1056.0,1031.0,1015.0,1019.0,1026.0,1043.0,1046.0,1042.0,1043.0,1033.0,1037.0,1034.0,1025.0,1051.0,1019.0,1040.0,1070.0,1051.0,1051.0,1052.0,1032.0,1046.0,1005.0,1035.0,1015.0,1042.0,1046.0,1046.0,1050.0,1039.0,1037.0,1045.0,1040.0,1036.0,1035.0,1021.0,1045.0,1042.0,1074.0,1067.0,1056.0,1081.0,1100.0,1092.0,1122.0,1122.0,1126.0,1099.0,1111.0,1146.0,1134.0,1126.0,1109.0,1132.0,1114.0,1145.0,1118.0,1181.0,1167.0,1200.0,1254.0,1282.0,1232.0,1224.0,1175.0,1141.0,1145.0,1157.0,1154.0,1122.0,1119.0,1121.0,1142.0,1123.0,1131.0,1131.0,1155.0,1157.0,1142.0,1156.0,1123.0,1138.0,1167.0,1091.0,1129.0,1105.0,1112.0,1117.0,1119.0,1139.0,1137.0,1135.0,1148.0,1149.0,1154.0,1229.0,1140.0,1141.0,1122.0,1134.0,1141.0,1157.0,1146.0,1190.0,1191.0,1201.0,1153.0,1163.0,1175.0,1167.0,1179.0,1165.0,1162.0,1165.0,1204.0,1196.0,1218.0,1187.0,1226.0,1209.0,1185.0,1218.0,1184.0,1215.0,1184.0,1178.0,1169.0,1178.0,1161.0,1164.0,1132.0,1145.0,1143.0,1147.0,1148.0,1142.0,1123.0,1129.0,1114.0,1118.0,1113.0,1106.0,1115.0,1152.0,1175.0,1143.0,1169.0,1178.0,1168.0,1203.0,1202.0,1234.0,1248.0,1257.0,1263.0,1275.0,1250.0,1261.0,1269.0,1286.0,1274.0,1295.0,1313.0,1329.0,1290.0,1293.0,1309.0,1306.0,1322.0,1289.0,1308.0,1317.0,1325.0,1319.0,1294.0,1318.0,1331.0,1317.0,1302.0,1304.0,1353.0,1293.0,1309.0,1279.0,1271.0,1314.0,1271.0,1288.0,1270.0,1296.0,1278.0,1304.0,1284.0,1284.0,1271.0,1299.0,1288.0,1307.0,1314.0,1319.0,1329.0,1356.0,1380.0,1410.0,1428.0,1393.0,1388.0,1330.0,1334.0,1308.0,1298.0,1269.0,1220.0,1214.0,1191.0,1142.0,1137.0,1111.0,1129.0,1110.0,1102.0,1119.0,1104.0,1102.0,1112.0,1095.0,1144.0,1124.0,1133.0,1133.0,1134.0,1151.0,1160.0,1169.0,1197.0,1195.0,1214.0,1195.0,1166.0,1183.0,1181.0,1164.0,1205,1186.0,1196.0,1206.0,1209.0,1208.0,1247.0,1267.0,1271.0,1319.0,1336.0,1383.0,1387.0,1404.0,1342.0,1285.0,1264.0,1268.0,1215.0,1160.0,1174.0,1148.0,1118.0,1132.0,1087.0,1093.0,1057.0,1054.0,1068.0,1043.0,1055.0,1017.0,1047.0,1048.0,1032.0,1035.0,1018.0,1049.0,1023.0,1021.0,1035.0,1022.0,993.0,999.0,1029.0,1011.0,1024.0,1049.0,1011.0,1015.0,1033.0,1033.0,1026.0,1035.0,1023.0,1016.0,1004.0,1034.0,1006.0,1000.0,1047.0,1005.0,1011.0,1029.0,1002.0,1011.0,1017.0,1034.0,1028.0,1026.0,1025.0,1015.0,1037.0,1032.0,1031.0,1025.0,1014.0,1022.0,1025.0,1024.0,996.0,1018.0,1003.0,1019.0,1006.0,1029.0,1041.0,1014.0,1025.0,1032.0,1013.0,1024.0,1014.0,1028.0,1021.0,1022.0,1034.0,1011.0,1019.0,1022.0,1028.0,1039.0,1017.0,1024.0,1008.0
1110.0,1128.0,1124.0,1121.0,1104.0,1127.0,1126.0,1123.0,1133.0,1099.0,1129.0,1119.0,1128.0,1100.0,1108.0,1108.0,1103.0,1091.0,1116.0,1101.0,1121.0,1098.0,1102.0,1126.0,1123.0,1124.0,1140.0,1147.0,1168.0,1196.0,1162.0,1185.0,1182.0,1147.0,1171.0,1152.0,1123.0,1111.0,1138.0,1105.0,1131.0,1102.0,1107.0,1116.0,1107.0,1124.0,1104.0,1101.0,1116.0,1117.0,1128.0,1128.0,1124.0,1135.0,1128.0,1106.0,1121.0,1084.0,1133.0,1110.0,1124.0,1106.0,1107.0,1145.0,1106.0,1107.0,1103.0,1107.0,1139.0,1128.0,1109.0,1128.0,1141.0,1160.0,1143.0,1124.0,1128.0,1120.0,1153.0,1142.0,1138.0,1150.0,1159.0,1150.0,1217.0,1239.0,1191.0,1191.0,1193.0,1187.0,1203.0,1225.0,1194.0,1237.0,1212.0,1203.0,1222.0,1247.0,1233.0,1281.0,1310.0,1338.0,1406.0,1388.0,1380.0,1294.0,1272.0,1253.0,1271.0,1247.0,1267.0,1271.0,1255.0,1257.0,1223.0,1231.0,1230.0,1249.0,1278.0,1282.0,1277.0,1273.0,1248.0,1263.0,1223.0,1219.0,1214.0,1240.0,1189.0,1250.0,1243.0,1245.0,1246.0,1244.0,1244.0,1244.0,1306.0,1330.0,1305.0,1245.0,1239.0,1237.0,1232.0,1258.0,1288.0,1282.0,1323.0,1318.0,1304.0,1295.0,1279.0,1267.0,1277.0,1301.0,1270.0,1316.0,1332.0,1349.0,1360.0,1358.0,1330.0,1325.0,1330.0,1309.0,1323.0,1298.0,1331.0,1329.0,1291.0,1293.0,1269.0,1259.0,1255.0,1251.0,1272.0,1251.0,1199.0,1222.0,1220.0,1217.0,1206.0,1206.0,1220.0,1224.0,1239.0,1248.0,1274.0,1265.0,1277.0,1305.0,1307.0,1325.0,1383.0,1353.0,1381.0,1386.0,1393.0,1399.0,1386.0,1378.0,1391.0,1424.0,1417.0,1446.0,1464.0,1465.0,1436.0,1469.0,1442.0,1467.0,1467.0,1480.0,1461.0,1444.0,1462.0,1492.0,1479.0,1502.0,1490.0,1493.0,1500.0,1498.0,1475.0,1444.0,1419.0,1430.0,1423.0,1436.0,1456.0,1434.0,1451.0,1420.0,1415.0,1405.0,1464.0,1439.0,1443.0,1470.0,1443.0,1484.0,1469.0,1448.0,1491.0,1526.0,1553.0,1615.0,1591.0,1559.0,1571.0,1504.0,1460.0,1459.0,1438.0,1380.0,1354.0,1326.0,1283.0,1216.0,1223.0,1243.0,1218.0,1232.0,1205.0,1212.0,1187.0,1204.0,1228.0,1201.0,1210.0,1213.0,1247.0,1250.0,1256.0,1263.0,1257.0,1253.0,1300.0,1306.0,1305.0,1287.0,1297.0,1285.0,1281.0,1262.0,1313,1294.0,1283.0,1322.0,1341.0,1330.0,1356.0,1351.0,1432.0,1436.0,1495.0,1514.0,1551.0,1552.0,1501.0,1452.0,1404.0,1381.0,1331.0,1319.0,1320.0,1278.0,1243.0,1218.0,1204.0,1171.0,1134.0,1149.0,1152.0,1142.0,1140.0,1157.0,1128.0,1132.0,1111.0,1124.0,1112.0,1112.0,1104.0,1117.0,1127.0,1125.0,1095.0,1088.0,1109.0,1107.0,1106.0,1100.0,1109.0,1095.0,1121.0,1125.0,1097.0,1103.0,1088.0,1096.0,1114.0,1114.0,1090.0,1113.0,1129.0,1106.0,1115.0,1081.0,1112.0,1125.0,1122.0,1105.0,1089.0,1078.0,1111.0,1111.0,1098.0,1120.0,1092.0,1121.0,1128.0,1115.0,1124.0,1118.0,1118.0,1105.0,1119.0,1088.0,1093.0,1107.0,1123.0,1108.0,1132.0,1114.0,1128.0,1116.0,1094.0,1110.0,1090.0,1110.0,1091.0,1120.0,1131.0,1096.0,1100.0,1106.0,1129.0,1141.0,1106.0
1081.0,1093.0,1082.0,1099.0,1099.0,1113.0,1097.0,1078.0,1076.0,1070.0,1070.0,1084.0,1073.0,1053.0,1051.0,1046.0,1038.0,1065.0,1037.0,1064.0,1062.0,1052.0,1057.0,1078.0,1076.0,1093.0,1087.0,1117.0,1129.0,1145.0,1154.0,1157.0,1134.0,1127.0,1096.0,1093.0,1086.0,1092.0,1091.0,1060.0,1078.0,1059.0,1058.0,1051.0,1053.0,1066.0,1049.0,1057.0,1079.0,1065.0,1068.0,1069.0,1083.0,1096.0,1093.0,1074.0,1048.0,1053.0,1072.0,1065.0,1083.0,1087.0,1049.0,1041.0,1056.0,1059.0,1077.0,1045.0,1090.0,1047.0,1083.0,1072.0,1097.0,1079.0,1075.0,1075.0,1051.0,1063.0,1078.0,1074.0,1094.0,1122.0,1090.0,1119.0,1149.0,1173.0,1180.0,1159.0,1149.0,1137.0,1171.0,1188.0,1174.0,1196.0,1197.0,1207.0,1180.0,1212.0,1225.0,1248.0,1291.0,1344.0,1381.0,1409.0,1367.0,1321.0,1256.0,1249.0,1246.0,1228.0,1236.0,1227.0,1222.0,1195.0,1213.0,1217.0,1204.0,1243.0,1229.0,1239.0,1244.0,1233.0,1211.0,1224.0,1207.0,1178.0,1175.0,1170.0,1184.0,1192.0,1195.0,1180.0,1215.0,1208.0,1200.0,1228.0,1267.0,1321.0,1274.0,1233.0,1209.0,1215.0,1205.0,1214.0,1239.0,1264.0,1280.0,1287.0,1270.0,1254.0,1243.0,1267.0,1276.0,1267.0,1283.0,1287.0,1304.0,1313.0,1313.0,1313.0,1333.0,1323.0,1305.0,1289.0,1292.0,1300.0,1327.0,1284.0,1300.0,1241.0,1240.0,1228.0,1215.0,1219.0,1210.0,1173.0,1188.0,1188.0,1174.0,1175.0,1172.0,1125.0,1154.0,1154.0,1179.0,1204.0,1215.0,1219.0,1216.0,1232.0,1292.0,1271.0,1326.0,1339.0,1367.0,1360.0,1404.0,1366.0,1378.0,1382.0,1412.0,1437.0,1429.0,1437.0,1452.0,1442.0,1429.0,1446.0,1453.0,1469.0,1467.0,1458.0,1490.0,1483.0,1486.0,1463.0,1442.0,1503.0,1482.0,1476.0,1482.0,1497.0,1479.0,1451.0,1408.0,1444.0,1394.0,1425.0,1438.0,1399.0,1408.0,1411.0,1409.0,1408.0,1399.0,1414.0,1431.0,1468.0,1440.0,1454.0,1447.0,1442.0,1474.0,1496.0,1563.0,1588.0,1613.0,1613.0,1564.0,1529.0,1472.0,1453.0,1407.0,1371.0,1321.0,1251.0,1197.0,1158.0,1149.0,1147.0,1140.0,1118.0,1133.0,1119.0,1136.0,1119.0,1107.0,1153.0,1142.0,1141.0,1164.0,1168.0,1155.0,1170.0,1198.0,1188.0,1241.0,1227.0,1198.0,1226.0,1188.0,1176.0,1205.0,1229.0,1246,1245.0,1251.0,1252.0,1294.0,1282.0,1322.0,1337.0,1348.0,1428.0,1480.0,1498.0,1529.0,1540.0,1496.0,1439.0,1383.0,1360.0,1267.0,1272.0,1231.0,1196.0,1179.0,1161.0,1132.0,1101.0,1086.0,1061.0,1044.0,1044.0,1029.0,1022.0,1027.0,1030.0,990.0,1024.0,1022.0,1004.0,1002.0,1002.0,998.0,997.0,986.0,996.0,1007.0,993.0,985.0,992.0,996.0,992.0,994.0,998.0,981.0,990.0,1005.0,983.0,993.0,964.0,980.0,991.0,994.0,998.0,992.0,991.0,985.0,1002.0,982.0,990.0,964.0,988.0,1004.0,982.0,986.0,975.0,984.0,981.0,992.0,987.0,990.0,995.0,981.0,983.0,963.0,975.0,984.0,987.0,987.0,975.0,996.0,991.0,1000.0,994.0,977.0,1012.0,983.0,988.0,989.0,983.0,958.0,989.0,989.0,972.0,1006.0,994.0,997.0
1056.0,1056.0,1053.0,1040.0,1062.0,1050.0,1059.0,1044.0,1044.0,1049.0,1061.0,1035.0,1056.0,1035.0,1031.0,1033.0,1030.0,1036.0,1021.0,1032.0,1046.0,1039.0,1043.0,1047.0,1036.0,1061.0,1071.0,1083.0,1098.0,1118.0,1112.0,1092.0,1091.0,1093.0,1086.0,1061.0,1065.0,1034.0,1054.0,1029.0,1005.0,1037.0,1034.0,1035.0,1020.0,1037.0,1044.0,1030.0,1039.0,1053.0,1046.0,1035.0,1042.0,1057.0,1047.0,1058.0,1063.0,1038.0,1062.0,1054.0,1039.0,1039.0,1019.0,1036.0,1034.0,1028.0,1016.0,1028.0,1055.0,1037.0,1056.0,1057.0,1067.0,1058.0,1048.0,1023.0,1045.0,1037.0,1043.0,1062.0,1059.0,1079.0,1080.0,1098.0,1118.0,1136.0,1137.0,1144.0,1118.0,1109.0,1111.0,1116.0,1141.0,1149.0,1135.0,1181.0,1165.0,1167.0,1177.0,1199.0,1215.0,1273.0,1332.0,1325.0,1299.0,1241.0,1203.0,1187.0,1180.0,1211.0,1222.0,1179.0,1173.0,1159.0,1159.0,1145.0,1184.0,1181.0,1182.0,1182.0,1198.0,1179.0,1171.0,1141.0,1185.0,1155.0,1135.0,1148.0,1146.0,1151.0,1176.0,1165.0,1165.0,1158.0,1179.0,1181.0,1198.0,1251.0,1200.0,1160.0,1161.0,1155.0,1179.0,1182.0,1184.0,1222.0,1227.0,1224.0,1238.0,1220.0,1227.0,1216.0,1217.0,1216.0,1224.0,1243.0,1258.0,1238.0,1282.0,1270.0,1255.0,1266.0,1242.0,1258.0,1253.0,1252.0,1235.0,1226.0,1242.0,1221.0,1189.0,1216.0,1208.0,1195.0,1174.0,1146.0,1141.0,1138.0,1133.0,1129.0,1128.0,1123.0,1128.0,1113.0,1137.0,1175.0,1170.0,1168.0,1180.0,1187.0,1208.0,1222.0,1250.0,1297.0,1306.0,1323.0,1345.0,1337.0,1342.0,1323.0,1332.0,1326.0,1365.0,1350.0,1369.0,1400.0,1380.0,1388.0,1383.0,1397.0,1401.0,1419.0,1403.0,1375.0,1382.0,1428.0,1403.0,1403.0,1411.0,1415.0,1397.0,1397.0,1392.0,1377.0,1366.0,1351.0,1355.0,1369.0,1366.0,1337.0,1363.0,1337.0,1338.0,1323.0,1350.0,1362.0,1361.0,1384.0,1370.0,1363.0,1380.0,1376.0,1412.0,1419.0,1470.0,1523.0,1493.0,1492.0,1472.0,1429.0,1403.0,1371.0,1358.0,1315.0,1271.0,1215.0,1181.0,1138.0,1117.0,1114.0,1111.0,1093.0,1079.0,1084.0,1091.0,1095.0,1107.0,1078.0,1123.0,1114.0,1137.0,1123.0,1118.0,1143.0,1160.0,1151.0,1184.0,1201.0,1181.0,1189.0,1162.0,1169.0,1166.0,1191.0,1199,1201.0,1184.0,1218.0,1235.0,1252.0,1252.0,1271.0,1322.0,1352.0,1393.0,1469.0,1470.0,1454.0,1411.0,1373.0,1325.0,1334.0,1243.0,1225.0,1199.0,1172.0,1124.0,1119.0,1090.0,1065.0,1051.0,1046.0,1018.0,1002.0,1045.0,1011.0,998.0,992.0,1001.0,976.0,987.0,981.0,993.0,991.0,982.0,998.0,987.0,976.0,999.0,978.0,995.0,993.0,976.0,986.0,983.0,977.0,985.0,983.0,968.0,960.0,968.0,961.0,983.0,963.0,973.0,959.0,985.0,967.0,962.0,980.0,978.0,989.0,952.0,970.0,974.0,953.0,998.0,974.0,991.0,966.0,958.0,972.0,983.0,965.0,987.0,987.0,972.0,969.0,977.0,973.0,994.0,997.0,978.0,970.0,976.0,987.0,975.0,973.0,977.0,967.0,981.0,977.0,989.0,989.0,979.0,986.0,1005.0,989.0,964.0
1090.0,1063.0,1067.0,1062.0,1077.0,1054.0,1082.0,1075.0,1065.0,1068.0,1071.0,1055.0,1056.0,1045.0,1062.0,1035.0,1012.0,1042.0,1036.0,1051.0,1044.0,1065.0,1063.0,1062.0,1084.0,1054.0,1073.0,1085.0,1099.0,1125.0,1148.0,1118.0,1148.0,1136.0,1114.0,1099.0,1073.0,1051.0,1065.0,1056.0,1051.0,1050.0,1067.0,1064.0,1052.0,1055.0,1037.0,1053.0,1073.0,1067.0,1039.0,1051.0,1043.0,1067.0,1066.0,1050.0,1071.0,1023.0,1046.0,1063.0,1049.0,1086.0,1047.0,1054.0,1038.0,1047.0,1031.0,1069.0,1094.0,1047.0,1060.0,1099.0,1074.0,1105.0,1062.0,1040.0,1056.0,1056.0,1077.0,1087.0,1066.0,1089.0,1112.0,1132.0,1173.0,1157.0,1166.0,1138.0,1139.0,1143.0,1128.0,1192.0,1144.0,1187.0,1197.0,1167.0,1181.0,1224.0,1190.0,1254.0,1228.0,1328.0,1352.0,1400.0,1335.0,1281.0,1228.0,1204.0,1224.0,1229.0,1200.0,1213.0,1206.0,1199.0,1191.0,1173.0,1178.0,1201.0,1197.0,1203.0,1198.0,1235.0,1193.0,1178.0,1151.0,1179.0,1169.0,1138.0,1173.0,1166.0,1188.0,1194.0,1207.0,1199.0,1206.0,1203.0,1248.0,1289.0,1233.0,1186.0,1200.0,1203.0,1220.0,1195.0,1211.0,1262.0,1270.0,1282.0,1263.0,1260.0,1229.0,1220.0,1276.0,1241.0,1269.0,1267.0,1289.0,1277.0,1274.0,1315.0,1289.0,1301.0,1286.0,1264.0,1295.0,1278.0,1265.0,1244.0,1233.0,1237.0,1235.0,1228.0,1211.0,1204.0,1217.0,1174.0,1178.0,1179.0,1171.0,1153.0,1143.0,1120.0,1166.0,1159.0,1166.0,1182.0,1223.0,1237.0,1231.0,1236.0,1248.0,1245.0,1281.0,1302.0,1322.0,1365.0,1368.0,1393.0,1358.0,1358.0,1362.0,1375.0,1391.0,1373.0,1460.0,1458.0,1447.0,1405.0,1447.0,1419.0,1439.0,1444.0,1437.0,1450.0,1414.0,1435.0,1442.0,1491.0,1488.0,1479.0,1465.0,1429.0,1422.0,1442.0,1365.0,1379.0,1397.0,1381.0,1402.0,1392.0,1390.0,1363.0,1367.0,1377.0,1376.0,1381.0,1386.0,1380.0,1398.0,1409.0,1399.0,1414.0,1422.0,1478.0,1557.0,1544.0,1589.0,1543.0,1507.0,1508.0,1475.0,1403.0,1411.0,1333.0,1305.0,1258.0,1173.0,1149.0,1122.0,1128.0,1115.0,1102.0,1134.0,1108.0,1107.0,1127.0,1095.0,1106.0,1113.0,1114.0,1103.0,1145.0,1117.0,1157.0,1146.0,1191.0,1220.0,1216.0,1206.0,1190.0,1168.0,1197.0,1186.0,1193.0,1192,1246.0,1229.0,1241.0,1243.0,1268.0,1299.0,1314.0,1346.0,1344.0,1390.0,1480.0,1524.0,1494.0,1470.0,1381.0,1358.0,1321.0,1288.0,1281.0,1183.0,1191.0,1130.0,1146.0,1113.0,1091.0,1071.0,1029.0,1020.0,1007.0,1007.0,995.0,1020.0,1004.0,978.0,986.0,1009.0,995.0,975.0,990.0,962.0,992.0,964.0,996.0,975.0,978.0,960.0,998.0,966.0,971.0,966.0,975.0,973.0,979.0,979.0,970.0,940.0,979.0,975.0,954.0,978.0,960.0,964.0,991.0,951.0,995.0,965.0,989.0,984.0,981.0,965.0,981.0,962.0,957.0,940.0,946.0,965.0,972.0,964.0,968.0,972.0,966.0,965.0,959.0,978.0,958.0,986.0,976.0,973.0,978.0,966.0,986.0,968.0,967.0,969.0,962.0,946.0,973.0,970.0,937.0,975.0,956.0,978.0,976.0,983.0
1073.0,1061.0,1064.0,1065.0,1080.0,1057.0,1054.0,1056.0,1076.0,1058.0,1038.0,1061.0,1075.0,1044.0,1054.0,1037.0,1035.0,1051.0,1042.0,1031.0,1051.0,1056.0,1049.0,1056.0,1058.0,1057.0,1065.0,1066.0,1100.0,1131.0,1107.0,1106.0,1101.0,1110.0,1095.0,1085.0,1037.0,1035.0,1036.0,1043.0,1041.0,1032.0,1028.0,1052.0,1023.0,1048.0,1055.0,1047.0,1057.0,1069.0,1074.0,1064.0,1049.0,1055.0,1075.0,1061.0,1050.0,1073.0,1047.0,1039.0,1056.0,1055.0,1052.0,1035.0,1022.0,1055.0,1045.0,1041.0,1057.0,1050.0,1071.0,1068.0,1068.0,1062.0,1056.0,1057.0,1061.0,1070.0,1053.0,1081.0,1076.0,1048.0,1106.0,1102.0,1121.0,1127.0,1131.0,1122.0,1123.0,1133.0,1126.0,1135.0,1148.0,1149.0,1153.0,1178.0,1161.0,1183.0,1175.0,1202.0,1226.0,1267.0,1336.0,1357.0,1296.0,1266.0,1197.0,1193.0,1213.0,1208.0,1204.0,1179.0,1177.0,1155.0,1159.0,1143.0,1180.0,1196.0,1185.0,1194.0,1193.0,1188.0,1164.0,1166.0,1169.0,1161.0,1154.0,1150.0,1151.0,1144.0,1145.0,1158.0,1153.0,1171.0,1179.0,1197.0,1220.0,1262.0,1228.0,1179.0,1163.0,1157.0,1172.0,1185.0,1183.0,1222.0,1228.0,1261.0,1241.0,1222.0,1226.0,1214.0,1217.0,1227.0,1220.0,1249.0,1269.0,1259.0,1268.0,1274.0,1293.0,1253.0,1229.0,1212.0,1234.0,1255.0,1235.0,1222.0,1217.0,1213.0,1200.0,1204.0,1173.0,1199.0,1160.0,1170.0,1179.0,1138.0,1129.0,1136.0,1126.0,1122.0,1124.0,1127.0,1142.0,1171.0,1180.0,1192.0,1182.0,1193.0,1187.0,1204.0,1257.0,1284.0,1317.0,1318.0,1331.0,1301.0,1325.0,1314.0,1333.0,1323.0,1356.0,1366.0,1377.0,1382.0,1342.0,1366.0,1370.0,1375.0,1391.0,1375.0,1395.0,1407.0,1376.0,1393.0,1373.0,1394.0,1398.0,1404.0,1433.0,1413.0,1385.0,1380.0,1376.0,1358.0,1354.0,1347.0,1352.0,1354.0,1368.0,1357.0,1361.0,1318.0,1352.0,1353.0,1367.0,1389.0,1393.0,1381.0,1373.0,1398.0,1399.0,1410.0,1476.0,1481.0,1505.0,1474.0,1467.0,1452.0,1383.0,1348.0,1335.0,1300.0,1263.0,1208.0,1173.0,1122.0,1125.0,1128.0,1101.0,1100.0,1097.0,1081.0,1118.0,1105.0,1100.0,1098.0,1136.0,1118.0,1115.0,1133.0,1127.0,1146.0,1158.0,1144.0,1194.0,1171.0,1197.0,1176.0,1177.0,1172.0,1159.0,1192.0,1216,1205.0,1231.0,1240.0,1221.0,1257.0,1247.0,1259.0,1295.0,1345.0,1365.0,1441.0,1448.0,1450.0,1387.0,1395.0,1307.0,1277.0,1252.0,1228.0,1222.0,1167.0,1134.0,1108.0,1097.0,1093.0,1062.0,1036.0,1022.0,1026.0,1032.0,1031.0,1015.0,1012.0,1020.0,1008.0,1002.0,1004.0,994.0,984.0,996.0,983.0,987.0,992.0,987.0,978.0,985.0,984.0,998.0,971.0,981.0,986.0,991.0,991.0,1002.0,986.0,966.0,997.0,968.0,970.0,976.0,983.0,988.0,996.0,976.0,986.0,975.0,964.0,977.0,980.0,988.0,972.0,986.0,977.0,980.0,984.0,976.0,988.0,990.0,977.0,978.0,970.0,972.0,970.0,987.0,991.0,983.0,987.0,1002.0,971.0,969.0,988.0,988.0,976.0,973.0,987.0,967.0,967.0,981.0,986.0,990.0,974.0,987.0,985.0,991.0
1063.0,1047.0,1064.0,1052.0,1053.0,1076.0,1051.0,1046.0,1048.0,1030.0,1038.0,1029.0,1043.0,1039.0,1052.0,1020.0,1026.0,1024.0,1021.0,1038.0,1034.0,1047.0,1037.0,1047.0,1037.0,1055.0,1063.0,1066.0,1070.0,1100.0,1121.0,1094.0,1106.0,1098.0,1069.0,1083.0,1056.0,1042.0,1044.0,1039.0,1040.0,1035.0,1034.0,1032.0,1033.0,1034.0,1020.0,1026.0,1016.0,1055.0,1044.0,1059.0,1057.0,1060.0,1064.0,1034.0,1019.0,1034.0,1038.0,1042.0,1060.0,1050.0,1041.0,1032.0,1030.0,1009.0,1022.0,1037.0,1040.0,1026.0,1046.0,1037.0,1053.0,1044.0,1033.0,1048.0,1028.0,1039.0,1041.0,1049.0,1069.0,1044.0,1082.0,1085.0,1081.0,1117.0,1140.0,1115.0,1111.0,1115.0,1093.0,1115.0,1136.0,1145.0,1117.0,1163.0,1132.0,1183.0,1152.0,1171.0,1212.0,1279.0,1309.0,1309.0,1300.0,1239.0,1196.0,1188.0,1186.0,1179.0,1177.0,1167.0,1165.0,1161.0,1135.0,1138.0,1165.0,1161.0,1157.0,1169.0,1188.0,1155.0,1153.0,1152.0,1124.0,1133.0,1119.0,1122.0,1122.0,1139.0,1141.0,1152.0,1173.0,1143.0,1170.0,1159.0,1203.0,1246.0,1182.0,1168.0,1146.0,1148.0,1140.0,1174.0,1187.0,1189.0,1201.0,1224.0,1227.0,1198.0,1193.0,1198.0,1220.0,1204.0,1210.0,1206.0,1234.0,1227.0,1257.0,1239.0,1234.0,1205.0,1205.0,1200.0,1229.0,1219.0,1212.0,1198.0,1206.0,1194.0,1195.0,1179.0,1155.0,1174.0,1141.0,1151.0,1144.0,1140.0,1143.0,1108.0,1080.0,1101.0,1090.0,1098.0,1111.0,1141.0,1159.0,1132.0,1165.0,1148.0,1173.0,1231.0,1218.0,1246.0,1284.0,1283.0,1301.0,1286.0,1316.0,1291.0,1293.0,1280.0,1317.0,1322.0,1355.0,1369.0,1380.0,1361.0,1351.0,1331.0,1339.0,1359.0,1386.0,1368.0,1359.0,1349.0,1363.0,1377.0,1350.0,1377.0,1379.0,1365.0,1380.0,1362.0,1341.0,1308.0,1349.0,1333.0,1329.0,1337.0,1332.0,1313.0,1327.0,1292.0,1327.0,1315.0,1336.0,1356.0,1350.0,1340.0,1348.0,1328.0,1372.0,1389.0,1409.0,1476.0,1461.0,1472.0,1427.0,1425.0,1370.0,1340.0,1317.0,1302.0,1251.0,1209.0,1177.0,1133.0,1121.0,1094.0,1113.0,1082.0,1106.0,1095.0,1081.0,1084.0,1081.0,1097.0,1097.0,1108.0,1113.0,1109.0,1117.0,1140.0,1153.0,1134.0,1176.0,1180.0,1168.0,1154.0,1155.0,1155.0,1167.0,1170.0,1198,1195.0,1180.0,1216.0,1235.0,1225.0,1213.0,1251.0,1279.0,1321.0,1366.0,1421.0,1443.0,1427.0,1405.0,1348.0,1293.0,1258.0,1208.0,1192.0,1175.0,1156.0,1114.0,1106.0,1062.0,1067.0,1031.0,1038.0,1018.0,1029.0,985.0,1005.0,998.0,1007.0,981.0,997.0,983.0,987.0,998.0,1002.0,961.0,977.0,968.0,977.0,972.0,970.0,972.0,991.0,952.0,970.0,974.0,969.0,976.0,967.0,963.0,956.0,968.0,975.0,967.0,954.0,960.0,969.0,982.0,967.0,942.0,956.0,967.0,975.0,968.0,990.0,956.0,943.0,947.0,966.0,968.0,970.0,977.0,970.0,975.0,950.0,980.0,952.0,973.0,973.0,982.0,957.0,958.0,974.0,973.0,983.0,975.0,976.0,972.0,980.0,951.0,979.0,970.0,961.0,976.0,985.0,964.0,967.0,961.0,976.0,975.0
1027.0,1043.0,1019.0,1023.0,1011.0,1056.0,1027.0,1052.0,1025.0,1028.0,1029.0,1026.0,1021.0,993.0,1018.0,1022.0,986.0,1024.0,1008.0,1004.0,1006.0,1001.0,1031.0,1033.0,1030.0,1018.0,1053.0,1061.0,1063.0,1080.0,1083.0,1094.0,1064.0,1078.0,1067.0,1036.0,1038.0,1034.0,1008.0,1013.0,1011.0,1001.0,1013.0,1021.0,1006.0,1001.0,1021.0,1001.0,1001.0,1029.0,1044.0,1008.0,1047.0,1013.0,1032.0,1039.0,1034.0,999.0,1025.0,1026.0,1019.0,1038.0,1015.0,1000.0,997.0,1024.0,1008.0,1047.0,1035.0,1016.0,1043.0,1041.0,1032.0,1018.0,1054.0,1008.0,989.0,1007.0,1020.0,1045.0,1010.0,1050.0,1078.0,1048.0,1068.0,1085.0,1110.0,1115.0,1066.0,1099.0,1129.0,1089.0,1113.0,1097.0,1119.0,1128.0,1098.0,1117.0,1102.0,1148.0,1191.0,1226.0,1262.0,1243.0,1253.0,1207.0,1150.0,1136.0,1115.0,1169.0,1164.0,1160.0,1131.0,1131.0,1130.0,1128.0,1116.0,1141.0,1133.0,1137.0,1140.0,1156.0,1129.0,1127.0,1129.0,1116.0,1119.0,1115.0,1107.0,1114.0,1116.0,1131.0,1129.0,1139.0,1145.0,1164.0,1142.0,1196.0,1172.0,1155.0,1120.0,1103.0,1153.0,1141.0,1183.0,1148.0,1200.0,1195.0,1227.0,1170.0,1160.0,1148.0,1166.0,1174.0,1197.0,1185.0,1198.0,1220.0,1230.0,1194.0,1223.0,1204.0,1179.0,1196.0,1200.0,1199.0,1215.0,1181.0,1177.0,1143.0,1140.0,1154.0,1150.0,1135.0,1147.0,1138.0,1137.0,1105.0,1117.0,1118.0,1110.0,1096.0,1086.0,1093.0,1107.0,1138.0,1151.0,1140.0,1142.0,1145.0,1169.0,1200.0,1186.0,1226.0,1244.0,1278.0,1272.0,1261.0,1287.0,1260.0,1276.0,1278.0,1282.0,1310.0,1297.0,1318.0,1322.0,1306.0,1331.0,1324.0,1349.0,1328.0,1329.0,1329.0,1340.0,1331.0,1330.0,1364.0,1322.0,1351.0,1329.0,1332.0,1347.0,1302.0,1272.0,1306.0,1307.0,1294.0,1299.0,1301.0,1311.0,1317.0,1316.0,1290.0,1301.0,1320.0,1313.0,1300.0,1299.0,1311.0,1290.0,1324.0,1334.0,1416.0,1413.0,1416.0,1451.0,1423.0,1415.0,1351.0,1358.0,1321.0,1307.0,1271.0,1226.0,1164.0,1155.0,1134.0,1110.0,1093.0,1096.0,1105.0,1063.0,1071.0,1064.0,1077.0,1072.0,1102.0,1101.0,1103.0,1127.0,1088.0,1104.0,1131.0,1155.0,1124.0,1180.0,1164.0,1183.0,1145.0,1162.0,1165.0,1169.0,1158.0,1198,1192.0,1197.0,1184.0,1192.0,1235.0,1242.0,1238.0,1289.0,1300.0,1359.0,1405.0,1359.0,1409.0,1382.0,1316.0,1300.0,1239.0,1186.0,1189.0,1181.0,1129.0,1098.0,1126.0,1071.0,1079.0,1041.0,1052.0,1027.0,1036.0,1016.0,1007.0,1009.0,987.0,1002.0,989.0,1009.0,977.0,986.0,1002.0,972.0,1003.0,991.0,987.0,979.0,997.0,970.0,982.0,991.0,984.0,976.0,975.0,966.0,989.0,957.0,993.0,990.0,984.0,965.0,977.0,1004.0,987.0,948.0,968.0,991.0,1000.0,968.0,961.0,994.0,992.0,979.0,971.0,980.0,990.0,1008.0,999.0,997.0,981.0,986.0,988.0,990.0,981.0,968.0,976.0,965.0,992.0,994.0,986.0,979.0,967.0,962.0,999.0,980.0,974.0,1007.0,1000.0,962.0,981.0,981.0,1000.0,988.0,974.0,1001.0,991.0,982.0
1113.0,1106.0,1106.0,1108.0,1111.0,1111.0,1117.0,1082.0,1100.0,1090.0,1097.0,1097.0,1102.0,1091.0,1091.0,1087.0,1094.0,1099.0,1092.0,1098.0,1101.0,1100.0,1112.0,1104.0,1086.0,1093.0,1113.0,1124.0,1129.0,1166.0,1153.0,1164.0,1150.0,1146.0,1130.0,1108.0,1115.0,1116.0,1106.0,1083.0,1105.0,1076.0,1073.0,1086.0,1072.0,1095.0,1088.0,1086.0,1086.0,1102.0,1111.0,1100.0,1112.0,1117.0,1134.0,1107.0,1113.0,1096.0,1105.0,1100.0,1119.0,1115.0,1089.0,1111.0,1081.0,1098.0,1088.0,1092.0,1104.0,1097.0,1116.0,1110.0,1108.0,1116.0,1095.0,1098.0,1083.0,1092.0,1103.0,1127.0,1117.0,1117.0,1128.0,1141.0,1162.0,1174.0,1177.0,1170.0,1161.0,1184.0,1164.0,1192.0,1185.0,1199.0,1175.0,1199.0,1219.0,1226.0,1213.0,1260.0,1243.0,1341.0,1358.0,1372.0,1348.0,1301.0,1254.0,1253.0,1227.0,1244.0,1232.0,1234.0,1231.0,1215.0,1210.0,1204.0,1228.0,1237.0,1229.0,1214.0,1228.0,1230.0,1246.0,1217.0,1221.0,1188.0,1213.0,1172.0,1204.0,1192.0,1202.0,1226.0,1213.0,1219.0,1218.0,1223.0,1251.0,1276.0,1246.0,1226.0,1208.0,1193.0,1228.0,1226.0,1235.0,1277.0,1292.0,1295.0,1275.0,1277.0,1255.0,1253.0,1269.0,1253.0,1271.0,1270.0,1296.0,1296.0,1306.0,1308.0,1298.0,1278.0,1278.0,1284.0,1278.0,1286.0,1284.0,1294.0,1283.0,1240.0,1259.0,1251.0,1244.0,1223.0,1229.0,1227.0,1206.0,1202.0,1184.0,1193.0,1165.0,1176.0,1177.0,1173.0,1206.0,1222.0,1216.0,1230.0,1219.0,1231.0,1262.0,1279.0,1315.0,1345.0,1340.0,1367.0,1373.0,1397.0,1363.0,1350.0,1366.0,1397.0,1411.0,1423.0,1415.0,1473.0,1432.0,1420.0,1432.0,1418.0,1423.0,1421.0,1421.0,1409.0,1418.0,1427.0,1407.0,1456.0,1429.0,1456.0,1425.0,1444.0,1449.0,1434.0,1406.0,1404.0,1425.0,1388.0,1407.0,1418.0,1395.0,1406.0,1369.0,1375.0,1377.0,1410.0,1402.0,1434.0,1436.0,1418.0,1418.0,1401.0,1420.0,1464.0,1522.0,1495.0,1574.0,1516.0,1521.0,1472.0,1469.0,1428.0,1421.0,1370.0,1342.0,1272.0,1250.0,1208.0,1228.0,1183.0,1157.0,1200.0,1184.0,1177.0,1168.0,1176.0,1183.0,1165.0,1182.0,1187.0,1207.0,1222.0,1194.0,1226.0,1236.0,1210.0,1253.0,1254.0,1277.0,1235.0,1254.0,1269.0,1253.0,1284.0,1265,1296.0,1289.0,1272.0,1316.0,1288.0,1340.0,1359.0,1382.0,1445.0,1466.0,1521.0,1489.0,1523.0,1473.0,1427.0,1378.0,1323.0,1289.0,1263.0,1262.0,1206.0,1197.0,1175.0,1140.0,1138.0,1107.0,1102.0,1100.0,1079.0,1104.0,1091.0,1082.0,1074.0,1083.0,1066.0,1065.0,1055.0,1076.0,1051.0,1048.0,1052.0,1074.0,1047.0,1056.0,1053.0,1057.0,1061.0,1047.0,1058.0,1040.0,1056.0,1051.0,1068.0,1050.0,1055.0,1045.0,1056.0,1044.0,1044.0,1045.0,1044.0,1065.0,1041.0,1050.0,1060.0,1034.0,1060.0,1056.0,1036.0,1056.0,1052.0,1054.0,1032.0,1061.0,1050.0,1050.0,1054.0,1063.0,1052.0,1064.0,1062.0,1058.0,1057.0,1060.0,1036.0,1065.0,1058.0,1043.0,1049.0,1047.0,1070.0,1043.0,1047.0,1051.0,1044.0,1040.0,1050.0,1053.0,1058.0,1050.0,1034.0,1033.0,1044.0,1049.0
1097.0,1082.0,1071.0,1068.0,1088.0,1073.0,1070.0,1074.0,1091.0,1062.0,1069.0,1087.0,1052.0,1069.0,1057.0,1075.0,1051.0,1039.0,1049.0,1056.0,1056.0,1069.0,1062.0,1070.0,1069.0,1098.0,1090.0,1093.0,1109.0,1143.0,1147.0,1109.0,1122.0,1116.0,1126.0,1097.0,1075.0,1076.0,1060.0,1084.0,1073.0,1060.0,1039.0,1051.0,1063.0,1081.0,1070.0,1051.0,1075.0,1074.0,1075.0,1058.0,1049.0,1041.0,1081.0,1090.0,1062.0,1065.0,1072.0,1065.0,1059.0,1089.0,1060.0,1063.0,1077.0,1055.0,1061.0,1055.0,1095.0,1059.0,1066.0,1073.0,1068.0,1103.0,1069.0,1064.0,1068.0,1060.0,1084.0,1077.0,1083.0,1108.0,1109.0,1130.0,1143.0,1173.0,1148.0,1183.0,1132.0,1143.0,1152.0,1152.0,1172.0,1167.0,1158.0,1176.0,1162.0,1187.0,1195.0,1230.0,1264.0,1264.0,1356.0,1328.0,1322.0,1280.0,1218.0,1189.0,1213.0,1211.0,1221.0,1207.0,1184.0,1182.0,1185.0,1160.0,1181.0,1201.0,1194.0,1207.0,1225.0,1199.0,1216.0,1168.0,1176.0,1165.0,1175.0,1172.0,1169.0,1165.0,1167.0,1164.0,1176.0,1202.0,1184.0,1200.0,1241.0,1274.0,1237.0,1173.0,1170.0,1149.0,1165.0,1195.0,1226.0,1217.0,1253.0,1259.0,1238.0,1224.0,1223.0,1223.0,1226.0,1205.0,1275.0,1247.0,1276.0,1276.0,1280.0,1242.0,1270.0,1253.0,1245.0,1278.0,1257.0,1275.0,1278.0,1230.0,1233.0,1211.0,1221.0,1199.0,1212.0,1197.0,1201.0,1167.0,1188.0,1167.0,1145.0,1136.0,1159.0,1153.0,1156.0,1151.0,1169.0,1215.0,1215.0,1224.0,1189.0,1206.0,1223.0,1250.0,1266.0,1296.0,1315.0,1353.0,1344.0,1360.0,1345.0,1341.0,1363.0,1350.0,1370.0,1396.0,1385.0,1397.0,1390.0,1388.0,1395.0,1408.0,1377.0,1384.0,1402.0,1411.0,1408.0,1431.0,1394.0,1415.0,1429.0,1422.0,1425.0,1419.0,1437.0,1385.0,1365.0,1372.0,1379.0,1407.0,1357.0,1364.0,1373.0,1368.0,1361.0,1348.0,1350.0,1397.0,1354.0,1373.0,1389.0,1391.0,1377.0,1360.0,1430.0,1460.0,1468.0,1501.0,1495.0,1475.0,1519.0,1481.0,1435.0,1383.0,1370.0,1369.0,1317.0,1272.0,1216.0,1194.0,1176.0,1150.0,1144.0,1134.0,1169.0,1149.0,1128.0,1119.0,1143.0,1125.0,1162.0,1160.0,1172.0,1180.0,1163.0,1182.0,1172.0,1220.0,1216.0,1220.0,1234.0,1215.0,1240.0,1213.0,1232.0,1233.0,1242,1249.0,1253.0,1262.0,1260.0,1284.0,1283.0,1292.0,1340.0,1385.0,1431.0,1478.0,1482.0,1488.0,1442.0,1390.0,1346.0,1295.0,1279.0,1221.0,1228.0,1196.0,1155.0,1131.0,1117.0,1137.0,1079.0,1084.0,1096.0,1080.0,1053.0,1061.0,1060.0,1031.0,1027.0,1037.0,1041.0,1029.0,1043.0,1028.0,1032.0,1014.0,1020.0,1021.0,1030.0,1005.0,1018.0,1032.0,1014.0,1017.0,1020.0,1040.0,1018.0,1011.0,1003.0,1019.0,1020.0,1029.0,1018.0,1009.0,1048.0,1010.0,1018.0,997.0,1014.0,1018.0,1014.0,1019.0,1010.0,1027.0,1024.0,998.0,1032.0,1019.0,1015.0,1039.0,1007.0,1017.0,1023.0,1028.0,1050.0,1001.0,1020.0,1024.0,1029.0,1010.0,1026.0,1029.0,1020.0,1013.0,1021.0,1002.0,1033.0,1036.0,1003.0,1027.0,1010.0,1004.0,1037.0,1017.0,1017.0,1026.0,1031.0,1026.0,1001.0
1052.0,1071.0,1051.0,1068.0,1061.0,1048.0,1079.0,1063.0,1043.0,1033.0,1082.0,1077.0,1052.0,1031.0,1052.0,1057.0,1054.0,1045.0,1062.0,1050.0,1037.0,1058.0,1040.0,1068.0,1064.0,1057.0,1081.0,1089.0,1089.0,1118.0,1127.0,1085.0,1100.0,1105.0,1079.0,1078.0,1064.0,1043.0,1062.0,1067.0,1052.0,1031.0,1051.0,1050.0,1055.0,1040.0,1027.0,1034.0,1056.0,1064.0,1082.0,1053.0,1060.0,1071.0,1056.0,1063.0,1053.0,1045.0,1049.0,1056.0,1056.0,1045.0,1036.0,1052.0,1033.0,1041.0,1045.0,1077.0,1058.0,1031.0,1069.0,1082.0,1067.0,1075.0,1084.0,1073.0,1059.0,1065.0,1066.0,1079.0,1077.0,1067.0,1080.0,1095.0,1116.0,1111.0,1145.0,1131.0,1101.0,1113.0,1086.0,1130.0,1138.0,1139.0,1140.0,1150.0,1157.0,1169.0,1176.0,1174.0,1189.0,1225.0,1250.0,1306.0,1261.0,1226.0,1199.0,1156.0,1154.0,1156.0,1203.0,1147.0,1156.0,1120.0,1139.0,1146.0,1135.0,1171.0,1163.0,1182.0,1169.0,1184.0,1142.0,1153.0,1144.0,1117.0,1126.0,1130.0,1124.0,1160.0,1146.0,1153.0,1147.0,1160.0,1153.0,1131.0,1195.0,1225.0,1185.0,1150.0,1145.0,1159.0,1158.0,1157.0,1182.0,1189.0,1217.0,1213.0,1209.0,1201.0,1185.0,1195.0,1219.0,1184.0,1192.0,1191.0,1210.0,1206.0,1220.0,1210.0,1245.0,1210.0,1219.0,1179.0,1192.0,1238.0,1207.0,1191.0,1199.0,1164.0,1160.0,1162.0,1155.0,1164.0,1162.0,1149.0,1147.0,1141.0,1163.0,1132.0,1151.0,1116.0,1142.0,1136.0,1165.0,1164.0,1178.0,1159.0,1160.0,1194.0,1204.0,1228.0,1228.0,1257.0,1292.0,1287.0,1289.0,1296.0,1306.0,1241.0,1263.0,1284.0,1283.0,1331.0,1318.0,1363.0,1305.0,1335.0,1339.0,1313.0,1316.0,1318.0,1313.0,1332.0,1319.0,1320.0,1323.0,1323.0,1364.0,1359.0,1317.0,1329.0,1343.0,1320.0,1312.0,1282.0,1308.0,1316.0,1320.0,1306.0,1305.0,1281.0,1309.0,1294.0,1289.0,1316.0,1316.0,1342.0,1309.0,1311.0,1304.0,1338.0,1328.0,1378.0,1388.0,1394.0,1418.0,1409.0,1401.0,1353.0,1353.0,1308.0,1297.0,1331.0,1248.0,1209.0,1162.0,1150.0,1133.0,1136.0,1145.0,1114.0,1114.0,1131.0,1133.0,1152.0,1153.0,1112.0,1139.0,1138.0,1140.0,1140.0,1162.0,1167.0,1171.0,1179.0,1179.0,1218.0,1198.0,1215.0,1193.0,1171.0,1186.0,1189.0,1211,1216.0,1220.0,1236.0,1242.0,1225.0,1252.0,1222.0,1290.0,1342.0,1361.0,1391.0,1417.0,1380.0,1374.0,1335.0,1281.0,1296.0,1218.0,1246.0,1201.0,1179.0,1135.0,1117.0,1114.0,1091.0,1086.0,1070.0,1069.0,1047.0,1052.0,1077.0,1033.0,1054.0,1052.0,1053.0,1060.0,1052.0,1022.0,1026.0,1044.0,1056.0,1027.0,1057.0,1035.0,1058.0,1046.0,1026.0,1036.0,1049.0,1038.0,1047.0,1018.0,1010.0,1025.0,1046.0,1007.0,1041.0,1011.0,1032.0,1010.0,1059.0,1025.0,1038.0,1020.0,1026.0,1020.0,1037.0,1036.0,1036.0,1019.0,1034.0,1034.0,1023.0,1012.0,1040.0,1055.0,1039.0,1043.0,1041.0,1036.0,1018.0,1035.0,1039.0,1020.0,1036.0,1034.0,1025.0,1051.0,1030.0,1022.0,1047.0,1036.0,1036.0,1036.0,1049.0,1038.0,1030.0,1026.0,1017.0,1045.0,1021.0,1035.0,1059.0,994.0
1102.0,1100.0,1096.0,1096.0,1073.0,1103.0,1085.0,1100.0,1111.0,1098.0,1097.0,1085.0,1103.0,1081.0,1075.0,1076.0,1063.0,1084.0,1101.0,1062.0,1089.0,1104.0,1078.0,1098.0,1090.0,1094.0,1101.0,1117.0,1128.0,1159.0,1162.0,1162.0,1164.0,1127.0,1143.0,1094.0,1087.0,1110.0,1098.0,1119.0,1092.0,1091.0,1082.0,1086.0,1078.0,1088.0,1088.0,1070.0,1101.0,1106.0,1109.0,1117.0,1075.0,1102.0,1107.0,1096.0,1089.0,1094.0,1122.0,1105.0,1092.0,1100.0,1088.0,1084.0,1106.0,1087.0,1094.0,1075.0,1110.0,1106.0,1105.0,1083.0,1113.0,1112.0,1107.0,1109.0,1091.0,1100.0,1132.0,1120.0,1118.0,1125.0,1149.0,1124.0,1157.0,1191.0,1148.0,1174.0,1144.0,1153.0,1150.0,1168.0,1184.0,1177.0,1186.0,1194.0,1173.0,1197.0,1192.0,1202.0,1242.0,1309.0,1320.0,1321.0,1311.0,1290.0,1266.0,1220.0,1235.0,1259.0,1234.0,1203.0,1220.0,1205.0,1210.0,1196.0,1187.0,1208.0,1249.0,1217.0,1220.0,1232.0,1218.0,1226.0,1189.0,1186.0,1208.0,1182.0,1189.0,1194.0,1246.0,1227.0,1227.0,1208.0,1209.0,1243.0,1261.0,1278.0,1256.0,1235.0,1202.0,1210.0,1232.0,1232.0,1264.0,1270.0,1270.0,1296.0,1252.0,1274.0,1245.0,1266.0,1240.0,1276.0,1283.0,1255.0,1297.0,1300.0,1303.0,1325.0,1318.0,1309.0,1308.0,1305.0,1251.0,1262.0,1286.0,1273.0,1267.0,1274.0,1205.0,1226.0,1250.0,1228.0,1215.0,1219.0,1214.0,1199.0,1185.0,1198.0,1172.0,1174.0,1203.0,1199.0,1209.0,1237.0,1237.0,1242.0,1241.0,1243.0,1267.0,1272.0,1324.0,1308.0,1348.0,1333.0,1358.0,1347.0,1361.0,1345.0,1326.0,1353.0,1361.0,1403.0,1391.0,1434.0,1427.0,1412.0,1399.0,1371.0,1413.0,1406.0,1430.0,1421.0,1444.0,1434.0,1448.0,1454.0,1428.0,1454.0,1460.0,1436.0,1407.0,1417.0,1397.0,1383.0,1395.0,1396.0,1397.0,1419.0,1406.0,1390.0,1366.0,1361.0,1392.0,1405.0,1407.0,1399.0,1382.0,1408.0,1386.0,1429.0,1441.0,1465.0,1494.0,1532.0,1543.0,1499.0,1509.0,1462.0,1441.0,1385.0,1400.0,1357.0,1330.0,1277.0,1249.0,1205.0,1188.0,1207.0,1210.0,1210.0,1208.0,1177.0,1158.0,1199.0,1169.0,1189.0,1191.0,1201.0,1190.0,1198.0,1212.0,1228.0,1253.0,1228.0,1268.0,1256.0,1280.0,1273.0,1242.0,1246.0,1254.0,1244.0,1274,1260.0,1248.0,1284.0,1283.0,1284.0,1332.0,1308.0,1362.0,1394.0,1403.0,1486.0,1485.0,1467.0,1445.0,1424.0,1371.0,1336.0,1325.0,1292.0,1277.0,1225.0,1210.0,1203.0,1207.0,1165.0,1147.0,1152.0,1152.0,1123.0,1134.0,1143.0,1141.0,1120.0,1118.0,1118.0,1126.0,1113.0,1091.0,1099.0,1118.0,1117.0,1106.0,1082.0,1099.0,1107.0,1096.0,1091.0,1088.0,1099.0,1109.0,1097.0,1082.0,1110.0,1090.0,1093.0,1078.0,1110.0,1088.0,1095.0,1126.0,1076.0,1076.0,1098.0,1119.0,1119.0,1128.0,1114.0,1116.0,1103.0,1110.0,1088.0,1104.0,1111.0,1100.0,1102.0,1108.0,1101.0,1096.0,1090.0,1103.0,1110.0,1100.0,1126.0,1103.0,1104.0,1099.0,1123.0,1124.0,1083.0,1121.0,1080.0,1076.0,1106.0,1132.0,1099.0,1116.0,1105.0,1113.0,1129.0,1105.0,1103.0,1115.0,1096.0,1111.0
1105.0,1081.0,1112.0,1098.0,1123.0,1102.0,1099.0,1086.0,1071.0,1094.0,1074.0,1080.0,1087.0,1091.0,1084.0,1077.0,1067.0,1060.0,1062.0,1084.0,1085.0,1087.0,1070.0,1096.0,1085.0,1093.0,1110.0,1147.0,1139.0,1153.0,1148.0,1170.0,1151.0,1141.0,1124.0,1118.0,1108.0,1090.0,1069.0,1084.0,1070.0,1078.0,1060.0,1062.0,1078.0,1091.0,1067.0,1083.0,1091.0,1076.0,1104.0,1088.0,1088.0,1110.0,1100.0,1081.0,1077.0,1074.0,1088.0,1079.0,1081.0,1089.0,1080.0,1073.0,1052.0,1067.0,1085.0,1080.0,1085.0,1080.0,1098.0,1083.0,1090.0,1076.0,1089.0,1084.0,1067.0,1090.0,1094.0,1091.0,1110.0,1112.0,1102.0,1124.0,1148.0,1169.0,1165.0,1174.0,1146.0,1143.0,1161.0,1173.0,1187.0,1195.0,1197.0,1191.0,1206.0,1233.0,1242.0,1262.0,1281.0,1346.0,1384.0,1417.0,1356.0,1311.0,1250.0,1254.0,1274.0,1273.0,1263.0,1241.0,1221.0,1219.0,1183.0,1197.0,1220.0,1242.0,1239.0,1238.0,1231.0,1246.0,1218.0,1227.0,1218.0,1202.0,1212.0,1184.0,1184.0,1196.0,1178.0,1210.0,1227.0,1219.0,1211.0,1247.0,1288.0,1335.0,1257.0,1209.0,1221.0,1198.0,1212.0,1233.0,1235.0,1255.0,1267.0,1295.0,1288.0,1254.0,1269.0,1268.0,1262.0,1278.0,1287.0,1283.0,1306.0,1333.0,1323.0,1330.0,1309.0,1311.0,1308.0,1287.0,1267.0,1293.0,1304.0,1266.0,1282.0,1262.0,1235.0,1248.0,1216.0,1220.0,1220.0,1191.0,1201.0,1185.0,1172.0,1181.0,1166.0,1141.0,1165.0,1163.0,1183.0,1220.0,1218.0,1203.0,1215.0,1239.0,1268.0,1265.0,1291.0,1339.0,1365.0,1377.0,1397.0,1372.0,1379.0,1378.0,1397.0,1413.0,1398.0,1425.0,1433.0,1418.0,1435.0,1411.0,1434.0,1420.0,1433.0,1443.0,1439.0,1468.0,1448.0,1456.0,1442.0,1446.0,1478.0,1452.0,1475.0,1484.0,1488.0,1423.0,1400.0,1413.0,1397.0,1383.0,1424.0,1418.0,1405.0,1404.0,1443.0,1416.0,1415.0,1417.0,1428.0,1452.0,1436.0,1434.0,1445.0,1442.0,1466.0,1498.0,1544.0,1537.0,1577.0,1598.0,1538.0,1523.0,1453.0,1416.0,1383.0,1353.0,1322.0,1285.0,1218.0,1203.0,1183.0,1173.0,1155.0,1123.0,1123.0,1131.0,1134.0,1130.0,1151.0,1162.0,1158.0,1147.0,1195.0,1202.0,1181.0,1201.0,1209.0,1185.0,1231.0,1226.0,1251.0,1204.0,1208.0,1209.0,1243.0,1248.0,1242,1256.0,1285.0,1277.0,1305.0,1321.0,1329.0,1374.0,1390.0,1427.0,1453.0,1516.0,1511.0,1528.0,1472.0,1447.0,1390.0,1352.0,1276.0,1246.0,1228.0,1218.0,1185.0,1182.0,1120.0,1095.0,1095.0,1086.0,1079.0,1053.0,1042.0,1055.0,1049.0,1051.0,1041.0,1026.0,1037.0,1042.0,1021.0,1013.0,1031.0,1012.0,1008.0,1020.0,1013.0,1025.0,1014.0,1025.0,1032.0,1027.0,1026.0,1011.0,1005.0,1007.0,1016.0,1014.0,1006.0,990.0,999.0,990.0,1008.0,1002.0,1004.0,1013.0,1005.0,999.0,1004.0,1027.0,999.0,1004.0,1018.0,994.0,1004.0,1011.0,1004.0,1010.0,1003.0,1012.0,1000.0,1000.0,1013.0,997.0,989.0,991.0,1024.0,1004.0,1009.0,997.0,1044.0,1003.0,1020.0,1002.0,1022.0,1008.0,1006.0,1020.0,1016.0,1019.0,1004.0,1009.0,1006.0,1031.0,1021.0,1003.0,1029.0
1035.0,1049.0,1046.0,1041.0,1044.0,1046.0,1049.0,1050.0,1035.0,1046.0,1043.0,1035.0,1060.0,1024.0,1016.0,1027.0,1017.0,1024.0,1019.0,1029.0,1032.0,1030.0,1031.0,1047.0,1011.0,1065.0,1053.0,1083.0,1083.0,1127.0,1115.0,1104.0,1097.0,1090.0,1086.0,1073.0,1074.0,1043.0,1044.0,1034.0,1027.0,1032.0,1033.0,1037.0,1035.0,1034.0,1022.0,1024.0,1043.0,1046.0,1043.0,1032.0,1043.0,1031.0,1050.0,1034.0,1044.0,1030.0,1052.0,1046.0,1036.0,1043.0,1037.0,1027.0,1023.0,1030.0,1022.0,1023.0,1055.0,1033.0,1036.0,1059.0,1073.0,1036.0,1036.0,1030.0,1040.0,1038.0,1054.0,1061.0,1062.0,1065.0,1080.0,1067.0,1091.0,1141.0,1135.0,1125.0,1090.0,1106.0,1112.0,1106.0,1151.0,1148.0,1116.0,1143.0,1160.0,1176.0,1168.0,1198.0,1222.0,1282.0,1315.0,1327.0,1303.0,1211.0,1188.0,1148.0,1180.0,1192.0,1197.0,1164.0,1168.0,1141.0,1152.0,1131.0,1177.0,1181.0,1159.0,1162.0,1175.0,1169.0,1169.0,1133.0,1159.0,1139.0,1131.0,1134.0,1131.0,1147.0,1159.0,1150.0,1157.0,1151.0,1172.0,1165.0,1185.0,1214.0,1199.0,1169.0,1146.0,1123.0,1166.0,1170.0,1179.0,1205.0,1213.0,1200.0,1215.0,1203.0,1195.0,1198.0,1208.0,1204.0,1191.0,1222.0,1241.0,1239.0,1268.0,1249.0,1234.0,1229.0,1239.0,1223.0,1234.0,1218.0,1228.0,1216.0,1231.0,1201.0,1169.0,1175.0,1200.0,1177.0,1150.0,1137.0,1122.0,1138.0,1112.0,1133.0,1102.0,1115.0,1130.0,1102.0,1135.0,1171.0,1144.0,1168.0,1166.0,1181.0,1195.0,1234.0,1239.0,1279.0,1294.0,1287.0,1320.0,1332.0,1328.0,1295.0,1306.0,1320.0,1337.0,1334.0,1364.0,1380.0,1366.0,1363.0,1385.0,1392.0,1376.0,1375.0,1373.0,1372.0,1356.0,1385.0,1384.0,1374.0,1409.0,1393.0,1357.0,1380.0,1367.0,1344.0,1350.0,1340.0,1341.0,1334.0,1337.0,1326.0,1333.0,1327.0,1330.0,1327.0,1323.0,1372.0,1338.0,1357.0,1346.0,1340.0,1367.0,1348.0,1367.0,1431.0,1433.0,1493.0,1456.0,1478.0,1451.0,1414.0,1371.0,1345.0,1342.0,1316.0,1265.0,1202.0,1169.0,1131.0,1115.0,1114.0,1109.0,1106.0,1084.0,1085.0,1086.0,1094.0,1097.0,1079.0,1118.0,1093.0,1120.0,1126.0,1121.0,1136.0,1146.0,1132.0,1168.0,1169.0,1172.0,1183.0,1164.0,1168.0,1176.0,1189.0,1197,1195.0,1197.0,1202.0,1222.0,1230.0,1246.0,1263.0,1308.0,1344.0,1371.0,1438.0,1433.0,1448.0,1387.0,1365.0,1320.0,1309.0,1221.0,1201.0,1183.0,1162.0,1127.0,1109.0,1091.0,1058.0,1045.0,1021.0,1033.0,1012.0,1025.0,1011.0,1005.0,1014.0,997.0,972.0,981.0,990.0,988.0,979.0,978.0,994.0,973.0,990.0,978.0,967.0,978.0,978.0,975.0,966.0,975.0,982.0,975.0,982.0,968.0,974.0,969.0,960.0,965.0,963.0,978.0,964.0,969.0,979.0,975.0,973.0,976.0,971.0,942.0,972.0,978.0,958.0,980.0,976.0,965.0,971.0,957.0,974.0,989.0,967.0,975.0,969.0,984.0,969.0,976.0,970.0,988.0,1003.0,999.0,960.0,970.0,989.0,973.0,983.0,980.0,969.0,984.0,966.0,985.0,988.0,972.0,969.0,985.0,1002.0,962.0
1047.0,1041.0,1030.0,1043.0,1043.0,1042.0,1045.0,1044.0,1047.0,1045.0,1024.0,1043.0,1022.0,1034.0,1019.0,1029.0,1008.0,1008.0,1014.0,994.0,1018.0,1033.0,1045.0,1049.0,1040.0,1054.0,1047.0,1060.0,1078.0,1101.0,1094.0,1112.0,1101.0,1090.0,1057.0,1058.0,1047.0,1038.0,1035.0,1043.0,1023.0,1022.0,988.0,1001.0,1011.0,1001.0,1015.0,1036.0,1025.0,1042.0,1040.0,1029.0,1026.0,1038.0,1048.0,1056.0,1018.0,1016.0,1024.0,1042.0,1025.0,1055.0,1020.0,1021.0,1024.0,1003.0,1014.0,1017.0,1028.0,1016.0,1045.0,1013.0,1071.0,1040.0,1037.0,1020.0,1017.0,1043.0,1044.0,1050.0,1024.0,1064.0,1030.0,1072.0,1118.0,1115.0,1173.0,1126.0,1085.0,1103.0,1106.0,1102.0,1149.0,1136.0,1121.0,1149.0,1127.0,1148.0,1140.0,1161.0,1232.0,1263.0,1296.0,1315.0,1273.0,1224.0,1200.0,1159.0,1164.0,1183.0,1170.0,1160.0,1172.0,1144.0,1164.0,1158.0,1139.0,1151.0,1167.0,1154.0,1157.0,1169.0,1143.0,1160.0,1114.0,1127.0,1119.0,1110.0,1120.0,1127.0,1130.0,1146.0,1162.0,1167.0,1146.0,1149.0,1196.0,1238.0,1189.0,1170.0,1165.0,1139.0,1154.0,1126.0,1173.0,1202.0,1197.0,1231.0,1225.0,1208.0,1175.0,1187.0,1200.0,1180.0,1212.0,1223.0,1247.0,1225.0,1232.0,1215.0,1242.0,1258.0,1231.0,1230.0,1190.0,1196.0,1232.0,1220.0,1214.0,1152.0,1150.0,1173.0,1147.0,1165.0,1115.0,1134.0,1112.0,1137.0,1132.0,1107.0,1105.0,1093.0,1097.0,1112.0,1124.0,1119.0,1155.0,1164.0,1143.0,1186.0,1174.0,1211.0,1223.0,1251.0,1269.0,1300.0,1307.0,1313.0,1282.0,1294.0,1280.0,1331.0,1320.0,1346.0,1353.0,1374.0,1359.0,1339.0,1341.0,1355.0,1374.0,1370.0,1374.0,1366.0,1390.0,1353.0,1419.0,1407.0,1377.0,1378.0,1378.0,1380.0,1381.0,1369.0,1346.0,1320.0,1345.0,1333.0,1333.0,1326.0,1308.0,1367.0,1327.0,1304.0,1337.0,1327.0,1345.0,1365.0,1316.0,1345.0,1330.0,1360.0,1371.0,1372.0,1452.0,1447.0,1466.0,1447.0,1422.0,1423.0,1378.0,1322.0,1301.0,1306.0,1238.0,1210.0,1157.0,1113.0,1122.0,1085.0,1074.0,1092.0,1075.0,1058.0,1080.0,1068.0,1084.0,1081.0,1102.0,1072.0,1116.0,1107.0,1105.0,1119.0,1138.0,1139.0,1155.0,1201.0,1156.0,1155.0,1129.0,1131.0,1142.0,1133.0,1160,1179.0,1197.0,1162.0,1197.0,1220.0,1211.0,1259.0,1278.0,1287.0,1355.0,1413.0,1411.0,1392.0,1389.0,1351.0,1302.0,1270.0,1228.0,1196.0,1183.0,1110.0,1105.0,1085.0,1076.0,1059.0,1026.0,1023.0,1013.0,1001.0,975.0,996.0,982.0,993.0,967.0,982.0,985.0,965.0,966.0,947.0,958.0,964.0,970.0,958.0,975.0,962.0,951.0,968.0,967.0,949.0,948.0,954.0,945.0,975.0,947.0,975.0,970.0,982.0,953.0,969.0,984.0,958.0,953.0,963.0,959.0,943.0,964.0,963.0,963.0,978.0,961.0,970.0,979.0,962.0,959.0,944.0,977.0,958.0,964.0,976.0,969.0,960.0,962.0,952.0,967.0,959.0,961.0,946.0,977.0,970.0,962.0,988.0,959.0,974.0,939.0,987.0,954.0,953.0,956.0,967.0,972.0,950.0,964.0,954.0,937.0
1012.0,1021.0,1029.0,1018.0,1024.0,1040.0,1024.0,1013.0,1016.0,1003.0,1008.0,1010.0,1015.0,997.0,996.0,998.0,982.0,998.0,991.0,997.0,996.0,999.0,1007.0,1015.0,1027.0,1024.0,1034.0,1028.0,1047.0,1049.0,1058.0,1051.0,1070.0,1074.0,1037.0,1018.0,1010.0,986.0,1013.0,995.0,976.0,1006.0,998.0,1003.0,984.0,993.0,998.0,1000.0,1011.0,1031.0,994.0,1011.0,1009.0,1025.0,1024.0,1005.0,1022.0,1007.0,1002.0,991.0,1014.0,1004.0,1000.0,993.0,976.0,991.0,997.0,995.0,1009.0,1013.0,1015.0,1026.0,1019.0,1026.0,1001.0,1014.0,1023.0,1007.0,1003.0,1018.0,1032.0,999.0,1042.0,1057.0,1059.0,1082.0,1081.0,1073.0,1057.0,1077.0,1074.0,1102.0,1085.0,1094.0,1098.0,1097.0,1090.0,1135.0,1099.0,1131.0,1150.0,1205.0,1264.0,1267.0,1220.0,1192.0,1124.0,1133.0,1158.0,1142.0,1129.0,1138.0,1129.0,1097.0,1114.0,1079.0,1118.0,1132.0,1134.0,1128.0,1137.0,1131.0,1116.0,1114.0,1113.0,1098.0,1097.0,1082.0,1092.0,1120.0,1087.0,1119.0,1096.0,1110.0,1115.0,1129.0,1171.0,1198.0,1159.0,1119.0,1099.0,1099.0,1114.0,1127.0,1137.0,1164.0,1170.0,1195.0,1181.0,1153.0,1140.0,1150.0,1156.0,1145.0,1155.0,1183.0,1192.0,1211.0,1197.0,1187.0,1208.0,1196.0,1190.0,1156.0,1197.0,1189.0,1170.0,1162.0,1170.0,1161.0,1137.0,1134.0,1115.0,1131.0,1102.0,1118.0,1124.0,1085.0,1081.0,1085.0,1076.0,1080.0,1065.0,1075.0,1098.0,1126.0,1124.0,1150.0,1103.0,1155.0,1153.0,1165.0,1207.0,1207.0,1247.0,1253.0,1248.0,1256.0,1266.0,1252.0,1263.0,1252.0,1292.0,1296.0,1312.0,1304.0,1293.0,1308.0,1307.0,1300.0,1323.0,1323.0,1317.0,1323.0,1311.0,1329.0,1312.0,1327.0,1328.0,1328.0,1334.0,1326.0,1305.0,1290.0,1292.0,1274.0,1273.0,1276.0,1284.0,1256.0,1262.0,1249.0,1269.0,1248.0,1275.0,1296.0,1283.0,1307.0,1308.0,1284.0,1293.0,1293.0,1297.0,1344.0,1374.0,1395.0,1412.0,1402.0,1401.0,1380.0,1321.0,1285.0,1272.0,1245.0,1212.0,1160.0,1138.0,1077.0,1062.0,1059.0,1058.0,1049.0,1058.0,1046.0,1052.0,1071.0,1054.0,1041.0,1070.0,1083.0,1093.0,1073.0,1074.0,1069.0,1097.0,1108.0,1133.0,1138.0,1152.0,1123.0,1130.0,1127.0,1088.0,1129.0,1132,1136.0,1153.0,1170.0,1151.0,1182.0,1181.0,1208.0,1222.0,1269.0,1296.0,1346.0,1352.0,1371.0,1328.0,1316.0,1241.0,1212.0,1172.0,1167.0,1149.0,1096.0,1085.0,1072.0,1058.0,1045.0,1012.0,992.0,981.0,993.0,985.0,994.0,974.0,972.0,965.0,977.0,970.0,960.0,959.0,964.0,953.0,959.0,958.0,958.0,977.0,949.0,948.0,966.0,966.0,957.0,945.0,967.0,936.0,952.0,961.0,952.0,953.0,953.0,938.0,943.0,945.0,940.0,953.0,965.0,951.0,955.0,935.0,940.0,957.0,947.0,957.0,945.0,966.0,959.0,945.0,947.0,951.0,958.0,974.0,951.0,940.0,957.0,955.0,936.0,955.0,968.0,953.0,960.0,960.0,948.0,947.0,955.0,953.0,935.0,950.0,957.0,942.0,938.0,951.0,957.0,972.0,958.0,953.0,964.0,959.0
1025.0,1034.0,1034.0,1020.0,1032.0,1026.0,1026.0,1005.0,1033.0,999.0,1012.0,1019.0,1004.0,1020.0,1022.0,1019.0,1006.0,1007.0,995.0,1010.0,1004.0,1012.0,1006.0,1024.0,1021.0,1031.0,1033.0,1067.0,1053.0,1072.0,1098.0,1082.0,1068.0,1096.0,1054.0,1053.0,1041.0,994.0,1017.0,1022.0,1025.0,1015.0,1017.0,1005.0,1002.0,988.0,1009.0,1007.0,1002.0,1030.0,1017.0,1017.0,1037.0,1042.0,1055.0,1011.0,1013.0,1011.0,1018.0,1041.0,1039.0,1024.0,999.0,1003.0,987.0,991.0,979.0,1015.0,1007.0,1016.0,1022.0,1030.0,1034.0,1038.0,1007.0,1009.0,1005.0,999.0,1019.0,1034.0,1036.0,1025.0,1049.0,1068.0,1067.0,1111.0,1108.0,1088.0,1058.0,1077.0,1078.0,1085.0,1125.0,1134.0,1090.0,1130.0,1114.0,1159.0,1147.0,1176.0,1187.0,1259.0,1282.0,1302.0,1277.0,1239.0,1170.0,1168.0,1165.0,1146.0,1167.0,1133.0,1149.0,1136.0,1135.0,1135.0,1114.0,1158.0,1141.0,1138.0,1165.0,1137.0,1136.0,1127.0,1099.0,1112.0,1082.0,1104.0,1121.0,1121.0,1109.0,1139.0,1150.0,1127.0,1149.0,1137.0,1200.0,1216.0,1199.0,1116.0,1126.0,1120.0,1126.0,1153.0,1156.0,1166.0,1200.0,1203.0,1193.0,1183.0,1173.0,1180.0,1215.0,1204.0,1205.0,1204.0,1222.0,1206.0,1211.0,1215.0,1231.0,1219.0,1209.0,1186.0,1200.0,1216.0,1211.0,1182.0,1200.0,1163.0,1164.0,1157.0,1139.0,1157.0,1130.0,1130.0,1117.0,1110.0,1087.0,1085.0,1075.0,1094.0,1088.0,1075.0,1100.0,1122.0,1127.0,1134.0,1113.0,1140.0,1144.0,1202.0,1210.0,1236.0,1258.0,1288.0,1290.0,1274.0,1285.0,1280.0,1292.0,1276.0,1324.0,1315.0,1349.0,1341.0,1326.0,1337.0,1350.0,1332.0,1343.0,1359.0,1361.0,1356.0,1348.0,1351.0,1353.0,1373.0,1346.0,1341.0,1360.0,1368.0,1350.0,1334.0,1314.0,1288.0,1332.0,1317.0,1333.0,1306.0,1307.0,1299.0,1289.0,1282.0,1314.0,1310.0,1318.0,1317.0,1334.0,1302.0,1332.0,1340.0,1345.0,1387.0,1436.0,1466.0,1469.0,1435.0,1421.0,1412.0,1368.0,1330.0,1317.0,1242.0,1237.0,1180.0,1128.0,1094.0,1095.0,1085.0,1075.0,1041.0,1067.0,1050.0,1045.0,1050.0,1046.0,1057.0,1068.0,1063.0,1086.0,1089.0,1079.0,1109.0,1092.0,1095.0,1157.0,1171.0,1155.0,1131.0,1114.0,1118.0,1120.0,1140.0,1155,1169.0,1160.0,1182.0,1190.0,1215.0,1199.0,1230.0,1259.0,1313.0,1368.0,1400.0,1421.0,1411.0,1385.0,1324.0,1276.0,1235.0,1197.0,1148.0,1163.0,1138.0,1076.0,1077.0,1052.0,1036.0,1001.0,1006.0,996.0,963.0,968.0,969.0,965.0,958.0,929.0,949.0,948.0,940.0,951.0,955.0,936.0,942.0,938.0,943.0,936.0,942.0,931.0,946.0,925.0,940.0,930.0,929.0,944.0,937.0,929.0,932.0,939.0,940.0,946.0,930.0,941.0,933.0,946.0,917.0,904.0,912.0,938.0,919.0,925.0,945.0,932.0,918.0,923.0,940.0,933.0,928.0,936.0,940.0,938.0,925.0,935.0,917.0,929.0,921.0,952.0,924.0,933.0,932.0,938.0,929.0,931.0,954.0,927.0,935.0,931.0,931.0,928.0,924.0,937.0,943.0,943.0,929.0,930.0,927.0,941.0
1451.0,1438.0,1432.0,1419.0,1410.0,1440.0,1438.0,1430.0,1464.0,1420.0,1415.0,1396.0,1431.0,1433.0,1411.0,1442.0,1431.0,1398.0,1456.0,1417.0,1422.0,1468.0,1434.0,1451.0,1456.0,1460.0,1475.0,1466.0,1497.0,1546.0,1537.0,1527.0,1494.0,1454.0,1514.0,1479.0,1472.0,1483.0,1452.0,1471.0,1453.0,1444.0,1460.0,1446.0,1459.0,1441.0,1434.0,1446.0,1483.0,1453.0,1491.0,1494.0,1470.0,1491.0,1477.0,1479.0,1455.0,1506.0,1484.0,1463.0,1452.0,1494.0,1464.0,1485.0,1477.0,1445.0,1457.0,1464.0,1519.0,1493.0,1474.0,1484.0,1476.0,1503.0,1545.0,1452.0,1476.0,1456.0,1484.0,1493.0,1466.0,1542.0,1512.0,1546.0,1534.0,1599.0,1572.0,1567.0,1556.0,1561.0,1578.0,1600.0,1584.0,1594.0,1601.0,1598.0,1593.0,1666.0,1590.0,1613.0,1651.0,1701.0,1765.0,1816.0,1753.0,1706.0,1680.0,1633.0,1621.0,1654.0,1663.0,1640.0,1661.0,1647.0,1620.0,1644.0,1643.0,1620.0,1634.0,1641.0,1667.0,1661.0,1605.0,1620.0,1624.0,1624.0,1597.0,1578.0,1601.0,1608.0,1589.0,1661.0,1641.0,1619.0,1664.0,1617.0,1672.0,1702.0,1668.0,1663.0,1617.0,1593.0,1646.0,1631.0,1706.0,1696.0,1726.0,1724.0,1707.0,1699.0,1719.0,1674.0,1716.0,1704.0,1740.0,1714.0,1731.0,1741.0,1746.0,1717.0,1775.0,1734.0,1741.0,1710.0,1740.0,1692.0,1748.0,1698.0,1696.0,1720.0,1716.0,1667.0,1678.0,1683.0,1682.0,1672.0,1680.0,1650.0,1629.0,1615.0,1625.0,1603.0,1621.0,1605.0,1641.0,1671.0,1656.0,1721.0,1653.0,1721.0,1670.0,1720.0,1778.0,1788.0,1778.0,1836.0,1839.0,1838.0,1818.0,1845.0,1820.0,1806.0,1895.0,1904.0,1878.0,1905.0,1876.0,1895.0,1877.0,1879.0,1913.0,1901.0,1926.0,1923.0,1926.0,1879.0,1942.0,1918.0,1903.0,1892.0,1912.0,1925.0,1917.0,1899.0,1879.0,1913.0,1880.0,1863.0,1878.0,1844.0,1859.0,1813.0,1896.0,1917.0,1915.0,1869.0,1909.0,1885.0,1927.0,1868.0,1940.0,1896.0,1953.0,1969.0,2027.0,2039.0,2086.0,2050.0,1990.0,1986.0,1969.0,1924.0,1884.0,1893.0,1771.0,1733.0,1750.0,1683.0,1676.0,1667.0,1671.0,1657.0,1649.0,1652.0,1662.0,1658.0,1650.0,1640.0,1673.0,1628.0,1694.0,1676.0,1671.0,1705.0,1685.0,1735.0,1747.0,1792.0,1730.0,1719.0,1711.0,1678.0,1738.0,1741.0,1723,1742.0,1778.0,1765.0,1775.0,1763.0,1771.0,1844.0,1815.0,1888.0,1886.0,1945.0,1934.0,1947.0,1911.0,1861.0,1827.0,1815.0,1730.0,1726.0,1749.0,1680.0,1673.0,1659.0,1600.0,1617.0,1607.0,1575.0,1575.0,1568.0,1565.0,1523.0,1566.0,1545.0,1543.0,1571.0,1558.0,1499.0,1533.0,1531.0,1532.0,1553.0,1532.0,1517.0,1540.0,1532.0,1501.0,1539.0,1541.0,1540.0,1581.0,1523.0,1514.0,1495.0,1510.0,1533.0,1534.0,1497.0,1502.0,1512.0,1571.0,1530.0,1504.0,1502.0,1537.0,1542.0,1486.0,1511.0,1529.0,1542.0,1528.0,1485.0,1520.0,1522.0,1491.0,1500.0,1508.0,1530.0,1487.0,1514.0,1514.0,1519.0,1512.0,1548.0,1494.0,1505.0,1505.0,1524.0,1496.0,1479.0,1481.0,1505.0,1492.0,1488.0,1529.0,1506.0,1496.0,1486.0,1484.0,1484.0,1499.0,1482.0,1508.0,1507.0,1502.0
1051.0,1039.0,1044.0,1039.0,1042.0,1058.0,1051.0,1029.0,1033.0,1034.0,1040.0,1038.0,1039.0,1043.0,1051.0,1021.0,1041.0,1036.0,1030.0,1021.0,1028.0,1030.0,1048.0,1047.0,1034.0,1036.0,1057.0,1070.0,1069.0,1108.0,1105.0,1108.0,1092.0,1084.0,1073.0,1054.0,1060.0,1042.0,1036.0,1034.0,1040.0,1026.0,1013.0,1016.0,1012.0,1031.0,1016.0,1032.0,1028.0,1037.0,1050.0,1026.0,1043.0,1057.0,1064.0,1044.0,1036.0,1031.0,1035.0,1052.0,1047.0,1050.0,1028.0,1041.0,1026.0,1046.0,1027.0,1033.0,1039.0,1031.0,1047.0,1039.0,1068.0,1054.0,1031.0,1030.0,1035.0,1026.0,1046.0,1069.0,1041.0,1045.0,1047.0,1073.0,1111.0,1117.0,1127.0,1105.0,1118.0,1118.0,1094.0,1129.0,1136.0,1147.0,1125.0,1134.0,1154.0,1163.0,1149.0,1185.0,1186.0,1234.0,1263.0,1278.0,1280.0,1201.0,1174.0,1166.0,1162.0,1183.0,1163.0,1170.0,1172.0,1130.0,1153.0,1145.0,1159.0,1162.0,1155.0,1150.0,1153.0,1142.0,1162.0,1144.0,1135.0,1117.0,1140.0,1105.0,1127.0,1117.0,1118.0,1156.0,1145.0,1163.0,1142.0,1156.0,1174.0,1219.0,1188.0,1152.0,1140.0,1151.0,1154.0,1153.0,1155.0,1196.0,1212.0,1206.0,1206.0,1180.0,1177.0,1190.0,1192.0,1186.0,1213.0,1205.0,1240.0,1236.0,1244.0,1244.0,1220.0,1205.0,1206.0,1195.0,1209.0,1206.0,1210.0,1210.0,1188.0,1191.0,1149.0,1153.0,1181.0,1152.0,1157.0,1139.0,1141.0,1127.0,1100.0,1128.0,1102.0,1111.0,1101.0,1098.0,1131.0,1154.0,1146.0,1188.0,1148.0,1156.0,1191.0,1192.0,1250.0,1263.0,1253.0,1262.0,1285.0,1301.0,1280.0,1271.0,1291.0,1305.0,1301.0,1330.0,1351.0,1342.0,1327.0,1315.0,1349.0,1323.0,1342.0,1331.0,1354.0,1325.0,1320.0,1345.0,1346.0,1366.0,1365.0,1344.0,1326.0,1354.0,1350.0,1351.0,1324.0,1303.0,1327.0,1321.0,1304.0,1341.0,1300.0,1305.0,1293.0,1283.0,1312.0,1325.0,1315.0,1333.0,1346.0,1327.0,1325.0,1321.0,1329.0,1385.0,1402.0,1419.0,1447.0,1414.0,1426.0,1385.0,1369.0,1315.0,1323.0,1283.0,1270.0,1209.0,1166.0,1142.0,1143.0,1116.0,1094.0,1108.0,1109.0,1106.0,1090.0,1119.0,1107.0,1097.0,1117.0,1102.0,1127.0,1151.0,1127.0,1154.0,1148.0,1130.0,1189.0,1189.0,1184.0,1157.0,1170.0,1180.0,1184.0,1196.0,1192,1222.0,1192.0,1198.0,1227.0,1218.0,1244.0,1264.0,1294.0,1326.0,1378.0,1428.0,1394.0,1429.0,1377.0,1359.0,1321.0,1273.0,1204.0,1185.0,1179.0,1148.0,1123.0,1122.0,1090.0,1075.0,1045.0,1033.0,1042.0,1009.0,1032.0,1040.0,1013.0,1013.0,1025.0,1015.0,1034.0,995.0,1023.0,1002.0,995.0,997.0,1009.0,1002.0,998.0,991.0,1000.0,1004.0,1001.0,1003.0,984.0,1000.0,974.0,1008.0,984.0,991.0,982.0,983.0,992.0,1004.0,992.0,984.0,1001.0,993.0,988.0,997.0,973.0,1001.0,996.0,991.0,1003.0,991.0,998.0,974.0,998.0,1001.0,992.0,993.0,1013.0,1008.0,1005.0,1003.0,1016.0,987.0,998.0,990.0,1005.0,1015.0,1017.0,997.0,991.0,999.0,999.0,997.0,1001.0,1002.0,989.0,990.0,992.0,1006.0,1002.0,981.0,995.0,987.0,996.0
1058.0,1038.0,1047.0,1042.0,1052.0,1059.0,1056.0,1035.0,1032.0,1038.0,1033.0,1032.0,1036.0,1024.0,1025.0,1028.0,1024.0,1047.0,1031.0,1020.0,1038.0,1032.0,1054.0,1031.0,1062.0,1055.0,1039.0,1071.0,1069.0,1119.0,1105.0,1093.0,1091.0,1084.0,1075.0,1047.0,1048.0,1049.0,1043.0,1033.0,1049.0,1030.0,1023.0,1033.0,1039.0,1033.0,1048.0,1017.0,1029.0,1065.0,1055.0,1042.0,1045.0,1013.0,1037.0,1031.0,1044.0,1045.0,1039.0,1041.0,1035.0,1052.0,1029.0,1032.0,1037.0,1031.0,1018.0,1025.0,1039.0,1023.0,1041.0,1077.0,1037.0,1050.0,1035.0,1048.0,1037.0,1028.0,1072.0,1059.0,1064.0,1062.0,1068.0,1074.0,1108.0,1120.0,1103.0,1119.0,1092.0,1079.0,1081.0,1100.0,1135.0,1127.0,1130.0,1134.0,1124.0,1129.0,1141.0,1149.0,1185.0,1212.0,1235.0,1257.0,1270.0,1221.0,1172.0,1138.0,1166.0,1146.0,1185.0,1148.0,1140.0,1128.0,1120.0,1098.0,1134.0,1150.0,1156.0,1136.0,1156.0,1138.0,1139.0,1124.0,1119.0,1105.0,1147.0,1129.0,1116.0,1121.0,1125.0,1145.0,1151.0,1138.0,1139.0,1148.0,1159.0,1202.0,1174.0,1123.0,1121.0,1131.0,1147.0,1154.0,1167.0,1160.0,1166.0,1194.0,1194.0,1176.0,1158.0,1182.0,1188.0,1166.0,1173.0,1212.0,1217.0,1199.0,1199.0,1204.0,1233.0,1183.0,1204.0,1190.0,1182.0,1212.0,1205.0,1175.0,1203.0,1174.0,1208.0,1185.0,1158.0,1169.0,1140.0,1145.0,1153.0,1135.0,1136.0,1097.0,1108.0,1088.0,1097.0,1143.0,1117.0,1171.0,1145.0,1170.0,1144.0,1163.0,1158.0,1195.0,1216.0,1244.0,1245.0,1269.0,1251.0,1277.0,1257.0,1234.0,1288.0,1289.0,1305.0,1315.0,1342.0,1308.0,1303.0,1300.0,1331.0,1319.0,1326.0,1287.0,1326.0,1321.0,1323.0,1347.0,1307.0,1308.0,1320.0,1327.0,1323.0,1293.0,1336.0,1313.0,1301.0,1305.0,1277.0,1283.0,1290.0,1301.0,1305.0,1294.0,1304.0,1286.0,1286.0,1310.0,1285.0,1278.0,1296.0,1276.0,1312.0,1299.0,1346.0,1356.0,1360.0,1391.0,1384.0,1352.0,1383.0,1340.0,1350.0,1299.0,1300.0,1258.0,1256.0,1236.0,1151.0,1142.0,1136.0,1095.0,1085.0,1108.0,1103.0,1118.0,1077.0,1100.0,1117.0,1095.0,1125.0,1101.0,1128.0,1128.0,1127.0,1153.0,1163.0,1160.0,1177.0,1163.0,1188.0,1178.0,1160.0,1161.0,1176.0,1180.0,1187,1197.0,1209.0,1175.0,1204.0,1226.0,1233.0,1244.0,1275.0,1310.0,1350.0,1406.0,1389.0,1389.0,1344.0,1302.0,1259.0,1239.0,1213.0,1177.0,1160.0,1132.0,1124.0,1128.0,1067.0,1083.0,1086.0,1041.0,1052.0,1034.0,1017.0,1037.0,1038.0,1026.0,1039.0,1021.0,1019.0,1020.0,1036.0,1031.0,1002.0,986.0,991.0,1026.0,1024.0,992.0,988.0,1007.0,1009.0,1014.0,998.0,1013.0,1005.0,1005.0,1012.0,1000.0,999.0,1016.0,1005.0,1007.0,1022.0,1003.0,1016.0,986.0,996.0,992.0,1023.0,998.0,1007.0,1017.0,989.0,987.0,991.0,1011.0,1001.0,1008.0,1012.0,984.0,998.0,1000.0,1026.0,1019.0,1018.0,1000.0,1005.0,994.0,1006.0,1011.0,1033.0,1009.0,1030.0,1011.0,1003.0,1020.0,1011.0,1005.0,1016.0,997.0,1011.0,1000.0,1008.0,999.0,1019.0,1010.0,999.0
1048.0,1037.0,1043.0,1023.0,1050.0,1040.0,1048.0,1053.0,1020.0,1028.0,1028.0,1050.0,1049.0,1019.0,1064.0,1028.0,1016.0,1032.0,1044.0,1047.0,1050.0,1033.0,1055.0,1051.0,1029.0,1035.0,1061.0,1053.0,1060.0,1108.0,1082.0,1088.0,1103.0,1080.0,1069.0,1065.0,1022.0,1055.0,1038.0,1049.0,1040.0,1021.0,1029.0,1039.0,1026.0,1042.0,1033.0,1031.0,1022.0,1059.0,1047.0,1041.0,1032.0,1042.0,1054.0,1062.0,1051.0,1038.0,1038.0,1060.0,1033.0,1052.0,1062.0,1036.0,1035.0,1037.0,1030.0,1044.0,1025.0,1040.0,1046.0,1041.0,1040.0,1028.0,1063.0,1048.0,1043.0,1035.0,1056.0,1066.0,1084.0,1079.0,1073.0,1088.0,1103.0,1116.0,1133.0,1094.0,1090.0,1098.0,1124.0,1121.0,1116.0,1139.0,1142.0,1113.0,1113.0,1164.0,1150.0,1147.0,1206.0,1177.0,1270.0,1278.0,1234.0,1199.0,1185.0,1137.0,1128.0,1169.0,1164.0,1154.0,1142.0,1123.0,1130.0,1109.0,1119.0,1142.0,1154.0,1163.0,1152.0,1150.0,1126.0,1144.0,1114.0,1130.0,1129.0,1121.0,1109.0,1131.0,1158.0,1132.0,1144.0,1147.0,1156.0,1137.0,1194.0,1223.0,1165.0,1147.0,1108.0,1133.0,1136.0,1152.0,1163.0,1189.0,1159.0,1174.0,1173.0,1175.0,1180.0,1168.0,1169.0,1187.0,1181.0,1189.0,1190.0,1187.0,1227.0,1212.0,1185.0,1208.0,1193.0,1184.0,1192.0,1227.0,1183.0,1200.0,1181.0,1158.0,1143.0,1176.0,1167.0,1149.0,1143.0,1138.0,1133.0,1117.0,1127.0,1127.0,1135.0,1120.0,1129.0,1133.0,1138.0,1146.0,1181.0,1168.0,1155.0,1141.0,1164.0,1180.0,1197.0,1214.0,1258.0,1256.0,1257.0,1272.0,1256.0,1246.0,1269.0,1257.0,1274.0,1315.0,1307.0,1293.0,1306.0,1300.0,1321.0,1300.0,1288.0,1304.0,1297.0,1308.0,1296.0,1301.0,1298.0,1315.0,1313.0,1315.0,1347.0,1334.0,1307.0,1296.0,1284.0,1265.0,1279.0,1280.0,1288.0,1280.0,1277.0,1289.0,1291.0,1291.0,1279.0,1316.0,1269.0,1314.0,1327.0,1305.0,1279.0,1306.0,1312.0,1325.0,1378.0,1373.0,1377.0,1392.0,1364.0,1337.0,1328.0,1274.0,1278.0,1285.0,1264.0,1176.0,1169.0,1150.0,1108.0,1115.0,1110.0,1108.0,1139.0,1118.0,1120.0,1125.0,1115.0,1107.0,1123.0,1127.0,1116.0,1123.0,1132.0,1145.0,1156.0,1149.0,1179.0,1173.0,1168.0,1176.0,1162.0,1164.0,1170.0,1181.0,1204,1192.0,1207.0,1195.0,1176.0,1215.0,1217.0,1220.0,1257.0,1303.0,1348.0,1386.0,1362.0,1354.0,1320.0,1302.0,1269.0,1278.0,1211.0,1217.0,1180.0,1159.0,1134.0,1111.0,1098.0,1081.0,1053.0,1071.0,1069.0,1036.0,1033.0,1040.0,1029.0,1055.0,1048.0,1047.0,1015.0,1012.0,1022.0,1033.0,1040.0,1047.0,1016.0,1014.0,1023.0,1030.0,1043.0,1019.0,1013.0,1042.0,1044.0,1010.0,1031.0,1017.0,1027.0,1023.0,1030.0,1017.0,1002.0,1000.0,1014.0,1020.0,1025.0,1032.0,1024.0,1036.0,1018.0,1020.0,1009.0,1008.0,1016.0,1007.0,1034.0,1013.0,1012.0,1017.0,1045.0,1038.0,1031.0,1023.0,1040.0,1021.0,1002.0,997.0,1043.0,999.0,1027.0,1027.0,1041.0,1014.0,1040.0,1018.0,1025.0,1028.0,1032.0,1037.0,1014.0,1004.0,1039.0,1035.0,1024.0,1032.0,993.0,1024.0,1027.0
1083.0,1091.0,1101.0,1093.0,1076.0,1097.0,1094.0,1086.0,1110.0,1099.0,1083.0,1078.0,1072.0,1092.0,1074.0,1094.0,1064.0,1069.0,1088.0,1087.0,1091.0,1099.0,1085.0,1059.0,1075.0,1098.0,1119.0,1127.0,1140.0,1155.0,1196.0,1145.0,1131.0,1153.0,1119.0,1099.0,1106.0,1106.0,1080.0,1106.0,1087.0,1099.0,1083.0,1087.0,1090.0,1082.0,1049.0,1109.0,1116.0,1104.0,1104.0,1090.0,1109.0,1125.0,1098.0,1114.0,1104.0,1094.0,1099.0,1112.0,1090.0,1132.0,1096.0,1092.0,1095.0,1080.0,1104.0,1105.0,1101.0,1111.0,1117.0,1112.0,1111.0,1118.0,1116.0,1099.0,1081.0,1096.0,1115.0,1123.0,1171.0,1135.0,1127.0,1119.0,1195.0,1197.0,1185.0,1202.0,1176.0,1168.0,1169.0,1196.0,1199.0,1208.0,1207.0,1189.0,1207.0,1203.0,1221.0,1221.0,1256.0,1278.0,1332.0,1335.0,1273.0,1284.0,1262.0,1223.0,1237.0,1224.0,1244.0,1213.0,1231.0,1172.0,1213.0,1206.0,1205.0,1238.0,1240.0,1258.0,1228.0,1248.0,1214.0,1219.0,1192.0,1192.0,1228.0,1213.0,1197.0,1212.0,1222.0,1225.0,1226.0,1217.0,1231.0,1223.0,1235.0,1281.0,1247.0,1223.0,1233.0,1199.0,1222.0,1222.0,1255.0,1278.0,1282.0,1284.0,1256.0,1243.0,1220.0,1227.0,1259.0,1273.0,1258.0,1293.0,1295.0,1286.0,1319.0,1301.0,1318.0,1282.0,1295.0,1286.0,1261.0,1300.0,1302.0,1273.0,1295.0,1236.0,1228.0,1221.0,1252.0,1241.0,1226.0,1189.0,1225.0,1210.0,1217.0,1210.0,1202.0,1177.0,1187.0,1233.0,1222.0,1232.0,1214.0,1229.0,1228.0,1263.0,1242.0,1267.0,1313.0,1316.0,1329.0,1317.0,1360.0,1362.0,1360.0,1358.0,1349.0,1365.0,1356.0,1403.0,1391.0,1429.0,1404.0,1392.0,1438.0,1400.0,1404.0,1445.0,1417.0,1432.0,1451.0,1462.0,1425.0,1426.0,1429.0,1461.0,1444.0,1389.0,1424.0,1398.0,1387.0,1373.0,1373.0,1373.0,1399.0,1393.0,1394.0,1373.0,1373.0,1357.0,1390.0,1421.0,1402.0,1383.0,1389.0,1426.0,1407.0,1390.0,1429.0,1441.0,1507.0,1501.0,1504.0,1487.0,1476.0,1451.0,1431.0,1417.0,1387.0,1347.0,1315.0,1317.0,1244.0,1231.0,1201.0,1217.0,1199.0,1194.0,1189.0,1197.0,1210.0,1199.0,1196.0,1182.0,1222.0,1221.0,1202.0,1221.0,1198.0,1214.0,1230.0,1230.0,1253.0,1274.0,1288.0,1254.0,1272.0,1249.0,1248.0,1242.0,1276,1267.0,1269.0,1292.0,1276.0,1299.0,1311.0,1309.0,1341.0,1385.0,1403.0,1475.0,1446.0,1485.0,1474.0,1414.0,1394.0,1320.0,1313.0,1276.0,1262.0,1235.0,1216.0,1245.0,1186.0,1188.0,1153.0,1150.0,1165.0,1138.0,1127.0,1137.0,1112.0,1101.0,1142.0,1125.0,1136.0,1124.0,1126.0,1110.0,1120.0,1135.0,1125.0,1142.0,1127.0,1112.0,1111.0,1103.0,1108.0,1112.0,1125.0,1111.0,1112.0,1131.0,1128.0,1124.0,1120.0,1135.0,1117.0,1113.0,1118.0,1105.0,1121.0,1121.0,1108.0,1121.0,1111.0,1116.0,1106.0,1110.0,1136.0,1098.0,1127.0,1134.0,1137.0,1130.0,1144.0,1112.0,1124.0,1132.0,1115.0,1122.0,1110.0,1096.0,1115.0,1114.0,1136.0,1118.0,1124.0,1118.0,1113.0,1115.0,1122.0,1125.0,1122.0,1136.0,1131.0,1124.0,1118.0,1113.0,1113.0,1115.0,1122.0,1140.0,1140.0
1053.0,1017.0,1024.0,1039.0,1050.0,1057.0,1029.0,1023.0,1024.0,1030.0,1017.0,1023.0,1025.0,1029.0,1033.0,1026.0,1038.0,1011.0,1018.0,1014.0,1023.0,1013.0,1007.0,1050.0,1013.0,1030.0,1046.0,1064.0,1062.0,1068.0,1081.0,1072.0,1072.0,1079.0,1072.0,1048.0,1043.0,1027.0,1018.0,1031.0,990.0,1052.0,1012.0,1024.0,1017.0,1012.0,1021.0,1026.0,1017.0,1020.0,1020.0,1029.0,1016.0,1040.0,1023.0,1029.0,1013.0,1029.0,1024.0,1014.0,1047.0,1014.0,997.0,1021.0,1022.0,1021.0,1012.0,1026.0,1038.0,1020.0,1048.0,1061.0,1024.0,1041.0,1027.0,1030.0,1013.0,1037.0,1034.0,1031.0,1079.0,1060.0,1067.0,1070.0,1094.0,1118.0,1099.0,1116.0,1094.0,1096.0,1099.0,1114.0,1103.0,1117.0,1106.0,1132.0,1110.0,1139.0,1145.0,1144.0,1182.0,1240.0,1292.0,1310.0,1264.0,1216.0,1174.0,1159.0,1154.0,1185.0,1165.0,1151.0,1166.0,1140.0,1120.0,1102.0,1142.0,1164.0,1165.0,1164.0,1152.0,1158.0,1140.0,1163.0,1120.0,1152.0,1138.0,1144.0,1090.0,1117.0,1125.0,1143.0,1175.0,1149.0,1140.0,1141.0,1171.0,1224.0,1189.0,1142.0,1138.0,1112.0,1162.0,1156.0,1161.0,1168.0,1203.0,1205.0,1202.0,1213.0,1179.0,1186.0,1190.0,1187.0,1211.0,1219.0,1214.0,1214.0,1201.0,1242.0,1230.0,1239.0,1223.0,1211.0,1194.0,1231.0,1213.0,1195.0,1208.0,1177.0,1155.0,1173.0,1158.0,1143.0,1146.0,1140.0,1120.0,1118.0,1116.0,1107.0,1103.0,1090.0,1095.0,1087.0,1098.0,1151.0,1133.0,1129.0,1116.0,1157.0,1173.0,1195.0,1231.0,1253.0,1249.0,1275.0,1304.0,1279.0,1301.0,1295.0,1304.0,1282.0,1313.0,1318.0,1348.0,1346.0,1329.0,1332.0,1321.0,1325.0,1324.0,1329.0,1352.0,1377.0,1350.0,1340.0,1361.0,1338.0,1371.0,1381.0,1342.0,1353.0,1350.0,1353.0,1298.0,1290.0,1296.0,1307.0,1311.0,1322.0,1301.0,1313.0,1328.0,1291.0,1298.0,1317.0,1296.0,1330.0,1340.0,1341.0,1332.0,1332.0,1336.0,1388.0,1422.0,1435.0,1443.0,1432.0,1397.0,1398.0,1358.0,1317.0,1276.0,1248.0,1252.0,1208.0,1142.0,1144.0,1103.0,1116.0,1109.0,1071.0,1076.0,1093.0,1094.0,1072.0,1074.0,1097.0,1091.0,1103.0,1108.0,1129.0,1094.0,1122.0,1147.0,1138.0,1142.0,1157.0,1162.0,1147.0,1147.0,1129.0,1174.0,1170.0,1174,1194.0,1194.0,1199.0,1197.0,1198.0,1215.0,1254.0,1288.0,1325.0,1350.0,1388.0,1390.0,1422.0,1351.0,1327.0,1296.0,1251.0,1206.0,1186.0,1183.0,1132.0,1115.0,1120.0,1061.0,1049.0,1050.0,1031.0,1028.0,999.0,1009.0,1021.0,1007.0,1002.0,1012.0,988.0,986.0,997.0,967.0,998.0,1002.0,977.0,972.0,977.0,975.0,974.0,975.0,978.0,975.0,986.0,990.0,990.0,964.0,963.0,984.0,979.0,989.0,975.0,992.0,955.0,987.0,977.0,987.0,985.0,999.0,977.0,965.0,977.0,974.0,968.0,974.0,972.0,973.0,967.0,960.0,970.0,970.0,969.0,985.0,959.0,983.0,970.0,982.0,961.0,983.0,967.0,992.0,964.0,1001.0,988.0,980.0,996.0,987.0,959.0,978.0,972.0,990.0,963.0,982.0,981.0,980.0,977.0,976.0,985.0,981.0
1053.0,1059.0,1055.0,1078.0,1043.0,1065.0,1054.0,1064.0,1056.0,1033.0,1042.0,1034.0,1056.0,1033.0,1037.0,1023.0,1016.0,1021.0,1022.0,1029.0,1034.0,1028.0,1054.0,1043.0,1028.0,1069.0,1056.0,1078.0,1079.0,1126.0,1112.0,1117.0,1086.0,1096.0,1084.0,1088.0,1063.0,1052.0,1045.0,1044.0,1049.0,1045.0,1023.0,1032.0,1018.0,1048.0,1024.0,1025.0,1049.0,1026.0,1041.0,1030.0,1069.0,1052.0,1062.0,1047.0,1024.0,1045.0,1048.0,1059.0,1052.0,1057.0,1033.0,1030.0,1035.0,1029.0,1040.0,1045.0,1053.0,1027.0,1044.0,1067.0,1071.0,1051.0,1046.0,1057.0,1066.0,1041.0,1062.0,1068.0,1076.0,1072.0,1079.0,1076.0,1122.0,1143.0,1161.0,1148.0,1113.0,1123.0,1132.0,1118.0,1157.0,1138.0,1145.0,1155.0,1155.0,1197.0,1186.0,1189.0,1231.0,1287.0,1338.0,1378.0,1307.0,1240.0,1209.0,1177.0,1193.0,1201.0,1193.0,1177.0,1166.0,1150.0,1156.0,1136.0,1171.0,1181.0,1157.0,1194.0,1195.0,1202.0,1188.0,1167.0,1144.0,1141.0,1146.0,1138.0,1159.0,1158.0,1159.0,1170.0,1187.0,1176.0,1185.0,1187.0,1220.0,1260.0,1237.0,1201.0,1167.0,1146.0,1179.0,1183.0,1196.0,1220.0,1241.0,1234.0,1239.0,1221.0,1222.0,1192.0,1222.0,1188.0,1216.0,1253.0,1256.0,1261.0,1273.0,1272.0,1273.0,1259.0,1227.0,1231.0,1242.0,1229.0,1254.0,1230.0,1229.0,1209.0,1184.0,1164.0,1181.0,1164.0,1143.0,1153.0,1123.0,1142.0,1129.0,1145.0,1126.0,1104.0,1145.0,1137.0,1152.0,1177.0,1150.0,1177.0,1174.0,1200.0,1204.0,1258.0,1253.0,1284.0,1308.0,1291.0,1331.0,1345.0,1334.0,1308.0,1311.0,1338.0,1343.0,1387.0,1377.0,1413.0,1379.0,1381.0,1392.0,1404.0,1399.0,1397.0,1408.0,1398.0,1394.0,1395.0,1418.0,1419.0,1439.0,1432.0,1427.0,1375.0,1385.0,1380.0,1369.0,1356.0,1342.0,1359.0,1355.0,1338.0,1328.0,1344.0,1340.0,1340.0,1331.0,1368.0,1361.0,1373.0,1369.0,1377.0,1382.0,1377.0,1409.0,1446.0,1442.0,1497.0,1489.0,1524.0,1481.0,1448.0,1423.0,1362.0,1363.0,1333.0,1291.0,1230.0,1183.0,1153.0,1144.0,1115.0,1098.0,1089.0,1105.0,1090.0,1081.0,1104.0,1092.0,1076.0,1112.0,1090.0,1103.0,1123.0,1134.0,1141.0,1144.0,1151.0,1184.0,1197.0,1193.0,1181.0,1184.0,1179.0,1180.0,1171.0,1211,1209.0,1215.0,1219.0,1225.0,1236.0,1236.0,1277.0,1313.0,1360.0,1387.0,1462.0,1439.0,1476.0,1442.0,1369.0,1325.0,1308.0,1232.0,1239.0,1199.0,1162.0,1125.0,1132.0,1107.0,1065.0,1042.0,1010.0,1029.0,1013.0,991.0,1015.0,1001.0,995.0,1006.0,965.0,975.0,992.0,973.0,979.0,987.0,975.0,969.0,966.0,976.0,969.0,964.0,974.0,965.0,964.0,945.0,971.0,958.0,965.0,963.0,973.0,960.0,962.0,963.0,947.0,981.0,949.0,966.0,968.0,973.0,968.0,955.0,942.0,946.0,970.0,968.0,964.0,966.0,974.0,951.0,965.0,960.0,959.0,979.0,966.0,957.0,953.0,979.0,974.0,961.0,976.0,980.0,973.0,983.0,962.0,980.0,963.0,960.0,972.0,962.0,962.0,968.0,967.0,967.0,975.0,961.0,964.0,975.0,983.0,960.0
1027.0,1022.0,1009.0,1019.0,1037.0,1036.0,1014.0,1018.0,1029.0,1015.0,996.0,1038.0,1026.0,1015.0,1008.0,1002.0,982.0,993.0,1006.0,1012.0,996.0,986.0,1025.0,996.0,1009.0,1051.0,997.0,1039.0,1037.0,1076.0,1071.0,1079.0,1066.0,1030.0,1037.0,1015.0,1000.0,1007.0,1015.0,1019.0,1002.0,985.0,1017.0,992.0,1010.0,978.0,1003.0,1002.0,1030.0,996.0,980.0,1007.0,975.0,1022.0,1018.0,1014.0,986.0,994.0,1023.0,1017.0,1008.0,1000.0,999.0,997.0,1011.0,989.0,989.0,1003.0,980.0,1007.0,1021.0,1016.0,1042.0,1006.0,1019.0,1002.0,999.0,1011.0,1019.0,1015.0,1027.0,1039.0,1034.0,1039.0,1071.0,1091.0,1139.0,1069.0,1058.0,1075.0,1067.0,1087.0,1089.0,1093.0,1103.0,1103.0,1117.0,1144.0,1105.0,1151.0,1168.0,1238.0,1263.0,1310.0,1264.0,1187.0,1143.0,1133.0,1112.0,1164.0,1155.0,1113.0,1117.0,1109.0,1116.0,1135.0,1116.0,1131.0,1123.0,1106.0,1142.0,1124.0,1137.0,1135.0,1102.0,1150.0,1090.0,1074.0,1124.0,1131.0,1115.0,1134.0,1115.0,1117.0,1118.0,1122.0,1163.0,1210.0,1195.0,1130.0,1086.0,1116.0,1112.0,1139.0,1166.0,1193.0,1205.0,1216.0,1170.0,1179.0,1164.0,1151.0,1172.0,1197.0,1186.0,1205.0,1188.0,1204.0,1233.0,1210.0,1215.0,1214.0,1184.0,1188.0,1188.0,1183.0,1182.0,1211.0,1176.0,1145.0,1156.0,1135.0,1108.0,1114.0,1093.0,1113.0,1092.0,1093.0,1099.0,1087.0,1082.0,1063.0,1063.0,1064.0,1086.0,1120.0,1145.0,1108.0,1131.0,1140.0,1137.0,1188.0,1223.0,1249.0,1259.0,1240.0,1271.0,1273.0,1256.0,1278.0,1252.0,1294.0,1271.0,1299.0,1319.0,1335.0,1312.0,1337.0,1315.0,1342.0,1337.0,1349.0,1327.0,1339.0,1333.0,1347.0,1338.0,1381.0,1359.0,1350.0,1320.0,1328.0,1334.0,1310.0,1303.0,1296.0,1262.0,1294.0,1270.0,1272.0,1294.0,1299.0,1302.0,1257.0,1282.0,1289.0,1298.0,1295.0,1323.0,1309.0,1307.0,1341.0,1330.0,1353.0,1376.0,1438.0,1431.0,1400.0,1398.0,1385.0,1358.0,1311.0,1297.0,1239.0,1204.0,1199.0,1132.0,1075.0,1090.0,1079.0,1063.0,1067.0,1051.0,1068.0,1037.0,1071.0,1048.0,1028.0,1078.0,1063.0,1086.0,1085.0,1080.0,1110.0,1124.0,1084.0,1148.0,1154.0,1140.0,1134.0,1130.0,1129.0,1134.0,1131.0,1154,1158.0,1143.0,1165.0,1189.0,1167.0,1201.0,1195.0,1241.0,1308.0,1316.0,1385.0,1425.0,1407.0,1349.0,1344.0,1255.0,1248.0,1174.0,1188.0,1155.0,1153.0,1080.0,1069.0,1034.0,1008.0,1007.0,1004.0,994.0,993.0,968.0,989.0,958.0,965.0,970.0,966.0,967.0,949.0,939.0,963.0,950.0,957.0,947.0,962.0,945.0,953.0,947.0,946.0,946.0,944.0,948.0,944.0,948.0,949.0,937.0,947.0,946.0,944.0,948.0,943.0,953.0,934.0,940.0,927.0,939.0,925.0,947.0,941.0,941.0,960.0,948.0,942.0,935.0,934.0,949.0,932.0,953.0,935.0,963.0,935.0,919.0,931.0,942.0,934.0,963.0,948.0,937.0,955.0,951.0,951.0,938.0,947.0,932.0,947.0,953.0,943.0,942.0,942.0,926.0,944.0,947.0,947.0,930.0,945.0,938.0
1010.0,1018.0,1010.0,1010.0,1016.0,1019.0,1013.0,1019.0,1007.0,1001.0,1011.0,995.0,1004.0,1006.0,992.0,988.0,981.0,979.0,980.0,993.0,982.0,984.0,994.0,987.0,1012.0,996.0,1022.0,1018.0,1015.0,1049.0,1059.0,1028.0,1068.0,1051.0,1026.0,990.0,992.0,1004.0,1018.0,971.0,975.0,1007.0,992.0,994.0,981.0,982.0,993.0,1000.0,1010.0,1009.0,983.0,996.0,999.0,1008.0,1015.0,1001.0,990.0,967.0,994.0,997.0,1009.0,1016.0,981.0,987.0,973.0,968.0,981.0,988.0,987.0,999.0,1000.0,1003.0,1003.0,1011.0,997.0,999.0,993.0,988.0,1016.0,1011.0,1022.0,1006.0,1036.0,1037.0,1045.0,1092.0,1090.0,1083.0,1057.0,1069.0,1070.0,1075.0,1072.0,1085.0,1100.0,1099.0,1091.0,1105.0,1102.0,1123.0,1156.0,1209.0,1240.0,1257.0,1223.0,1174.0,1145.0,1116.0,1144.0,1145.0,1126.0,1133.0,1131.0,1097.0,1089.0,1070.0,1112.0,1114.0,1143.0,1129.0,1134.0,1149.0,1106.0,1117.0,1083.0,1079.0,1095.0,1089.0,1077.0,1116.0,1099.0,1113.0,1098.0,1096.0,1103.0,1107.0,1162.0,1184.0,1178.0,1108.0,1101.0,1086.0,1103.0,1109.0,1121.0,1172.0,1172.0,1176.0,1176.0,1139.0,1150.0,1152.0,1156.0,1158.0,1165.0,1172.0,1187.0,1166.0,1201.0,1173.0,1196.0,1194.0,1208.0,1174.0,1177.0,1162.0,1182.0,1160.0,1161.0,1136.0,1132.0,1121.0,1109.0,1121.0,1101.0,1104.0,1113.0,1104.0,1085.0,1063.0,1066.0,1069.0,1059.0,1089.0,1069.0,1099.0,1121.0,1125.0,1088.0,1151.0,1144.0,1161.0,1196.0,1200.0,1237.0,1244.0,1239.0,1257.0,1228.0,1253.0,1263.0,1236.0,1253.0,1281.0,1305.0,1281.0,1301.0,1297.0,1308.0,1285.0,1314.0,1316.0,1331.0,1310.0,1306.0,1324.0,1335.0,1336.0,1318.0,1326.0,1335.0,1333.0,1291.0,1301.0,1280.0,1267.0,1252.0,1243.0,1252.0,1256.0,1248.0,1239.0,1250.0,1246.0,1252.0,1266.0,1271.0,1289.0,1273.0,1287.0,1276.0,1275.0,1305.0,1331.0,1357.0,1399.0,1393.0,1388.0,1377.0,1336.0,1324.0,1271.0,1273.0,1218.0,1197.0,1155.0,1114.0,1099.0,1048.0,1065.0,1048.0,1048.0,1029.0,1032.0,1024.0,1036.0,1054.0,1036.0,1054.0,1057.0,1085.0,1062.0,1056.0,1079.0,1102.0,1094.0,1129.0,1139.0,1126.0,1100.0,1109.0,1096.0,1098.0,1096.0,1128,1135.0,1125.0,1144.0,1138.0,1162.0,1174.0,1181.0,1230.0,1263.0,1292.0,1341.0,1325.0,1355.0,1331.0,1291.0,1238.0,1218.0,1155.0,1153.0,1122.0,1111.0,1073.0,1073.0,1038.0,1018.0,993.0,980.0,983.0,979.0,971.0,954.0,953.0,952.0,952.0,949.0,944.0,932.0,942.0,936.0,944.0,951.0,936.0,934.0,940.0,942.0,943.0,947.0,933.0,940.0,929.0,938.0,936.0,937.0,929.0,943.0,941.0,926.0,927.0,939.0,935.0,942.0,938.0,933.0,928.0,938.0,930.0,929.0,942.0,942.0,930.0,920.0,944.0,929.0,940.0,939.0,942.0,933.0,945.0,922.0,921.0,943.0,926.0,907.0,926.0,940.0,936.0,939.0,938.0,935.0,936.0,940.0,940.0,928.0,941.0,936.0,938.0,919.0,951.0,944.0,948.0,946.0,934.0,937.0,941.0
970.0,1007.0,988.0,963.0,989.0,989.0,972.0,972.0,979.0,967.0,959.0,973.0,968.0,971.0,959.0,959.0,960.0,959.0,951.0,962.0,968.0,972.0,968.0,965.0,974.0,985.0,1005.0,1012.0,1002.0,1023.0,1046.0,1029.0,1034.0,1018.0,1003.0,988.0,1001.0,976.0,977.0,969.0,975.0,955.0,975.0,955.0,953.0,958.0,958.0,966.0,973.0,973.0,963.0,967.0,975.0,975.0,982.0,959.0,967.0,970.0,968.0,971.0,998.0,971.0,962.0,958.0,950.0,961.0,949.0,969.0,969.0,964.0,980.0,990.0,988.0,978.0,983.0,954.0,991.0,962.0,982.0,987.0,995.0,995.0,1017.0,1016.0,1035.0,1077.0,1066.0,1039.0,1041.0,1022.0,1027.0,1034.0,1052.0,1062.0,1060.0,1058.0,1057.0,1085.0,1088.0,1104.0,1119.0,1169.0,1208.0,1203.0,1183.0,1165.0,1098.0,1105.0,1088.0,1089.0,1091.0,1083.0,1093.0,1084.0,1053.0,1078.0,1066.0,1078.0,1089.0,1082.0,1087.0,1094.0,1073.0,1079.0,1048.0,1062.0,1053.0,1055.0,1038.0,1067.0,1038.0,1068.0,1055.0,1054.0,1073.0,1092.0,1125.0,1135.0,1129.0,1065.0,1052.0,1051.0,1086.0,1094.0,1099.0,1123.0,1135.0,1106.0,1131.0,1136.0,1100.0,1115.0,1088.0,1112.0,1132.0,1138.0,1151.0,1150.0,1159.0,1158.0,1143.0,1133.0,1140.0,1136.0,1131.0,1128.0,1137.0,1120.0,1123.0,1091.0,1081.0,1081.0,1062.0,1107.0,1076.0,1074.0,1049.0,1046.0,1050.0,1034.0,1030.0,1027.0,1057.0,1049.0,1046.0,1065.0,1068.0,1083.0,1069.0,1086.0,1089.0,1132.0,1151.0,1159.0,1174.0,1187.0,1197.0,1210.0,1190.0,1207.0,1195.0,1201.0,1235.0,1233.0,1262.0,1252.0,1247.0,1243.0,1251.0,1245.0,1264.0,1259.0,1264.0,1240.0,1265.0,1263.0,1284.0,1278.0,1280.0,1257.0,1265.0,1280.0,1244.0,1262.0,1231.0,1219.0,1233.0,1221.0,1250.0,1221.0,1234.0,1213.0,1190.0,1200.0,1203.0,1215.0,1225.0,1237.0,1240.0,1231.0,1220.0,1224.0,1248.0,1269.0,1327.0,1323.0,1355.0,1346.0,1321.0,1277.0,1275.0,1239.0,1249.0,1174.0,1151.0,1140.0,1067.0,1048.0,1052.0,1026.0,1032.0,999.0,1019.0,1010.0,1004.0,1020.0,1006.0,1010.0,1018.0,1011.0,1024.0,1038.0,1025.0,1051.0,1055.0,1041.0,1098.0,1104.0,1081.0,1082.0,1088.0,1072.0,1086.0,1087.0,1093,1127.0,1104.0,1116.0,1108.0,1147.0,1155.0,1148.0,1178.0,1228.0,1275.0,1300.0,1294.0,1301.0,1265.0,1247.0,1181.0,1189.0,1133.0,1138.0,1097.0,1078.0,1038.0,1038.0,1003.0,996.0,984.0,977.0,963.0,947.0,958.0,934.0,952.0,926.0,928.0,913.0,939.0,939.0,936.0,924.0,923.0,926.0,923.0,929.0,922.0,908.0,918.0,932.0,910.0,927.0,908.0,919.0,912.0,918.0,901.0,918.0,901.0,911.0,936.0,908.0,923.0,912.0,930.0,916.0,895.0,908.0,894.0,904.0,918.0,912.0,905.0,905.0,916.0,920.0,908.0,898.0,912.0,918.0,934.0,915.0,935.0,916.0,919.0,904.0,924.0,912.0,927.0,917.0,921.0,916.0,914.0,930.0,907.0,915.0,931.0,924.0,908.0,905.0,937.0,919.0,936.0,908.0,930.0,921.0,912.0
1024.0,1028.0,1040.0,1043.0,1036.0,1050.0,1051.0,1034.0,1031.0,1035.0,1044.0,1051.0,1053.0,1052.0,1048.0,1007.0,1041.0,1027.0,1034.0,1030.0,1045.0,1043.0,1040.0,1040.0,1033.0,1039.0,1045.0,1082.0,1072.0,1125.0,1112.0,1104.0,1081.0,1089.0,1068.0,1057.0,1048.0,1030.0,1032.0,1040.0,1044.0,1036.0,1049.0,1016.0,1032.0,1025.0,1017.0,1020.0,1044.0,1044.0,1020.0,1047.0,1013.0,1042.0,1049.0,1043.0,1032.0,1067.0,1041.0,1063.0,1058.0,1065.0,1029.0,1020.0,1018.0,1013.0,1028.0,1019.0,1075.0,1036.0,1044.0,1037.0,1083.0,1026.0,1037.0,1014.0,1030.0,1022.0,1061.0,1040.0,1054.0,1071.0,1088.0,1082.0,1112.0,1122.0,1136.0,1131.0,1111.0,1097.0,1113.0,1104.0,1134.0,1134.0,1154.0,1136.0,1114.0,1169.0,1154.0,1157.0,1202.0,1205.0,1274.0,1322.0,1287.0,1223.0,1149.0,1170.0,1171.0,1175.0,1185.0,1146.0,1144.0,1135.0,1139.0,1103.0,1133.0,1134.0,1181.0,1151.0,1165.0,1163.0,1143.0,1154.0,1133.0,1143.0,1145.0,1120.0,1104.0,1130.0,1137.0,1134.0,1156.0,1153.0,1169.0,1173.0,1204.0,1231.0,1174.0,1167.0,1138.0,1124.0,1132.0,1160.0,1159.0,1202.0,1205.0,1198.0,1208.0,1209.0,1179.0,1172.0,1187.0,1202.0,1199.0,1209.0,1233.0,1209.0,1217.0,1216.0,1234.0,1209.0,1232.0,1202.0,1199.0,1222.0,1204.0,1198.0,1203.0,1149.0,1185.0,1155.0,1173.0,1148.0,1138.0,1144.0,1127.0,1133.0,1112.0,1108.0,1112.0,1091.0,1113.0,1117.0,1147.0,1176.0,1174.0,1167.0,1156.0,1188.0,1204.0,1219.0,1253.0,1232.0,1237.0,1303.0,1290.0,1300.0,1287.0,1266.0,1299.0,1282.0,1316.0,1353.0,1324.0,1326.0,1301.0,1308.0,1351.0,1328.0,1358.0,1327.0,1358.0,1352.0,1364.0,1339.0,1364.0,1359.0,1356.0,1395.0,1343.0,1360.0,1362.0,1347.0,1342.0,1300.0,1282.0,1297.0,1325.0,1304.0,1304.0,1303.0,1291.0,1317.0,1298.0,1313.0,1326.0,1331.0,1356.0,1307.0,1321.0,1349.0,1351.0,1377.0,1411.0,1435.0,1431.0,1430.0,1427.0,1372.0,1329.0,1296.0,1302.0,1269.0,1239.0,1165.0,1178.0,1137.0,1114.0,1112.0,1084.0,1106.0,1080.0,1097.0,1094.0,1090.0,1092.0,1094.0,1095.0,1102.0,1127.0,1152.0,1118.0,1142.0,1141.0,1139.0,1179.0,1164.0,1173.0,1171.0,1148.0,1163.0,1155.0,1195.0,1185,1188.0,1185.0,1200.0,1189.0,1230.0,1214.0,1245.0,1291.0,1304.0,1390.0,1404.0,1401.0,1421.0,1367.0,1329.0,1243.0,1260.0,1230.0,1195.0,1183.0,1135.0,1097.0,1105.0,1073.0,1069.0,1050.0,1033.0,1056.0,1027.0,1017.0,1022.0,1000.0,1005.0,991.0,1011.0,997.0,1003.0,999.0,992.0,1004.0,971.0,992.0,984.0,997.0,969.0,960.0,985.0,984.0,1013.0,981.0,980.0,965.0,979.0,987.0,996.0,979.0,985.0,979.0,957.0,990.0,990.0,979.0,970.0,969.0,999.0,972.0,972.0,990.0,986.0,983.0,972.0,997.0,976.0,980.0,978.0,987.0,981.0,991.0,973.0,972.0,980.0,982.0,969.0,989.0,990.0,981.0,1016.0,976.0,983.0,981.0,1000.0,967.0,985.0,971.0,978.0,972.0,998.0,975.0,980.0,973.0,979.0,980.0,984.0,958.0
1048.0,1026.0,1024.0,1021.0,1007.0,1036.0,1012.0,1020.0,1013.0,1013.0,1020.0,1029.0,1022.0,1025.0,1031.0,994.0,1016.0,1012.0,1008.0,983.0,1023.0,1004.0,1022.0,1025.0,1017.0,1005.0,1026.0,1057.0,1044.0,1077.0,1091.0,1069.0,1067.0,1066.0,1050.0,1023.0,1029.0,1009.0,1019.0,1028.0,1008.0,1010.0,1014.0,1000.0,991.0,1006.0,995.0,1005.0,1004.0,1020.0,1015.0,1010.0,1016.0,1041.0,1028.0,1031.0,1011.0,1023.0,1016.0,1034.0,1030.0,1027.0,1013.0,1012.0,1010.0,1010.0,1010.0,1009.0,1023.0,1004.0,1029.0,1016.0,1041.0,1020.0,1021.0,1013.0,1028.0,999.0,1017.0,1051.0,1020.0,1033.0,1044.0,1062.0,1082.0,1104.0,1102.0,1099.0,1092.0,1069.0,1080.0,1097.0,1117.0,1117.0,1116.0,1102.0,1123.0,1129.0,1114.0,1137.0,1181.0,1204.0,1244.0,1233.0,1257.0,1161.0,1157.0,1148.0,1143.0,1168.0,1149.0,1135.0,1126.0,1102.0,1116.0,1105.0,1122.0,1130.0,1124.0,1121.0,1146.0,1117.0,1114.0,1100.0,1100.0,1097.0,1106.0,1089.0,1087.0,1101.0,1103.0,1117.0,1128.0,1136.0,1133.0,1125.0,1172.0,1187.0,1188.0,1127.0,1120.0,1123.0,1112.0,1128.0,1124.0,1151.0,1156.0,1151.0,1176.0,1176.0,1150.0,1177.0,1174.0,1148.0,1179.0,1192.0,1211.0,1209.0,1214.0,1200.0,1187.0,1200.0,1189.0,1171.0,1186.0,1176.0,1167.0,1190.0,1161.0,1162.0,1142.0,1120.0,1143.0,1140.0,1126.0,1106.0,1116.0,1120.0,1097.0,1107.0,1089.0,1070.0,1078.0,1094.0,1103.0,1123.0,1129.0,1144.0,1137.0,1147.0,1169.0,1163.0,1216.0,1233.0,1215.0,1241.0,1256.0,1278.0,1255.0,1232.0,1265.0,1259.0,1269.0,1291.0,1314.0,1295.0,1293.0,1271.0,1330.0,1295.0,1308.0,1315.0,1327.0,1298.0,1295.0,1312.0,1306.0,1321.0,1321.0,1323.0,1295.0,1296.0,1304.0,1304.0,1283.0,1275.0,1272.0,1292.0,1273.0,1289.0,1268.0,1269.0,1272.0,1260.0,1271.0,1296.0,1297.0,1297.0,1290.0,1293.0,1268.0,1302.0,1318.0,1348.0,1356.0,1392.0,1396.0,1379.0,1359.0,1353.0,1321.0,1286.0,1281.0,1265.0,1214.0,1186.0,1131.0,1116.0,1098.0,1084.0,1081.0,1079.0,1058.0,1076.0,1079.0,1079.0,1060.0,1055.0,1097.0,1066.0,1095.0,1115.0,1099.0,1138.0,1128.0,1116.0,1168.0,1167.0,1150.0,1153.0,1150.0,1133.0,1143.0,1141.0,1164,1178.0,1146.0,1170.0,1179.0,1200.0,1205.0,1214.0,1240.0,1271.0,1330.0,1381.0,1370.0,1394.0,1336.0,1329.0,1283.0,1233.0,1186.0,1162.0,1153.0,1119.0,1104.0,1113.0,1062.0,1056.0,1020.0,1009.0,1009.0,1006.0,1005.0,999.0,977.0,1000.0,999.0,983.0,1006.0,985.0,990.0,965.0,980.0,974.0,970.0,971.0,981.0,977.0,981.0,973.0,978.0,967.0,973.0,975.0,962.0,983.0,973.0,966.0,981.0,964.0,969.0,964.0,981.0,962.0,965.0,980.0,965.0,969.0,965.0,979.0,957.0,976.0,972.0,976.0,975.0,952.0,971.0,961.0,982.0,961.0,976.0,976.0,974.0,981.0,978.0,972.0,979.0,975.0,976.0,991.0,990.0,988.0,966.0,969.0,967.0,985.0,977.0,970.0,986.0,977.0,970.0,986.0,979.0,975.0,979.0,968.0,972.0
1013.0,1023.0,1020.0,1003.0,1003.0,1000.0,1009.0,1001.0,995.0,1019.0,1009.0,995.0,1021.0,1020.0,1011.0,979.0,985.0,972.0,996.0,980.0,991.0,1005.0,1034.0,1002.0,1014.0,1003.0,1026.0,1022.0,1022.0,1079.0,1049.0,1075.0,1050.0,1038.0,1033.0,1016.0,1026.0,1011.0,1021.0,1010.0,1006.0,1009.0,999.0,1001.0,1004.0,988.0,995.0,1009.0,990.0,1025.0,1025.0,1019.0,999.0,1001.0,1024.0,1011.0,995.0,997.0,997.0,997.0,1002.0,988.0,975.0,995.0,1008.0,1024.0,988.0,995.0,1020.0,1007.0,1008.0,1015.0,1013.0,1019.0,1003.0,978.0,1006.0,1002.0,1028.0,985.0,1034.0,1030.0,1040.0,1030.0,1059.0,1060.0,1097.0,1058.0,1073.0,1047.0,1040.0,1076.0,1084.0,1078.0,1097.0,1077.0,1097.0,1118.0,1103.0,1115.0,1136.0,1163.0,1193.0,1238.0,1215.0,1179.0,1129.0,1106.0,1137.0,1123.0,1127.0,1115.0,1093.0,1093.0,1099.0,1062.0,1095.0,1100.0,1105.0,1123.0,1107.0,1086.0,1094.0,1088.0,1107.0,1085.0,1111.0,1069.0,1117.0,1089.0,1104.0,1101.0,1099.0,1114.0,1111.0,1129.0,1143.0,1153.0,1117.0,1082.0,1104.0,1096.0,1101.0,1101.0,1114.0,1131.0,1141.0,1133.0,1147.0,1114.0,1134.0,1126.0,1134.0,1150.0,1134.0,1139.0,1177.0,1152.0,1166.0,1166.0,1180.0,1172.0,1160.0,1156.0,1172.0,1182.0,1157.0,1150.0,1139.0,1116.0,1138.0,1139.0,1112.0,1120.0,1096.0,1092.0,1106.0,1095.0,1090.0,1081.0,1062.0,1077.0,1067.0,1073.0,1084.0,1112.0,1108.0,1118.0,1108.0,1121.0,1138.0,1166.0,1174.0,1194.0,1216.0,1208.0,1203.0,1244.0,1228.0,1205.0,1211.0,1230.0,1248.0,1266.0,1287.0,1292.0,1266.0,1263.0,1260.0,1260.0,1276.0,1251.0,1281.0,1275.0,1288.0,1287.0,1265.0,1274.0,1281.0,1287.0,1262.0,1268.0,1282.0,1270.0,1251.0,1241.0,1224.0,1238.0,1261.0,1254.0,1260.0,1236.0,1212.0,1224.0,1244.0,1258.0,1244.0,1261.0,1276.0,1259.0,1253.0,1265.0,1288.0,1307.0,1352.0,1348.0,1358.0,1351.0,1341.0,1301.0,1292.0,1278.0,1248.0,1204.0,1193.0,1169.0,1117.0,1103.0,1116.0,1062.0,1059.0,1055.0,1044.0,1060.0,1068.0,1065.0,1073.0,1059.0,1087.0,1077.0,1079.0,1084.0,1089.0,1123.0,1092.0,1108.0,1121.0,1138.0,1118.0,1131.0,1138.0,1114.0,1126.0,1132.0,1150,1151.0,1142.0,1155.0,1125.0,1157.0,1172.0,1191.0,1236.0,1266.0,1296.0,1330.0,1326.0,1332.0,1289.0,1271.0,1234.0,1208.0,1662.0,1600.0,1292.0,1104.0,1108.0,1104.0,1058.0,1047.0,1037.0,1012.0,1018.0,996.0,985.0,1006.0,994.0,1013.0,995.0,996.0,989.0,990.0,997.0,988.0,975.0,983.0,976.0,968.0,994.0,973.0,974.0,996.0,985.0,987.0,976.0,953.0,974.0,979.0,989.0,964.0,973.0,973.0,972.0,979.0,995.0,965.0,984.0,963.0,950.0,969.0,963.0,1000.0,984.0,1005.0,961.0,955.0,958.0,963.0,972.0,966.0,991.0,971.0,982.0,960.0,980.0,984.0,965.0,993.0,988.0,962.0,980.0,976.0,990.0,992.0,988.0,980.0,984.0,990.0,985.0,970.0,970.0,959.0,976.0,981.0,985.0,974.0,976.0,971.0,980.0
1065.0,1041.0,1057.0,1029.0,1051.0,1064.0,1027.0,1051.0,1037.0,1038.0,1037.0,1039.0,1059.0,1028.0,1031.0,1030.0,1055.0,1013.0,1029.0,1030.0,1038.0,1011.0,1044.0,1033.0,1050.0,1036.0,1051.0,1069.0,1068.0,1106.0,1099.0,1091.0,1088.0,1074.0,1056.0,1056.0,1055.0,1054.0,1022.0,1046.0,1041.0,1046.0,1038.0,1035.0,1044.0,1030.0,1018.0,1020.0,1043.0,1058.0,1033.0,1068.0,1044.0,1080.0,1053.0,1053.0,1041.0,1043.0,1024.0,1044.0,1060.0,1049.0,1033.0,1028.0,1038.0,1035.0,1018.0,1030.0,1056.0,1031.0,1078.0,1057.0,1034.0,1056.0,1058.0,1038.0,1029.0,1059.0,1039.0,1092.0,1073.0,1083.0,1083.0,1097.0,1097.0,1111.0,1124.0,1113.0,1092.0,1084.0,1113.0,1132.0,1101.0,1122.0,1114.0,1120.0,1133.0,1138.0,1132.0,1146.0,1177.0,1190.0,1231.0,1272.0,1238.0,1186.0,1136.0,1155.0,1125.0,1149.0,1163.0,1128.0,1150.0,1113.0,1133.0,1115.0,1142.0,1137.0,1146.0,1161.0,1152.0,1139.0,1118.0,1109.0,1114.0,1139.0,1108.0,1085.0,1113.0,1123.0,1133.0,1124.0,1131.0,1138.0,1157.0,1119.0,1191.0,1205.0,1170.0,1106.0,1118.0,1137.0,1134.0,1125.0,1145.0,1176.0,1178.0,1189.0,1176.0,1154.0,1175.0,1172.0,1168.0,1168.0,1189.0,1179.0,1190.0,1178.0,1197.0,1183.0,1195.0,1170.0,1170.0,1193.0,1192.0,1189.0,1178.0,1191.0,1177.0,1157.0,1167.0,1140.0,1175.0,1135.0,1144.0,1133.0,1117.0,1119.0,1127.0,1125.0,1120.0,1102.0,1118.0,1114.0,1131.0,1135.0,1155.0,1161.0,1154.0,1142.0,1157.0,1164.0,1201.0,1220.0,1240.0,1253.0,1255.0,1219.0,1231.0,1245.0,1254.0,1243.0,1265.0,1287.0,1257.0,1301.0,1274.0,1270.0,1306.0,1275.0,1282.0,1250.0,1296.0,1300.0,1286.0,1319.0,1297.0,1307.0,1329.0,1324.0,1308.0,1297.0,1278.0,1321.0,1292.0,1288.0,1278.0,1277.0,1307.0,1282.0,1272.0,1280.0,1287.0,1273.0,1272.0,1283.0,1275.0,1292.0,1290.0,1302.0,1284.0,1294.0,1293.0,1310.0,1349.0,1361.0,1367.0,1393.0,1371.0,1333.0,1303.0,1290.0,1260.0,1264.0,1215.0,1200.0,1160.0,1141.0,1135.0,1131.0,1107.0,1105.0,1106.0,1129.0,1119.0,1119.0,1117.0,1101.0,1113.0,1119.0,1158.0,1135.0,1128.0,1135.0,1168.0,1156.0,1180.0,1182.0,1155.0,1153.0,1197.0,1181.0,1184.0,1186.0,1222,1224.0,1208.0,1220.0,1199.0,1193.0,1201.0,1228.0,1248.0,1286.0,1339.0,1374.0,1370.0,1374.0,1320.0,1298.0,1259.0,1244.0,1193.0,1185.0,1141.0,1145.0,1134.0,1129.0,1076.0,1065.0,1075.0,1066.0,1070.0,1043.0,1056.0,1047.0,1024.0,1049.0,1044.0,1052.0,1033.0,1033.0,1057.0,1044.0,1040.0,1032.0,1022.0,1011.0,1026.0,1021.0,1036.0,1019.0,993.0,1006.0,1037.0,1012.0,1023.0,1018.0,1018.0,1028.0,1017.0,1016.0,1001.0,1022.0,1026.0,1033.0,1034.0,1018.0,1026.0,1001.0,1015.0,1023.0,1031.0,1010.0,1025.0,1028.0,1024.0,1016.0,1034.0,997.0,1025.0,1032.0,1007.0,1019.0,1015.0,1000.0,1018.0,1020.0,1023.0,1014.0,1025.0,1022.0,1017.0,1028.0,1056.0,1019.0,1021.0,1014.0,1010.0,1043.0,1035.0,1025.0,1056.0,1042.0,1045.0,1007.0,1011.0,1032.0,1029.0
1129.0,1103.0,1101.0,1097.0,1111.0,1119.0,1082.0,1089.0,1097.0,1108.0,1058.0,1102.0,1091.0,1048.0,1079.0,1095.0,1083.0,1098.0,1071.0,1091.0,1101.0,1092.0,1093.0,1101.0,1111.0,1110.0,1119.0,1104.0,1155.0,1151.0,1172.0,1133.0,1140.0,1147.0,1109.0,1107.0,1114.0,1085.0,1124.0,1088.0,1103.0,1088.0,1067.0,1087.0,1086.0,1116.0,1082.0,1113.0,1099.0,1121.0,1096.0,1114.0,1111.0,1122.0,1094.0,1104.0,1111.0,1094.0,1096.0,1132.0,1131.0,1120.0,1111.0,1115.0,1080.0,1104.0,1117.0,1093.0,1091.0,1114.0,1115.0,1151.0,1130.0,1119.0,1141.0,1100.0,1115.0,1139.0,1136.0,1140.0,1121.0,1128.0,1153.0,1163.0,1204.0,1228.0,1204.0,1196.0,1157.0,1178.0,1185.0,1202.0,1220.0,1183.0,1201.0,1207.0,1208.0,1218.0,1208.0,1266.0,1289.0,1295.0,1350.0,1327.0,1328.0,1274.0,1275.0,1226.0,1233.0,1268.0,1244.0,1234.0,1245.0,1228.0,1205.0,1214.0,1242.0,1240.0,1239.0,1240.0,1236.0,1267.0,1229.0,1249.0,1208.0,1231.0,1235.0,1212.0,1217.0,1211.0,1213.0,1210.0,1251.0,1241.0,1246.0,1239.0,1257.0,1311.0,1271.0,1228.0,1230.0,1209.0,1201.0,1234.0,1239.0,1261.0,1273.0,1302.0,1290.0,1247.0,1247.0,1252.0,1289.0,1286.0,1313.0,1290.0,1319.0,1285.0,1310.0,1315.0,1304.0,1303.0,1288.0,1288.0,1291.0,1298.0,1289.0,1317.0,1296.0,1272.0,1250.0,1241.0,1239.0,1250.0,1218.0,1205.0,1214.0,1219.0,1210.0,1196.0,1201.0,1174.0,1173.0,1210.0,1206.0,1242.0,1245.0,1245.0,1237.0,1271.0,1287.0,1319.0,1302.0,1320.0,1332.0,1376.0,1390.0,1387.0,1391.0,1374.0,1368.0,1388.0,1371.0,1408.0,1440.0,1429.0,1434.0,1388.0,1448.0,1416.0,1438.0,1418.0,1419.0,1430.0,1426.0,1443.0,1445.0,1489.0,1481.0,1467.0,1446.0,1411.0,1419.0,1450.0,1405.0,1392.0,1386.0,1384.0,1412.0,1388.0,1403.0,1394.0,1405.0,1380.0,1386.0,1402.0,1395.0,1413.0,1411.0,1390.0,1436.0,1405.0,1426.0,1444.0,1489.0,1517.0,1524.0,1500.0,1535.0,1484.0,1440.0,1389.0,1428.0,1346.0,1347.0,1283.0,1260.0,1235.0,1224.0,1212.0,1163.0,1199.0,1171.0,1194.0,1181.0,1160.0,1202.0,1164.0,1192.0,1200.0,1225.0,1210.0,1206.0,1241.0,1250.0,1248.0,1251.0,1284.0,1296.0,1263.0,1244.0,1254.0,1254.0,1277.0,1290,1271.0,1293.0,1294.0,1303.0,1295.0,1281.0,1302.0,1338.0,1394.0,1438.0,1456.0,1482.0,1465.0,1473.0,1425.0,1382.0,1342.0,1319.0,1285.0,1287.0,1264.0,1258.0,1229.0,1187.0,1171.0,1165.0,1127.0,1155.0,1132.0,1130.0,1131.0,1122.0,1108.0,1130.0,1117.0,1122.0,1120.0,1116.0,1149.0,1104.0,1089.0,1095.0,1121.0,1118.0,1101.0,1111.0,1102.0,1110.0,1107.0,1099.0,1102.0,1113.0,1144.0,1105.0,1089.0,1117.0,1112.0,1097.0,1114.0,1105.0,1096.0,1127.0,1092.0,1094.0,1101.0,1120.0,1106.0,1090.0,1120.0,1100.0,1103.0,1118.0,1119.0,1119.0,1105.0,1122.0,1116.0,1123.0,1095.0,1130.0,1131.0,1094.0,1087.0,1115.0,1101.0,1097.0,1105.0,1113.0,1124.0,1116.0,1131.0,1119.0,1136.0,1129.0,1136.0,1108.0,1134.0,1101.0,1128.0,1114.0,1115.0,1129.0,1122.0,1107.0
1002.0,1005.0,1012.0,1023.0,1026.0,1025.0,995.0,1001.0,1006.0,994.0,998.0,1015.0,994.0,961.0,992.0,1008.0,993.0,979.0,994.0,974.0,993.0,997.0,993.0,985.0,992.0,1009.0,1005.0,1029.0,1029.0,1063.0,1080.0,1047.0,1059.0,1046.0,1046.0,1016.0,1031.0,992.0,1003.0,987.0,979.0,999.0,997.0,1003.0,981.0,984.0,971.0,984.0,1017.0,999.0,973.0,1002.0,1001.0,985.0,1008.0,1006.0,977.0,1004.0,999.0,1004.0,1005.0,1017.0,983.0,994.0,994.0,991.0,973.0,977.0,1005.0,994.0,1009.0,1039.0,1019.0,1018.0,1009.0,974.0,1007.0,1005.0,992.0,1012.0,1041.0,1030.0,1025.0,1040.0,1051.0,1105.0,1093.0,1074.0,1075.0,1082.0,1067.0,1093.0,1106.0,1100.0,1107.0,1106.0,1111.0,1117.0,1090.0,1117.0,1153.0,1214.0,1266.0,1266.0,1241.0,1172.0,1144.0,1126.0,1139.0,1147.0,1157.0,1128.0,1150.0,1117.0,1105.0,1099.0,1121.0,1121.0,1121.0,1143.0,1132.0,1133.0,1105.0,1134.0,1083.0,1122.0,1099.0,1086.0,1073.0,1090.0,1097.0,1112.0,1125.0,1120.0,1120.0,1121.0,1153.0,1210.0,1162.0,1115.0,1121.0,1101.0,1114.0,1118.0,1146.0,1155.0,1164.0,1175.0,1158.0,1170.0,1162.0,1140.0,1161.0,1157.0,1158.0,1189.0,1205.0,1173.0,1221.0,1207.0,1199.0,1205.0,1179.0,1183.0,1166.0,1192.0,1179.0,1169.0,1175.0,1142.0,1135.0,1128.0,1139.0,1116.0,1097.0,1107.0,1095.0,1080.0,1072.0,1078.0,1080.0,1040.0,1031.0,1062.0,1086.0,1130.0,1127.0,1115.0,1103.0,1131.0,1153.0,1175.0,1206.0,1230.0,1227.0,1258.0,1265.0,1259.0,1278.0,1242.0,1268.0,1268.0,1281.0,1289.0,1311.0,1308.0,1287.0,1285.0,1307.0,1292.0,1280.0,1305.0,1325.0,1345.0,1337.0,1331.0,1332.0,1310.0,1316.0,1353.0,1320.0,1317.0,1315.0,1333.0,1270.0,1264.0,1275.0,1285.0,1283.0,1276.0,1267.0,1286.0,1267.0,1261.0,1276.0,1290.0,1250.0,1304.0,1307.0,1285.0,1285.0,1289.0,1330.0,1349.0,1373.0,1404.0,1432.0,1413.0,1398.0,1382.0,1309.0,1316.0,1258.0,1221.0,1210.0,1183.0,1109.0,1073.0,1073.0,1077.0,1057.0,1033.0,1034.0,1052.0,1051.0,1008.0,1047.0,1038.0,1061.0,1060.0,1059.0,1079.0,1061.0,1079.0,1106.0,1092.0,1121.0,1126.0,1110.0,1137.0,1102.0,1098.0,1115.0,1117.0,1121,1149.0,1126.0,1153.0,1163.0,1123.0,1186.0,1183.0,1233.0,1266.0,1299.0,1344.0,1332.0,1405.0,1346.0,1283.0,1260.0,1239.0,1179.0,1145.0,1162.0,1105.0,1092.0,1069.0,1038.0,1043.0,1017.0,1009.0,1000.0,968.0,959.0,975.0,971.0,955.0,956.0,976.0,958.0,974.0,959.0,966.0,955.0,947.0,937.0,949.0,952.0,956.0,936.0,949.0,937.0,948.0,959.0,970.0,945.0,944.0,960.0,957.0,932.0,953.0,956.0,934.0,961.0,941.0,948.0,927.0,971.0,946.0,952.0,936.0,934.0,956.0,957.0,939.0,966.0,947.0,929.0,943.0,953.0,958.0,948.0,927.0,945.0,949.0,951.0,937.0,935.0,946.0,963.0,935.0,958.0,945.0,947.0,964.0,938.0,932.0,936.0,946.0,964.0,942.0,954.0,965.0,945.0,950.0,955.0,950.0,929.0
1052.0,1049.0,1071.0,1062.0,1055.0,1055.0,1056.0,1053.0,1061.0,1029.0,1050.0,1031.0,1048.0,1048.0,1030.0,1025.0,1022.0,1017.0,1019.0,1042.0,1045.0,1036.0,1058.0,1029.0,1034.0,1049.0,1051.0,1066.0,1097.0,1107.0,1106.0,1099.0,1093.0,1069.0,1069.0,1072.0,1051.0,1047.0,1050.0,1050.0,1042.0,1040.0,1024.0,1036.0,1027.0,1030.0,1029.0,1035.0,1024.0,1043.0,1042.0,1045.0,1061.0,1064.0,1048.0,1064.0,1035.0,1032.0,1054.0,1060.0,1051.0,1047.0,1021.0,1040.0,1032.0,1013.0,1046.0,1050.0,1060.0,1016.0,1051.0,1060.0,1078.0,1061.0,1048.0,1065.0,1046.0,1034.0,1056.0,1079.0,1067.0,1066.0,1092.0,1090.0,1130.0,1153.0,1170.0,1154.0,1123.0,1128.0,1140.0,1147.0,1164.0,1141.0,1178.0,1172.0,1167.0,1192.0,1192.0,1199.0,1248.0,1292.0,1354.0,1389.0,1305.0,1268.0,1218.0,1214.0,1194.0,1216.0,1209.0,1196.0,1177.0,1180.0,1171.0,1155.0,1181.0,1176.0,1187.0,1210.0,1196.0,1216.0,1216.0,1186.0,1157.0,1144.0,1145.0,1138.0,1140.0,1155.0,1156.0,1181.0,1199.0,1197.0,1168.0,1182.0,1237.0,1291.0,1230.0,1207.0,1187.0,1164.0,1178.0,1182.0,1218.0,1236.0,1253.0,1265.0,1250.0,1228.0,1219.0,1222.0,1216.0,1212.0,1242.0,1269.0,1271.0,1267.0,1279.0,1300.0,1285.0,1273.0,1226.0,1262.0,1247.0,1241.0,1275.0,1229.0,1217.0,1206.0,1194.0,1178.0,1196.0,1150.0,1168.0,1143.0,1148.0,1132.0,1159.0,1136.0,1123.0,1116.0,1133.0,1122.0,1139.0,1178.0,1178.0,1182.0,1181.0,1204.0,1218.0,1255.0,1265.0,1294.0,1328.0,1330.0,1362.0,1357.0,1341.0,1342.0,1329.0,1349.0,1343.0,1411.0,1388.0,1438.0,1412.0,1390.0,1405.0,1405.0,1415.0,1426.0,1428.0,1446.0,1414.0,1425.0,1401.0,1440.0,1441.0,1454.0,1427.0,1382.0,1424.0,1387.0,1388.0,1370.0,1341.0,1371.0,1367.0,1356.0,1367.0,1333.0,1347.0,1335.0,1342.0,1352.0,1373.0,1394.0,1388.0,1388.0,1399.0,1395.0,1427.0,1443.0,1485.0,1498.0,1540.0,1534.0,1495.0,1462.0,1423.0,1398.0,1382.0,1338.0,1297.0,1232.0,1189.0,1164.0,1126.0,1120.0,1097.0,1098.0,1093.0,1095.0,1072.0,1089.0,1086.0,1089.0,1110.0,1084.0,1111.0,1109.0,1118.0,1134.0,1139.0,1176.0,1190.0,1199.0,1178.0,1178.0,1175.0,1182.0,1153.0,1174.0,1216,1200.0,1202.0,1234.0,1230.0,1250.0,1246.0,1296.0,1313.0,1351.0,1411.0,1464.0,1470.0,1479.0,1432.0,1375.0,1328.0,1301.0,1254.0,1241.0,1196.0,1158.0,1119.0,1137.0,1112.0,1063.0,1036.0,1029.0,1028.0,994.0,987.0,1003.0,997.0,981.0,994.0,963.0,960.0,977.0,956.0,985.0,977.0,973.0,960.0,976.0,979.0,968.0,962.0,965.0,962.0,963.0,941.0,965.0,962.0,959.0,951.0,955.0,958.0,956.0,971.0,946.0,973.0,943.0,964.0,947.0,959.0,949.0,965.0,938.0,965.0,961.0,951.0,953.0,950.0,949.0,967.0,961.0,946.0,951.0,958.0,955.0,945.0,945.0,955.0,961.0,957.0,955.0,964.0,968.0,959.0,962.0,964.0,953.0,972.0,957.0,939.0,958.0,952.0,955.0,968.0,956.0,968.0,971.0,959.0,961.0,961.0
1031.0,1023.0,1018.0,1014.0,1025.0,1011.0,1022.0,1020.0,1006.0,1009.0,1004.0,1027.0,1031.0,1000.0,1006.0,993.0,991.0,1009.0,997.0,990.0,984.0,994.0,1018.0,1009.0,1022.0,1013.0,1044.0,1038.0,1036.0,1074.0,1072.0,1064.0,1060.0,1049.0,1049.0,1028.0,1022.0,1011.0,998.0,1008.0,1002.0,999.0,992.0,987.0,992.0,985.0,984.0,1001.0,994.0,1006.0,1026.0,1005.0,1016.0,1029.0,1024.0,1011.0,994.0,986.0,1008.0,1011.0,1018.0,989.0,1006.0,994.0,999.0,1003.0,973.0,992.0,1016.0,973.0,1005.0,1034.0,1028.0,1004.0,1008.0,1019.0,1015.0,1013.0,983.0,1035.0,1023.0,1056.0,1017.0,1063.0,1070.0,1083.0,1102.0,1089.0,1071.0,1079.0,1065.0,1080.0,1102.0,1089.0,1103.0,1094.0,1132.0,1131.0,1156.0,1145.0,1168.0,1226.0,1257.0,1311.0,1236.0,1210.0,1155.0,1121.0,1147.0,1158.0,1133.0,1156.0,1163.0,1107.0,1110.0,1120.0,1109.0,1135.0,1122.0,1150.0,1160.0,1135.0,1114.0,1113.0,1098.0,1142.0,1091.0,1106.0,1095.0,1081.0,1119.0,1083.0,1116.0,1132.0,1136.0,1125.0,1173.0,1218.0,1180.0,1128.0,1135.0,1100.0,1141.0,1160.0,1157.0,1184.0,1162.0,1189.0,1225.0,1161.0,1153.0,1154.0,1157.0,1156.0,1195.0,1184.0,1214.0,1229.0,1227.0,1211.0,1221.0,1219.0,1199.0,1166.0,1187.0,1198.0,1197.0,1185.0,1179.0,1160.0,1133.0,1136.0,1124.0,1138.0,1134.0,1111.0,1104.0,1098.0,1069.0,1100.0,1081.0,1070.0,1069.0,1083.0,1066.0,1109.0,1118.0,1118.0,1138.0,1161.0,1137.0,1193.0,1206.0,1218.0,1236.0,1256.0,1275.0,1275.0,1297.0,1262.0,1250.0,1303.0,1284.0,1319.0,1311.0,1330.0,1333.0,1328.0,1334.0,1312.0,1341.0,1323.0,1353.0,1324.0,1337.0,1339.0,1333.0,1348.0,1364.0,1347.0,1341.0,1297.0,1337.0,1293.0,1302.0,1274.0,1271.0,1288.0,1312.0,1272.0,1264.0,1278.0,1262.0,1303.0,1319.0,1304.0,1316.0,1312.0,1340.0,1307.0,1324.0,1308.0,1347.0,1361.0,1413.0,1410.0,1461.0,1414.0,1426.0,1376.0,1339.0,1283.0,1294.0,1249.0,1238.0,1177.0,1145.0,1105.0,1089.0,1069.0,1053.0,1048.0,1045.0,1023.0,1034.0,1046.0,1055.0,1040.0,1057.0,1048.0,1065.0,1069.0,1091.0,1088.0,1075.0,1092.0,1142.0,1140.0,1123.0,1140.0,1104.0,1083.0,1110.0,1099.0,1139,1141.0,1127.0,1192.0,1175.0,1163.0,1178.0,1195.0,1260.0,1292.0,1310.0,1362.0,1355.0,1410.0,1329.0,1318.0,1266.0,1242.0,1194.0,1192.0,1147.0,1107.0,1073.0,1068.0,1005.0,1037.0,995.0,983.0,982.0,950.0,986.0,958.0,972.0,977.0,962.0,948.0,953.0,972.0,948.0,943.0,957.0,925.0,951.0,952.0,927.0,937.0,945.0,941.0,933.0,945.0,952.0,941.0,923.0,954.0,942.0,944.0,942.0,946.0,955.0,924.0,939.0,923.0,934.0,945.0,935.0,935.0,931.0,945.0,922.0,946.0,935.0,926.0,951.0,936.0,932.0,931.0,927.0,959.0,946.0,923.0,950.0,918.0,939.0,930.0,936.0,938.0,931.0,937.0,937.0,947.0,919.0,951.0,936.0,925.0,936.0,947.0,930.0,927.0,936.0,926.0,918.0,941.0,928.0,933.0,965.0
1029.0,1024.0,1018.0,1037.0,1024.0,1020.0,1029.0,1016.0,1026.0,1012.0,1029.0,1015.0,1002.0,1025.0,1010.0,1019.0,996.0,999.0,1000.0,1015.0,1001.0,1015.0,1006.0,1004.0,1018.0,995.0,1038.0,1040.0,1050.0,1059.0,1089.0,1063.0,1078.0,1051.0,1047.0,1017.0,1013.0,1019.0,1031.0,995.0,1000.0,1004.0,985.0,1004.0,995.0,1001.0,1009.0,1020.0,1013.0,1015.0,1005.0,1014.0,997.0,1007.0,1024.0,1006.0,993.0,996.0,1010.0,1018.0,1025.0,1030.0,999.0,992.0,1000.0,985.0,999.0,993.0,1000.0,1001.0,1023.0,997.0,1024.0,1026.0,1000.0,1006.0,992.0,998.0,1022.0,1037.0,1018.0,1044.0,1032.0,1060.0,1067.0,1100.0,1122.0,1104.0,1079.0,1075.0,1083.0,1067.0,1093.0,1109.0,1102.0,1104.0,1117.0,1147.0,1128.0,1149.0,1175.0,1221.0,1260.0,1282.0,1241.0,1207.0,1165.0,1146.0,1169.0,1157.0,1143.0,1123.0,1146.0,1137.0,1111.0,1109.0,1118.0,1127.0,1137.0,1156.0,1147.0,1152.0,1132.0,1133.0,1101.0,1098.0,1113.0,1113.0,1104.0,1105.0,1109.0,1150.0,1125.0,1108.0,1122.0,1117.0,1172.0,1223.0,1156.0,1106.0,1123.0,1089.0,1124.0,1122.0,1135.0,1182.0,1187.0,1196.0,1181.0,1164.0,1187.0,1157.0,1163.0,1161.0,1218.0,1196.0,1223.0,1209.0,1213.0,1214.0,1221.0,1225.0,1224.0,1221.0,1191.0,1186.0,1182.0,1184.0,1195.0,1158.0,1145.0,1145.0,1145.0,1150.0,1118.0,1112.0,1120.0,1127.0,1093.0,1090.0,1080.0,1070.0,1080.0,1093.0,1103.0,1114.0,1147.0,1111.0,1107.0,1148.0,1145.0,1156.0,1210.0,1214.0,1238.0,1262.0,1275.0,1272.0,1251.0,1268.0,1285.0,1286.0,1268.0,1308.0,1323.0,1323.0,1308.0,1309.0,1335.0,1327.0,1332.0,1333.0,1355.0,1343.0,1335.0,1309.0,1370.0,1338.0,1343.0,1354.0,1332.0,1345.0,1311.0,1312.0,1279.0,1300.0,1291.0,1266.0,1281.0,1285.0,1296.0,1283.0,1271.0,1288.0,1277.0,1289.0,1323.0,1318.0,1308.0,1331.0,1275.0,1313.0,1344.0,1377.0,1395.0,1442.0,1437.0,1417.0,1419.0,1379.0,1323.0,1301.0,1304.0,1239.0,1200.0,1147.0,1110.0,1120.0,1067.0,1083.0,1071.0,1053.0,1039.0,1053.0,1037.0,1045.0,1057.0,1056.0,1063.0,1058.0,1085.0,1077.0,1076.0,1098.0,1106.0,1109.0,1142.0,1121.0,1121.0,1125.0,1123.0,1102.0,1127.0,1127.0,1141,1149.0,1158.0,1165.0,1179.0,1176.0,1200.0,1201.0,1231.0,1292.0,1317.0,1364.0,1374.0,1381.0,1352.0,1282.0,1231.0,1219.0,1178.0,1171.0,1147.0,1140.0,1069.0,1061.0,1052.0,1009.0,997.0,1000.0,1000.0,987.0,971.0,961.0,941.0,953.0,940.0,956.0,958.0,941.0,963.0,952.0,947.0,953.0,933.0,936.0,943.0,940.0,933.0,955.0,942.0,942.0,938.0,927.0,934.0,932.0,929.0,941.0,953.0,938.0,939.0,919.0,941.0,940.0,935.0,939.0,927.0,936.0,941.0,933.0,938.0,948.0,928.0,929.0,932.0,929.0,950.0,939.0,951.0,935.0,947.0,928.0,932.0,947.0,944.0,928.0,941.0,944.0,938.0,931.0,938.0,942.0,939.0,935.0,941.0,919.0,926.0,937.0,945.0,924.0,956.0,945.0,938.0,955.0,938.0,929.0,936.0
972.0,988.0,996.0,984.0,996.0,1003.0,997.0,991.0,983.0,979.0,969.0,980.0,998.0,984.0,982.0,972.0,975.0,974.0,960.0,967.0,987.0,990.0,980.0,997.0,988.0,989.0,997.0,1033.0,1015.0,1047.0,1050.0,1033.0,1038.0,1018.0,1008.0,1008.0,987.0,968.0,994.0,978.0,973.0,965.0,969.0,979.0,962.0,985.0,958.0,979.0,975.0,984.0,982.0,965.0,979.0,997.0,991.0,995.0,977.0,986.0,989.0,1005.0,998.0,971.0,980.0,978.0,980.0,980.0,973.0,964.0,981.0,978.0,1004.0,993.0,998.0,980.0,1004.0,972.0,998.0,990.0,990.0,1006.0,1002.0,1010.0,1008.0,1026.0,1052.0,1076.0,1070.0,1061.0,1052.0,1031.0,1028.0,1066.0,1058.0,1076.0,1060.0,1061.0,1075.0,1096.0,1103.0,1118.0,1122.0,1186.0,1232.0,1225.0,1185.0,1152.0,1121.0,1099.0,1105.0,1109.0,1108.0,1082.0,1108.0,1090.0,1077.0,1081.0,1067.0,1088.0,1089.0,1101.0,1083.0,1108.0,1106.0,1074.0,1058.0,1057.0,1074.0,1064.0,1045.0,1067.0,1063.0,1089.0,1065.0,1057.0,1071.0,1073.0,1131.0,1156.0,1129.0,1077.0,1069.0,1053.0,1093.0,1094.0,1082.0,1130.0,1149.0,1137.0,1139.0,1143.0,1117.0,1119.0,1117.0,1110.0,1141.0,1148.0,1147.0,1162.0,1157.0,1156.0,1167.0,1149.0,1131.0,1142.0,1145.0,1138.0,1140.0,1156.0,1133.0,1109.0,1097.0,1099.0,1065.0,1106.0,1079.0,1078.0,1063.0,1074.0,1054.0,1043.0,1046.0,1066.0,1055.0,1064.0,1062.0,1097.0,1091.0,1095.0,1080.0,1096.0,1100.0,1132.0,1160.0,1165.0,1190.0,1192.0,1200.0,1204.0,1218.0,1206.0,1201.0,1223.0,1231.0,1237.0,1241.0,1275.0,1253.0,1231.0,1250.0,1240.0,1251.0,1264.0,1270.0,1249.0,1276.0,1276.0,1269.0,1277.0,1291.0,1258.0,1267.0,1269.0,1250.0,1253.0,1246.0,1234.0,1236.0,1230.0,1225.0,1231.0,1228.0,1243.0,1223.0,1213.0,1227.0,1214.0,1227.0,1246.0,1248.0,1256.0,1242.0,1241.0,1297.0,1302.0,1327.0,1306.0,1350.0,1342.0,1342.0,1294.0,1270.0,1233.0,1230.0,1195.0,1152.0,1136.0,1092.0,1065.0,1048.0,1041.0,1057.0,1030.0,1042.0,1038.0,1027.0,1021.0,1013.0,1033.0,1029.0,1036.0,1032.0,1042.0,1039.0,1067.0,1079.0,1073.0,1104.0,1127.0,1094.0,1096.0,1107.0,1089.0,1124.0,1095.0,1122,1145.0,1120.0,1126.0,1135.0,1140.0,1170.0,1152.0,1194.0,1223.0,1275.0,1291.0,1284.0,1323.0,1295.0,1247.0,1194.0,1204.0,1134.0,1147.0,1103.0,1078.0,1064.0,1047.0,1021.0,1024.0,995.0,989.0,981.0,975.0,981.0,959.0,976.0,957.0,956.0,942.0,963.0,962.0,966.0,939.0,946.0,956.0,947.0,946.0,947.0,924.0,952.0,954.0,946.0,938.0,921.0,945.0,936.0,936.0,919.0,941.0,934.0,931.0,931.0,931.0,928.0,939.0,945.0,921.0,920.0,916.0,910.0,965.0,939.0,941.0,929.0,931.0,946.0,936.0,932.0,938.0,932.0,936.0,936.0,944.0,954.0,937.0,937.0,947.0,941.0,935.0,930.0,942.0,944.0,935.0,943.0,931.0,935.0,936.0,961.0,942.0,940.0,941.0,958.0,945.0,957.0,950.0,945.0,934.0,928.0
1012.0,1018.0,1037.0,1031.0,1038.0,1039.0,1022.0,1033.0,1026.0,1016.0,1017.0,1002.0,1019.0,1027.0,1020.0,1021.0,1007.0,1019.0,1003.0,1017.0,1021.0,1027.0,1002.0,1056.0,1022.0,1032.0,1035.0,1069.0,1078.0,1096.0,1080.0,1100.0,1080.0,1072.0,1068.0,1037.0,1019.0,1036.0,1030.0,1006.0,1040.0,1012.0,1024.0,1000.0,1017.0,1006.0,1000.0,1021.0,1054.0,1028.0,1028.0,1018.0,1045.0,1044.0,1039.0,1043.0,1018.0,1009.0,1021.0,1046.0,1028.0,1035.0,1016.0,1003.0,1002.0,1022.0,1010.0,1008.0,1038.0,1017.0,1036.0,1052.0,1066.0,1022.0,1024.0,1021.0,1000.0,1024.0,1058.0,1041.0,1039.0,1046.0,1044.0,1056.0,1104.0,1110.0,1111.0,1108.0,1082.0,1091.0,1104.0,1083.0,1131.0,1118.0,1112.0,1110.0,1112.0,1162.0,1123.0,1169.0,1160.0,1240.0,1283.0,1290.0,1258.0,1208.0,1164.0,1156.0,1151.0,1165.0,1175.0,1131.0,1152.0,1157.0,1140.0,1120.0,1155.0,1142.0,1142.0,1145.0,1145.0,1172.0,1110.0,1105.0,1101.0,1119.0,1099.0,1122.0,1103.0,1120.0,1123.0,1136.0,1134.0,1127.0,1157.0,1156.0,1174.0,1207.0,1171.0,1124.0,1131.0,1105.0,1102.0,1144.0,1150.0,1177.0,1176.0,1197.0,1206.0,1177.0,1184.0,1149.0,1178.0,1186.0,1215.0,1211.0,1201.0,1183.0,1200.0,1196.0,1202.0,1216.0,1194.0,1208.0,1189.0,1200.0,1195.0,1192.0,1178.0,1155.0,1155.0,1145.0,1156.0,1147.0,1102.0,1122.0,1130.0,1076.0,1100.0,1109.0,1074.0,1089.0,1113.0,1103.0,1107.0,1141.0,1180.0,1130.0,1136.0,1152.0,1126.0,1193.0,1228.0,1244.0,1263.0,1283.0,1285.0,1227.0,1259.0,1254.0,1251.0,1304.0,1309.0,1327.0,1302.0,1301.0,1332.0,1311.0,1340.0,1335.0,1317.0,1304.0,1325.0,1353.0,1359.0,1317.0,1320.0,1335.0,1317.0,1311.0,1340.0,1337.0,1331.0,1326.0,1296.0,1303.0,1273.0,1280.0,1270.0,1293.0,1266.0,1293.0,1281.0,1281.0,1280.0,1277.0,1289.0,1299.0,1335.0,1314.0,1304.0,1312.0,1332.0,1334.0,1401.0,1427.0,1391.0,1394.0,1383.0,1368.0,1356.0,1331.0,1274.0,1239.0,1214.0,1147.0,1122.0,1105.0,1072.0,1082.0,1096.0,1046.0,1042.0,1059.0,1063.0,1059.0,1065.0,1071.0,1070.0,1072.0,1094.0,1089.0,1116.0,1107.0,1099.0,1130.0,1150.0,1156.0,1157.0,1139.0,1137.0,1126.0,1136.0,1133.0,1182,1199.0,1164.0,1170.0,1164.0,1206.0,1180.0,1230.0,1259.0,1277.0,1348.0,1352.0,1387.0,1360.0,1332.0,1321.0,1268.0,1232.0,1199.0,1169.0,1144.0,1133.0,1072.0,1078.0,1037.0,1023.0,1012.0,1010.0,1001.0,997.0,990.0,1009.0,978.0,985.0,968.0,981.0,978.0,975.0,964.0,955.0,988.0,962.0,980.0,950.0,968.0,953.0,961.0,960.0,971.0,953.0,959.0,961.0,939.0,968.0,951.0,946.0,961.0,961.0,964.0,949.0,943.0,967.0,935.0,954.0,955.0,962.0,969.0,950.0,956.0,962.0,965.0,951.0,979.0,960.0,957.0,947.0,958.0,966.0,981.0,945.0,961.0,951.0,961.0,933.0,954.0,951.0,955.0,971.0,959.0,952.0,945.0,970.0,962.0,970.0,972.0,944.0,961.0,955.0,953.0,975.0,966.0,972.0,958.0,967.0,961.0
1059.0,1034.0,1046.0,1047.0,1033.0,1042.0,1022.0,1039.0,1032.0,1031.0,1044.0,1047.0,1028.0,1023.0,1032.0,1018.0,1026.0,1016.0,1024.0,1013.0,1035.0,1017.0,1024.0,1031.0,1025.0,1039.0,1042.0,1058.0,1066.0,1089.0,1078.0,1081.0,1085.0,1065.0,1059.0,1047.0,1051.0,1030.0,1048.0,1023.0,1013.0,1004.0,1042.0,1026.0,1008.0,1027.0,1005.0,1027.0,1032.0,1040.0,1026.0,1021.0,1026.0,1051.0,1037.0,1056.0,1020.0,1043.0,1031.0,1033.0,1057.0,1047.0,1026.0,1030.0,1018.0,1009.0,1015.0,1018.0,1061.0,1021.0,1044.0,1038.0,1044.0,1038.0,1035.0,1025.0,1041.0,1029.0,1026.0,1043.0,1045.0,1059.0,1056.0,1074.0,1087.0,1105.0,1130.0,1114.0,1092.0,1090.0,1107.0,1107.0,1128.0,1129.0,1134.0,1133.0,1143.0,1138.0,1123.0,1140.0,1213.0,1232.0,1278.0,1285.0,1298.0,1207.0,1166.0,1174.0,1174.0,1183.0,1178.0,1140.0,1136.0,1125.0,1133.0,1117.0,1140.0,1148.0,1142.0,1148.0,1172.0,1152.0,1137.0,1121.0,1125.0,1132.0,1112.0,1106.0,1095.0,1136.0,1144.0,1122.0,1154.0,1147.0,1159.0,1145.0,1195.0,1212.0,1198.0,1145.0,1140.0,1138.0,1136.0,1151.0,1143.0,1182.0,1190.0,1185.0,1186.0,1181.0,1181.0,1174.0,1205.0,1185.0,1177.0,1204.0,1222.0,1209.0,1212.0,1220.0,1212.0,1223.0,1217.0,1191.0,1202.0,1204.0,1193.0,1194.0,1201.0,1191.0,1193.0,1158.0,1171.0,1162.0,1150.0,1111.0,1142.0,1131.0,1124.0,1119.0,1107.0,1089.0,1100.0,1115.0,1107.0,1151.0,1143.0,1163.0,1140.0,1172.0,1173.0,1189.0,1219.0,1239.0,1254.0,1282.0,1275.0,1298.0,1270.0,1260.0,1265.0,1280.0,1290.0,1313.0,1323.0,1343.0,1329.0,1295.0,1341.0,1329.0,1334.0,1338.0,1344.0,1329.0,1316.0,1342.0,1299.0,1356.0,1349.0,1343.0,1335.0,1329.0,1334.0,1319.0,1311.0,1320.0,1293.0,1300.0,1313.0,1290.0,1307.0,1285.0,1286.0,1290.0,1293.0,1301.0,1323.0,1325.0,1324.0,1316.0,1291.0,1320.0,1349.0,1360.0,1392.0,1445.0,1430.0,1418.0,1405.0,1384.0,1339.0,1320.0,1315.0,1283.0,1215.0,1207.0,1151.0,1132.0,1117.0,1103.0,1099.0,1091.0,1095.0,1077.0,1089.0,1091.0,1083.0,1080.0,1093.0,1087.0,1105.0,1133.0,1119.0,1141.0,1144.0,1143.0,1179.0,1172.0,1172.0,1167.0,1158.0,1150.0,1158.0,1155.0,1170,1178.0,1165.0,1187.0,1207.0,1224.0,1226.0,1242.0,1250.0,1285.0,1350.0,1398.0,1384.0,1411.0,1354.0,1329.0,1277.0,1241.0,1207.0,1184.0,1175.0,1116.0,1131.0,1108.0,1068.0,1066.0,1042.0,1027.0,1009.0,1012.0,1008.0,999.0,996.0,1007.0,1000.0,985.0,994.0,987.0,994.0,972.0,983.0,990.0,986.0,987.0,990.0,981.0,984.0,975.0,983.0,972.0,981.0,976.0,980.0,990.0,981.0,976.0,994.0,975.0,972.0,961.0,991.0,969.0,983.0,992.0,974.0,975.0,972.0,983.0,974.0,984.0,983.0,981.0,977.0,983.0,972.0,978.0,985.0,978.0,966.0,978.0,980.0,990.0,978.0,969.0,990.0,967.0,980.0,974.0,982.0,988.0,965.0,980.0,980.0,982.0,985.0,981.0,979.0,976.0,982.0,991.0,979.0,979.0,969.0,965.0,985.0
1025.0,1017.0,1036.0,1018.0,1014.0,1013.0,1029.0,1021.0,1039.0,1032.0,1030.0,1025.0,1033.0,1001.0,1014.0,1001.0,1015.0,998.0,1006.0,989.0,992.0,1001.0,1016.0,1005.0,1022.0,1025.0,1046.0,1025.0,1040.0,1062.0,1073.0,1069.0,1070.0,1049.0,1067.0,1039.0,1048.0,1019.0,1003.0,1019.0,1017.0,1027.0,1021.0,1012.0,1004.0,1008.0,1001.0,1013.0,1005.0,1035.0,1016.0,1037.0,1027.0,1036.0,1035.0,1020.0,1014.0,1006.0,999.0,1029.0,1020.0,1047.0,993.0,991.0,1030.0,1021.0,1026.0,995.0,1038.0,1007.0,1024.0,1015.0,1016.0,1020.0,1017.0,997.0,1039.0,1013.0,1026.0,1022.0,1041.0,1058.0,1036.0,1063.0,1072.0,1072.0,1096.0,1089.0,1078.0,1063.0,1061.0,1074.0,1089.0,1089.0,1084.0,1104.0,1115.0,1128.0,1115.0,1131.0,1128.0,1182.0,1208.0,1254.0,1208.0,1175.0,1148.0,1126.0,1122.0,1149.0,1126.0,1122.0,1115.0,1104.0,1112.0,1105.0,1095.0,1109.0,1104.0,1131.0,1112.0,1111.0,1124.0,1101.0,1116.0,1086.0,1094.0,1096.0,1098.0,1103.0,1109.0,1118.0,1079.0,1117.0,1113.0,1124.0,1162.0,1168.0,1144.0,1107.0,1108.0,1104.0,1100.0,1115.0,1117.0,1137.0,1159.0,1159.0,1154.0,1154.0,1148.0,1123.0,1147.0,1148.0,1162.0,1149.0,1153.0,1165.0,1196.0,1178.0,1192.0,1168.0,1184.0,1139.0,1204.0,1189.0,1177.0,1169.0,1152.0,1140.0,1154.0,1118.0,1134.0,1138.0,1107.0,1124.0,1105.0,1099.0,1110.0,1085.0,1083.0,1077.0,1074.0,1094.0,1118.0,1124.0,1129.0,1140.0,1125.0,1132.0,1158.0,1173.0,1168.0,1197.0,1228.0,1231.0,1220.0,1223.0,1255.0,1223.0,1219.0,1243.0,1234.0,1259.0,1298.0,1288.0,1295.0,1280.0,1266.0,1267.0,1284.0,1288.0,1294.0,1292.0,1314.0,1303.0,1287.0,1276.0,1288.0,1312.0,1275.0,1285.0,1304.0,1285.0,1276.0,1264.0,1274.0,1257.0,1233.0,1231.0,1270.0,1261.0,1240.0,1243.0,1254.0,1256.0,1262.0,1273.0,1292.0,1269.0,1283.0,1270.0,1278.0,1328.0,1363.0,1344.0,1377.0,1360.0,1360.0,1318.0,1287.0,1299.0,1253.0,1221.0,1212.0,1159.0,1147.0,1113.0,1111.0,1089.0,1081.0,1096.0,1083.0,1083.0,1094.0,1064.0,1086.0,1081.0,1085.0,1069.0,1106.0,1118.0,1083.0,1126.0,1117.0,1127.0,1178.0,1171.0,1132.0,1135.0,1117.0,1143.0,1134.0,1144.0,1146,1161.0,1149.0,1185.0,1193.0,1185.0,1191.0,1201.0,1255.0,1274.0,1308.0,1334.0,1343.0,1363.0,1321.0,1313.0,1248.0,1240.0,3088.0,2913.0,1795.0,1152.0,1107.0,1102.0,1067.0,1074.0,1053.0,1030.0,1015.0,1008.0,995.0,1009.0,1015.0,1012.0,994.0,1017.0,1009.0,1009.0,989.0,989.0,997.0,1002.0,1008.0,991.0,978.0,990.0,972.0,997.0,985.0,981.0,1014.0,985.0,990.0,995.0,983.0,985.0,980.0,979.0,987.0,1003.0,996.0,975.0,988.0,978.0,978.0,985.0,988.0,1007.0,985.0,1013.0,980.0,967.0,975.0,986.0,998.0,975.0,979.0,987.0,986.0,1008.0,993.0,990.0,977.0,990.0,1004.0,970.0,1000.0,983.0,998.0,989.0,996.0,1009.0,1003.0,978.0,994.0,1015.0,992.0,988.0,989.0,1015.0,1009.0,982.0,991.0,995.0,995.0
1040.0,1042.0,1033.0,1040.0,1035.0,1026.0,1040.0,1045.0,1035.0,1030.0,1015.0,1044.0,1041.0,1005.0,1035.0,1020.0,1027.0,1017.0,1030.0,1026.0,1007.0,1028.0,1048.0,1041.0,1046.0,1032.0,1028.0,1064.0,1068.0,1096.0,1083.0,1091.0,1070.0,1062.0,1038.0,1062.0,1052.0,1037.0,1030.0,1031.0,1028.0,1026.0,1022.0,1025.0,1033.0,1027.0,1013.0,1038.0,1029.0,1032.0,1022.0,1032.0,1058.0,1061.0,1036.0,1028.0,1022.0,1038.0,1022.0,1043.0,1040.0,1015.0,1045.0,1010.0,1032.0,1022.0,1021.0,1034.0,1028.0,1027.0,1032.0,1030.0,1034.0,1038.0,1045.0,1039.0,1017.0,1040.0,1047.0,1056.0,1034.0,1054.0,1069.0,1097.0,1103.0,1090.0,1102.0,1132.0,1081.0,1060.0,1088.0,1093.0,1091.0,1119.0,1111.0,1116.0,1104.0,1135.0,1120.0,1108.0,1146.0,1169.0,1217.0,1244.0,1207.0,1186.0,1125.0,1143.0,1110.0,1126.0,1142.0,1126.0,1131.0,1097.0,1108.0,1098.0,1126.0,1115.0,1142.0,1141.0,1142.0,1115.0,1129.0,1117.0,1115.0,1120.0,1113.0,1093.0,1068.0,1112.0,1112.0,1124.0,1129.0,1133.0,1146.0,1128.0,1166.0,1182.0,1144.0,1098.0,1141.0,1114.0,1127.0,1134.0,1153.0,1163.0,1170.0,1151.0,1163.0,1144.0,1181.0,1162.0,1170.0,1148.0,1177.0,1183.0,1147.0,1177.0,1188.0,1178.0,1179.0,1183.0,1168.0,1160.0,1178.0,1170.0,1161.0,1176.0,1173.0,1131.0,1124.0,1157.0,1133.0,1122.0,1146.0,1130.0,1151.0,1129.0,1121.0,1111.0,1080.0,1117.0,1100.0,1099.0,1109.0,1122.0,1128.0,1137.0,1134.0,1132.0,1151.0,1166.0,1191.0,1194.0,1233.0,1264.0,1220.0,1231.0,1231.0,1227.0,1227.0,1227.0,1264.0,1278.0,1267.0,1314.0,1276.0,1272.0,1270.0,1286.0,1273.0,1259.0,1292.0,1298.0,1301.0,1282.0,1299.0,1316.0,1310.0,1285.0,1271.0,1302.0,1282.0,1296.0,1270.0,1264.0,1258.0,1308.0,1276.0,1256.0,1264.0,1259.0,1291.0,1264.0,1241.0,1257.0,1268.0,1265.0,1285.0,1271.0,1249.0,1291.0,1290.0,1319.0,1343.0,1376.0,1347.0,1343.0,1337.0,1323.0,1305.0,1302.0,1262.0,1242.0,1194.0,1190.0,1131.0,1101.0,1129.0,1118.0,1102.0,1107.0,1082.0,1126.0,1099.0,1095.0,1118.0,1115.0,1101.0,1093.0,1120.0,1146.0,1126.0,1139.0,1179.0,1131.0,1161.0,1165.0,1184.0,1156.0,1150.0,1160.0,1151.0,1169.0,1184,1164.0,1184.0,1190.0,1192.0,1171.0,1205.0,1227.0,1263.0,1276.0,1339.0,1345.0,1337.0,1339.0,1326.0,1303.0,1230.0,1232.0,1181.0,1146.0,1140.0,1139.0,1118.0,1127.0,1087.0,1070.0,1067.0,1050.0,1063.0,1071.0,1053.0,1028.0,1029.0,1035.0,1032.0,1034.0,1031.0,1027.0,1044.0,1046.0,1031.0,1015.0,1008.0,1038.0,1018.0,1004.0,1026.0,1037.0,1006.0,1012.0,1009.0,1010.0,1021.0,1036.0,1033.0,1008.0,1015.0,1002.0,1004.0,1012.0,1005.0,1008.0,1012.0,1016.0,997.0,1020.0,1009.0,1013.0,1007.0,989.0,1008.0,1009.0,1012.0,1041.0,1008.0,1018.0,1004.0,1030.0,992.0,1024.0,1011.0,1010.0,997.0,1029.0,1011.0,1033.0,1003.0,1006.0,1018.0,1011.0,1027.0,1010.0,1019.0,1037.0,1017.0,1019.0,999.0,1011.0,1048.0,1028.0,1008.0,1010.0,1016.0,1030.0,1007.0
1129.0,1111.0,1123.0,1123.0,1128.0,1152.0,1091.0,1118.0,1126.0,1091.0,1092.0,1124.0,1129.0,1099.0,1094.0,1100.0,1101.0,1118.0,1090.0,1117.0,1121.0,1096.0,1101.0,1109.0,1117.0,1100.0,1142.0,1145.0,1151.0,1181.0,1156.0,1201.0,1172.0,1174.0,1154.0,1131.0,1115.0,1122.0,1155.0,1095.0,1108.0,1131.0,1096.0,1121.0,1093.0,1103.0,1120.0,1095.0,1103.0,1120.0,1102.0,1124.0,1109.0,1120.0,1133.0,1124.0,1113.0,1117.0,1131.0,1144.0,1129.0,1135.0,1129.0,1117.0,1082.0,1128.0,1137.0,1103.0,1106.0,1127.0,1147.0,1148.0,1174.0,1141.0,1133.0,1109.0,1113.0,1123.0,1145.0,1135.0,1136.0,1148.0,1170.0,1156.0,1205.0,1213.0,1227.0,1230.0,1198.0,1194.0,1211.0,1227.0,1223.0,1227.0,1237.0,1216.0,1217.0,1241.0,1222.0,1250.0,1302.0,1369.0,1384.0,1398.0,1380.0,1310.0,1264.0,1269.0,1262.0,1312.0,1285.0,1266.0,1289.0,1233.0,1246.0,1234.0,1232.0,1275.0,1263.0,1263.0,1284.0,1257.0,1244.0,1231.0,1225.0,1226.0,1249.0,1230.0,1218.0,1249.0,1221.0,1262.0,1225.0,1262.0,1261.0,1241.0,1297.0,1327.0,1298.0,1263.0,1257.0,1246.0,1223.0,1288.0,1258.0,1304.0,1280.0,1340.0,1302.0,1277.0,1274.0,1296.0,1295.0,1283.0,1297.0,1315.0,1365.0,1340.0,1328.0,1337.0,1331.0,1347.0,1319.0,1348.0,1316.0,1322.0,1334.0,1321.0,1343.0,1276.0,1276.0,1238.0,1279.0,1258.0,1273.0,1222.0,1241.0,1246.0,1244.0,1215.0,1205.0,1213.0,1217.0,1223.0,1254.0,1248.0,1272.0,1273.0,1294.0,1278.0,1303.0,1330.0,1323.0,1372.0,1382.0,1404.0,1400.0,1405.0,1398.0,1402.0,1436.0,1417.0,1411.0,1439.0,1458.0,1454.0,1456.0,1445.0,1448.0,1453.0,1462.0,1491.0,1476.0,1474.0,1465.0,1465.0,1507.0,1511.0,1494.0,1504.0,1498.0,1461.0,1428.0,1440.0,1420.0,1427.0,1431.0,1455.0,1437.0,1424.0,1454.0,1430.0,1416.0,1422.0,1438.0,1458.0,1442.0,1488.0,1442.0,1472.0,1486.0,1412.0,1468.0,1506.0,1530.0,1558.0,1573.0,1556.0,1572.0,1512.0,1483.0,1421.0,1440.0,1398.0,1382.0,1297.0,1275.0,1250.0,1234.0,1227.0,1205.0,1207.0,1203.0,1192.0,1225.0,1197.0,1191.0,1173.0,1226.0,1215.0,1219.0,1235.0,1264.0,1266.0,1257.0,1283.0,1310.0,1308.0,1298.0,1288.0,1287.0,1277.0,1273.0,1273.0,1286,1296.0,1307.0,1318.0,1304.0,1338.0,1326.0,1353.0,1367.0,1416.0,1501.0,1532.0,1512.0,1521.0,1517.0,1496.0,1397.0,1394.0,1331.0,1327.0,1293.0,1278.0,1289.0,1231.0,1206.0,1196.0,1188.0,1175.0,1161.0,1148.0,1153.0,1144.0,1134.0,1114.0,1141.0,1137.0,1138.0,1121.0,1127.0,1142.0,1156.0,1110.0,1093.0,1115.0,1110.0,1107.0,1113.0,1100.0,1131.0,1115.0,1100.0,1092.0,1105.0,1123.0,1122.0,1103.0,1110.0,1116.0,1123.0,1110.0,1151.0,1088.0,1097.0,1113.0,1101.0,1121.0,1117.0,1136.0,1130.0,1119.0,1126.0,1109.0,1098.0,1146.0,1121.0,1128.0,1122.0,1130.0,1104.0,1129.0,1115.0,1121.0,1111.0,1112.0,1113.0,1112.0,1128.0,1119.0,1145.0,1121.0,1123.0,1132.0,1122.0,1144.0,1144.0,1125.0,1109.0,1115.0,1113.0,1135.0,1117.0,1136.0,1139.0,1137.0,1110.0
1018.0,1026.0,1036.0,1033.0,1034.0,1008.0,1026.0,1016.0,1027.0,999.0,1019.0,1006.0,1016.0,993.0,1002.0,1005.0,980.0,1005.0,999.0,1001.0,1016.0,1012.0,1004.0,1000.0,995.0,1022.0,1022.0,1046.0,1055.0,1074.0,1095.0,1074.0,1054.0,1076.0,1048.0,1033.0,1037.0,1011.0,1023.0,1004.0,1007.0,996.0,1011.0,996.0,1006.0,990.0,989.0,1002.0,1009.0,1016.0,1004.0,991.0,1015.0,1006.0,1020.0,1023.0,1005.0,1014.0,1019.0,1023.0,1015.0,1020.0,1003.0,995.0,996.0,1002.0,1004.0,1018.0,1001.0,994.0,1014.0,1040.0,1034.0,1026.0,1013.0,996.0,1004.0,1015.0,1017.0,1041.0,1045.0,1038.0,1035.0,1070.0,1075.0,1122.0,1138.0,1110.0,1083.0,1087.0,1076.0,1113.0,1104.0,1125.0,1136.0,1123.0,1129.0,1128.0,1130.0,1142.0,1197.0,1255.0,1281.0,1287.0,1253.0,1202.0,1138.0,1160.0,1162.0,1181.0,1161.0,1153.0,1144.0,1141.0,1140.0,1127.0,1137.0,1130.0,1153.0,1171.0,1164.0,1168.0,1128.0,1135.0,1137.0,1130.0,1137.0,1124.0,1106.0,1121.0,1123.0,1128.0,1143.0,1134.0,1140.0,1140.0,1176.0,1245.0,1165.0,1136.0,1104.0,1114.0,1130.0,1133.0,1161.0,1168.0,1202.0,1218.0,1198.0,1180.0,1182.0,1199.0,1192.0,1183.0,1186.0,1214.0,1239.0,1198.0,1240.0,1246.0,1222.0,1221.0,1231.0,1217.0,1167.0,1200.0,1201.0,1196.0,1196.0,1139.0,1164.0,1141.0,1138.0,1134.0,1122.0,1103.0,1105.0,1129.0,1098.0,1104.0,1078.0,1081.0,1055.0,1093.0,1084.0,1126.0,1152.0,1123.0,1125.0,1128.0,1167.0,1181.0,1227.0,1222.0,1252.0,1291.0,1286.0,1298.0,1300.0,1308.0,1309.0,1293.0,1298.0,1318.0,1351.0,1361.0,1338.0,1351.0,1359.0,1353.0,1346.0,1355.0,1360.0,1375.0,1375.0,1379.0,1373.0,1382.0,1383.0,1392.0,1379.0,1349.0,1347.0,1356.0,1281.0,1321.0,1290.0,1315.0,1329.0,1316.0,1286.0,1301.0,1308.0,1304.0,1302.0,1318.0,1325.0,1315.0,1351.0,1334.0,1325.0,1325.0,1359.0,1398.0,1407.0,1445.0,1491.0,1468.0,1445.0,1401.0,1379.0,1361.0,1330.0,1253.0,1232.0,1172.0,1134.0,1086.0,1089.0,1067.0,1065.0,1052.0,1055.0,1053.0,1056.0,1041.0,1063.0,1050.0,1068.0,1090.0,1077.0,1058.0,1079.0,1094.0,1118.0,1127.0,1148.0,1159.0,1134.0,1134.0,1110.0,1098.0,1119.0,1143.0,1160,1166.0,1178.0,1178.0,1173.0,1192.0,1198.0,1208.0,1262.0,1304.0,1330.0,1395.0,1384.0,1413.0,1378.0,1331.0,1275.0,1257.0,1200.0,1193.0,1179.0,1143.0,1111.0,1073.0,1067.0,1048.0,1008.0,1004.0,1019.0,973.0,955.0,994.0,964.0,956.0,961.0,978.0,946.0,958.0,976.0,952.0,952.0,948.0,954.0,952.0,945.0,955.0,953.0,961.0,941.0,951.0,946.0,941.0,938.0,963.0,948.0,954.0,955.0,951.0,952.0,934.0,968.0,952.0,951.0,932.0,949.0,951.0,939.0,949.0,957.0,953.0,956.0,940.0,966.0,955.0,943.0,946.0,955.0,952.0,948.0,945.0,953.0,945.0,950.0,948.0,939.0,940.0,964.0,952.0,951.0,956.0,959.0,967.0,954.0,954.0,952.0,942.0,943.0,949.0,952.0,966.0,952.0,944.0,943.0,954.0,944.0
1013.0,1003.0,1035.0,1020.0,1034.0,1002.0,1025.0,1017.0,1005.0,982.0,1005.0,993.0,1007.0,1018.0,996.0,1003.0,988.0,1004.0,992.0,1013.0,1006.0,1014.0,1008.0,996.0,998.0,1007.0,1032.0,1034.0,1057.0,1075.0,1068.0,1076.0,1055.0,1028.0,1043.0,1034.0,1016.0,1018.0,1020.0,1024.0,1005.0,998.0,988.0,1002.0,1011.0,1001.0,987.0,1010.0,997.0,1024.0,1003.0,1011.0,1008.0,1020.0,994.0,1004.0,999.0,1004.0,1015.0,1029.0,1020.0,1007.0,979.0,1004.0,1000.0,1000.0,1002.0,995.0,1020.0,990.0,1002.0,1039.0,1041.0,1023.0,1009.0,1007.0,1005.0,1013.0,1014.0,1037.0,1016.0,1035.0,1054.0,1047.0,1053.0,1104.0,1096.0,1089.0,1076.0,1077.0,1081.0,1115.0,1114.0,1104.0,1122.0,1119.0,1120.0,1114.0,1120.0,1164.0,1189.0,1212.0,1267.0,1285.0,1234.0,1198.0,1151.0,1138.0,1156.0,1162.0,1148.0,1148.0,1127.0,1116.0,1129.0,1111.0,1116.0,1128.0,1134.0,1144.0,1134.0,1140.0,1139.0,1120.0,1106.0,1094.0,1088.0,1093.0,1077.0,1101.0,1118.0,1121.0,1138.0,1119.0,1119.0,1110.0,1160.0,1226.0,1170.0,1129.0,1115.0,1112.0,1125.0,1124.0,1167.0,1182.0,1175.0,1182.0,1172.0,1173.0,1145.0,1163.0,1174.0,1168.0,1172.0,1187.0,1211.0,1204.0,1217.0,1202.0,1201.0,1188.0,1182.0,1195.0,1196.0,1173.0,1195.0,1164.0,1168.0,1126.0,1141.0,1128.0,1152.0,1108.0,1116.0,1105.0,1111.0,1087.0,1108.0,1079.0,1074.0,1087.0,1073.0,1077.0,1083.0,1119.0,1144.0,1137.0,1120.0,1142.0,1145.0,1181.0,1217.0,1229.0,1244.0,1271.0,1278.0,1264.0,1260.0,1283.0,1252.0,1277.0,1255.0,1316.0,1314.0,1330.0,1319.0,1298.0,1306.0,1323.0,1314.0,1309.0,1334.0,1354.0,1327.0,1312.0,1320.0,1325.0,1335.0,1347.0,1304.0,1309.0,1346.0,1304.0,1298.0,1296.0,1269.0,1296.0,1284.0,1293.0,1295.0,1269.0,1273.0,1272.0,1260.0,1282.0,1292.0,1288.0,1297.0,1298.0,1300.0,1304.0,1321.0,1337.0,1398.0,1406.0,1420.0,1430.0,1411.0,1346.0,1328.0,1300.0,1297.0,1257.0,1211.0,1178.0,1132.0,1095.0,1078.0,1078.0,1064.0,1092.0,1061.0,1072.0,1042.0,1058.0,1062.0,1070.0,1063.0,1061.0,1100.0,1085.0,1076.0,1085.0,1101.0,1133.0,1136.0,1145.0,1141.0,1131.0,1137.0,1144.0,1116.0,1130.0,1150,1158.0,1146.0,1162.0,1189.0,1175.0,1164.0,1216.0,1235.0,1263.0,1331.0,1361.0,1384.0,1385.0,1344.0,1322.0,1259.0,1221.0,1208.0,1186.0,1128.0,1121.0,1084.0,1098.0,1051.0,1038.0,1023.0,1025.0,1014.0,982.0,988.0,983.0,979.0,984.0,968.0,943.0,959.0,954.0,949.0,971.0,978.0,956.0,945.0,971.0,956.0,956.0,945.0,953.0,954.0,948.0,960.0,953.0,952.0,948.0,955.0,945.0,963.0,937.0,943.0,951.0,961.0,946.0,963.0,940.0,947.0,950.0,956.0,955.0,958.0,949.0,949.0,938.0,951.0,953.0,962.0,953.0,940.0,963.0,945.0,950.0,945.0,940.0,952.0,951.0,971.0,948.0,958.0,976.0,953.0,967.0,939.0,951.0,966.0,958.0,949.0,953.0,934.0,957.0,957.0,960.0,966.0,970.0,962.0,967.0,958.0
1019.0,1012.0,1015.0,1027.0,997.0,999.0,992.0,991.0,1002.0,1014.0,1009.0,997.0,1002.0,996.0,986.0,991.0,987.0,976.0,980.0,1032.0,997.0,1004.0,982.0,996.0,1009.0,1002.0,1015.0,1021.0,1031.0,1061.0,1045.0,1067.0,1047.0,1038.0,1021.0,1022.0,988.0,985.0,998.0,993.0,974.0,967.0,975.0,991.0,1008.0,1003.0,964.0,993.0,1016.0,1000.0,1004.0,1015.0,1007.0,1032.0,976.0,1016.0,999.0,998.0,999.0,999.0,993.0,1022.0,1002.0,988.0,994.0,998.0,1003.0,983.0,981.0,999.0,1008.0,1016.0,1004.0,1024.0,1029.0,1001.0,957.0,996.0,1026.0,1006.0,1020.0,1021.0,1022.0,1035.0,1071.0,1068.0,1070.0,1071.0,1046.0,1078.0,1051.0,1080.0,1073.0,1074.0,1102.0,1081.0,1058.0,1105.0,1102.0,1143.0,1150.0,1199.0,1229.0,1265.0,1238.0,1166.0,1116.0,1132.0,1141.0,1124.0,1138.0,1136.0,1120.0,1113.0,1079.0,1091.0,1086.0,1137.0,1120.0,1126.0,1139.0,1136.0,1108.0,1098.0,1100.0,1099.0,1078.0,1103.0,1083.0,1081.0,1080.0,1094.0,1107.0,1072.0,1096.0,1125.0,1164.0,1159.0,1149.0,1085.0,1096.0,1087.0,1097.0,1129.0,1164.0,1129.0,1155.0,1163.0,1170.0,1154.0,1137.0,1136.0,1137.0,1142.0,1172.0,1156.0,1186.0,1177.0,1206.0,1204.0,1186.0,1184.0,1176.0,1164.0,1153.0,1175.0,1179.0,1186.0,1165.0,1147.0,1120.0,1112.0,1098.0,1130.0,1102.0,1110.0,1104.0,1081.0,1082.0,1086.0,1049.0,1065.0,1036.0,1074.0,1091.0,1090.0,1097.0,1107.0,1110.0,1121.0,1137.0,1150.0,1184.0,1206.0,1206.0,1263.0,1284.0,1210.0,1230.0,1234.0,1223.0,1231.0,1281.0,1285.0,1268.0,1321.0,1287.0,1285.0,1299.0,1282.0,1312.0,1293.0,1334.0,1288.0,1287.0,1306.0,1305.0,1307.0,1312.0,1275.0,1311.0,1288.0,1298.0,1260.0,1289.0,1260.0,1273.0,1265.0,1287.0,1283.0,1268.0,1267.0,1254.0,1263.0,1240.0,1276.0,1295.0,1297.0,1284.0,1310.0,1295.0,1309.0,1300.0,1311.0,1367.0,1392.0,1381.0,1368.0,1395.0,1338.0,1309.0,1275.0,1275.0,1224.0,1219.0,1156.0,1104.0,1084.0,1067.0,1064.0,1065.0,1047.0,1040.0,1051.0,1048.0,1038.0,1024.0,1058.0,1062.0,1069.0,1085.0,1082.0,1075.0,1080.0,1100.0,1098.0,1133.0,1151.0,1124.0,1132.0,1125.0,1111.0,1096.0,1117.0,1134,1143.0,1126.0,1156.0,1151.0,1180.0,1163.0,1201.0,1233.0,1276.0,1317.0,1360.0,1349.0,1377.0,1331.0,1297.0,1214.0,1204.0,1190.0,1175.0,1106.0,1114.0,1072.0,1060.0,1012.0,1024.0,1000.0,989.0,986.0,964.0,1001.0,950.0,972.0,973.0,976.0,979.0,982.0,951.0,972.0,935.0,959.0,935.0,943.0,940.0,947.0,979.0,947.0,943.0,962.0,961.0,943.0,960.0,939.0,951.0,945.0,941.0,910.0,946.0,927.0,932.0,941.0,930.0,927.0,931.0,935.0,947.0,955.0,965.0,929.0,943.0,948.0,927.0,947.0,923.0,929.0,930.0,947.0,938.0,948.0,947.0,954.0,945.0,952.0,943.0,932.0,957.0,948.0,939.0,944.0,964.0,928.0,972.0,953.0,951.0,931.0,939.0,953.0,933.0,944.0,957.0,948.0,960.0,938.0,923.0,952.0
1018.0,1019.0,1001.0,1014.0,1015.0,1022.0,1031.0,1006.0,1002.0,988.0,998.0,994.0,979.0,991.0,982.0,1010.0,989.0,989.0,985.0,1012.0,980.0,1005.0,1004.0,998.0,1012.0,983.0,1030.0,1038.0,1056.0,1056.0,1065.0,1059.0,1060.0,1040.0,1025.0,1002.0,1004.0,990.0,1006.0,989.0,991.0,1004.0,998.0,992.0,980.0,981.0,978.0,1002.0,1006.0,993.0,993.0,1016.0,984.0,1023.0,1009.0,993.0,988.0,988.0,1006.0,1008.0,1012.0,1015.0,995.0,997.0,989.0,992.0,988.0,977.0,998.0,999.0,1016.0,992.0,1019.0,1014.0,994.0,995.0,988.0,997.0,1003.0,1007.0,1015.0,1029.0,1027.0,1052.0,1066.0,1085.0,1109.0,1084.0,1071.0,1053.0,1061.0,1068.0,1104.0,1102.0,1103.0,1084.0,1092.0,1138.0,1096.0,1160.0,1169.0,1195.0,1267.0,1260.0,1215.0,1175.0,1140.0,1132.0,1146.0,1143.0,1133.0,1114.0,1144.0,1130.0,1109.0,1103.0,1095.0,1126.0,1125.0,1127.0,1123.0,1127.0,1112.0,1103.0,1098.0,1093.0,1095.0,1092.0,1100.0,1083.0,1092.0,1101.0,1135.0,1101.0,1116.0,1109.0,1168.0,1215.0,1146.0,1115.0,1103.0,1100.0,1107.0,1116.0,1146.0,1153.0,1178.0,1170.0,1163.0,1154.0,1175.0,1143.0,1158.0,1146.0,1203.0,1184.0,1202.0,1190.0,1188.0,1195.0,1212.0,1200.0,1187.0,1185.0,1165.0,1171.0,1168.0,1177.0,1162.0,1143.0,1112.0,1118.0,1143.0,1114.0,1107.0,1096.0,1097.0,1094.0,1080.0,1076.0,1079.0,1064.0,1080.0,1074.0,1098.0,1107.0,1127.0,1113.0,1119.0,1119.0,1135.0,1164.0,1215.0,1203.0,1220.0,1242.0,1259.0,1267.0,1244.0,1241.0,1271.0,1282.0,1280.0,1294.0,1303.0,1303.0,1288.0,1284.0,1318.0,1326.0,1318.0,1297.0,1322.0,1335.0,1320.0,1299.0,1313.0,1311.0,1332.0,1336.0,1322.0,1311.0,1299.0,1296.0,1270.0,1299.0,1290.0,1262.0,1273.0,1269.0,1294.0,1275.0,1267.0,1267.0,1252.0,1261.0,1305.0,1284.0,1296.0,1294.0,1278.0,1280.0,1306.0,1337.0,1379.0,1414.0,1417.0,1394.0,1394.0,1371.0,1332.0,1281.0,1267.0,1250.0,1192.0,1145.0,1102.0,1079.0,1074.0,1047.0,1061.0,1046.0,1031.0,1047.0,1031.0,1026.0,1038.0,1019.0,1066.0,1048.0,1069.0,1050.0,1054.0,1082.0,1084.0,1092.0,1129.0,1121.0,1108.0,1134.0,1120.0,1098.0,1096.0,1140.0,1118,1134.0,1135.0,1159.0,1154.0,1162.0,1175.0,1190.0,1233.0,1250.0,1302.0,1324.0,1359.0,1339.0,1355.0,1290.0,1228.0,1207.0,1190.0,1163.0,1115.0,1124.0,1063.0,1057.0,1040.0,1007.0,1001.0,987.0,982.0,965.0,965.0,960.0,937.0,954.0,952.0,962.0,954.0,945.0,942.0,949.0,937.0,934.0,935.0,937.0,943.0,937.0,937.0,946.0,928.0,942.0,929.0,929.0,924.0,944.0,926.0,940.0,939.0,940.0,934.0,915.0,941.0,925.0,941.0,934.0,939.0,937.0,932.0,930.0,923.0,937.0,923.0,931.0,923.0,929.0,938.0,922.0,926.0,931.0,925.0,914.0,937.0,924.0,931.0,925.0,946.0,926.0,932.0,927.0,923.0,931.0,936.0,927.0,934.0,930.0,921.0,937.0,937.0,925.0,938.0,940.0,921.0,933.0,924.0,933.0,942.0
992.0,973.0,992.0,996.0,993.0,999.0,998.0,1005.0,1007.0,972.0,975.0,967.0,985.0,978.0,989.0,991.0,964.0,962.0,979.0,988.0,983.0,980.0,978.0,1001.0,998.0,997.0,989.0,1029.0,1013.0,1043.0,1044.0,1052.0,1038.0,1002.0,999.0,997.0,967.0,960.0,987.0,983.0,984.0,960.0,976.0,975.0,972.0,962.0,969.0,966.0,966.0,986.0,992.0,978.0,990.0,996.0,1007.0,1000.0,977.0,980.0,984.0,996.0,979.0,981.0,982.0,965.0,988.0,965.0,981.0,967.0,973.0,979.0,1008.0,990.0,975.0,981.0,998.0,977.0,975.0,997.0,978.0,1005.0,979.0,1023.0,992.0,1004.0,1018.0,1068.0,1070.0,1057.0,1038.0,1033.0,1055.0,1062.0,1066.0,1081.0,1055.0,1047.0,1068.0,1102.0,1081.0,1092.0,1124.0,1176.0,1205.0,1223.0,1199.0,1142.0,1115.0,1100.0,1106.0,1130.0,1100.0,1096.0,1101.0,1085.0,1069.0,1061.0,1084.0,1073.0,1084.0,1107.0,1107.0,1095.0,1094.0,1068.0,1074.0,1063.0,1050.0,1066.0,1053.0,1068.0,1073.0,1083.0,1076.0,1074.0,1070.0,1075.0,1134.0,1162.0,1114.0,1086.0,1056.0,1052.0,1085.0,1080.0,1084.0,1122.0,1163.0,1134.0,1137.0,1120.0,1109.0,1128.0,1129.0,1114.0,1126.0,1139.0,1133.0,1142.0,1159.0,1154.0,1174.0,1130.0,1146.0,1132.0,1129.0,1139.0,1120.0,1137.0,1130.0,1089.0,1104.0,1098.0,1076.0,1096.0,1071.0,1077.0,1066.0,1069.0,1061.0,1052.0,1044.0,1046.0,1046.0,1053.0,1062.0,1079.0,1079.0,1104.0,1085.0,1094.0,1110.0,1122.0,1163.0,1163.0,1197.0,1195.0,1190.0,1207.0,1213.0,1177.0,1203.0,1233.0,1226.0,1238.0,1240.0,1248.0,1246.0,1233.0,1267.0,1256.0,1228.0,1250.0,1262.0,1251.0,1263.0,1277.0,1276.0,1262.0,1285.0,1271.0,1263.0,1261.0,1250.0,1236.0,1243.0,1210.0,1218.0,1225.0,1218.0,1241.0,1223.0,1221.0,1224.0,1213.0,1231.0,1241.0,1240.0,1244.0,1256.0,1275.0,1217.0,1252.0,1285.0,1300.0,1322.0,1318.0,1349.0,1331.0,1343.0,1323.0,1273.0,1242.0,1220.0,1188.0,1173.0,1131.0,1096.0,1060.0,1040.0,1029.0,1044.0,1024.0,1038.0,1036.0,1024.0,1016.0,1037.0,1000.0,1034.0,1043.0,1035.0,1044.0,1043.0,1064.0,1094.0,1084.0,1102.0,1099.0,1114.0,1084.0,1089.0,1081.0,1103.0,1090.0,1130,1129.0,1126.0,1137.0,1126.0,1120.0,1154.0,1170.0,1175.0,1228.0,1268.0,1310.0,1310.0,1326.0,1291.0,1238.0,1209.0,1184.0,1143.0,1153.0,1116.0,1089.0,1054.0,1044.0,1018.0,1020.0,977.0,992.0,969.0,953.0,984.0,968.0,955.0,959.0,956.0,954.0,958.0,935.0,958.0,932.0,945.0,951.0,937.0,920.0,936.0,916.0,938.0,937.0,937.0,937.0,924.0,930.0,935.0,946.0,932.0,939.0,934.0,928.0,932.0,930.0,924.0,923.0,934.0,908.0,940.0,915.0,925.0,946.0,930.0,930.0,940.0,915.0,957.0,930.0,944.0,939.0,942.0,930.0,941.0,926.0,935.0,939.0,948.0,932.0,944.0,929.0,940.0,937.0,940.0,926.0,938.0,926.0,931.0,949.0,952.0,938.0,932.0,935.0,939.0,940.0,959.0,940.0,966.0,924.0,931.0
1008.0,999.0,1027.0,1004.0,987.0,1013.0,1015.0,994.0,1001.0,990.0,998.0,990.0,985.0,994.0,985.0,989.0,987.0,971.0,1003.0,995.0,978.0,995.0,1015.0,1006.0,986.0,993.0,1024.0,1036.0,1056.0,1050.0,1047.0,1063.0,1034.0,1046.0,1015.0,993.0,1009.0,1004.0,1008.0,985.0,997.0,978.0,1008.0,997.0,992.0,1007.0,977.0,984.0,995.0,1002.0,1013.0,978.0,991.0,1001.0,1019.0,996.0,976.0,1003.0,986.0,1000.0,999.0,1019.0,1005.0,1014.0,983.0,1013.0,990.0,966.0,1013.0,1020.0,1001.0,1001.0,1011.0,996.0,979.0,992.0,1003.0,1015.0,997.0,1003.0,1014.0,1033.0,1036.0,1026.0,1047.0,1081.0,1085.0,1063.0,1066.0,1058.0,1063.0,1090.0,1086.0,1083.0,1091.0,1092.0,1097.0,1119.0,1094.0,1134.0,1142.0,1159.0,1251.0,1260.0,1194.0,1158.0,1126.0,1111.0,1128.0,1113.0,1096.0,1119.0,1096.0,1070.0,1086.0,1097.0,1092.0,1102.0,1121.0,1133.0,1117.0,1129.0,1101.0,1099.0,1099.0,1083.0,1068.0,1080.0,1084.0,1093.0,1095.0,1101.0,1095.0,1114.0,1105.0,1109.0,1148.0,1154.0,1136.0,1103.0,1096.0,1099.0,1082.0,1107.0,1129.0,1106.0,1152.0,1164.0,1167.0,1136.0,1142.0,1123.0,1135.0,1145.0,1169.0,1160.0,1149.0,1160.0,1162.0,1148.0,1169.0,1203.0,1140.0,1167.0,1183.0,1174.0,1155.0,1149.0,1156.0,1124.0,1123.0,1078.0,1089.0,1136.0,1108.0,1086.0,1100.0,1075.0,1089.0,1058.0,1072.0,1065.0,1065.0,1067.0,1067.0,1101.0,1121.0,1113.0,1130.0,1101.0,1109.0,1143.0,1163.0,1195.0,1198.0,1216.0,1224.0,1238.0,1224.0,1210.0,1220.0,1260.0,1230.0,1285.0,1274.0,1263.0,1272.0,1244.0,1290.0,1298.0,1254.0,1298.0,1285.0,1289.0,1295.0,1302.0,1283.0,1297.0,1290.0,1269.0,1276.0,1294.0,1278.0,1287.0,1263.0,1255.0,1246.0,1242.0,1236.0,1266.0,1233.0,1235.0,1240.0,1226.0,1248.0,1257.0,1262.0,1226.0,1296.0,1280.0,1247.0,1273.0,1298.0,1307.0,1350.0,1367.0,1386.0,1339.0,1356.0,1318.0,1290.0,1271.0,1271.0,1242.0,1192.0,1154.0,1110.0,1093.0,1064.0,1067.0,1060.0,1042.0,1051.0,1043.0,1025.0,1043.0,1033.0,1063.0,1077.0,1061.0,1046.0,1092.0,1073.0,1114.0,1104.0,1101.0,1122.0,1141.0,1121.0,1125.0,1113.0,1106.0,1115.0,1116.0,1128,1133.0,1129.0,1164.0,1141.0,1149.0,1186.0,1190.0,1237.0,1259.0,1277.0,1356.0,1330.0,1326.0,1319.0,1271.0,1260.0,1177.0,1159.0,1140.0,1111.0,1096.0,1091.0,1066.0,1026.0,1046.0,1019.0,994.0,1002.0,992.0,985.0,970.0,998.0,967.0,948.0,972.0,969.0,962.0,965.0,961.0,956.0,951.0,958.0,949.0,952.0,944.0,969.0,935.0,955.0,949.0,942.0,946.0,959.0,967.0,976.0,952.0,947.0,951.0,929.0,949.0,944.0,949.0,954.0,951.0,950.0,951.0,945.0,965.0,950.0,960.0,933.0,953.0,978.0,965.0,930.0,953.0,941.0,961.0,959.0,972.0,962.0,944.0,947.0,938.0,954.0,944.0,957.0,970.0,966.0,939.0,954.0,952.0,966.0,960.0,958.0,944.0,952.0,950.0,937.0,964.0,944.0,957.0,969.0,964.0,943.0
1040.0,1036.0,1053.0,1034.0,1045.0,1039.0,1045.0,1047.0,1033.0,1030.0,1032.0,1042.0,1027.0,1020.0,1014.0,1017.0,1024.0,1012.0,1021.0,1015.0,1028.0,1023.0,1019.0,1041.0,1019.0,1043.0,1062.0,1049.0,1066.0,1083.0,1066.0,1097.0,1088.0,1063.0,1061.0,1059.0,1050.0,1029.0,1041.0,1026.0,1022.0,1004.0,1030.0,1033.0,1014.0,1015.0,1003.0,1015.0,1037.0,1031.0,1027.0,1020.0,1023.0,1046.0,1045.0,1048.0,1010.0,1034.0,1042.0,1030.0,1054.0,1020.0,1016.0,1011.0,1012.0,1029.0,1018.0,1031.0,1047.0,1021.0,1035.0,1037.0,1038.0,1042.0,1028.0,1019.0,1025.0,1038.0,1032.0,1030.0,1052.0,1052.0,1067.0,1076.0,1098.0,1095.0,1128.0,1107.0,1086.0,1093.0,1095.0,1127.0,1128.0,1112.0,1130.0,1142.0,1143.0,1121.0,1133.0,1147.0,1204.0,1218.0,1279.0,1306.0,1305.0,1223.0,1171.0,1167.0,1157.0,1161.0,1164.0,1137.0,1144.0,1136.0,1143.0,1110.0,1150.0,1151.0,1146.0,1171.0,1155.0,1153.0,1138.0,1119.0,1125.0,1143.0,1118.0,1104.0,1098.0,1131.0,1132.0,1124.0,1157.0,1152.0,1135.0,1152.0,1178.0,1222.0,1185.0,1150.0,1134.0,1132.0,1138.0,1162.0,1164.0,1187.0,1209.0,1203.0,1193.0,1183.0,1184.0,1171.0,1174.0,1192.0,1173.0,1189.0,1218.0,1197.0,1219.0,1226.0,1209.0,1211.0,1208.0,1196.0,1200.0,1210.0,1204.0,1189.0,1206.0,1190.0,1189.0,1154.0,1153.0,1154.0,1142.0,1110.0,1133.0,1122.0,1110.0,1110.0,1106.0,1110.0,1104.0,1126.0,1103.0,1126.0,1154.0,1172.0,1126.0,1175.0,1163.0,1180.0,1211.0,1240.0,1261.0,1275.0,1253.0,1275.0,1256.0,1252.0,1261.0,1283.0,1315.0,1315.0,1338.0,1352.0,1332.0,1304.0,1330.0,1349.0,1319.0,1332.0,1345.0,1341.0,1331.0,1339.0,1330.0,1339.0,1343.0,1326.0,1336.0,1345.0,1333.0,1317.0,1309.0,1296.0,1295.0,1294.0,1328.0,1295.0,1332.0,1292.0,1307.0,1288.0,1292.0,1307.0,1312.0,1330.0,1323.0,1320.0,1299.0,1311.0,1325.0,1353.0,1408.0,1460.0,1436.0,1441.0,1427.0,1401.0,1335.0,1318.0,1303.0,1274.0,1215.0,1192.0,1145.0,1122.0,1115.0,1105.0,1090.0,1089.0,1111.0,1068.0,1093.0,1085.0,1067.0,1061.0,1097.0,1090.0,1115.0,1135.0,1121.0,1129.0,1138.0,1111.0,1165.0,1160.0,1146.0,1165.0,1136.0,1140.0,1166.0,1161.0,1165,1173.0,1164.0,1183.0,1200.0,1215.0,1215.0,1256.0,1264.0,1294.0,1364.0,1380.0,1404.0,1400.0,1371.0,1320.0,1272.0,1248.0,1203.0,1175.0,1152.0,1112.0,1114.0,1094.0,1055.0,1045.0,1056.0,1042.0,1019.0,1016.0,1008.0,1001.0,997.0,1004.0,989.0,996.0,992.0,983.0,993.0,979.0,968.0,1014.0,993.0,997.0,968.0,976.0,988.0,988.0,980.0,985.0,977.0,980.0,979.0,980.0,974.0,968.0,990.0,984.0,974.0,966.0,973.0,981.0,974.0,979.0,971.0,980.0,977.0,987.0,966.0,981.0,971.0,985.0,976.0,984.0,972.0,974.0,981.0,987.0,959.0,974.0,986.0,981.0,968.0,975.0,990.0,964.0,970.0,972.0,958.0,978.0,973.0,980.0,986.0,966.0,985.0,984.0,965.0,964.0,987.0,978.0,964.0,972.0,975.0,986.0,981.0
1021.0,1007.0,1010.0,1004.0,988.0,1010.0,1010.0,1011.0,1031.0,987.0,1015.0,989.0,1008.0,993.0,1012.0,996.0,993.0,985.0,1005.0,1012.0,1008.0,1010.0,1021.0,1006.0,975.0,1005.0,1015.0,1025.0,1039.0,1048.0,1057.0,1055.0,1064.0,1043.0,1028.0,1034.0,1029.0,977.0,1001.0,996.0,984.0,992.0,992.0,992.0,990.0,1012.0,986.0,985.0,1004.0,1006.0,992.0,997.0,1008.0,1024.0,1010.0,1012.0,996.0,1010.0,988.0,994.0,1012.0,1015.0,988.0,985.0,1015.0,1004.0,1011.0,1005.0,1014.0,1005.0,1020.0,1004.0,1018.0,991.0,1019.0,1017.0,1012.0,1014.0,1012.0,1001.0,1019.0,1026.0,1014.0,1055.0,1072.0,1075.0,1078.0,1070.0,1053.0,1054.0,1051.0,1074.0,1086.0,1096.0,1041.0,1114.0,1077.0,1114.0,1119.0,1100.0,1127.0,1141.0,1190.0,1201.0,1180.0,1130.0,1111.0,1122.0,1096.0,1122.0,1113.0,1094.0,1082.0,1090.0,1091.0,1084.0,1084.0,1093.0,1094.0,1096.0,1114.0,1093.0,1092.0,1105.0,1093.0,1074.0,1083.0,1086.0,1076.0,1083.0,1079.0,1088.0,1102.0,1108.0,1095.0,1115.0,1137.0,1151.0,1122.0,1094.0,1086.0,1099.0,1084.0,1102.0,1118.0,1158.0,1152.0,1162.0,1122.0,1130.0,1126.0,1133.0,1117.0,1117.0,1140.0,1132.0,1143.0,1152.0,1170.0,1165.0,1158.0,1132.0,1134.0,1143.0,1141.0,1162.0,1134.0,1153.0,1129.0,1136.0,1122.0,1126.0,1122.0,1099.0,1093.0,1090.0,1085.0,1071.0,1076.0,1075.0,1050.0,1093.0,1080.0,1078.0,1093.0,1097.0,1111.0,1121.0,1110.0,1096.0,1112.0,1146.0,1162.0,1174.0,1201.0,1214.0,1188.0,1210.0,1210.0,1193.0,1202.0,1216.0,1229.0,1236.0,1260.0,1234.0,1234.0,1248.0,1251.0,1219.0,1251.0,1244.0,1273.0,1273.0,1275.0,1269.0,1257.0,1252.0,1257.0,1259.0,1254.0,1250.0,1252.0,1238.0,1235.0,1224.0,1241.0,1209.0,1228.0,1229.0,1237.0,1245.0,1238.0,1229.0,1222.0,1221.0,1218.0,1244.0,1259.0,1240.0,1240.0,1230.0,1258.0,1278.0,1298.0,1329.0,1336.0,1333.0,1312.0,1301.0,1266.0,1248.0,1237.0,1209.0,1179.0,1137.0,1118.0,1083.0,1083.0,1068.0,1070.0,1062.0,1072.0,1049.0,1067.0,1061.0,1049.0,1048.0,1076.0,1068.0,1085.0,1097.0,1090.0,1101.0,1114.0,1095.0,1141.0,1136.0,1123.0,1105.0,1125.0,1129.0,1114.0,1120.0,1134,1157.0,1132.0,1154.0,1178.0,1167.0,1191.0,1197.0,1238.0,1243.0,1311.0,1327.0,1316.0,1310.0,1298.0,1269.0,1211.0,1166.0,1163.0,1134.0,1118.0,1104.0,1067.0,1073.0,1055.0,1048.0,1022.0,1003.0,1025.0,1006.0,989.0,991.0,997.0,1011.0,986.0,985.0,1003.0,998.0,990.0,981.0,997.0,979.0,987.0,996.0,987.0,973.0,995.0,978.0,989.0,983.0,978.0,989.0,988.0,995.0,976.0,961.0,968.0,973.0,983.0,969.0,996.0,970.0,981.0,979.0,962.0,959.0,996.0,981.0,965.0,974.0,978.0,986.0,967.0,971.0,986.0,968.0,980.0,977.0,974.0,993.0,984.0,973.0,979.0,968.0,986.0,968.0,969.0,969.0,974.0,985.0,974.0,984.0,978.0,990.0,973.0,1000.0,990.0,982.0,986.0,997.0,972.0,966.0,975.0,979.0,985.0
999.0,992.0,1012.0,1001.0,1002.0,989.0,1005.0,1005.0,1011.0,1004.0,999.0,1006.0,1018.0,984.0,993.0,998.0,985.0,1007.0,969.0,976.0,1002.0,1016.0,1000.0,986.0,990.0,996.0,1008.0,1015.0,1031.0,1054.0,1023.0,1041.0,1040.0,1021.0,1016.0,1010.0,996.0,1021.0,994.0,999.0,997.0,999.0,979.0,981.0,981.0,999.0,988.0,995.0,1001.0,983.0,978.0,1005.0,999.0,1009.0,1000.0,987.0,996.0,1003.0,1001.0,1009.0,1012.0,995.0,987.0,1005.0,1001.0,995.0,987.0,1021.0,1003.0,1010.0,1000.0,1014.0,1023.0,1001.0,984.0,1000.0,988.0,1003.0,999.0,1020.0,1003.0,1019.0,1016.0,1024.0,1056.0,1065.0,1058.0,1071.0,1034.0,1051.0,1029.0,1063.0,1057.0,1084.0,1071.0,1070.0,1085.0,1091.0,1100.0,1071.0,1088.0,1158.0,1168.0,1199.0,1176.0,1147.0,1109.0,1097.0,1102.0,1097.0,1094.0,1097.0,1107.0,1081.0,1068.0,1064.0,1072.0,1088.0,1092.0,1119.0,1105.0,1089.0,1085.0,1073.0,1096.0,1076.0,1080.0,1067.0,1056.0,1060.0,1089.0,1073.0,1092.0,1085.0,1106.0,1098.0,1096.0,1147.0,1104.0,1096.0,1082.0,1075.0,1078.0,1072.0,1100.0,1137.0,1127.0,1118.0,1132.0,1099.0,1113.0,1130.0,1131.0,1095.0,1128.0,1108.0,1146.0,1128.0,1170.0,1120.0,1156.0,1113.0,1114.0,1147.0,1140.0,1142.0,1138.0,1138.0,1142.0,1114.0,1095.0,1097.0,1114.0,1104.0,1078.0,1083.0,1085.0,1079.0,1090.0,1051.0,1064.0,1071.0,1059.0,1069.0,1100.0,1105.0,1093.0,1105.0,1117.0,1106.0,1120.0,1097.0,1146.0,1160.0,1187.0,1202.0,1186.0,1196.0,1197.0,1216.0,1203.0,1187.0,1192.0,1238.0,1221.0,1245.0,1251.0,1242.0,1219.0,1205.0,1218.0,1202.0,1236.0,1238.0,1227.0,1242.0,1245.0,1245.0,1238.0,1250.0,1231.0,1247.0,1216.0,1256.0,1223.0,1204.0,1224.0,1218.0,1216.0,1221.0,1204.0,1223.0,1223.0,1187.0,1235.0,1225.0,1214.0,1231.0,1236.0,1226.0,1237.0,1237.0,1231.0,1261.0,1293.0,1319.0,1305.0,1305.0,1299.0,1260.0,1256.0,1250.0,1207.0,1204.0,1162.0,1135.0,1088.0,1093.0,1105.0,1062.0,1068.0,1071.0,1061.0,1051.0,1051.0,1064.0,1070.0,1061.0,1088.0,1084.0,1066.0,1080.0,1089.0,1105.0,1101.0,1096.0,1098.0,1154.0,1125.0,1123.0,1116.0,1101.0,1123.0,1116.0,1126,1142.0,1127.0,1148.0,1165.0,1138.0,1186.0,1180.0,1228.0,1243.0,1275.0,1286.0,1301.0,1307.0,1281.0,1234.0,1221.0,1197.0,1150.0,1136.0,1111.0,1085.0,1074.0,1093.0,1030.0,1043.0,1030.0,1011.0,1034.0,1030.0,1021.0,1002.0,1000.0,1014.0,985.0,1001.0,989.0,970.0,991.0,990.0,992.0,983.0,975.0,992.0,998.0,976.0,994.0,981.0,994.0,1001.0,986.0,995.0,991.0,1000.0,982.0,986.0,994.0,988.0,965.0,978.0,986.0,983.0,978.0,974.0,974.0,980.0,1008.0,985.0,972.0,976.0,984.0,970.0,991.0,978.0,978.0,972.0,970.0,995.0,980.0,975.0,991.0,971.0,989.0,981.0,978.0,995.0,964.0,996.0,973.0,973.0,995.0,983.0,993.0,993.0,989.0,1000.0,987.0,980.0,1002.0,997.0,991.0,993.0,986.0,972.0,981.0
1089.0,1105.0,1086.0,1078.0,1098.0,1097.0,1089.0,1070.0,1090.0,1070.0,1089.0,1090.0,1074.0,1088.0,1066.0,1081.0,1083.0,1065.0,1063.0,1061.0,1092.0,1118.0,1069.0,1096.0,1075.0,1109.0,1102.0,1126.0,1139.0,1154.0,1131.0,1141.0,1121.0,1159.0,1121.0,1091.0,1098.0,1094.0,1120.0,1087.0,1072.0,1086.0,1091.0,1087.0,1093.0,1067.0,1075.0,1071.0,1078.0,1090.0,1090.0,1089.0,1080.0,1094.0,1097.0,1100.0,1086.0,1085.0,1111.0,1096.0,1098.0,1084.0,1091.0,1094.0,1083.0,1076.0,1090.0,1115.0,1095.0,1115.0,1118.0,1114.0,1131.0,1117.0,1097.0,1137.0,1085.0,1097.0,1125.0,1109.0,1125.0,1117.0,1126.0,1140.0,1152.0,1169.0,1224.0,1177.0,1174.0,1160.0,1182.0,1161.0,1179.0,1202.0,1184.0,1181.0,1205.0,1210.0,1172.0,1246.0,1242.0,1286.0,1324.0,1342.0,1298.0,1261.0,1216.0,1214.0,1238.0,1266.0,1225.0,1198.0,1206.0,1219.0,1188.0,1183.0,1231.0,1224.0,1213.0,1212.0,1217.0,1217.0,1203.0,1192.0,1222.0,1185.0,1221.0,1194.0,1188.0,1198.0,1196.0,1224.0,1224.0,1199.0,1222.0,1218.0,1270.0,1267.0,1245.0,1218.0,1198.0,1197.0,1193.0,1208.0,1234.0,1254.0,1278.0,1251.0,1270.0,1239.0,1272.0,1256.0,1243.0,1252.0,1253.0,1282.0,1287.0,1276.0,1296.0,1279.0,1289.0,1290.0,1281.0,1290.0,1231.0,1298.0,1269.0,1278.0,1277.0,1253.0,1237.0,1218.0,1242.0,1242.0,1235.0,1195.0,1184.0,1218.0,1199.0,1186.0,1203.0,1199.0,1169.0,1197.0,1210.0,1235.0,1213.0,1216.0,1229.0,1267.0,1254.0,1270.0,1285.0,1346.0,1340.0,1359.0,1344.0,1354.0,1338.0,1348.0,1379.0,1382.0,1399.0,1377.0,1379.0,1421.0,1386.0,1367.0,1383.0,1407.0,1408.0,1412.0,1420.0,1402.0,1382.0,1403.0,1447.0,1437.0,1436.0,1451.0,1411.0,1430.0,1406.0,1377.0,1383.0,1381.0,1369.0,1405.0,1362.0,1414.0,1360.0,1366.0,1363.0,1362.0,1387.0,1372.0,1416.0,1386.0,1384.0,1371.0,1390.0,1420.0,1387.0,1454.0,1492.0,1492.0,1512.0,1492.0,1477.0,1463.0,1387.0,1359.0,1380.0,1382.0,1331.0,1306.0,1237.0,1239.0,1221.0,1203.0,1191.0,1199.0,1207.0,1171.0,1201.0,1182.0,1191.0,1191.0,1194.0,1187.0,1200.0,1194.0,1204.0,1215.0,1245.0,1260.0,1259.0,1291.0,1246.0,1251.0,1236.0,1267.0,1244.0,1267.0,1272,1281.0,1270.0,1269.0,1326.0,1277.0,1293.0,1304.0,1372.0,1377.0,1431.0,1509.0,1493.0,1494.0,1408.0,1410.0,1367.0,1330.0,1282.0,1270.0,1261.0,1229.0,1216.0,1208.0,1209.0,1198.0,1164.0,1141.0,1147.0,1138.0,1115.0,1131.0,1144.0,1112.0,1107.0,1121.0,1115.0,1113.0,1117.0,1096.0,1107.0,1099.0,1090.0,1114.0,1108.0,1107.0,1110.0,1105.0,1116.0,1123.0,1093.0,1126.0,1121.0,1086.0,1092.0,1112.0,1118.0,1090.0,1108.0,1097.0,1128.0,1107.0,1129.0,1099.0,1096.0,1127.0,1116.0,1109.0,1096.0,1084.0,1129.0,1105.0,1117.0,1116.0,1123.0,1093.0,1100.0,1111.0,1112.0,1126.0,1108.0,1115.0,1116.0,1084.0,1087.0,1144.0,1119.0,1122.0,1108.0,1108.0,1112.0,1116.0,1113.0,1129.0,1128.0,1103.0,1114.0,1109.0,1127.0,1116.0,1117.0,1116.0,1109.0,1121.0,1129.0
1041.0,1051.0,1063.0,1038.0,1063.0,1060.0,1060.0,1046.0,1032.0,1032.0,1050.0,1027.0,1020.0,1034.0,1038.0,1017.0,1025.0,1020.0,1039.0,1033.0,1042.0,1015.0,1048.0,1025.0,1017.0,1060.0,1060.0,1060.0,1078.0,1096.0,1110.0,1088.0,1082.0,1069.0,1075.0,1049.0,1039.0,1035.0,1064.0,1015.0,1038.0,1037.0,1025.0,1022.0,1025.0,1022.0,1010.0,1018.0,1050.0,1032.0,1040.0,1038.0,1031.0,1061.0,1037.0,1042.0,1016.0,1046.0,1035.0,1049.0,1029.0,1049.0,1032.0,1034.0,1025.0,999.0,1018.0,1029.0,1023.0,1022.0,1038.0,1047.0,1047.0,1043.0,1035.0,1041.0,1024.0,1032.0,1040.0,1046.0,1052.0,1065.0,1062.0,1081.0,1113.0,1109.0,1139.0,1133.0,1103.0,1102.0,1108.0,1113.0,1114.0,1147.0,1141.0,1132.0,1135.0,1155.0,1147.0,1159.0,1199.0,1260.0,1298.0,1332.0,1267.0,1237.0,1175.0,1174.0,1171.0,1212.0,1178.0,1176.0,1161.0,1155.0,1148.0,1140.0,1146.0,1173.0,1160.0,1187.0,1181.0,1191.0,1166.0,1147.0,1154.0,1124.0,1139.0,1132.0,1136.0,1133.0,1144.0,1143.0,1158.0,1139.0,1175.0,1164.0,1204.0,1248.0,1208.0,1139.0,1142.0,1128.0,1182.0,1185.0,1155.0,1173.0,1209.0,1221.0,1236.0,1189.0,1193.0,1201.0,1221.0,1203.0,1197.0,1214.0,1234.0,1224.0,1233.0,1244.0,1255.0,1237.0,1256.0,1229.0,1204.0,1235.0,1232.0,1238.0,1204.0,1179.0,1177.0,1163.0,1178.0,1153.0,1148.0,1159.0,1139.0,1134.0,1110.0,1121.0,1106.0,1088.0,1116.0,1110.0,1105.0,1143.0,1164.0,1164.0,1146.0,1165.0,1210.0,1209.0,1262.0,1258.0,1283.0,1302.0,1290.0,1301.0,1290.0,1324.0,1320.0,1305.0,1312.0,1328.0,1375.0,1374.0,1358.0,1367.0,1372.0,1350.0,1368.0,1367.0,1382.0,1371.0,1371.0,1365.0,1389.0,1405.0,1361.0,1410.0,1408.0,1400.0,1401.0,1373.0,1332.0,1324.0,1321.0,1301.0,1341.0,1349.0,1325.0,1352.0,1321.0,1325.0,1353.0,1334.0,1344.0,1324.0,1373.0,1383.0,1363.0,1352.0,1366.0,1410.0,1422.0,1463.0,1491.0,1470.0,1446.0,1415.0,1406.0,1357.0,1330.0,1303.0,1255.0,1186.0,1177.0,1103.0,1132.0,1103.0,1103.0,1078.0,1086.0,1081.0,1068.0,1077.0,1102.0,1095.0,1097.0,1100.0,1116.0,1115.0,1116.0,1144.0,1166.0,1128.0,1191.0,1156.0,1162.0,1160.0,1159.0,1164.0,1156.0,1154.0,1200,1198.0,1199.0,1204.0,1198.0,1220.0,1241.0,1240.0,1294.0,1311.0,1376.0,1406.0,1424.0,1436.0,1413.0,1342.0,1305.0,1274.0,1223.0,1215.0,1163.0,1164.0,1145.0,1103.0,1087.0,1074.0,1040.0,1033.0,1026.0,1001.0,994.0,1022.0,1006.0,1002.0,971.0,984.0,987.0,990.0,994.0,967.0,984.0,974.0,976.0,981.0,1002.0,980.0,991.0,975.0,971.0,976.0,976.0,958.0,976.0,978.0,987.0,961.0,991.0,975.0,964.0,981.0,974.0,978.0,970.0,973.0,957.0,981.0,959.0,971.0,976.0,977.0,974.0,983.0,993.0,976.0,979.0,984.0,976.0,990.0,972.0,976.0,976.0,981.0,972.0,978.0,987.0,976.0,967.0,1006.0,982.0,978.0,971.0,981.0,982.0,991.0,979.0,985.0,967.0,982.0,974.0,1005.0,971.0,966.0,959.0,991.0,984.0
1000.0,980.0,1006.0,996.0,1010.0,989.0,1000.0,984.0,981.0,962.0,991.0,981.0,989.0,993.0,973.0,978.0,961.0,976.0,967.0,984.0,994.0,990.0,992.0,989.0,995.0,989.0,1016.0,1017.0,1016.0,1039.0,1045.0,1063.0,1043.0,1018.0,1023.0,1016.0,988.0,994.0,998.0,984.0,988.0,981.0,971.0,978.0,980.0,979.0,972.0,982.0,994.0,999.0,985.0,978.0,987.0,999.0,977.0,968.0,976.0,991.0,995.0,1009.0,987.0,985.0,967.0,966.0,977.0,988.0,975.0,982.0,988.0,994.0,993.0,1003.0,1009.0,1019.0,996.0,986.0,988.0,998.0,998.0,997.0,991.0,1021.0,1021.0,1035.0,1042.0,1080.0,1066.0,1064.0,1059.0,1039.0,1054.0,1076.0,1083.0,1073.0,1071.0,1085.0,1077.0,1098.0,1097.0,1128.0,1148.0,1163.0,1223.0,1255.0,1199.0,1154.0,1114.0,1094.0,1127.0,1113.0,1117.0,1109.0,1091.0,1079.0,1105.0,1072.0,1085.0,1118.0,1118.0,1111.0,1107.0,1118.0,1089.0,1085.0,1082.0,1075.0,1070.0,1075.0,1061.0,1078.0,1070.0,1094.0,1100.0,1086.0,1094.0,1086.0,1120.0,1176.0,1132.0,1090.0,1075.0,1084.0,1096.0,1112.0,1125.0,1133.0,1141.0,1151.0,1143.0,1155.0,1139.0,1114.0,1149.0,1127.0,1141.0,1145.0,1167.0,1181.0,1192.0,1169.0,1185.0,1161.0,1158.0,1145.0,1166.0,1147.0,1151.0,1137.0,1151.0,1100.0,1120.0,1110.0,1113.0,1096.0,1100.0,1076.0,1075.0,1067.0,1072.0,1056.0,1053.0,1069.0,1057.0,1073.0,1051.0,1081.0,1125.0,1116.0,1081.0,1113.0,1126.0,1153.0,1199.0,1196.0,1226.0,1220.0,1229.0,1230.0,1227.0,1253.0,1210.0,1225.0,1234.0,1275.0,1255.0,1274.0,1286.0,1284.0,1287.0,1288.0,1258.0,1290.0,1307.0,1295.0,1285.0,1261.0,1300.0,1280.0,1302.0,1315.0,1286.0,1279.0,1295.0,1305.0,1260.0,1258.0,1234.0,1251.0,1247.0,1270.0,1238.0,1243.0,1244.0,1257.0,1230.0,1253.0,1256.0,1259.0,1257.0,1253.0,1258.0,1271.0,1292.0,1295.0,1358.0,1364.0,1367.0,1390.0,1363.0,1301.0,1295.0,1243.0,1247.0,1230.0,1170.0,1140.0,1108.0,1066.0,1074.0,1069.0,1044.0,1050.0,1037.0,1038.0,1035.0,1045.0,1038.0,1035.0,1045.0,1047.0,1073.0,1060.0,1047.0,1076.0,1070.0,1083.0,1127.0,1142.0,1128.0,1112.0,1117.0,1095.0,1100.0,1100.0,1102,1132.0,1127.0,1139.0,1161.0,1153.0,1132.0,1167.0,1201.0,1243.0,1297.0,1325.0,1335.0,1339.0,1310.0,1281.0,1218.0,1194.0,1187.0,1134.0,1129.0,1102.0,1079.0,1066.0,1020.0,1024.0,1018.0,1002.0,993.0,979.0,976.0,981.0,971.0,963.0,952.0,937.0,952.0,952.0,941.0,954.0,959.0,936.0,939.0,954.0,942.0,937.0,936.0,952.0,936.0,929.0,950.0,937.0,936.0,949.0,948.0,942.0,956.0,936.0,930.0,940.0,943.0,950.0,957.0,925.0,936.0,941.0,945.0,953.0,941.0,937.0,948.0,926.0,961.0,942.0,945.0,952.0,932.0,944.0,944.0,946.0,946.0,942.0,950.0,935.0,954.0,936.0,950.0,960.0,937.0,946.0,946.0,955.0,941.0,931.0,947.0,935.0,924.0,951.0,953.0,957.0,953.0,955.0,944.0,974.0,945.0
1042.0,1056.0,1047.0,1061.0,1059.0,1062.0,1072.0,1046.0,1035.0,1044.0,1034.0,1018.0,1033.0,1029.0,1027.0,1028.0,1032.0,1040.0,1030.0,1020.0,1038.0,1053.0,1045.0,1029.0,1036.0,1030.0,1047.0,1060.0,1083.0,1113.0,1107.0,1113.0,1128.0,1113.0,1082.0,1037.0,1041.0,1045.0,1042.0,1026.0,1041.0,1029.0,1010.0,1053.0,1024.0,1035.0,1018.0,1038.0,1022.0,1039.0,1036.0,1048.0,1030.0,1039.0,1061.0,1033.0,1036.0,1051.0,1049.0,1041.0,1041.0,1040.0,1036.0,1021.0,1033.0,1034.0,1038.0,1022.0,1044.0,1008.0,1038.0,1041.0,1056.0,1047.0,1068.0,1042.0,1013.0,1041.0,1047.0,1055.0,1071.0,1061.0,1081.0,1088.0,1106.0,1134.0,1151.0,1130.0,1088.0,1126.0,1114.0,1135.0,1147.0,1145.0,1135.0,1150.0,1156.0,1211.0,1144.0,1178.0,1233.0,1252.0,1316.0,1334.0,1315.0,1250.0,1202.0,1179.0,1175.0,1196.0,1200.0,1189.0,1169.0,1143.0,1156.0,1162.0,1140.0,1177.0,1191.0,1197.0,1192.0,1162.0,1183.0,1137.0,1153.0,1178.0,1129.0,1115.0,1125.0,1147.0,1155.0,1184.0,1148.0,1161.0,1152.0,1152.0,1200.0,1242.0,1207.0,1164.0,1130.0,1151.0,1175.0,1187.0,1185.0,1201.0,1199.0,1238.0,1238.0,1194.0,1198.0,1199.0,1236.0,1200.0,1223.0,1209.0,1237.0,1254.0,1259.0,1259.0,1256.0,1255.0,1242.0,1229.0,1249.0,1216.0,1244.0,1248.0,1230.0,1214.0,1194.0,1165.0,1209.0,1192.0,1140.0,1147.0,1156.0,1145.0,1136.0,1130.0,1127.0,1128.0,1105.0,1126.0,1135.0,1150.0,1182.0,1155.0,1154.0,1187.0,1199.0,1198.0,1271.0,1249.0,1284.0,1307.0,1319.0,1340.0,1297.0,1298.0,1324.0,1314.0,1349.0,1372.0,1351.0,1368.0,1356.0,1337.0,1365.0,1356.0,1400.0,1394.0,1389.0,1396.0,1392.0,1366.0,1400.0,1383.0,1374.0,1414.0,1420.0,1394.0,1394.0,1363.0,1341.0,1358.0,1341.0,1341.0,1369.0,1351.0,1324.0,1329.0,1314.0,1367.0,1349.0,1360.0,1376.0,1350.0,1366.0,1377.0,1373.0,1358.0,1394.0,1402.0,1450.0,1491.0,1492.0,1471.0,1458.0,1487.0,1402.0,1359.0,1351.0,1303.0,1249.0,1199.0,1173.0,1146.0,1120.0,1127.0,1088.0,1066.0,1079.0,1096.0,1099.0,1082.0,1083.0,1083.0,1078.0,1108.0,1143.0,1121.0,1141.0,1133.0,1150.0,1163.0,1150.0,1176.0,1190.0,1164.0,1168.0,1167.0,1174.0,1164.0,1176,1208.0,1180.0,1216.0,1215.0,1206.0,1240.0,1259.0,1299.0,1350.0,1360.0,1424.0,1444.0,1434.0,1388.0,1350.0,1325.0,1315.0,1234.0,1192.0,1175.0,1171.0,1140.0,1107.0,1094.0,1054.0,1031.0,1054.0,1025.0,1000.0,1026.0,1013.0,988.0,999.0,1006.0,998.0,999.0,999.0,981.0,979.0,962.0,980.0,972.0,965.0,993.0,985.0,964.0,959.0,972.0,959.0,967.0,970.0,950.0,997.0,956.0,954.0,963.0,988.0,985.0,970.0,960.0,969.0,980.0,977.0,972.0,984.0,948.0,967.0,970.0,955.0,984.0,962.0,957.0,953.0,969.0,962.0,967.0,956.0,973.0,963.0,976.0,973.0,978.0,996.0,980.0,945.0,972.0,966.0,988.0,970.0,972.0,987.0,977.0,980.0,939.0,992.0,959.0,965.0,977.0,967.0,954.0,980.0,990.0,968.0,967.0
1000.0,1028.0,1009.0,1003.0,1011.0,1020.0,1023.0,1016.0,996.0,1004.0,1003.0,997.0,996.0,989.0,994.0,1000.0,988.0,993.0,988.0,1005.0,989.0,1005.0,994.0,998.0,1009.0,983.0,1026.0,1024.0,1053.0,1066.0,1063.0,1042.0,1061.0,1033.0,1056.0,1018.0,1011.0,1009.0,1000.0,1003.0,1002.0,1009.0,989.0,994.0,981.0,997.0,983.0,1014.0,1013.0,984.0,998.0,1026.0,1000.0,1014.0,995.0,994.0,1000.0,1004.0,1006.0,1015.0,1003.0,1011.0,1020.0,1012.0,1002.0,1001.0,1018.0,993.0,1001.0,1018.0,1015.0,1003.0,1018.0,1014.0,1007.0,1005.0,998.0,1004.0,1009.0,1018.0,1020.0,1030.0,1038.0,1048.0,1065.0,1076.0,1093.0,1077.0,1057.0,1057.0,1068.0,1079.0,1107.0,1081.0,1106.0,1098.0,1086.0,1121.0,1112.0,1136.0,1171.0,1178.0,1237.0,1242.0,1201.0,1180.0,1124.0,1129.0,1122.0,1127.0,1120.0,1115.0,1124.0,1121.0,1100.0,1089.0,1108.0,1112.0,1116.0,1119.0,1101.0,1120.0,1115.0,1093.0,1092.0,1087.0,1080.0,1075.0,1092.0,1101.0,1091.0,1095.0,1115.0,1093.0,1107.0,1121.0,1160.0,1190.0,1145.0,1115.0,1102.0,1103.0,1099.0,1123.0,1130.0,1143.0,1168.0,1167.0,1160.0,1139.0,1155.0,1141.0,1148.0,1157.0,1166.0,1163.0,1187.0,1166.0,1195.0,1172.0,1191.0,1183.0,1163.0,1153.0,1157.0,1168.0,1153.0,1157.0,1171.0,1135.0,1118.0,1110.0,1125.0,1094.0,1102.0,1087.0,1100.0,1100.0,1081.0,1074.0,1073.0,1059.0,1072.0,1072.0,1090.0,1104.0,1114.0,1111.0,1117.0,1128.0,1149.0,1158.0,1182.0,1195.0,1206.0,1232.0,1239.0,1267.0,1250.0,1239.0,1244.0,1257.0,1269.0,1301.0,1304.0,1278.0,1298.0,1280.0,1305.0,1303.0,1294.0,1301.0,1308.0,1299.0,1274.0,1297.0,1301.0,1296.0,1300.0,1320.0,1317.0,1291.0,1300.0,1280.0,1259.0,1276.0,1264.0,1280.0,1262.0,1260.0,1273.0,1257.0,1265.0,1272.0,1259.0,1269.0,1279.0,1273.0,1266.0,1267.0,1290.0,1276.0,1283.0,1306.0,1364.0,1369.0,1404.0,1369.0,1367.0,1329.0,1333.0,1270.0,1248.0,1247.0,1190.0,1166.0,1116.0,1090.0,1081.0,1064.0,1068.0,1064.0,1042.0,1051.0,1040.0,1041.0,1060.0,1032.0,1080.0,1074.0,1073.0,1069.0,1086.0,1087.0,1096.0,1100.0,1143.0,1136.0,1139.0,1149.0,1124.0,1123.0,1114.0,1149.0,1141,1130.0,1138.0,1170.0,1150.0,1181.0,1169.0,1197.0,1245.0,1246.0,1312.0,1321.0,1342.0,1327.0,1332.0,1278.0,1218.0,1204.0,1177.0,1181.0,1152.0,1118.0,1063.0,1081.0,1057.0,1036.0,1019.0,1008.0,1010.0,985.0,980.0,992.0,970.0,978.0,993.0,955.0,975.0,969.0,954.0,952.0,951.0,960.0,965.0,956.0,960.0,968.0,957.0,969.0,950.0,956.0,955.0,948.0,951.0,949.0,944.0,961.0,954.0,960.0,958.0,942.0,954.0,949.0,962.0,948.0,963.0,962.0,949.0,960.0,938.0,951.0,948.0,957.0,957.0,951.0,946.0,957.0,960.0,953.0,943.0,928.0,964.0,940.0,945.0,964.0,959.0,943.0,944.0,964.0,936.0,954.0,958.0,970.0,958.0,966.0,948.0,958.0,962.0,954.0,973.0,957.0,952.0,940.0,957.0,958.0,967.0
991.0,974.0,990.0,978.0,977.0,987.0,984.0,973.0,981.0,968.0,985.0,972.0,987.0,977.0,978.0,963.0,960.0,960.0,986.0,972.0,963.0,976.0,984.0,988.0,987.0,997.0,999.0,1014.0,1020.0,1053.0,1035.0,1035.0,1016.0,1007.0,1016.0,1002.0,985.0,984.0,973.0,962.0,972.0,939.0,967.0,972.0,971.0,954.0,954.0,956.0,972.0,982.0,979.0,973.0,978.0,994.0,995.0,986.0,969.0,978.0,989.0,983.0,975.0,969.0,964.0,951.0,956.0,954.0,958.0,976.0,980.0,973.0,996.0,985.0,995.0,983.0,974.0,978.0,962.0,983.0,968.0,987.0,969.0,1019.0,1006.0,1010.0,1021.0,1068.0,1054.0,1033.0,1008.0,1043.0,1051.0,1064.0,1055.0,1052.0,1063.0,1071.0,1065.0,1084.0,1075.0,1094.0,1122.0,1155.0,1230.0,1213.0,1211.0,1161.0,1109.0,1087.0,1100.0,1122.0,1100.0,1102.0,1088.0,1089.0,1076.0,1067.0,1077.0,1068.0,1079.0,1110.0,1104.0,1087.0,1069.0,1072.0,1063.0,1054.0,1030.0,1064.0,1064.0,1062.0,1071.0,1068.0,1049.0,1065.0,1068.0,1093.0,1110.0,1151.0,1124.0,1083.0,1037.0,1067.0,1080.0,1078.0,1088.0,1117.0,1124.0,1125.0,1133.0,1102.0,1096.0,1118.0,1108.0,1110.0,1115.0,1129.0,1151.0,1148.0,1163.0,1149.0,1149.0,1148.0,1153.0,1122.0,1109.0,1140.0,1133.0,1141.0,1130.0,1093.0,1079.0,1084.0,1105.0,1090.0,1076.0,1045.0,1064.0,1070.0,1068.0,1057.0,1047.0,1021.0,1046.0,1034.0,1059.0,1067.0,1071.0,1096.0,1077.0,1069.0,1101.0,1131.0,1149.0,1167.0,1176.0,1202.0,1195.0,1201.0,1201.0,1173.0,1216.0,1198.0,1241.0,1229.0,1255.0,1255.0,1250.0,1239.0,1258.0,1246.0,1247.0,1252.0,1259.0,1281.0,1255.0,1277.0,1278.0,1281.0,1301.0,1286.0,1272.0,1258.0,1262.0,1251.0,1254.0,1222.0,1202.0,1208.0,1228.0,1222.0,1226.0,1226.0,1216.0,1218.0,1226.0,1235.0,1243.0,1245.0,1267.0,1274.0,1229.0,1243.0,1261.0,1300.0,1316.0,1348.0,1353.0,1338.0,1338.0,1306.0,1284.0,1235.0,1225.0,1180.0,1186.0,1112.0,1075.0,1058.0,1053.0,1013.0,1015.0,1001.0,1039.0,1007.0,1013.0,1000.0,1030.0,997.0,1053.0,1026.0,1043.0,1056.0,1048.0,1068.0,1083.0,1054.0,1122.0,1092.0,1085.0,1073.0,1091.0,1074.0,1074.0,1101.0,1106,1103.0,1112.0,1117.0,1102.0,1139.0,1123.0,1158.0,1178.0,1241.0,1238.0,1306.0,1303.0,1323.0,1258.0,1235.0,1192.0,1160.0,1151.0,1122.0,1097.0,1059.0,1043.0,1033.0,1011.0,990.0,976.0,974.0,954.0,957.0,957.0,957.0,953.0,948.0,940.0,947.0,941.0,939.0,933.0,926.0,921.0,920.0,923.0,915.0,929.0,909.0,915.0,920.0,907.0,931.0,924.0,917.0,935.0,914.0,929.0,907.0,906.0,912.0,925.0,921.0,921.0,916.0,909.0,926.0,917.0,916.0,936.0,920.0,927.0,901.0,926.0,923.0,951.0,921.0,927.0,908.0,933.0,923.0,909.0,905.0,922.0,927.0,935.0,908.0,916.0,916.0,927.0,921.0,917.0,917.0,914.0,929.0,928.0,934.0,937.0,940.0,917.0,914.0,910.0,936.0,928.0,925.0,929.0,928.0,919.0
992.0,998.0,982.0,963.0,979.0,995.0,985.0,969.0,1011.0,964.0,978.0,960.0,975.0,954.0,988.0,956.0,949.0,960.0,978.0,977.0,949.0,965.0,974.0,971.0,989.0,1002.0,986.0,1004.0,1008.0,1039.0,1030.0,1016.0,1013.0,1008.0,998.0,999.0,972.0,977.0,944.0,996.0,958.0,956.0,956.0,960.0,977.0,964.0,964.0,956.0,965.0,986.0,985.0,984.0,969.0,994.0,994.0,987.0,952.0,971.0,987.0,986.0,993.0,963.0,986.0,951.0,966.0,986.0,953.0,965.0,966.0,979.0,980.0,990.0,989.0,986.0,975.0,949.0,965.0,974.0,1003.0,991.0,991.0,993.0,979.0,980.0,1022.0,1038.0,1018.0,1053.0,1042.0,1035.0,1057.0,1033.0,1056.0,1070.0,1053.0,1058.0,1058.0,1065.0,1056.0,1099.0,1094.0,1142.0,1127.0,1155.0,1173.0,1105.0,1081.0,1086.0,1093.0,1106.0,1090.0,1083.0,1079.0,1064.0,1065.0,1057.0,1052.0,1058.0,1056.0,1085.0,1070.0,1069.0,1058.0,1053.0,1055.0,1056.0,1059.0,1051.0,1058.0,1068.0,1051.0,1073.0,1086.0,1057.0,1082.0,1083.0,1087.0,1128.0,1090.0,1039.0,1064.0,1048.0,1050.0,1068.0,1093.0,1096.0,1131.0,1092.0,1112.0,1089.0,1107.0,1088.0,1105.0,1106.0,1118.0,1108.0,1127.0,1121.0,1115.0,1142.0,1139.0,1122.0,1140.0,1126.0,1105.0,1123.0,1147.0,1089.0,1111.0,1098.0,1085.0,1062.0,1083.0,1093.0,1070.0,1068.0,1026.0,1055.0,1041.0,1047.0,1036.0,1056.0,1040.0,1056.0,1045.0,1075.0,1070.0,1082.0,1064.0,1075.0,1090.0,1102.0,1125.0,1145.0,1154.0,1182.0,1165.0,1168.0,1182.0,1162.0,1192.0,1169.0,1175.0,1231.0,1206.0,1231.0,1222.0,1199.0,1231.0,1253.0,1228.0,1211.0,1230.0,1234.0,1210.0,1197.0,1230.0,1240.0,1227.0,1240.0,1237.0,1219.0,1218.0,1209.0,1214.0,1188.0,1185.0,1200.0,1211.0,1193.0,1202.0,1179.0,1166.0,1175.0,1191.0,1206.0,1217.0,1216.0,1204.0,1223.0,1183.0,1219.0,1265.0,1228.0,1247.0,1284.0,1282.0,1314.0,1264.0,1239.0,1254.0,1180.0,1194.0,1160.0,1154.0,1112.0,1079.0,1082.0,1043.0,1055.0,1040.0,1034.0,1032.0,1018.0,1038.0,1042.0,1005.0,988.0,1035.0,1040.0,1069.0,1081.0,1043.0,1087.0,1062.0,1086.0,1126.0,1065.0,1082.0,1062.0,1070.0,1086.0,1082.0,1088.0,1091,1086.0,1115.0,1133.0,1122.0,1137.0,1136.0,1153.0,1143.0,1211.0,1242.0,1294.0,1266.0,1260.0,1259.0,1186.0,1183.0,1176.0,1129.0,1129.0,1128.0,1080.0,1042.0,1059.0,1042.0,1021.0,1007.0,1015.0,1003.0,1004.0,974.0,972.0,985.0,944.0,990.0,982.0,976.0,969.0,964.0,986.0,992.0,947.0,968.0,957.0,981.0,962.0,963.0,955.0,979.0,961.0,948.0,971.0,980.0,960.0,951.0,975.0,947.0,965.0,964.0,945.0,960.0,942.0,958.0,953.0,948.0,976.0,969.0,950.0,958.0,974.0,970.0,940.0,976.0,968.0,954.0,966.0,952.0,967.0,965.0,953.0,964.0,967.0,954.0,944.0,943.0,953.0,950.0,958.0,969.0,949.0,968.0,961.0,968.0,955.0,962.0,950.0,964.0,946.0,979.0,956.0,948.0,966.0,963.0,959.0,949.0
1015.0,1013.0,1028.0,1004.0,1022.0,1016.0,1023.0,1025.0,1005.0,1004.0,1006.0,1009.0,991.0,994.0,992.0,978.0,989.0,992.0,988.0,986.0,992.0,1000.0,993.0,1013.0,1004.0,1013.0,1029.0,1022.0,1033.0,1048.0,1051.0,1081.0,1056.0,1051.0,1021.0,1017.0,1009.0,987.0,1004.0,1007.0,1002.0,1009.0,990.0,1003.0,1007.0,983.0,992.0,1007.0,994.0,992.0,996.0,1007.0,1004.0,1017.0,1009.0,1014.0,997.0,1002.0,1016.0,1004.0,1012.0,992.0,996.0,979.0,986.0,996.0,1004.0,1002.0,1008.0,1001.0,1008.0,1007.0,1019.0,1018.0,1019.0,999.0,995.0,996.0,1020.0,1009.0,1019.0,1034.0,1043.0,1041.0,1067.0,1081.0,1073.0,1070.0,1059.0,1057.0,1066.0,1083.0,1078.0,1078.0,1088.0,1088.0,1103.0,1076.0,1081.0,1123.0,1130.0,1183.0,1227.0,1237.0,1219.0,1182.0,1142.0,1113.0,1102.0,1123.0,1123.0,1088.0,1105.0,1100.0,1109.0,1088.0,1117.0,1102.0,1105.0,1122.0,1135.0,1111.0,1097.0,1080.0,1095.0,1097.0,1080.0,1067.0,1079.0,1082.0,1093.0,1082.0,1129.0,1109.0,1109.0,1111.0,1132.0,1179.0,1150.0,1119.0,1092.0,1093.0,1097.0,1114.0,1126.0,1145.0,1161.0,1172.0,1150.0,1150.0,1146.0,1147.0,1133.0,1140.0,1138.0,1166.0,1164.0,1174.0,1166.0,1177.0,1163.0,1161.0,1148.0,1176.0,1171.0,1156.0,1174.0,1161.0,1159.0,1130.0,1134.0,1116.0,1106.0,1100.0,1096.0,1080.0,1087.0,1091.0,1075.0,1072.0,1065.0,1071.0,1079.0,1096.0,1097.0,1095.0,1115.0,1125.0,1105.0,1137.0,1123.0,1137.0,1172.0,1201.0,1185.0,1224.0,1214.0,1220.0,1198.0,1200.0,1201.0,1216.0,1261.0,1266.0,1282.0,1272.0,1263.0,1259.0,1298.0,1276.0,1285.0,1279.0,1276.0,1280.0,1267.0,1280.0,1282.0,1285.0,1266.0,1272.0,1284.0,1296.0,1295.0,1292.0,1239.0,1237.0,1241.0,1270.0,1255.0,1256.0,1261.0,1235.0,1262.0,1238.0,1238.0,1268.0,1240.0,1264.0,1271.0,1269.0,1260.0,1269.0,1250.0,1295.0,1347.0,1374.0,1365.0,1378.0,1340.0,1330.0,1290.0,1262.0,1234.0,1220.0,1193.0,1158.0,1111.0,1095.0,1087.0,1072.0,1059.0,1074.0,1079.0,1057.0,1084.0,1051.0,1036.0,1041.0,1075.0,1065.0,1080.0,1103.0,1081.0,1108.0,1107.0,1083.0,1125.0,1116.0,1106.0,1130.0,1107.0,1112.0,1105.0,1120.0,1130,1145.0,1141.0,1154.0,1155.0,1165.0,1181.0,1209.0,1237.0,1254.0,1320.0,1324.0,1355.0,1328.0,1312.0,1286.0,1234.0,1199.0,1163.0,1145.0,1112.0,1100.0,1076.0,1069.0,1025.0,1026.0,1027.0,1028.0,1005.0,1010.0,1013.0,1001.0,992.0,998.0,968.0,991.0,986.0,990.0,981.0,970.0,962.0,1004.0,968.0,964.0,963.0,973.0,983.0,976.0,962.0,962.0,973.0,977.0,979.0,966.0,960.0,955.0,959.0,967.0,960.0,963.0,966.0,980.0,962.0,950.0,954.0,969.0,952.0,987.0,945.0,975.0,957.0,972.0,959.0,973.0,953.0,961.0,973.0,970.0,943.0,964.0,975.0,956.0,953.0,972.0,973.0,959.0,979.0,961.0,955.0,961.0,965.0,965.0,966.0,950.0,970.0,979.0,963.0,971.0,973.0,974.0,952.0,973.0,980.0,980.0,951.0
1041.0,1033.0,1024.0,1029.0,1032.0,1029.0,1029.0,1051.0,1022.0,991.0,1026.0,1018.0,1021.0,1017.0,1005.0,1011.0,1021.0,1003.0,1013.0,1000.0,1009.0,1033.0,1033.0,1011.0,999.0,1032.0,1035.0,1043.0,1038.0,1066.0,1082.0,1067.0,1068.0,1062.0,1056.0,1049.0,1037.0,1036.0,1010.0,1030.0,1008.0,1024.0,1007.0,1018.0,1000.0,1021.0,1008.0,1018.0,1031.0,1012.0,1025.0,1034.0,1014.0,1033.0,1037.0,1030.0,1008.0,1018.0,1018.0,1025.0,1020.0,1026.0,1028.0,1001.0,1029.0,1021.0,1015.0,1028.0,1025.0,1011.0,1041.0,1029.0,1036.0,1022.0,1039.0,1023.0,998.0,1018.0,1011.0,1006.0,1035.0,1039.0,1047.0,1076.0,1093.0,1094.0,1113.0,1106.0,1091.0,1080.0,1106.0,1089.0,1097.0,1115.0,1104.0,1134.0,1118.0,1132.0,1131.0,1156.0,1181.0,1180.0,1252.0,1267.0,1235.0,1202.0,1150.0,1129.0,1145.0,1161.0,1142.0,1122.0,1123.0,1106.0,1137.0,1127.0,1108.0,1123.0,1122.0,1129.0,1143.0,1143.0,1128.0,1115.0,1123.0,1099.0,1117.0,1096.0,1090.0,1103.0,1110.0,1120.0,1128.0,1127.0,1155.0,1137.0,1151.0,1204.0,1158.0,1118.0,1128.0,1103.0,1132.0,1142.0,1165.0,1177.0,1195.0,1178.0,1174.0,1187.0,1155.0,1180.0,1188.0,1149.0,1185.0,1178.0,1193.0,1178.0,1216.0,1217.0,1208.0,1190.0,1195.0,1170.0,1201.0,1176.0,1184.0,1185.0,1171.0,1165.0,1149.0,1148.0,1158.0,1145.0,1126.0,1149.0,1100.0,1110.0,1091.0,1094.0,1088.0,1098.0,1085.0,1095.0,1097.0,1136.0,1140.0,1142.0,1140.0,1169.0,1144.0,1163.0,1215.0,1241.0,1238.0,1252.0,1262.0,1260.0,1260.0,1251.0,1256.0,1273.0,1287.0,1303.0,1288.0,1303.0,1291.0,1314.0,1308.0,1312.0,1316.0,1297.0,1349.0,1322.0,1315.0,1330.0,1319.0,1320.0,1323.0,1311.0,1335.0,1321.0,1313.0,1301.0,1271.0,1283.0,1305.0,1293.0,1278.0,1281.0,1307.0,1276.0,1278.0,1282.0,1275.0,1291.0,1279.0,1293.0,1327.0,1297.0,1284.0,1311.0,1328.0,1344.0,1378.0,1425.0,1376.0,1425.0,1376.0,1382.0,1337.0,1300.0,1277.0,1261.0,1198.0,1183.0,1145.0,1114.0,1087.0,1107.0,1068.0,1099.0,1098.0,1066.0,1076.0,1085.0,1089.0,1052.0,1068.0,1101.0,1105.0,1113.0,1130.0,1117.0,1130.0,1128.0,1147.0,1148.0,1151.0,1145.0,1134.0,1143.0,1135.0,1153.0,1160,1189.0,1154.0,1196.0,1164.0,1193.0,1200.0,1237.0,1253.0,1278.0,1344.0,1391.0,1390.0,1401.0,1339.0,1302.0,1268.0,1230.0,1211.0,1180.0,1147.0,1127.0,1076.0,1081.0,1056.0,1058.0,1031.0,1013.0,1019.0,1008.0,1028.0,1013.0,1008.0,1008.0,982.0,994.0,1006.0,985.0,988.0,977.0,989.0,997.0,959.0,983.0,958.0,991.0,977.0,992.0,971.0,976.0,972.0,970.0,946.0,974.0,973.0,956.0,978.0,949.0,981.0,975.0,984.0,960.0,962.0,969.0,964.0,968.0,974.0,955.0,984.0,971.0,970.0,969.0,968.0,986.0,982.0,982.0,990.0,986.0,966.0,992.0,966.0,969.0,966.0,972.0,966.0,946.0,972.0,973.0,977.0,984.0,976.0,976.0,978.0,973.0,966.0,995.0,983.0,966.0,973.0,971.0,975.0,991.0,978.0,973.0,986.0
989.0,996.0,1013.0,1010.0,998.0,988.0,995.0,1001.0,1006.0,999.0,986.0,997.0,996.0,985.0,988.0,986.0,982.0,999.0,989.0,985.0,996.0,983.0,1017.0,968.0,996.0,1008.0,1004.0,1016.0,1043.0,1043.0,1025.0,1038.0,1051.0,1056.0,1018.0,1025.0,1008.0,992.0,972.0,1008.0,1021.0,993.0,1001.0,982.0,972.0,1014.0,985.0,979.0,1003.0,982.0,1008.0,1001.0,995.0,1000.0,1012.0,1016.0,967.0,998.0,1001.0,983.0,996.0,1016.0,988.0,1029.0,980.0,989.0,989.0,1003.0,1011.0,977.0,994.0,1031.0,986.0,987.0,993.0,986.0,987.0,995.0,1014.0,998.0,1011.0,1026.0,1033.0,1043.0,1041.0,1058.0,1054.0,1062.0,1049.0,1063.0,1038.0,1055.0,1048.0,1061.0,1072.0,1081.0,1087.0,1077.0,1082.0,1090.0,1125.0,1143.0,1193.0,1200.0,1174.0,1160.0,1104.0,1088.0,1109.0,1121.0,1071.0,1072.0,1112.0,1070.0,1091.0,1075.0,1063.0,1069.0,1082.0,1074.0,1073.0,1104.0,1075.0,1073.0,1071.0,1066.0,1092.0,1062.0,1056.0,1070.0,1078.0,1105.0,1075.0,1076.0,1094.0,1082.0,1112.0,1136.0,1123.0,1070.0,1074.0,1102.0,1079.0,1080.0,1108.0,1107.0,1114.0,1113.0,1146.0,1097.0,1107.0,1114.0,1137.0,1109.0,1127.0,1129.0,1132.0,1117.0,1166.0,1161.0,1148.0,1122.0,1136.0,1132.0,1143.0,1125.0,1139.0,1135.0,1125.0,1105.0,1124.0,1103.0,1088.0,1098.0,1072.0,1080.0,1080.0,1073.0,1073.0,1063.0,1066.0,1047.0,1066.0,1073.0,1083.0,1096.0,1099.0,1099.0,1121.0,1106.0,1133.0,1101.0,1141.0,1169.0,1166.0,1193.0,1167.0,1177.0,1205.0,1204.0,1173.0,1183.0,1201.0,1216.0,1222.0,1214.0,1224.0,1205.0,1233.0,1226.0,1231.0,1209.0,1259.0,1232.0,1250.0,1220.0,1230.0,1231.0,1215.0,1243.0,1252.0,1230.0,1261.0,1244.0,1209.0,1219.0,1223.0,1221.0,1215.0,1199.0,1236.0,1200.0,1234.0,1199.0,1216.0,1249.0,1207.0,1219.0,1216.0,1214.0,1198.0,1223.0,1255.0,1263.0,1275.0,1298.0,1322.0,1291.0,1309.0,1280.0,1244.0,1237.0,1210.0,1202.0,1190.0,1141.0,1102.0,1099.0,1079.0,1049.0,1094.0,1057.0,1062.0,1034.0,1049.0,1064.0,1061.0,1062.0,1077.0,1051.0,1071.0,1071.0,1086.0,1123.0,1078.0,1112.0,1111.0,1137.0,1113.0,1109.0,1111.0,1108.0,1109.0,1101.0,1120,1160.0,1153.0,1154.0,1151.0,1149.0,1157.0,1156.0,1224.0,1238.0,1272.0,1278.0,1308.0,1286.0,1274.0,1235.0,1211.0,1183.0,1140.0,1159.0,1115.0,1098.0,1070.0,1056.0,1025.0,1042.0,1021.0,1017.0,1014.0,998.0,1009.0,1017.0,993.0,994.0,980.0,1000.0,971.0,1010.0,985.0,975.0,972.0,989.0,991.0,976.0,975.0,995.0,983.0,980.0,977.0,976.0,985.0,993.0,979.0,986.0,1000.0,981.0,983.0,998.0,954.0,978.0,973.0,979.0,947.0,990.0,965.0,977.0,998.0,984.0,980.0,985.0,1013.0,978.0,992.0,977.0,972.0,986.0,980.0,1000.0,988.0,989.0,957.0,977.0,986.0,976.0,986.0,967.0,958.0,1011.0,988.0,996.0,994.0,984.0,975.0,977.0,993.0,967.0,966.0,975.0,1000.0,987.0,980.0,984.0,982.0,972.0,992.0
987.0,996.0,994.0,981.0,1001.0,986.0,1011.0,996.0,986.0,993.0,980.0,1009.0,996.0,984.0,988.0,982.0,969.0,962.0,991.0,989.0,964.0,996.0,1001.0,986.0,1010.0,1003.0,1006.0,1017.0,1023.0,1061.0,1031.0,1051.0,1006.0,1025.0,1032.0,1006.0,1005.0,988.0,1004.0,1000.0,982.0,993.0,991.0,976.0,983.0,1004.0,975.0,993.0,986.0,994.0,1002.0,1011.0,1011.0,1015.0,1009.0,986.0,971.0,1007.0,1014.0,993.0,1004.0,997.0,978.0,990.0,973.0,986.0,990.0,973.0,996.0,1000.0,1007.0,1022.0,1020.0,996.0,1011.0,1021.0,984.0,996.0,1024.0,1013.0,1023.0,1021.0,1018.0,1032.0,1060.0,1103.0,1104.0,1078.0,1074.0,1067.0,1066.0,1048.0,1104.0,1103.0,1091.0,1086.0,1071.0,1109.0,1106.0,1109.0,1146.0,1186.0,1218.0,1239.0,1193.0,1155.0,1139.0,1103.0,1129.0,1150.0,1114.0,1126.0,1106.0,1121.0,1100.0,1113.0,1111.0,1119.0,1138.0,1134.0,1123.0,1123.0,1095.0,1090.0,1102.0,1085.0,1088.0,1092.0,1056.0,1080.0,1102.0,1123.0,1096.0,1106.0,1125.0,1136.0,1135.0,1205.0,1168.0,1126.0,1090.0,1074.0,1104.0,1098.0,1135.0,1138.0,1158.0,1166.0,1159.0,1151.0,1134.0,1103.0,1125.0,1152.0,1127.0,1180.0,1168.0,1182.0,1154.0,1147.0,1203.0,1183.0,1176.0,1170.0,1160.0,1169.0,1172.0,1154.0,1157.0,1116.0,1124.0,1109.0,1107.0,1114.0,1124.0,1099.0,1086.0,1105.0,1104.0,1093.0,1070.0,1057.0,1051.0,1066.0,1068.0,1117.0,1114.0,1146.0,1112.0,1118.0,1143.0,1159.0,1204.0,1200.0,1229.0,1241.0,1225.0,1278.0,1227.0,1267.0,1260.0,1240.0,1261.0,1256.0,1233.0,1278.0,1276.0,1258.0,1265.0,1280.0,1293.0,1311.0,1297.0,1303.0,1293.0,1267.0,1338.0,1342.0,1308.0,1311.0,1283.0,1299.0,1300.0,1265.0,1264.0,1248.0,1259.0,1244.0,1235.0,1243.0,1225.0,1255.0,1223.0,1239.0,1244.0,1234.0,1235.0,1262.0,1258.0,1271.0,1255.0,1256.0,1295.0,1304.0,1356.0,1345.0,1369.0,1377.0,1353.0,1317.0,1295.0,1256.0,1239.0,1248.0,1206.0,1152.0,1124.0,1122.0,1095.0,1082.0,1070.0,1050.0,1050.0,1068.0,1070.0,1061.0,1072.0,1065.0,1097.0,1062.0,1082.0,1103.0,1080.0,1084.0,1082.0,1127.0,1146.0,1150.0,1143.0,1145.0,1115.0,1116.0,1108.0,1118.0,1129,1142.0,1144.0,1176.0,1176.0,1171.0,1176.0,1173.0,1201.0,1233.0,1268.0,1351.0,1344.0,1360.0,1322.0,1286.0,1259.0,1220.0,1186.0,1169.0,1140.0,1163.0,1135.0,1121.0,1066.0,1064.0,1027.0,1031.0,1040.0,998.0,1006.0,986.0,995.0,1006.0,1006.0,991.0,987.0,998.0,1000.0,976.0,977.0,981.0,990.0,986.0,981.0,995.0,1016.0,997.0,973.0,985.0,977.0,987.0,974.0,1006.0,982.0,986.0,1002.0,989.0,983.0,979.0,990.0,984.0,1002.0,976.0,987.0,979.0,968.0,994.0,992.0,995.0,976.0,964.0,985.0,989.0,983.0,984.0,989.0,982.0,983.0,988.0,991.0,994.0,995.0,974.0,988.0,986.0,986.0,983.0,984.0,992.0,989.0,979.0,986.0,1011.0,985.0,978.0,1002.0,979.0,990.0,1014.0,968.0,992.0,997.0,974.0,981.0
980.0,981.0,993.0,977.0,978.0,977.0,982.0,970.0,976.0,971.0,952.0,972.0,965.0,957.0,974.0,952.0,943.0,967.0,967.0,948.0,948.0,954.0,974.0,968.0,977.0,971.0,966.0,1000.0,995.0,1036.0,1025.0,1024.0,1016.0,996.0,1002.0,980.0,982.0,953.0,963.0,943.0,964.0,959.0,942.0,965.0,942.0,964.0,938.0,932.0,973.0,953.0,960.0,971.0,945.0,968.0,966.0,975.0,941.0,960.0,963.0,955.0,963.0,987.0,950.0,950.0,956.0,925.0,932.0,930.0,969.0,952.0,948.0,973.0,984.0,954.0,959.0,944.0,953.0,956.0,982.0,982.0,962.0,998.0,993.0,994.0,1022.0,1058.0,1044.0,1045.0,1021.0,1012.0,1031.0,1032.0,1046.0,1043.0,1047.0,1056.0,1054.0,1074.0,1080.0,1087.0,1141.0,1171.0,1209.0,1245.0,1180.0,1139.0,1112.0,1096.0,1107.0,1126.0,1082.0,1085.0,1068.0,1069.0,1066.0,1037.0,1067.0,1095.0,1089.0,1093.0,1107.0,1095.0,1069.0,1079.0,1063.0,1033.0,1062.0,1045.0,1047.0,1046.0,1057.0,1066.0,1073.0,1085.0,1093.0,1071.0,1111.0,1182.0,1113.0,1071.0,1034.0,1064.0,1075.0,1078.0,1099.0,1095.0,1125.0,1136.0,1122.0,1120.0,1112.0,1096.0,1126.0,1128.0,1134.0,1142.0,1140.0,1129.0,1124.0,1152.0,1162.0,1139.0,1153.0,1157.0,1118.0,1127.0,1140.0,1115.0,1117.0,1098.0,1089.0,1064.0,1069.0,1081.0,1059.0,1059.0,1053.0,1034.0,1038.0,1027.0,1029.0,1008.0,1032.0,1027.0,1031.0,1070.0,1078.0,1080.0,1077.0,1096.0,1108.0,1121.0,1146.0,1162.0,1165.0,1197.0,1200.0,1205.0,1182.0,1201.0,1199.0,1201.0,1230.0,1238.0,1243.0,1252.0,1242.0,1260.0,1250.0,1261.0,1265.0,1267.0,1283.0,1270.0,1263.0,1299.0,1280.0,1290.0,1289.0,1287.0,1296.0,1286.0,1280.0,1269.0,1221.0,1218.0,1225.0,1200.0,1231.0,1239.0,1236.0,1223.0,1203.0,1221.0,1233.0,1231.0,1235.0,1242.0,1257.0,1269.0,1255.0,1264.0,1262.0,1304.0,1320.0,1358.0,1368.0,1388.0,1362.0,1306.0,1302.0,1259.0,1221.0,1210.0,1169.0,1112.0,1069.0,1033.0,1016.0,1011.0,1023.0,975.0,986.0,992.0,992.0,981.0,996.0,989.0,1009.0,1012.0,996.0,1035.0,1027.0,1045.0,1046.0,1048.0,1087.0,1078.0,1080.0,1073.0,1045.0,1055.0,1067.0,1074.0,1102,1083.0,1106.0,1121.0,1115.0,1117.0,1134.0,1132.0,1178.0,1216.0,1269.0,1297.0,1291.0,1325.0,1283.0,1238.0,1220.0,1186.0,1134.0,1101.0,1062.0,1045.0,1022.0,1018.0,994.0,986.0,968.0,937.0,935.0,914.0,905.0,922.0,918.0,917.0,909.0,903.0,916.0,908.0,902.0,895.0,906.0,901.0,884.0,905.0,899.0,903.0,889.0,897.0,904.0,889.0,904.0,891.0,886.0,896.0,891.0,881.0,895.0,888.0,870.0,881.0,898.0,882.0,890.0,895.0,885.0,905.0,887.0,894.0,887.0,901.0,895.0,891.0,903.0,896.0,892.0,883.0,894.0,888.0,900.0,896.0,898.0,871.0,879.0,886.0,910.0,886.0,898.0,905.0,896.0,887.0,889.0,907.0,892.0,900.0,906.0,901.0,884.0,899.0,882.0,880.0,906.0,899.0,878.0,897.0,893.0
973.0,961.0,963.0,965.0,968.0,976.0,972.0,963.0,963.0,952.0,966.0,960.0,967.0,947.0,943.0,950.0,928.0,913.0,943.0,952.0,953.0,960.0,972.0,953.0,963.0,954.0,966.0,990.0,990.0,1011.0,1011.0,1024.0,1008.0,997.0,997.0,972.0,968.0,961.0,962.0,951.0,948.0,948.0,939.0,952.0,946.0,948.0,948.0,941.0,955.0,959.0,963.0,950.0,954.0,958.0,979.0,961.0,950.0,961.0,949.0,972.0,952.0,955.0,933.0,932.0,932.0,936.0,940.0,934.0,960.0,964.0,961.0,958.0,973.0,979.0,968.0,960.0,948.0,967.0,969.0,982.0,973.0,988.0,971.0,999.0,1039.0,1056.0,1060.0,1050.0,1016.0,1008.0,1030.0,1024.0,1045.0,1058.0,1064.0,1054.0,1041.0,1087.0,1080.0,1105.0,1124.0,1147.0,1193.0,1227.0,1187.0,1129.0,1080.0,1072.0,1084.0,1086.0,1091.0,1078.0,1077.0,1072.0,1068.0,1053.0,1053.0,1094.0,1087.0,1081.0,1093.0,1103.0,1054.0,1078.0,1065.0,1053.0,1055.0,1053.0,1049.0,1048.0,1046.0,1094.0,1079.0,1063.0,1072.0,1066.0,1098.0,1157.0,1101.0,1055.0,1036.0,1050.0,1056.0,1087.0,1090.0,1106.0,1127.0,1133.0,1130.0,1120.0,1116.0,1100.0,1122.0,1108.0,1129.0,1123.0,1138.0,1152.0,1146.0,1171.0,1167.0,1141.0,1135.0,1129.0,1133.0,1134.0,1139.0,1121.0,1125.0,1086.0,1076.0,1078.0,1063.0,1067.0,1074.0,1050.0,1053.0,1036.0,1036.0,1037.0,1021.0,1039.0,1021.0,1027.0,1024.0,1072.0,1095.0,1089.0,1081.0,1082.0,1114.0,1137.0,1189.0,1179.0,1200.0,1201.0,1196.0,1221.0,1203.0,1227.0,1191.0,1222.0,1219.0,1255.0,1231.0,1256.0,1255.0,1261.0,1280.0,1272.0,1262.0,1298.0,1290.0,1294.0,1263.0,1265.0,1283.0,1296.0,1293.0,1301.0,1273.0,1260.0,1290.0,1289.0,1242.0,1215.0,1212.0,1226.0,1236.0,1219.0,1222.0,1220.0,1213.0,1225.0,1201.0,1229.0,1232.0,1235.0,1243.0,1226.0,1253.0,1234.0,1245.0,1288.0,1351.0,1358.0,1385.0,1373.0,1358.0,1308.0,1274.0,1236.0,1216.0,1214.0,1166.0,1091.0,1071.0,1027.0,1025.0,1018.0,997.0,996.0,991.0,992.0,993.0,997.0,982.0,980.0,1005.0,1004.0,1008.0,1010.0,1010.0,1028.0,1025.0,1046.0,1096.0,1099.0,1089.0,1071.0,1071.0,1049.0,1054.0,1059.0,1069,1083.0,1084.0,1099.0,1098.0,1107.0,1100.0,1137.0,1144.0,1210.0,1269.0,1279.0,1298.0,1316.0,1264.0,1225.0,1191.0,1187.0,1172.0,1115.0,1118.0,1069.0,1031.0,1015.0,992.0,967.0,962.0,932.0,931.0,931.0,926.0,912.0,910.0,908.0,897.0,909.0,908.0,898.0,892.0,898.0,893.0,888.0,885.0,886.0,891.0,878.0,893.0,895.0,887.0,876.0,882.0,896.0,885.0,900.0,893.0,905.0,896.0,896.0,889.0,881.0,880.0,890.0,883.0,880.0,891.0,887.0,904.0,901.0,887.0,895.0,894.0,876.0,903.0,899.0,883.0,884.0,892.0,884.0,884.0,894.0,879.0,902.0,890.0,877.0,894.0,883.0,891.0,899.0,889.0,884.0,904.0,904.0,892.0,891.0,900.0,896.0,882.0,881.0,905.0,880.0,890.0,902.0,890.0,911.0,886.0
956.0,963.0,953.0,937.0,949.0,977.0,937.0,941.0,954.0,937.0,932.0,933.0,916.0,928.0,930.0,939.0,925.0,911.0,905.0,919.0,931.0,937.0,943.0,932.0,937.0,949.0,936.0,986.0,977.0,980.0,997.0,978.0,968.0,997.0,959.0,953.0,945.0,940.0,916.0,930.0,926.0,920.0,927.0,936.0,920.0,907.0,918.0,916.0,928.0,949.0,926.0,946.0,912.0,943.0,960.0,967.0,928.0,948.0,931.0,930.0,937.0,944.0,950.0,911.0,920.0,918.0,902.0,928.0,922.0,916.0,943.0,948.0,964.0,921.0,916.0,926.0,912.0,924.0,911.0,962.0,933.0,931.0,945.0,961.0,988.0,1011.0,1020.0,1007.0,996.0,1000.0,991.0,1007.0,1015.0,1018.0,1029.0,1034.0,1040.0,1060.0,1041.0,1064.0,1081.0,1131.0,1185.0,1166.0,1163.0,1115.0,1071.0,1065.0,1092.0,1059.0,1061.0,1028.0,1059.0,1024.0,1036.0,1024.0,1035.0,1058.0,1070.0,1062.0,1078.0,1052.0,1047.0,1032.0,1022.0,1014.0,1010.0,1010.0,1040.0,1030.0,1033.0,1051.0,1020.0,1040.0,1048.0,1056.0,1088.0,1115.0,1100.0,1048.0,1032.0,1050.0,1029.0,1034.0,1070.0,1087.0,1104.0,1107.0,1102.0,1061.0,1086.0,1045.0,1075.0,1103.0,1083.0,1105.0,1118.0,1121.0,1140.0,1156.0,1113.0,1107.0,1101.0,1105.0,1108.0,1098.0,1093.0,1091.0,1080.0,1071.0,1056.0,1063.0,1052.0,1043.0,1047.0,1019.0,1019.0,1022.0,1002.0,1019.0,1009.0,988.0,983.0,981.0,994.0,1044.0,1029.0,1047.0,1038.0,1056.0,1093.0,1079.0,1112.0,1159.0,1145.0,1161.0,1178.0,1167.0,1203.0,1167.0,1150.0,1159.0,1173.0,1226.0,1227.0,1209.0,1215.0,1191.0,1234.0,1251.0,1243.0,1233.0,1241.0,1248.0,1261.0,1219.0,1249.0,1262.0,1251.0,1258.0,1239.0,1234.0,1194.0,1206.0,1186.0,1169.0,1181.0,1172.0,1168.0,1187.0,1183.0,1192.0,1169.0,1180.0,1176.0,1182.0,1181.0,1182.0,1197.0,1202.0,1188.0,1178.0,1235.0,1228.0,1292.0,1293.0,1303.0,1321.0,1290.0,1273.0,1251.0,1194.0,1193.0,1133.0,1123.0,1090.0,1038.0,976.0,990.0,979.0,977.0,955.0,949.0,955.0,942.0,945.0,968.0,969.0,989.0,948.0,975.0,1013.0,988.0,1013.0,1009.0,997.0,1053.0,1039.0,1044.0,1052.0,1049.0,1028.0,1012.0,1028.0,1033,1052.0,1027.0,1076.0,1073.0,1078.0,1096.0,1133.0,1158.0,1186.0,1206.0,1226.0,1258.0,1267.0,1247.0,1245.0,1171.0,1163.0,1109.0,1118.0,1069.0,1038.0,989.0,1000.0,955.0,937.0,913.0,940.0,916.0,900.0,915.0,897.0,888.0,884.0,891.0,866.0,886.0,870.0,870.0,872.0,893.0,858.0,871.0,861.0,869.0,866.0,860.0,873.0,860.0,887.0,843.0,868.0,863.0,870.0,860.0,856.0,860.0,851.0,855.0,841.0,874.0,875.0,875.0,854.0,851.0,870.0,851.0,846.0,860.0,863.0,847.0,868.0,876.0,870.0,869.0,862.0,872.0,888.0,868.0,867.0,880.0,846.0,864.0,862.0,866.0,877.0,870.0,865.0,886.0,848.0,872.0,893.0,838.0,851.0,863.0,854.0,871.0,863.0,864.0,856.0,858.0,856.0,878.0,860.0,876.0
945.0,968.0,959.0,942.0,957.0,955.0,952.0,958.0,945.0,951.0,942.0,949.0,939.0,928.0,950.0,933.0,929.0,927.0,932.0,949.0,931.0,946.0,942.0,940.0,945.0,933.0,961.0,945.0,974.0,1014.0,1003.0,994.0,1005.0,984.0,989.0,959.0,951.0,955.0,959.0,946.0,944.0,943.0,925.0,939.0,930.0,927.0,938.0,953.0,946.0,940.0,936.0,958.0,941.0,963.0,954.0,931.0,942.0,929.0,946.0,942.0,937.0,954.0,948.0,948.0,935.0,932.0,949.0,931.0,948.0,942.0,949.0,951.0,966.0,955.0,940.0,936.0,923.0,945.0,950.0,951.0,959.0,974.0,958.0,962.0,999.0,1001.0,1034.0,1008.0,990.0,986.0,1010.0,1002.0,1037.0,1025.0,1029.0,1024.0,1029.0,1047.0,1044.0,1063.0,1097.0,1110.0,1161.0,1164.0,1150.0,1112.0,1063.0,1053.0,1063.0,1049.0,1054.0,1042.0,1041.0,1033.0,1020.0,1021.0,1027.0,1042.0,1048.0,1042.0,1029.0,1050.0,1033.0,1040.0,1021.0,1015.0,1020.0,1024.0,1017.0,1024.0,1021.0,1032.0,1043.0,1022.0,1043.0,1041.0,1079.0,1097.0,1070.0,1038.0,1017.0,1024.0,1034.0,1050.0,1056.0,1068.0,1089.0,1088.0,1087.0,1043.0,1062.0,1064.0,1063.0,1077.0,1080.0,1093.0,1113.0,1099.0,1119.0,1100.0,1099.0,1105.0,1103.0,1085.0,1098.0,1087.0,1084.0,1071.0,1078.0,1066.0,1058.0,1051.0,1041.0,1035.0,1032.0,1011.0,1027.0,1035.0,1004.0,1005.0,1001.0,993.0,994.0,997.0,1014.0,1029.0,1036.0,1034.0,1042.0,1056.0,1081.0,1092.0,1116.0,1124.0,1135.0,1152.0,1150.0,1179.0,1149.0,1165.0,1164.0,1172.0,1172.0,1192.0,1202.0,1196.0,1211.0,1188.0,1208.0,1194.0,1214.0,1216.0,1221.0,1201.0,1188.0,1233.0,1216.0,1219.0,1229.0,1232.0,1196.0,1213.0,1201.0,1188.0,1181.0,1174.0,1166.0,1188.0,1185.0,1184.0,1182.0,1175.0,1152.0,1164.0,1175.0,1187.0,1175.0,1185.0,1184.0,1186.0,1193.0,1183.0,1215.0,1233.0,1266.0,1306.0,1295.0,1282.0,1281.0,1241.0,1214.0,1191.0,1173.0,1140.0,1117.0,1099.0,1049.0,1030.0,1009.0,1005.0,1002.0,997.0,971.0,974.0,971.0,989.0,987.0,968.0,987.0,997.0,997.0,999.0,1011.0,1021.0,1035.0,1017.0,1050.0,1054.0,1054.0,1055.0,1034.0,1034.0,1034.0,1052.0,1067,1059.0,1057.0,1080.0,1083.0,1106.0,1103.0,1107.0,1155.0,1173.0,1231.0,1233.0,1265.0,1248.0,1227.0,1191.0,1147.0,1137.0,1082.0,1096.0,1075.0,1046.0,1005.0,999.0,967.0,972.0,947.0,948.0,942.0,906.0,922.0,924.0,914.0,909.0,896.0,893.0,907.0,897.0,900.0,898.0,882.0,891.0,894.0,890.0,906.0,901.0,892.0,907.0,895.0,880.0,895.0,880.0,881.0,882.0,897.0,889.0,883.0,884.0,880.0,890.0,891.0,893.0,893.0,898.0,877.0,887.0,879.0,888.0,886.0,881.0,872.0,897.0,893.0,886.0,885.0,893.0,902.0,892.0,883.0,862.0,889.0,874.0,889.0,903.0,892.0,882.0,892.0,894.0,878.0,888.0,895.0,896.0,897.0,898.0,878.0,896.0,887.0,883.0,891.0,894.0,901.0,877.0,908.0,886.0,891.0
999.0,1015.0,1008.0,1008.0,990.0,1000.0,996.0,983.0,996.0,979.0,1005.0,991.0,1012.0,986.0,991.0,978.0,982.0,987.0,989.0,991.0,994.0,987.0,991.0,982.0,985.0,993.0,1023.0,1020.0,1036.0,1070.0,1044.0,1026.0,1042.0,1011.0,1028.0,1006.0,1007.0,991.0,993.0,999.0,990.0,967.0,974.0,976.0,995.0,987.0,985.0,966.0,1005.0,993.0,987.0,987.0,991.0,1002.0,1013.0,1001.0,976.0,992.0,1022.0,1001.0,995.0,990.0,987.0,976.0,992.0,987.0,986.0,1000.0,990.0,982.0,991.0,1008.0,1018.0,1007.0,997.0,1000.0,1008.0,981.0,986.0,988.0,1012.0,1020.0,1031.0,1032.0,1057.0,1080.0,1062.0,1063.0,1052.0,1057.0,1058.0,1068.0,1076.0,1093.0,1094.0,1104.0,1083.0,1102.0,1111.0,1116.0,1154.0,1203.0,1246.0,1242.0,1241.0,1175.0,1145.0,1104.0,1132.0,1135.0,1115.0,1098.0,1100.0,1110.0,1106.0,1094.0,1117.0,1118.0,1109.0,1132.0,1111.0,1134.0,1094.0,1096.0,1078.0,1085.0,1065.0,1095.0,1076.0,1067.0,1094.0,1098.0,1085.0,1093.0,1110.0,1108.0,1140.0,1190.0,1142.0,1115.0,1084.0,1095.0,1092.0,1111.0,1095.0,1141.0,1149.0,1160.0,1164.0,1139.0,1123.0,1143.0,1130.0,1149.0,1174.0,1161.0,1182.0,1182.0,1192.0,1175.0,1155.0,1171.0,1164.0,1159.0,1143.0,1152.0,1174.0,1165.0,1155.0,1109.0,1115.0,1105.0,1118.0,1116.0,1100.0,1081.0,1064.0,1081.0,1092.0,1083.0,1062.0,1065.0,1072.0,1070.0,1081.0,1106.0,1121.0,1103.0,1099.0,1103.0,1141.0,1155.0,1174.0,1205.0,1207.0,1222.0,1222.0,1225.0,1225.0,1232.0,1241.0,1235.0,1272.0,1247.0,1272.0,1260.0,1286.0,1284.0,1293.0,1265.0,1277.0,1283.0,1285.0,1299.0,1260.0,1289.0,1285.0,1310.0,1338.0,1320.0,1299.0,1292.0,1302.0,1276.0,1257.0,1249.0,1255.0,1228.0,1266.0,1271.0,1246.0,1258.0,1247.0,1256.0,1252.0,1264.0,1259.0,1264.0,1254.0,1268.0,1256.0,1275.0,1301.0,1324.0,1373.0,1385.0,1369.0,1377.0,1365.0,1339.0,1297.0,1297.0,1271.0,1213.0,1195.0,1136.0,1098.0,1088.0,1069.0,1063.0,1037.0,1039.0,1054.0,1025.0,1041.0,1030.0,1042.0,1022.0,1060.0,1038.0,1085.0,1075.0,1068.0,1093.0,1083.0,1085.0,1143.0,1115.0,1102.0,1113.0,1116.0,1107.0,1107.0,1109.0,1126,1137.0,1144.0,1136.0,1140.0,1145.0,1152.0,1177.0,1209.0,1283.0,1277.0,1323.0,1326.0,1330.0,1314.0,1258.0,1213.0,1205.0,1171.0,1135.0,1140.0,1107.0,1087.0,1050.0,1037.0,1014.0,998.0,1003.0,995.0,980.0,990.0,973.0,976.0,972.0,957.0,978.0,970.0,956.0,953.0,943.0,944.0,952.0,950.0,934.0,958.0,950.0,960.0,951.0,943.0,945.0,936.0,957.0,941.0,941.0,948.0,936.0,946.0,950.0,947.0,943.0,966.0,947.0,951.0,947.0,932.0,950.0,946.0,963.0,950.0,942.0,958.0,950.0,961.0,939.0,945.0,942.0,952.0,947.0,945.0,945.0,946.0,955.0,946.0,945.0,955.0,940.0,961.0,952.0,949.0,957.0,934.0,949.0,966.0,957.0,959.0,957.0,944.0,955.0,949.0,974.0,943.0,939.0,935.0,956.0,946.0
884.0,892.0,890.0,915.0,900.0,898.0,907.0,905.0,901.0,891.0,893.0,905.0,887.0,889.0,894.0,872.0,879.0,880.0,892.0,873.0,887.0,882.0,883.0,882.0,893.0,925.0,898.0,899.0,924.0,931.0,920.0,925.0,930.0,947.0,915.0,890.0,893.0,897.0,895.0,883.0,889.0,876.0,889.0,858.0,892.0,871.0,867.0,878.0,870.0,898.0,897.0,886.0,896.0,911.0,908.0,903.0,884.0,882.0,893.0,890.0,883.0,881.0,893.0,880.0,883.0,880.0,877.0,884.0,909.0,882.0,897.0,868.0,912.0,886.0,892.0,886.0,889.0,866.0,902.0,904.0,904.0,895.0,908.0,893.0,937.0,945.0,951.0,953.0,920.0,923.0,937.0,939.0,928.0,966.0,966.0,972.0,933.0,962.0,955.0,995.0,1006.0,1036.0,1050.0,1068.0,1065.0,1036.0,986.0,980.0,994.0,982.0,994.0,990.0,986.0,958.0,952.0,935.0,962.0,960.0,963.0,962.0,962.0,975.0,958.0,958.0,957.0,951.0,957.0,957.0,945.0,954.0,963.0,960.0,961.0,959.0,951.0,974.0,975.0,1012.0,1023.0,976.0,959.0,960.0,952.0,968.0,980.0,987.0,999.0,1024.0,988.0,1002.0,997.0,962.0,1009.0,973.0,1017.0,992.0,1023.0,1005.0,1026.0,1022.0,1013.0,1013.0,1002.0,985.0,1001.0,1002.0,1006.0,984.0,987.0,1007.0,975.0,965.0,977.0,981.0,979.0,938.0,951.0,936.0,954.0,943.0,912.0,925.0,915.0,921.0,956.0,950.0,973.0,967.0,977.0,969.0,980.0,1019.0,1023.0,1042.0,1040.0,1054.0,1052.0,1041.0,1054.0,1059.0,1060.0,1062.0,1054.0,1092.0,1091.0,1086.0,1076.0,1090.0,1086.0,1069.0,1125.0,1086.0,1094.0,1093.0,1077.0,1093.0,1114.0,1104.0,1113.0,1111.0,1125.0,1115.0,1093.0,1096.0,1084.0,1070.0,1073.0,1077.0,1092.0,1082.0,1070.0,1056.0,1089.0,1069.0,1070.0,1099.0,1091.0,1101.0,1101.0,1076.0,1075.0,1086.0,1095.0,1115.0,1145.0,1188.0,1183.0,1201.0,1142.0,1146.0,1112.0,1090.0,1081.0,1058.0,1038.0,989.0,946.0,957.0,947.0,932.0,928.0,936.0,944.0,942.0,932.0,915.0,898.0,918.0,944.0,918.0,949.0,934.0,957.0,943.0,964.0,949.0,986.0,975.0,973.0,985.0,976.0,972.0,962.0,1002.0,1011,1004.0,971.0,1014.0,991.0,983.0,998.0,1052.0,1032.0,1081.0,1098.0,1142.0,1135.0,1136.0,1140.0,1082.0,1056.0,1056.0,1019.0,1008.0,998.0,956.0,917.0,951.0,924.0,923.0,889.0,901.0,901.0,884.0,891.0,865.0,871.0,871.0,845.0,851.0,867.0,856.0,857.0,874.0,876.0,855.0,863.0,848.0,863.0,868.0,858.0,865.0,846.0,841.0,846.0,851.0,849.0,853.0,864.0,846.0,855.0,871.0,856.0,845.0,848.0,871.0,865.0,854.0,835.0,864.0,854.0,849.0,845.0,856.0,871.0,858.0,848.0,863.0,853.0,840.0,858.0,853.0,874.0,859.0,851.0,852.0,862.0,839.0,851.0,846.0,846.0,837.0,862.0,844.0,875.0,862.0,831.0,876.0,844.0,867.0,862.0,844.0,854.0,849.0,853.0,885.0,873.0,857.0,852.0
939.0,949.0,951.0,937.0,946.0,936.0,940.0,946.0,930.0,936.0,949.0,941.0,919.0,915.0,925.0,915.0,918.0,924.0,925.0,917.0,919.0,925.0,923.0,940.0,946.0,936.0,943.0,947.0,946.0,978.0,981.0,989.0,976.0,971.0,958.0,942.0,936.0,924.0,944.0,923.0,930.0,941.0,916.0,920.0,931.0,916.0,929.0,949.0,925.0,921.0,925.0,939.0,932.0,927.0,930.0,938.0,932.0,934.0,932.0,931.0,933.0,944.0,923.0,914.0,916.0,909.0,929.0,921.0,956.0,927.0,946.0,942.0,955.0,950.0,946.0,918.0,919.0,931.0,945.0,949.0,937.0,960.0,953.0,973.0,979.0,1001.0,987.0,993.0,993.0,989.0,986.0,989.0,997.0,1016.0,1003.0,1005.0,1001.0,1004.0,1005.0,1040.0,1039.0,1105.0,1132.0,1146.0,1106.0,1094.0,1048.0,1023.0,1031.0,1047.0,1029.0,1006.0,1009.0,1022.0,1017.0,1008.0,1028.0,1004.0,1017.0,1023.0,1048.0,1036.0,1012.0,1012.0,1012.0,1005.0,995.0,987.0,992.0,998.0,1010.0,1007.0,1026.0,1010.0,1040.0,1019.0,1043.0,1076.0,1046.0,1034.0,1007.0,1012.0,999.0,1010.0,1023.0,1047.0,1070.0,1073.0,1047.0,1053.0,1043.0,1052.0,1050.0,1049.0,1055.0,1057.0,1063.0,1075.0,1065.0,1077.0,1075.0,1063.0,1054.0,1077.0,1077.0,1055.0,1068.0,1067.0,1044.0,1038.0,1031.0,1025.0,1023.0,1005.0,1008.0,991.0,995.0,987.0,996.0,983.0,983.0,984.0,990.0,1000.0,1010.0,1023.0,1017.0,1033.0,1015.0,1044.0,1040.0,1040.0,1076.0,1101.0,1076.0,1123.0,1134.0,1118.0,1101.0,1117.0,1111.0,1111.0,1142.0,1151.0,1163.0,1152.0,1158.0,1131.0,1180.0,1154.0,1186.0,1161.0,1142.0,1160.0,1156.0,1167.0,1157.0,1171.0,1174.0,1181.0,1167.0,1164.0,1185.0,1186.0,1140.0,1129.0,1145.0,1162.0,1138.0,1143.0,1146.0,1126.0,1138.0,1121.0,1153.0,1161.0,1127.0,1152.0,1168.0,1164.0,1156.0,1165.0,1145.0,1189.0,1220.0,1239.0,1234.0,1253.0,1226.0,1191.0,1182.0,1169.0,1139.0,1106.0,1097.0,1066.0,1021.0,1010.0,1001.0,973.0,977.0,977.0,976.0,964.0,975.0,975.0,968.0,963.0,979.0,979.0,987.0,997.0,977.0,1009.0,1004.0,1011.0,1020.0,1023.0,1026.0,1025.0,1025.0,1016.0,1010.0,1011.0,1036,1044.0,1062.0,1060.0,1076.0,1061.0,1091.0,1113.0,1118.0,1151.0,1191.0,1207.0,1230.0,1202.0,1186.0,1177.0,1125.0,1076.0,1059.0,1070.0,1030.0,1022.0,987.0,978.0,957.0,953.0,954.0,935.0,914.0,921.0,929.0,927.0,911.0,914.0,890.0,899.0,905.0,916.0,904.0,898.0,905.0,895.0,889.0,891.0,895.0,901.0,899.0,895.0,895.0,880.0,896.0,895.0,907.0,897.0,872.0,891.0,885.0,888.0,883.0,877.0,893.0,893.0,892.0,888.0,890.0,887.0,873.0,902.0,887.0,901.0,906.0,899.0,897.0,898.0,892.0,901.0,895.0,896.0,886.0,895.0,900.0,883.0,893.0,882.0,895.0,898.0,911.0,887.0,898.0,893.0,889.0,892.0,884.0,884.0,906.0,903.0,896.0,917.0,904.0,902.0,878.0,906.0,901.0,896.0,877.0
987.0,996.0,989.0,1005.0,1006.0,999.0,990.0,1012.0,1013.0,974.0,981.0,983.0,993.0,979.0,1006.0,976.0,990.0,975.0,988.0,984.0,1001.0,998.0,988.0,994.0,986.0,992.0,1005.0,1012.0,997.0,1031.0,1036.0,1031.0,1041.0,1019.0,1021.0,1001.0,997.0,976.0,989.0,980.0,994.0,978.0,979.0,981.0,987.0,970.0,962.0,964.0,991.0,987.0,1012.0,985.0,962.0,987.0,994.0,1001.0,1000.0,982.0,1001.0,986.0,983.0,1011.0,995.0,968.0,983.0,977.0,979.0,982.0,987.0,975.0,996.0,991.0,1002.0,1009.0,1004.0,973.0,972.0,1004.0,998.0,998.0,1018.0,1013.0,1022.0,1024.0,1059.0,1081.0,1081.0,1094.0,1043.0,1052.0,1088.0,1074.0,1083.0,1085.0,1081.0,1082.0,1093.0,1102.0,1108.0,1111.0,1151.0,1161.0,1190.0,1213.0,1202.0,1162.0,1114.0,1106.0,1109.0,1107.0,1108.0,1094.0,1112.0,1072.0,1094.0,1060.0,1081.0,1072.0,1104.0,1106.0,1094.0,1112.0,1090.0,1075.0,1089.0,1049.0,1073.0,1087.0,1059.0,1059.0,1083.0,1094.0,1102.0,1089.0,1102.0,1100.0,1142.0,1170.0,1126.0,1097.0,1075.0,1065.0,1089.0,1099.0,1120.0,1129.0,1141.0,1137.0,1161.0,1147.0,1125.0,1128.0,1137.0,1143.0,1126.0,1132.0,1163.0,1144.0,1160.0,1206.0,1165.0,1144.0,1127.0,1142.0,1143.0,1143.0,1133.0,1134.0,1127.0,1142.0,1132.0,1102.0,1091.0,1104.0,1095.0,1084.0,1060.0,1058.0,1060.0,1061.0,1058.0,1060.0,1051.0,1050.0,1062.0,1096.0,1116.0,1107.0,1106.0,1116.0,1112.0,1124.0,1185.0,1188.0,1195.0,1226.0,1224.0,1211.0,1221.0,1202.0,1219.0,1232.0,1224.0,1263.0,1242.0,1244.0,1264.0,1262.0,1252.0,1250.0,1266.0,1250.0,1260.0,1261.0,1268.0,1288.0,1270.0,1280.0,1279.0,1260.0,1263.0,1290.0,1278.0,1276.0,1279.0,1240.0,1252.0,1234.0,1237.0,1216.0,1227.0,1241.0,1214.0,1218.0,1232.0,1217.0,1257.0,1236.0,1261.0,1248.0,1257.0,1245.0,1257.0,1315.0,1318.0,1349.0,1325.0,1343.0,1347.0,1321.0,1283.0,1272.0,1227.0,1203.0,1183.0,1163.0,1117.0,1075.0,1076.0,1055.0,1037.0,1055.0,1057.0,1033.0,1048.0,1045.0,1034.0,1023.0,1044.0,1039.0,1067.0,1077.0,1058.0,1088.0,1093.0,1104.0,1132.0,1128.0,1126.0,1103.0,1118.0,1064.0,1103.0,1098.0,1111,1122.0,1135.0,1146.0,1129.0,1119.0,1153.0,1173.0,1199.0,1234.0,1265.0,1303.0,1330.0,1319.0,1296.0,1246.0,1211.0,1191.0,1173.0,1146.0,1114.0,1120.0,1091.0,1057.0,1035.0,1039.0,1004.0,1003.0,983.0,975.0,993.0,971.0,967.0,969.0,971.0,971.0,952.0,975.0,946.0,957.0,977.0,976.0,940.0,966.0,951.0,946.0,947.0,953.0,939.0,971.0,939.0,947.0,938.0,942.0,930.0,951.0,970.0,953.0,940.0,958.0,952.0,950.0,949.0,945.0,946.0,937.0,961.0,952.0,963.0,951.0,926.0,951.0,953.0,952.0,925.0,954.0,951.0,958.0,941.0,957.0,955.0,956.0,949.0,958.0,946.0,938.0,966.0,944.0,951.0,959.0,936.0,954.0,953.0,958.0,951.0,955.0,965.0,943.0,950.0,962.0,960.0,960.0,961.0,949.0,963.0
920.0,913.0,919.0,923.0,934.0,907.0,924.0,909.0,930.0,912.0,901.0,923.0,905.0,904.0,904.0,911.0,903.0,899.0,899.0,888.0,885.0,917.0,932.0,926.0,891.0,923.0,920.0,922.0,938.0,953.0,940.0,961.0,946.0,947.0,922.0,912.0,914.0,907.0,905.0,912.0,920.0,903.0,902.0,908.0,882.0,906.0,895.0,887.0,896.0,889.0,899.0,908.0,909.0,911.0,917.0,916.0,895.0,904.0,906.0,903.0,898.0,912.0,903.0,907.0,895.0,894.0,900.0,896.0,892.0,903.0,901.0,907.0,916.0,900.0,909.0,905.0,898.0,902.0,914.0,905.0,910.0,942.0,935.0,925.0,950.0,945.0,972.0,987.0,955.0,966.0,946.0,963.0,961.0,960.0,970.0,977.0,976.0,976.0,994.0,991.0,1003.0,1035.0,1082.0,1080.0,1071.0,1022.0,1007.0,978.0,1009.0,1000.0,987.0,945.0,981.0,978.0,960.0,979.0,969.0,990.0,978.0,974.0,978.0,986.0,988.0,980.0,972.0,957.0,970.0,970.0,956.0,991.0,957.0,974.0,977.0,983.0,1002.0,991.0,1000.0,1033.0,1008.0,995.0,996.0,973.0,980.0,982.0,991.0,1001.0,997.0,1014.0,1023.0,995.0,1020.0,1013.0,1023.0,1015.0,1013.0,1009.0,1029.0,1024.0,1018.0,1044.0,1029.0,1032.0,1016.0,1024.0,1048.0,1025.0,1039.0,1037.0,1027.0,1002.0,1006.0,998.0,986.0,978.0,994.0,980.0,963.0,967.0,964.0,950.0,943.0,941.0,946.0,978.0,963.0,965.0,970.0,996.0,1000.0,997.0,1008.0,1030.0,1039.0,1075.0,1076.0,1066.0,1073.0,1062.0,1091.0,1070.0,1077.0,1079.0,1092.0,1111.0,1111.0,1112.0,1090.0,1100.0,1118.0,1118.0,1092.0,1096.0,1125.0,1093.0,1109.0,1114.0,1119.0,1125.0,1100.0,1132.0,1105.0,1114.0,1108.0,1120.0,1083.0,1090.0,1088.0,1121.0,1089.0,1087.0,1111.0,1101.0,1082.0,1059.0,1067.0,1106.0,1087.0,1109.0,1117.0,1101.0,1111.0,1106.0,1128.0,1140.0,1152.0,1168.0,1202.0,1164.0,1171.0,1150.0,1103.0,1132.0,1082.0,1091.0,1077.0,1014.0,1003.0,982.0,944.0,959.0,946.0,951.0,945.0,937.0,951.0,948.0,976.0,952.0,976.0,932.0,973.0,956.0,963.0,982.0,977.0,992.0,999.0,1017.0,1006.0,999.0,992.0,1001.0,985.0,1013.0,1029,1004.0,1010.0,1030.0,1031.0,1016.0,1039.0,1042.0,1073.0,1098.0,1136.0,1171.0,1147.0,1179.0,1143.0,1118.0,1076.0,1075.0,1054.0,1018.0,999.0,976.0,967.0,962.0,948.0,930.0,927.0,937.0,926.0,897.0,908.0,895.0,901.0,888.0,910.0,898.0,868.0,896.0,871.0,886.0,875.0,884.0,876.0,899.0,893.0,879.0,872.0,870.0,862.0,869.0,877.0,887.0,873.0,885.0,874.0,864.0,884.0,875.0,864.0,892.0,872.0,875.0,869.0,894.0,853.0,874.0,873.0,870.0,890.0,891.0,887.0,871.0,886.0,871.0,868.0,898.0,880.0,878.0,887.0,895.0,875.0,870.0,885.0,862.0,884.0,882.0,884.0,902.0,871.0,877.0,879.0,879.0,878.0,869.0,886.0,866.0,873.0,873.0,874.0,886.0,883.0,872.0,873.0,895.0,883.0
1159.0,1223.0,1184.0,1197.0,1215.0,1220.0,1182.0,1181.0,1192.0,1164.0,1202.0,1204.0,1233.0,1189.0,1165.0,1206.0,1192.0,1191.0,1202.0,1186.0,1206.0,1169.0,1198.0,1178.0,1217.0,1197.0,1198.0,1213.0,1235.0,1239.0,1241.0,1264.0,1225.0,1242.0,1223.0,1206.0,1206.0,1200.0,1216.0,1211.0,1204.0,1182.0,1248.0,1183.0,1203.0,1211.0,1184.0,1199.0,1223.0,1204.0,1209.0,1178.0,1240.0,1209.0,1234.0,1221.0,1223.0,1198.0,1245.0,1204.0,1213.0,1208.0,1216.0,1241.0,1220.0,1229.0,1188.0,1194.0,1204.0,1207.0,1232.0,1231.0,1225.0,1198.0,1221.0,1232.0,1200.0,1241.0,1218.0,1246.0,1247.0,1260.0,1253.0,1277.0,1290.0,1317.0,1293.0,1315.0,1300.0,1285.0,1312.0,1298.0,1325.0,1287.0,1322.0,1303.0,1335.0,1309.0,1339.0,1357.0,1399.0,1425.0,1486.0,1524.0,1478.0,1405.0,1364.0,1347.0,1394.0,1361.0,1367.0,1342.0,1361.0,1383.0,1334.0,1360.0,1351.0,1368.0,1412.0,1326.0,1384.0,1360.0,1329.0,1365.0,1350.0,1308.0,1335.0,1346.0,1319.0,1321.0,1351.0,1365.0,1356.0,1374.0,1369.0,1374.0,1416.0,1445.0,1413.0,1353.0,1366.0,1311.0,1364.0,1343.0,1365.0,1395.0,1431.0,1413.0,1393.0,1432.0,1391.0,1386.0,1423.0,1405.0,1454.0,1405.0,1430.0,1464.0,1443.0,1443.0,1462.0,1454.0,1424.0,1410.0,1417.0,1440.0,1450.0,1427.0,1418.0,1386.0,1369.0,1387.0,1374.0,1393.0,1353.0,1357.0,1385.0,1345.0,1369.0,1330.0,1337.0,1318.0,1334.0,1329.0,1370.0,1385.0,1406.0,1389.0,1434.0,1404.0,1407.0,1435.0,1510.0,1509.0,1480.0,1511.0,1492.0,1532.0,1534.0,1532.0,1517.0,1520.0,1539.0,1539.0,1563.0,1585.0,1559.0,1549.0,1586.0,1559.0,1602.0,1556.0,1616.0,1597.0,1587.0,1577.0,1576.0,1611.0,1609.0,1630.0,1572.0,1614.0,1594.0,1550.0,1572.0,1568.0,1546.0,1567.0,1547.0,1574.0,1535.0,1549.0,1535.0,1539.0,1569.0,1553.0,1563.0,1585.0,1547.0,1561.0,1588.0,1582.0,1587.0,1640.0,1634.0,1659.0,1692.0,1689.0,1675.0,1674.0,1601.0,1558.0,1567.0,1522.0,1481.0,1454.0,1408.0,1381.0,1386.0,1346.0,1354.0,1324.0,1336.0,1327.0,1350.0,1359.0,1359.0,1312.0,1352.0,1355.0,1367.0,1395.0,1345.0,1357.0,1396.0,1397.0,1415.0,1431.0,1424.0,1418.0,1401.0,1404.0,1435.0,1428.0,1415,1430.0,1438.0,1471.0,1461.0,1462.0,1483.0,1539.0,1535.0,1531.0,1553.0,1646.0,1671.0,1640.0,1646.0,1603.0,1578.0,1536.0,1473.0,1443.0,1423.0,1419.0,1411.0,1384.0,1342.0,1313.0,1296.0,1301.0,1292.0,1277.0,1296.0,1260.0,1306.0,1264.0,1303.0,1270.0,1256.0,1278.0,1240.0,1248.0,1258.0,1273.0,1265.0,1278.0,1291.0,1275.0,1277.0,1279.0,1253.0,1261.0,1260.0,1230.0,1247.0,1247.0,1232.0,1278.0,1237.0,1252.0,1244.0,1239.0,1239.0,1248.0,1253.0,1245.0,1231.0,1250.0,1228.0,1260.0,1243.0,1274.0,1237.0,1244.0,1293.0,1289.0,1237.0,1256.0,1257.0,1268.0,1258.0,1260.0,1268.0,1269.0,1245.0,1238.0,1256.0,1266.0,1251.0,1285.0,1244.0,1254.0,1245.0,1252.0,1273.0,1241.0,1263.0,1230.0,1272.0,1259.0,1255.0,1272.0,1247.0,1260.0,1282.0,1291.0,1246.0
1230.0,1202.0,1246.0,1213.0,1230.0,1222.0,1231.0,1237.0,1227.0,1241.0,1217.0,1208.0,1232.0,1212.0,1214.0,1217.0,1217.0,1192.0,1212.0,1225.0,1208.0,1227.0,1219.0,1235.0,1207.0,1233.0,1233.0,1238.0,1257.0,1295.0,1273.0,1280.0,1292.0,1267.0,1272.0,1242.0,1241.0,1219.0,1234.0,1228.0,1221.0,1219.0,1216.0,1202.0,1203.0,1223.0,1237.0,1238.0,1247.0,1238.0,1222.0,1239.0,1220.0,1229.0,1252.0,1235.0,1238.0,1232.0,1220.0,1264.0,1243.0,1256.0,1242.0,1221.0,1224.0,1217.0,1223.0,1239.0,1265.0,1241.0,1239.0,1255.0,1273.0,1234.0,1232.0,1233.0,1218.0,1235.0,1268.0,1261.0,1247.0,1258.0,1271.0,1279.0,1303.0,1346.0,1339.0,1327.0,1327.0,1292.0,1337.0,1344.0,1341.0,1364.0,1333.0,1365.0,1364.0,1366.0,1388.0,1412.0,1462.0,1498.0,1553.0,1551.0,1505.0,1472.0,1399.0,1400.0,1408.0,1406.0,1414.0,1434.0,1387.0,1375.0,1365.0,1367.0,1378.0,1390.0,1415.0,1432.0,1411.0,1431.0,1381.0,1387.0,1363.0,1382.0,1364.0,1364.0,1367.0,1364.0,1366.0,1377.0,1380.0,1403.0,1410.0,1410.0,1442.0,1528.0,1433.0,1397.0,1381.0,1384.0,1374.0,1394.0,1421.0,1423.0,1480.0,1459.0,1466.0,1434.0,1438.0,1430.0,1438.0,1436.0,1441.0,1485.0,1500.0,1527.0,1482.0,1498.0,1503.0,1493.0,1467.0,1474.0,1491.0,1487.0,1495.0,1467.0,1467.0,1429.0,1429.0,1403.0,1391.0,1419.0,1393.0,1398.0,1372.0,1368.0,1386.0,1346.0,1353.0,1350.0,1372.0,1360.0,1386.0,1414.0,1434.0,1422.0,1410.0,1430.0,1426.0,1464.0,1520.0,1524.0,1525.0,1543.0,1558.0,1569.0,1535.0,1543.0,1546.0,1557.0,1606.0,1595.0,1609.0,1628.0,1635.0,1628.0,1649.0,1657.0,1626.0,1633.0,1671.0,1628.0,1641.0,1650.0,1663.0,1690.0,1640.0,1665.0,1634.0,1667.0,1631.0,1642.0,1635.0,1598.0,1597.0,1592.0,1625.0,1617.0,1590.0,1605.0,1594.0,1607.0,1598.0,1617.0,1656.0,1628.0,1633.0,1647.0,1641.0,1631.0,1636.0,1686.0,1706.0,1768.0,1754.0,1785.0,1739.0,1692.0,1647.0,1652.0,1592.0,1577.0,1500.0,1459.0,1441.0,1393.0,1413.0,1400.0,1359.0,1334.0,1351.0,1342.0,1343.0,1338.0,1364.0,1407.0,1362.0,1367.0,1376.0,1395.0,1401.0,1398.0,1416.0,1413.0,1444.0,1446.0,1467.0,1422.0,1436.0,1442.0,1449.0,1439.0,1463,1460.0,1457.0,1498.0,1464.0,1482.0,1520.0,1524.0,1556.0,1615.0,1647.0,1676.0,1696.0,1720.0,1672.0,1646.0,1597.0,1552.0,1502.0,1444.0,1467.0,1407.0,1377.0,1374.0,1352.0,1341.0,1316.0,1301.0,1295.0,1280.0,1275.0,1260.0,1254.0,1266.0,1258.0,1280.0,1258.0,1260.0,1269.0,1254.0,1279.0,1236.0,1224.0,1227.0,1276.0,1249.0,1255.0,1239.0,1214.0,1253.0,1257.0,1240.0,1236.0,1236.0,1266.0,1251.0,1243.0,1231.0,1240.0,1235.0,1252.0,1241.0,1260.0,1259.0,1233.0,1233.0,1213.0,1243.0,1235.0,1243.0,1237.0,1242.0,1264.0,1255.0,1261.0,1249.0,1254.0,1236.0,1261.0,1245.0,1247.0,1242.0,1248.0,1252.0,1254.0,1255.0,1265.0,1263.0,1257.0,1250.0,1281.0,1265.0,1216.0,1240.0,1293.0,1260.0,1222.0,1244.0,1239.0,1241.0,1262.0,1244.0,1250.0,1250.0,1254.0
1142.0,1150.0,1133.0,1126.0,1131.0,1160.0,1148.0,1155.0,1137.0,1123.0,1136.0,1125.0,1119.0,1105.0,1123.0,1113.0,1102.0,1095.0,1105.0,1104.0,1119.0,1136.0,1131.0,1107.0,1125.0,1151.0,1138.0,1159.0,1176.0,1225.0,1189.0,1197.0,1185.0,1181.0,1183.0,1161.0,1152.0,1143.0,1126.0,1114.0,1123.0,1130.0,1131.0,1129.0,1125.0,1130.0,1124.0,1121.0,1126.0,1138.0,1143.0,1136.0,1134.0,1130.0,1162.0,1157.0,1124.0,1136.0,1123.0,1152.0,1147.0,1140.0,1115.0,1114.0,1120.0,1117.0,1106.0,1119.0,1130.0,1155.0,1142.0,1144.0,1159.0,1155.0,1134.0,1121.0,1132.0,1132.0,1146.0,1151.0,1148.0,1163.0,1167.0,1164.0,1234.0,1238.0,1259.0,1252.0,1212.0,1218.0,1231.0,1229.0,1228.0,1253.0,1252.0,1256.0,1222.0,1286.0,1277.0,1302.0,1318.0,1394.0,1426.0,1450.0,1407.0,1349.0,1295.0,1291.0,1304.0,1299.0,1304.0,1284.0,1268.0,1277.0,1253.0,1272.0,1262.0,1276.0,1290.0,1297.0,1310.0,1295.0,1274.0,1271.0,1276.0,1262.0,1259.0,1245.0,1270.0,1239.0,1262.0,1278.0,1295.0,1275.0,1295.0,1274.0,1332.0,1380.0,1319.0,1276.0,1254.0,1263.0,1267.0,1292.0,1291.0,1317.0,1342.0,1369.0,1361.0,1322.0,1332.0,1342.0,1359.0,1329.0,1375.0,1350.0,1366.0,1374.0,1359.0,1386.0,1380.0,1367.0,1367.0,1366.0,1347.0,1367.0,1376.0,1366.0,1341.0,1314.0,1284.0,1291.0,1281.0,1271.0,1284.0,1288.0,1264.0,1264.0,1250.0,1246.0,1247.0,1248.0,1240.0,1242.0,1243.0,1304.0,1298.0,1313.0,1289.0,1311.0,1375.0,1395.0,1411.0,1419.0,1411.0,1447.0,1459.0,1472.0,1457.0,1461.0,1444.0,1488.0,1489.0,1514.0,1523.0,1511.0,1525.0,1513.0,1529.0,1513.0,1547.0,1509.0,1540.0,1540.0,1531.0,1537.0,1554.0,1548.0,1559.0,1551.0,1529.0,1533.0,1539.0,1530.0,1506.0,1488.0,1488.0,1475.0,1497.0,1487.0,1478.0,1486.0,1485.0,1486.0,1459.0,1493.0,1480.0,1507.0,1497.0,1496.0,1505.0,1520.0,1502.0,1586.0,1634.0,1658.0,1654.0,1647.0,1663.0,1610.0,1532.0,1514.0,1477.0,1469.0,1428.0,1345.0,1292.0,1264.0,1243.0,1226.0,1224.0,1232.0,1208.0,1203.0,1213.0,1210.0,1204.0,1205.0,1237.0,1227.0,1245.0,1261.0,1249.0,1269.0,1281.0,1290.0,1301.0,1330.0,1316.0,1315.0,1289.0,1294.0,1288.0,1300.0,1323,1323.0,1345.0,1344.0,1349.0,1364.0,1359.0,1408.0,1414.0,1481.0,1539.0,1553.0,1606.0,1605.0,1544.0,1506.0,1462.0,1432.0,1390.0,1343.0,1333.0,1294.0,1234.0,1249.0,1202.0,1180.0,1167.0,1130.0,1154.0,1140.0,1132.0,1103.0,1124.0,1110.0,1114.0,1112.0,1102.0,1101.0,1104.0,1100.0,1102.0,1104.0,1095.0,1089.0,1107.0,1085.0,1106.0,1082.0,1106.0,1082.0,1053.0,1086.0,1076.0,1106.0,1098.0,1087.0,1090.0,1090.0,1081.0,1075.0,1092.0,1085.0,1081.0,1082.0,1085.0,1086.0,1094.0,1090.0,1080.0,1089.0,1083.0,1075.0,1099.0,1102.0,1079.0,1078.0,1109.0,1086.0,1093.0,1105.0,1069.0,1100.0,1097.0,1076.0,1102.0,1086.0,1095.0,1087.0,1083.0,1090.0,1098.0,1100.0,1106.0,1067.0,1092.0,1090.0,1085.0,1093.0,1091.0,1078.0,1078.0,1093.0,1100.0,1104.0,1088.0
1277.0,1231.0,1261.0,1260.0,1256.0,1258.0,1278.0,1255.0,1222.0,1238.0,1241.0,1250.0,1266.0,1238.0,1236.0,1247.0,1227.0,1263.0,1242.0,1264.0,1253.0,1256.0,1238.0,1245.0,1262.0,1246.0,1291.0,1300.0,1304.0,1300.0,1318.0,1329.0,1332.0,1311.0,1278.0,1293.0,1307.0,1257.0,1252.0,1286.0,1243.0,1250.0,1234.0,1257.0,1234.0,1256.0,1252.0,1256.0,1255.0,1240.0,1270.0,1284.0,1256.0,1284.0,1278.0,1276.0,1283.0,1240.0,1268.0,1278.0,1311.0,1289.0,1270.0,1257.0,1251.0,1258.0,1281.0,1262.0,1298.0,1269.0,1275.0,1321.0,1312.0,1304.0,1293.0,1256.0,1260.0,1280.0,1303.0,1291.0,1315.0,1308.0,1292.0,1301.0,1357.0,1386.0,1376.0,1410.0,1354.0,1344.0,1351.0,1369.0,1367.0,1377.0,1419.0,1360.0,1411.0,1433.0,1419.0,1423.0,1467.0,1519.0,1586.0,1561.0,1551.0,1500.0,1451.0,1426.0,1439.0,1445.0,1444.0,1434.0,1431.0,1398.0,1429.0,1389.0,1379.0,1405.0,1468.0,1410.0,1432.0,1451.0,1415.0,1404.0,1436.0,1430.0,1436.0,1417.0,1385.0,1420.0,1422.0,1448.0,1440.0,1460.0,1450.0,1435.0,1472.0,1522.0,1493.0,1426.0,1419.0,1437.0,1409.0,1462.0,1442.0,1481.0,1498.0,1485.0,1488.0,1475.0,1504.0,1474.0,1508.0,1511.0,1490.0,1527.0,1491.0,1504.0,1533.0,1511.0,1530.0,1525.0,1528.0,1504.0,1518.0,1513.0,1551.0,1499.0,1477.0,1467.0,1491.0,1495.0,1452.0,1432.0,1439.0,1408.0,1419.0,1429.0,1416.0,1415.0,1411.0,1388.0,1403.0,1412.0,1408.0,1429.0,1473.0,1474.0,1483.0,1470.0,1487.0,1511.0,1527.0,1541.0,1579.0,1583.0,1569.0,1630.0,1564.0,1598.0,1618.0,1596.0,1649.0,1662.0,1671.0,1644.0,1675.0,1655.0,1697.0,1659.0,1670.0,1718.0,1716.0,1693.0,1704.0,1649.0,1686.0,1718.0,1703.0,1679.0,1661.0,1677.0,1684.0,1701.0,1645.0,1659.0,1616.0,1599.0,1639.0,1610.0,1625.0,1640.0,1651.0,1655.0,1620.0,1649.0,1642.0,1644.0,1705.0,1674.0,1650.0,1671.0,1672.0,1696.0,1768.0,1749.0,1779.0,1827.0,1806.0,1746.0,1703.0,1678.0,1639.0,1623.0,1591.0,1561.0,1504.0,1461.0,1429.0,1445.0,1414.0,1388.0,1431.0,1417.0,1381.0,1409.0,1380.0,1415.0,1449.0,1440.0,1426.0,1429.0,1458.0,1484.0,1458.0,1425.0,1491.0,1502.0,1499.0,1465.0,1499.0,1481.0,1505.0,1490.0,1495,1487.0,1535.0,1487.0,1504.0,1504.0,1548.0,1586.0,1619.0,1625.0,1678.0,1709.0,1765.0,1743.0,1710.0,1699.0,1594.0,1607.0,1588.0,1512.0,1474.0,1423.0,1435.0,1418.0,1412.0,1406.0,1380.0,1368.0,1337.0,1357.0,1346.0,1345.0,1285.0,1315.0,1314.0,1320.0,1330.0,1308.0,1320.0,1322.0,1297.0,1341.0,1329.0,1320.0,1284.0,1322.0,1280.0,1293.0,1291.0,1312.0,1311.0,1300.0,1309.0,1312.0,1291.0,1294.0,1309.0,1286.0,1298.0,1296.0,1294.0,1318.0,1318.0,1285.0,1312.0,1298.0,1299.0,1318.0,1314.0,1292.0,1335.0,1294.0,1295.0,1276.0,1293.0,1303.0,1315.0,1298.0,1297.0,1294.0,1302.0,1299.0,1312.0,1329.0,1282.0,1311.0,1294.0,1320.0,1328.0,1305.0,1307.0,1288.0,1303.0,1314.0,1275.0,1289.0,1311.0,1324.0,1319.0,1328.0,1291.0,1298.0,1325.0,1281.0,1313.0
1228.0,1191.0,1200.0,1192.0,1215.0,1177.0,1182.0,1189.0,1197.0,1183.0,1199.0,1209.0,1201.0,1194.0,1184.0,1180.0,1164.0,1183.0,1178.0,1197.0,1165.0,1191.0,1194.0,1193.0,1205.0,1203.0,1219.0,1211.0,1236.0,1271.0,1248.0,1272.0,1259.0,1247.0,1230.0,1210.0,1205.0,1218.0,1217.0,1198.0,1208.0,1198.0,1183.0,1190.0,1201.0,1195.0,1189.0,1187.0,1201.0,1244.0,1202.0,1209.0,1197.0,1238.0,1235.0,1206.0,1195.0,1187.0,1220.0,1231.0,1209.0,1221.0,1214.0,1213.0,1197.0,1188.0,1203.0,1215.0,1229.0,1229.0,1221.0,1223.0,1229.0,1220.0,1220.0,1214.0,1192.0,1222.0,1227.0,1238.0,1235.0,1230.0,1247.0,1258.0,1288.0,1319.0,1343.0,1293.0,1280.0,1261.0,1302.0,1305.0,1354.0,1312.0,1326.0,1310.0,1312.0,1337.0,1320.0,1358.0,1376.0,1428.0,1486.0,1496.0,1464.0,1441.0,1379.0,1352.0,1351.0,1359.0,1373.0,1374.0,1334.0,1329.0,1331.0,1338.0,1322.0,1342.0,1357.0,1363.0,1374.0,1368.0,1354.0,1361.0,1325.0,1318.0,1315.0,1333.0,1323.0,1336.0,1337.0,1335.0,1379.0,1327.0,1354.0,1339.0,1387.0,1415.0,1380.0,1362.0,1352.0,1338.0,1352.0,1350.0,1377.0,1387.0,1399.0,1408.0,1418.0,1393.0,1361.0,1370.0,1380.0,1403.0,1435.0,1409.0,1444.0,1427.0,1438.0,1447.0,1427.0,1428.0,1427.0,1414.0,1429.0,1407.0,1431.0,1410.0,1390.0,1403.0,1384.0,1359.0,1396.0,1372.0,1360.0,1333.0,1368.0,1358.0,1342.0,1356.0,1341.0,1323.0,1331.0,1314.0,1343.0,1344.0,1372.0,1388.0,1385.0,1384.0,1434.0,1421.0,1454.0,1456.0,1514.0,1522.0,1501.0,1527.0,1516.0,1517.0,1528.0,1526.0,1521.0,1555.0,1566.0,1563.0,1569.0,1568.0,1581.0,1578.0,1593.0,1585.0,1578.0,1575.0,1551.0,1578.0,1605.0,1601.0,1625.0,1608.0,1603.0,1588.0,1576.0,1599.0,1547.0,1562.0,1539.0,1539.0,1543.0,1554.0,1556.0,1537.0,1552.0,1526.0,1542.0,1587.0,1562.0,1559.0,1558.0,1577.0,1575.0,1568.0,1575.0,1603.0,1663.0,1689.0,1710.0,1685.0,1667.0,1640.0,1591.0,1594.0,1542.0,1519.0,1507.0,1452.0,1405.0,1376.0,1333.0,1343.0,1328.0,1339.0,1307.0,1297.0,1331.0,1309.0,1317.0,1306.0,1305.0,1332.0,1363.0,1357.0,1342.0,1379.0,1379.0,1388.0,1402.0,1413.0,1421.0,1405.0,1410.0,1401.0,1393.0,1397.0,1426,1428.0,1425.0,1438.0,1442.0,1454.0,1450.0,1492.0,1553.0,1542.0,1601.0,1634.0,1648.0,1642.0,1640.0,1554.0,1541.0,1510.0,1479.0,1446.0,1395.0,1383.0,1381.0,1341.0,1297.0,1292.0,1288.0,1275.0,1271.0,1268.0,1258.0,1240.0,1239.0,1259.0,1228.0,1242.0,1244.0,1233.0,1226.0,1226.0,1226.0,1215.0,1227.0,1223.0,1247.0,1212.0,1231.0,1224.0,1223.0,1221.0,1226.0,1202.0,1212.0,1215.0,1225.0,1228.0,1216.0,1212.0,1195.0,1233.0,1231.0,1238.0,1245.0,1240.0,1222.0,1228.0,1220.0,1250.0,1222.0,1222.0,1222.0,1216.0,1239.0,1229.0,1241.0,1218.0,1224.0,1246.0,1219.0,1208.0,1236.0,1213.0,1223.0,1243.0,1230.0,1234.0,1219.0,1225.0,1236.0,1230.0,1210.0,1237.0,1245.0,1244.0,1213.0,1235.0,1245.0,1226.0,1225.0,1232.0,1251.0,1238.0,1244.0,1226.0,1257.0
1118.0,1110.0,1148.0,1141.0,1144.0,1129.0,1114.0,1116.0,1128.0,1112.0,1141.0,1128.0,1126.0,1110.0,1119.0,1115.0,1126.0,1110.0,1125.0,1105.0,1114.0,1121.0,1128.0,1129.0,1120.0,1139.0,1160.0,1147.0,1187.0,1185.0,1198.0,1164.0,1167.0,1164.0,1169.0,1143.0,1143.0,1142.0,1153.0,1149.0,1137.0,1114.0,1125.0,1105.0,1115.0,1118.0,1130.0,1125.0,1139.0,1118.0,1128.0,1150.0,1138.0,1129.0,1150.0,1164.0,1126.0,1124.0,1151.0,1140.0,1137.0,1150.0,1131.0,1134.0,1126.0,1116.0,1143.0,1131.0,1139.0,1141.0,1134.0,1154.0,1159.0,1149.0,1171.0,1129.0,1143.0,1129.0,1149.0,1150.0,1166.0,1164.0,1182.0,1190.0,1204.0,1214.0,1214.0,1223.0,1221.0,1202.0,1211.0,1231.0,1232.0,1261.0,1239.0,1245.0,1231.0,1251.0,1270.0,1266.0,1286.0,1356.0,1411.0,1423.0,1383.0,1328.0,1304.0,1262.0,1289.0,1281.0,1254.0,1254.0,1263.0,1264.0,1255.0,1248.0,1271.0,1267.0,1256.0,1263.0,1276.0,1306.0,1242.0,1263.0,1245.0,1243.0,1240.0,1244.0,1241.0,1234.0,1245.0,1257.0,1246.0,1240.0,1259.0,1260.0,1306.0,1327.0,1306.0,1290.0,1265.0,1244.0,1277.0,1273.0,1293.0,1303.0,1319.0,1323.0,1330.0,1304.0,1316.0,1315.0,1287.0,1326.0,1344.0,1336.0,1346.0,1340.0,1358.0,1352.0,1365.0,1332.0,1341.0,1321.0,1316.0,1322.0,1345.0,1328.0,1304.0,1281.0,1302.0,1278.0,1272.0,1297.0,1274.0,1276.0,1228.0,1257.0,1257.0,1241.0,1233.0,1225.0,1237.0,1255.0,1269.0,1271.0,1288.0,1276.0,1267.0,1255.0,1317.0,1336.0,1363.0,1385.0,1409.0,1401.0,1388.0,1417.0,1432.0,1404.0,1438.0,1398.0,1441.0,1458.0,1445.0,1453.0,1446.0,1459.0,1481.0,1451.0,1475.0,1468.0,1469.0,1490.0,1484.0,1464.0,1440.0,1496.0,1511.0,1505.0,1511.0,1484.0,1496.0,1441.0,1447.0,1439.0,1434.0,1402.0,1447.0,1435.0,1442.0,1454.0,1421.0,1444.0,1451.0,1448.0,1445.0,1454.0,1445.0,1452.0,1445.0,1464.0,1523.0,1542.0,1572.0,1561.0,1583.0,1567.0,1556.0,1520.0,1481.0,1484.0,1452.0,1407.0,1357.0,1322.0,1310.0,1266.0,1249.0,1253.0,1235.0,1222.0,1231.0,1217.0,1224.0,1224.0,1219.0,1228.0,1246.0,1226.0,1266.0,1261.0,1244.0,1280.0,1273.0,1291.0,1315.0,1311.0,1309.0,1306.0,1299.0,1301.0,1299.0,1305.0,1308,1318.0,1333.0,1332.0,1338.0,1344.0,1346.0,1369.0,1405.0,1457.0,1481.0,1525.0,1532.0,1542.0,1523.0,1452.0,1393.0,1402.0,1346.0,1339.0,1303.0,1289.0,1261.0,1248.0,1207.0,1188.0,1185.0,1186.0,1178.0,1176.0,1151.0,1140.0,1158.0,1154.0,1138.0,1159.0,1138.0,1132.0,1134.0,1126.0,1118.0,1151.0,1145.0,1144.0,1134.0,1132.0,1154.0,1137.0,1123.0,1127.0,1111.0,1144.0,1126.0,1136.0,1127.0,1136.0,1130.0,1132.0,1105.0,1125.0,1126.0,1114.0,1134.0,1123.0,1124.0,1113.0,1127.0,1140.0,1107.0,1119.0,1145.0,1117.0,1132.0,1111.0,1151.0,1133.0,1126.0,1133.0,1126.0,1140.0,1132.0,1129.0,1134.0,1142.0,1124.0,1143.0,1137.0,1139.0,1120.0,1132.0,1110.0,1138.0,1130.0,1145.0,1134.0,1127.0,1148.0,1142.0,1147.0,1144.0,1129.0,1149.0,1142.0,1133.0,1137.0
1204.0,1222.0,1209.0,1213.0,1202.0,1235.0,1247.0,1212.0,1253.0,1228.0,1228.0,1215.0,1252.0,1230.0,1204.0,1226.0,1234.0,1224.0,1215.0,1252.0,1230.0,1202.0,1217.0,1231.0,1232.0,1245.0,1275.0,1258.0,1277.0,1286.0,1294.0,1281.0,1269.0,1255.0,1265.0,1260.0,1237.0,1204.0,1225.0,1201.0,1212.0,1240.0,1210.0,1227.0,1258.0,1228.0,1241.0,1246.0,1236.0,1265.0,1236.0,1222.0,1267.0,1287.0,1255.0,1273.0,1261.0,1243.0,1243.0,1254.0,1240.0,1234.0,1225.0,1212.0,1249.0,1256.0,1259.0,1257.0,1227.0,1270.0,1273.0,1243.0,1277.0,1257.0,1256.0,1231.0,1231.0,1271.0,1238.0,1265.0,1286.0,1299.0,1300.0,1290.0,1334.0,1345.0,1337.0,1353.0,1314.0,1313.0,1349.0,1324.0,1333.0,1325.0,1342.0,1337.0,1332.0,1375.0,1365.0,1361.0,1418.0,1444.0,1473.0,1455.0,1459.0,1424.0,1383.0,1389.0,1375.0,1396.0,1390.0,1385.0,1386.0,1368.0,1364.0,1351.0,1371.0,1402.0,1383.0,1401.0,1407.0,1393.0,1348.0,1358.0,1373.0,1347.0,1343.0,1343.0,1361.0,1367.0,1359.0,1364.0,1399.0,1380.0,1387.0,1448.0,1405.0,1456.0,1398.0,1376.0,1392.0,1366.0,1382.0,1380.0,1409.0,1409.0,1452.0,1446.0,1438.0,1425.0,1438.0,1420.0,1463.0,1425.0,1422.0,1446.0,1474.0,1468.0,1482.0,1460.0,1497.0,1492.0,1425.0,1442.0,1431.0,1490.0,1442.0,1464.0,1444.0,1408.0,1440.0,1412.0,1424.0,1412.0,1402.0,1377.0,1395.0,1388.0,1358.0,1384.0,1363.0,1344.0,1345.0,1370.0,1381.0,1398.0,1417.0,1436.0,1389.0,1419.0,1443.0,1414.0,1458.0,1473.0,1496.0,1523.0,1554.0,1502.0,1538.0,1518.0,1529.0,1548.0,1585.0,1554.0,1603.0,1610.0,1598.0,1562.0,1591.0,1584.0,1608.0,1562.0,1603.0,1562.0,1593.0,1623.0,1590.0,1597.0,1555.0,1600.0,1597.0,1579.0,1606.0,1604.0,1544.0,1575.0,1591.0,1558.0,1577.0,1573.0,1579.0,1536.0,1583.0,1573.0,1569.0,1592.0,1585.0,1587.0,1601.0,1580.0,1606.0,1572.0,1619.0,1607.0,1642.0,1687.0,1688.0,1674.0,1669.0,1676.0,1601.0,1623.0,1568.0,1573.0,1568.0,1439.0,1473.0,1410.0,1389.0,1386.0,1378.0,1410.0,1379.0,1395.0,1391.0,1375.0,1355.0,1402.0,1412.0,1394.0,1416.0,1419.0,1396.0,1443.0,1424.0,1440.0,1469.0,1474.0,1457.0,1488.0,1468.0,1426.0,1464.0,1452.0,1480,1500.0,1483.0,1485.0,1491.0,1495.0,1543.0,1509.0,1546.0,1599.0,1631.0,1656.0,1710.0,1663.0,1635.0,1571.0,1569.0,1534.0,1496.0,1496.0,1462.0,1447.0,1410.0,1391.0,1373.0,1395.0,1325.0,1324.0,1339.0,1322.0,1312.0,1346.0,1332.0,1313.0,1307.0,1294.0,1319.0,1286.0,1282.0,1305.0,1297.0,1285.0,1306.0,1296.0,1297.0,1297.0,1284.0,1298.0,1290.0,1315.0,1318.0,1313.0,1326.0,1288.0,1294.0,1289.0,1286.0,1310.0,1289.0,1287.0,1306.0,1304.0,1344.0,1299.0,1281.0,1281.0,1280.0,1305.0,1286.0,1326.0,1313.0,1301.0,1309.0,1323.0,1310.0,1308.0,1293.0,1281.0,1312.0,1308.0,1317.0,1300.0,1306.0,1337.0,1320.0,1306.0,1337.0,1296.0,1317.0,1281.0,1317.0,1310.0,1326.0,1297.0,1334.0,1309.0,1313.0,1306.0,1297.0,1313.0,1293.0,1327.0,1306.0,1312.0,1265.0
1156.0,1188.0,1178.0,1176.0,1190.0,1200.0,1173.0,1180.0,1165.0,1174.0,1179.0,1172.0,1170.0,1166.0,1157.0,1169.0,1158.0,1167.0,1181.0,1150.0,1140.0,1175.0,1158.0,1173.0,1190.0,1176.0,1158.0,1185.0,1225.0,1243.0,1242.0,1255.0,1229.0,1232.0,1209.0,1203.0,1180.0,1178.0,1183.0,1176.0,1177.0,1199.0,1168.0,1174.0,1158.0,1160.0,1185.0,1179.0,1180.0,1184.0,1193.0,1185.0,1210.0,1189.0,1184.0,1180.0,1174.0,1181.0,1195.0,1177.0,1210.0,1191.0,1180.0,1174.0,1167.0,1164.0,1179.0,1194.0,1214.0,1200.0,1206.0,1198.0,1218.0,1195.0,1207.0,1188.0,1192.0,1220.0,1198.0,1232.0,1207.0,1217.0,1215.0,1248.0,1257.0,1274.0,1272.0,1269.0,1265.0,1253.0,1255.0,1266.0,1275.0,1294.0,1280.0,1282.0,1283.0,1307.0,1310.0,1340.0,1325.0,1396.0,1421.0,1446.0,1414.0,1401.0,1314.0,1315.0,1311.0,1322.0,1317.0,1294.0,1308.0,1319.0,1287.0,1274.0,1302.0,1304.0,1320.0,1320.0,1333.0,1329.0,1329.0,1329.0,1324.0,1288.0,1293.0,1303.0,1284.0,1294.0,1279.0,1309.0,1310.0,1316.0,1300.0,1326.0,1336.0,1375.0,1330.0,1322.0,1303.0,1320.0,1306.0,1309.0,1329.0,1342.0,1375.0,1370.0,1347.0,1368.0,1352.0,1351.0,1348.0,1359.0,1375.0,1366.0,1376.0,1392.0,1386.0,1377.0,1398.0,1390.0,1365.0,1377.0,1379.0,1370.0,1362.0,1376.0,1346.0,1387.0,1360.0,1337.0,1334.0,1330.0,1318.0,1310.0,1302.0,1310.0,1331.0,1275.0,1298.0,1286.0,1304.0,1299.0,1313.0,1322.0,1334.0,1337.0,1349.0,1363.0,1366.0,1385.0,1414.0,1448.0,1433.0,1423.0,1457.0,1463.0,1471.0,1470.0,1489.0,1484.0,1475.0,1503.0,1516.0,1523.0,1523.0,1478.0,1508.0,1507.0,1518.0,1527.0,1505.0,1534.0,1514.0,1526.0,1522.0,1503.0,1532.0,1540.0,1544.0,1521.0,1519.0,1524.0,1507.0,1453.0,1489.0,1487.0,1486.0,1498.0,1494.0,1484.0,1503.0,1471.0,1503.0,1519.0,1502.0,1497.0,1534.0,1497.0,1506.0,1544.0,1529.0,1564.0,1589.0,1596.0,1617.0,1593.0,1587.0,1554.0,1507.0,1508.0,1516.0,1450.0,1453.0,1383.0,1367.0,1325.0,1336.0,1288.0,1315.0,1297.0,1299.0,1312.0,1293.0,1290.0,1305.0,1304.0,1314.0,1302.0,1321.0,1328.0,1328.0,1325.0,1351.0,1371.0,1374.0,1375.0,1391.0,1365.0,1375.0,1351.0,1363.0,1367.0,1361,1386.0,1410.0,1403.0,1435.0,1434.0,1434.0,1456.0,1461.0,1508.0,1555.0,1552.0,1601.0,1569.0,1554.0,1523.0,1464.0,1432.0,1408.0,1395.0,1364.0,1347.0,1314.0,1303.0,1301.0,1280.0,1262.0,1258.0,1246.0,1276.0,1250.0,1218.0,1227.0,1230.0,1232.0,1223.0,1214.0,1224.0,1220.0,1205.0,1230.0,1202.0,1208.0,1219.0,1218.0,1199.0,1195.0,1236.0,1195.0,1215.0,1195.0,1203.0,1225.0,1216.0,1172.0,1208.0,1203.0,1209.0,1203.0,1182.0,1205.0,1198.0,1202.0,1203.0,1218.0,1215.0,1204.0,1211.0,1202.0,1205.0,1204.0,1217.0,1206.0,1206.0,1225.0,1226.0,1214.0,1190.0,1222.0,1220.0,1199.0,1210.0,1214.0,1185.0,1209.0,1223.0,1200.0,1211.0,1201.0,1207.0,1205.0,1217.0,1205.0,1214.0,1222.0,1223.0,1211.0,1221.0,1225.0,1216.0,1219.0,1234.0,1206.0,1234.0,1216.0
1185.0,1149.0,1177.0,1175.0,1175.0,1157.0,1157.0,1161.0,1153.0,1158.0,1165.0,1130.0,1143.0,1165.0,1156.0,1157.0,1134.0,1157.0,1129.0,1143.0,1182.0,1164.0,1156.0,1153.0,1170.0,1158.0,1176.0,1183.0,1190.0,1191.0,1212.0,1229.0,1200.0,1208.0,1181.0,1183.0,1178.0,1164.0,1188.0,1157.0,1178.0,1148.0,1140.0,1168.0,1162.0,1121.0,1146.0,1130.0,1152.0,1183.0,1180.0,1170.0,1162.0,1179.0,1164.0,1186.0,1161.0,1161.0,1169.0,1182.0,1173.0,1173.0,1159.0,1171.0,1163.0,1168.0,1174.0,1158.0,1174.0,1171.0,1186.0,1184.0,1192.0,1179.0,1194.0,1166.0,1174.0,1186.0,1191.0,1187.0,1184.0,1175.0,1239.0,1203.0,1227.0,1293.0,1236.0,1280.0,1263.0,1237.0,1263.0,1267.0,1295.0,1254.0,1273.0,1254.0,1260.0,1283.0,1266.0,1298.0,1337.0,1353.0,1417.0,1408.0,1399.0,1356.0,1312.0,1304.0,1297.0,1314.0,1281.0,1304.0,1303.0,1264.0,1293.0,1243.0,1285.0,1284.0,1290.0,1311.0,1270.0,1283.0,1305.0,1283.0,1282.0,1261.0,1261.0,1270.0,1264.0,1285.0,1266.0,1269.0,1300.0,1286.0,1288.0,1321.0,1314.0,1372.0,1356.0,1314.0,1290.0,1274.0,1312.0,1309.0,1320.0,1323.0,1336.0,1356.0,1366.0,1343.0,1345.0,1345.0,1341.0,1347.0,1327.0,1345.0,1355.0,1367.0,1371.0,1402.0,1365.0,1384.0,1354.0,1364.0,1346.0,1362.0,1355.0,1335.0,1355.0,1345.0,1348.0,1324.0,1289.0,1304.0,1309.0,1280.0,1256.0,1285.0,1290.0,1266.0,1250.0,1280.0,1250.0,1248.0,1292.0,1291.0,1338.0,1333.0,1320.0,1313.0,1323.0,1348.0,1384.0,1407.0,1429.0,1427.0,1460.0,1446.0,1420.0,1437.0,1424.0,1439.0,1458.0,1471.0,1443.0,1486.0,1494.0,1489.0,1489.0,1508.0,1476.0,1490.0,1512.0,1493.0,1484.0,1509.0,1493.0,1475.0,1536.0,1508.0,1494.0,1516.0,1503.0,1483.0,1470.0,1475.0,1457.0,1480.0,1453.0,1452.0,1462.0,1463.0,1460.0,1463.0,1445.0,1459.0,1476.0,1472.0,1457.0,1509.0,1493.0,1482.0,1507.0,1510.0,1538.0,1569.0,1581.0,1587.0,1549.0,1530.0,1539.0,1484.0,1446.0,1444.0,1432.0,1388.0,1350.0,1302.0,1291.0,1286.0,1283.0,1271.0,1256.0,1274.0,1260.0,1273.0,1270.0,1266.0,1284.0,1278.0,1321.0,1319.0,1290.0,1307.0,1325.0,1327.0,1364.0,1380.0,1346.0,1354.0,1329.0,1323.0,1323.0,1332.0,1356,1356.0,1376.0,1365.0,1394.0,1372.0,1381.0,1401.0,1421.0,1473.0,1508.0,1529.0,1571.0,1548.0,1520.0,1467.0,1424.0,1432.0,1378.0,1378.0,1308.0,1330.0,1324.0,1283.0,1275.0,1256.0,1236.0,1245.0,1211.0,1224.0,1214.0,1216.0,1190.0,1187.0,1182.0,1196.0,1210.0,1208.0,1173.0,1165.0,1200.0,1189.0,1162.0,1190.0,1181.0,1171.0,1185.0,1198.0,1174.0,1171.0,1167.0,1153.0,1198.0,1160.0,1181.0,1176.0,1190.0,1181.0,1184.0,1149.0,1191.0,1182.0,1190.0,1198.0,1173.0,1177.0,1199.0,1191.0,1212.0,1181.0,1170.0,1177.0,1192.0,1171.0,1167.0,1194.0,1199.0,1185.0,1159.0,1158.0,1199.0,1172.0,1168.0,1161.0,1181.0,1190.0,1186.0,1180.0,1179.0,1202.0,1194.0,1196.0,1175.0,1210.0,1165.0,1190.0,1195.0,1172.0,1201.0,1211.0,1176.0,1187.0,1169.0,1174.0,1206.0
880.0,865.0,864.0,863.0,873.0,872.0,862.0,861.0,854.0,848.0,854.0,877.0,864.0,850.0,851.0,852.0,859.0,846.0,851.0,865.0,856.0,857.0,854.0,858.0,844.0,873.0,862.0,859.0,882.0,886.0,903.0,901.0,882.0,881.0,870.0,860.0,859.0,872.0,847.0,850.0,871.0,836.0,845.0,842.0,848.0,855.0,845.0,844.0,838.0,840.0,845.0,838.0,848.0,860.0,853.0,851.0,838.0,853.0,844.0,861.0,848.0,845.0,852.0,846.0,869.0,858.0,853.0,849.0,832.0,852.0,863.0,862.0,857.0,842.0,851.0,838.0,837.0,863.0,852.0,873.0,842.0,882.0,869.0,875.0,896.0,894.0,908.0,908.0,888.0,890.0,905.0,900.0,902.0,886.0,897.0,903.0,925.0,925.0,911.0,938.0,951.0,978.0,997.0,1020.0,1005.0,964.0,957.0,933.0,942.0,953.0,933.0,938.0,928.0,922.0,889.0,915.0,898.0,926.0,923.0,934.0,926.0,927.0,928.0,914.0,915.0,903.0,905.0,902.0,901.0,899.0,903.0,927.0,905.0,910.0,928.0,915.0,958.0,970.0,946.0,923.0,922.0,915.0,913.0,915.0,948.0,959.0,948.0,965.0,954.0,940.0,951.0,940.0,956.0,943.0,967.0,955.0,969.0,959.0,994.0,971.0,976.0,952.0,963.0,956.0,954.0,951.0,943.0,953.0,949.0,944.0,947.0,916.0,938.0,913.0,910.0,910.0,911.0,899.0,888.0,891.0,881.0,894.0,884.0,893.0,889.0,904.0,920.0,917.0,915.0,926.0,938.0,960.0,978.0,968.0,983.0,1012.0,1008.0,998.0,1012.0,995.0,1008.0,1015.0,1019.0,1037.0,1045.0,1052.0,1030.0,1039.0,1051.0,1050.0,1042.0,1043.0,1066.0,1044.0,1036.0,1042.0,1045.0,1054.0,1048.0,1030.0,1050.0,1041.0,1030.0,1039.0,1032.0,993.0,1028.0,1026.0,1027.0,1022.0,1018.0,1002.0,1007.0,993.0,1027.0,1020.0,1030.0,1038.0,1030.0,1035.0,1038.0,1057.0,1041.0,1061.0,1092.0,1090.0,1127.0,1091.0,1076.0,1085.0,1060.0,1038.0,1016.0,1009.0,963.0,951.0,922.0,905.0,890.0,897.0,881.0,880.0,883.0,875.0,872.0,869.0,875.0,881.0,907.0,881.0,908.0,881.0,892.0,910.0,907.0,916.0,937.0,938.0,936.0,934.0,934.0,906.0,933.0,912.0,950,945.0,959.0,962.0,964.0,956.0,974.0,981.0,993.0,1020.0,1022.0,1066.0,1069.0,1085.0,1064.0,1027.0,1002.0,984.0,969.0,957.0,911.0,913.0,891.0,888.0,871.0,891.0,857.0,856.0,850.0,840.0,843.0,832.0,836.0,818.0,825.0,820.0,822.0,820.0,795.0,819.0,815.0,813.0,813.0,809.0,814.0,821.0,818.0,814.0,815.0,815.0,795.0,832.0,809.0,812.0,797.0,813.0,797.0,809.0,795.0,809.0,805.0,816.0,824.0,808.0,811.0,805.0,818.0,809.0,820.0,814.0,816.0,804.0,810.0,822.0,817.0,814.0,807.0,795.0,810.0,806.0,814.0,808.0,818.0,818.0,816.0,811.0,817.0,817.0,798.0,819.0,820.0,802.0,828.0,808.0,810.0,818.0,817.0,801.0,797.0,826.0,812.0,800.0,822.0,807.0,801.0
