402.1287,406.6808,411.2303,415.7773,420.3218,424.8639,429.4034,433.9404,438.4749,443.0069,447.5365,452.0635,456.5881,461.1101,465.6297,470.1469,474.6615,479.1736,483.6833,488.1905,492.6953,497.1975,501.6973,506.1946,510.6895,515.1819,519.6719,524.1594,528.6445,533.1271,537.6072,542.085,546.5602,551.033,555.5034,559.9714,564.4369,568.9,573.3607,577.8188,582.2747,586.728,591.179,595.6276,600.0737,604.5174,608.9587,613.3976,617.834,622.2681,626.6998,631.129,635.5559,639.9803,644.4024,648.8221,653.2394,657.6543,662.0668,666.4769,670.8846,675.29,679.693,684.0936,688.4918,692.8877,697.2812,701.6723,706.061,710.4474,714.8315,719.2131,723.5925,727.9694,732.3441,736.7163,741.0862,745.4538,749.819,754.1819,758.5424,762.9006,767.2565,771.61,775.9612,780.3101,784.6566,789.0008,793.3427,797.6823,802.0195,806.3544,810.687,815.0173,819.3453,823.671,827.9944,832.3154,836.6342,840.9507,845.2648,849.5767,853.8863,858.1935,862.4985,866.8013,871.1017,875.3998,879.6956,883.9892,888.2805,892.5695,896.8563,901.1407,905.4229,909.7028,913.9805,918.2559,922.529,926.7999,931.0685,935.3348,939.5989,943.8608,948.1204,952.3777,956.6329,960.8857,965.1364,969.3847,973.6309,977.8748,982.1164,986.3558,990.5931,994.8281,999.0608,1003.291,1007.52,1011.746,1015.97,1020.191,1024.411,1028.628,1032.843,1037.056,1041.266,1045.475,1049.681,1053.885,1058.087,1062.286,1066.484,1070.679,1074.872,1079.063,1083.251,1087.438,1091.622,1095.804,1099.984,1104.162,1108.337,1112.51,1116.682,1120.851,1125.018,1129.182,1133.345,1137.505,1141.663,1145.819,1149.973,1154.125,1158.275,1162.422,1166.567,1170.71,1174.851,1178.99,1183.127,1187.261,1191.394,1195.524,1199.652,1203.778,1207.902,1212.024,1216.144,1220.261,1224.377,1228.49,1232.601,1236.71,1240.817,1244.922,1249.024,1253.125,1257.223,1261.32,1265.414,1269.506,1273.596,1277.684,1281.77,1285.854,1289.935,1294.015,1298.092,1302.168,1306.241,1310.312,1314.381,1318.448,1322.513,1326.576,1330.637,1334.696,1338.753,1342.807,1346.86,1350.91,1354.959,1359.005,1363.049,1367.091,1371.132,1375.17,1379.206,1383.24,1387.272,1391.302,1395.329,1399.355,1403.379,1407.401,1411.42,1415.438,1419.454,1423.467,1427.479,1431.488,1435.496,1439.501,1443.505,1447.506,1451.505,1455.503,1459.498,1463.491,1467.483,1471.472,1475.459,1479.444,1483.428,1487.409,1491.388,1495.365,1499.341,1503.314,1507.285,1511.255,1515.222,1519.187,1523.15,1527.112,1531.071,1535.028,1538.983,1542.937,1546.888,1550.838,1554.785,1558.73,1562.674,1566.615,1570.555,1574.492,1578.428,1582.361,1586.293,1590.223,1594.15,1598.076,1602,1605.922,1609.842,1613.76,1617.676,1621.59,1625.502,1629.412,1633.32,1637.226,1641.131,1645.033,1648.933,1652.832,1656.729,1660.623,1664.516,1668.407,1672.295,1676.182,1680.067,1683.95,1687.832,1691.711,1695.588,1699.463,1703.337,1707.208,1711.078,1714.946,1718.812,1722.676,1726.538,1730.398,1734.256,1738.112,1741.967,1745.819,1749.67,1753.519,1757.365,1761.21,1765.053,1768.895,1772.734,1776.571,1780.407,1784.24,1788.072,1791.902,1795.73,1799.556,1803.38,1807.203,1811.023,1814.842,1818.659,1822.474,1826.287,1830.098,1833.907,1837.715,1841.52,1845.324,1849.126,1852.926,1856.724,1860.521,1864.315,1868.108,1871.899,1875.688,1879.475,1883.26,1887.043,1890.825,1894.605,1898.383,1902.159,1905.933,1909.705,1913.476,1917.245,1921.012,1924.777,1928.54,1932.302,1936.061,1939.819,1943.575,1947.33,1951.082,1954.833,1958.581,1962.328,1966.073,1969.817,1973.558,1977.298,1981.036,1984.772,1988.507,1992.239,1995.97,1999.699
781.0,798.0,786.0,786.0,802.0,800.0,798.0,790.0,787.0,788.0,791.0,794.0,788.0,799.0,806.0,786.0,787.0,777.0,789.0,781.0,775.0,792.0,786.0,786.0,769.0,797.0,786.0,782.0,792.0,815.0,803.0,819.0,787.0,798.0,807.0,789.0,788.0,793.0,778.0,808.0,785.0,791.0,774.0,770.0,784.0,774.0,777.0,790.0,772.0,781.0,782.0,791.0,771.0,790.0,786.0,788.0,780.0,770.0,780.0,786.0,793.0,776.0,786.0,768.0,766.0,782.0,759.0,773.0,783.0,779.0,784.0,805.0,814.0,803.0,801.0,774.0,780.0,794.0,794.0,785.0,794.0,787.0,786.0,824.0,825.0,843.0,851.0,849.0,807.0,821.0,802.0,807.0,828.0,817.0,825.0,832.0,806.0,813.0,806.0,825.0,840.0,838.0,838.0,840.0,834.0,808.0,821.0,838.0,833.0,822.0,839.0,841.0,825.0,824.0,824.0,817.0,815.0,824.0,820.0,830.0,830.0,823.0,831.0,835.0,825.0,844.0,822.0,839.0,821.0,826.0,855.0,839.0,841.0,845.0,868.0,856.0,883.0,891.0,874.0,846.0,841.0,818.0,816.0,860.0,842.0,851.0,837.0,836.0,847.0,840.0,847.0,830.0,836.0,856.0,880.0,877.0,874.0,860.0,883.0,869.0,876.0,883.0,860.0,866.0,851.0,842.0,844.0,862.0,851.0,829.0,823.0,812.0,835.0,840.0,827.0,839.0,814.0,821.0,820.0,813.0,812.0,823.0,808.0,815.0,825.0,835.0,849.0,836.0,842.0,853.0,865.0,877.0,891.0,901.0,893.0,898.0,894.0,912.0,906.0,907.0,893.0,871.0,871.0,880.0,870.0,889.0,906.0,903.0,927.0,915.0,925.0,937.0,952.0,948.0,940.0,958.0,953.0,979.0,947.0,961.0,948.0,936.0,913.0,920.0,924.0,897.0,887.0,890.0,900.0,887.0,908.0,878.0,885.0,904.0,908.0,900.0,905.0,906.0,908.0,905.0,905.0,904.0,910.0,915.0,932.0,935.0,959.0,935.0,937.0,950.0,914.0,899.0,910.0,897.0,883.0,866.0,839.0,828.0,818.0,818.0,798.0,792.0,810.0,805.0,786.0,795.0,785.0,792.0,809.0,775.0,803.0,810.0,813.0,821.0,824.0,832.0,856.0,859.0,853.0,841.0,858.0,830.0,828.0,821.0,822,843.0,823.0,849.0,840.0,848.0,833.0,834.0,833.0,839.0,831.0,870.0,837.0,879.0,860.0,872.0,856.0,861.0,847.0,850.0,840.0,841.0,796.0,817.0,797.0,802.0,785.0,772.0,781.0,765.0,759.0,757.0,759.0,739.0,751.0,736.0,744.0,744.0,740.0,744.0,741.0,738.0,729.0,740.0,741.0,741.0,754.0,748.0,728.0,730.0,734.0,744.0,742.0,738.0,734.0,743.0,733.0,750.0,729.0,730.0,744.0,730.0,745.0,740.0,732.0,734.0,751.0,729.0,733.0,747.0,745.0,728.0,743.0,737.0,745.0,722.0,743.0,727.0,744.0,742.0,727.0,722.0,730.0,739.0,741.0,731.0,735.0,730.0,737.0,738.0,733.0,736.0,741.0,736.0,730.0,744.0,736.0,741.0,750.0,736.0,745.0,745.0,756.0,734.0,737.0
753.0,738.0,753.0,751.0,762.0,750.0,740.0,742.0,749.0,757.0,746.0,755.0,746.0,749.0,752.0,748.0,749.0,737.0,751.0,740.0,750.0,741.0,754.0,745.0,742.0,744.0,745.0,740.0,738.0,772.0,758.0,759.0,757.0,760.0,759.0,751.0,752.0,740.0,749.0,745.0,739.0,737.0,739.0,751.0,746.0,737.0,724.0,728.0,738.0,751.0,740.0,746.0,737.0,727.0,740.0,760.0,715.0,735.0,746.0,743.0,738.0,756.0,736.0,729.0,732.0,737.0,726.0,729.0,744.0,717.0,743.0,747.0,760.0,755.0,755.0,740.0,727.0,726.0,737.0,753.0,760.0,742.0,740.0,764.0,776.0,793.0,811.0,802.0,778.0,788.0,773.0,765.0,771.0,765.0,772.0,778.0,757.0,782.0,781.0,775.0,788.0,780.0,793.0,796.0,794.0,786.0,775.0,771.0,801.0,792.0,792.0,787.0,780.0,798.0,791.0,768.0,790.0,795.0,782.0,788.0,771.0,789.0,784.0,797.0,792.0,782.0,782.0,786.0,772.0,776.0,788.0,801.0,807.0,798.0,819.0,845.0,845.0,871.0,854.0,799.0,786.0,781.0,788.0,783.0,779.0,797.0,792.0,796.0,793.0,785.0,794.0,791.0,792.0,807.0,797.0,807.0,828.0,822.0,818.0,825.0,830.0,822.0,815.0,808.0,815.0,801.0,802.0,795.0,801.0,787.0,780.0,776.0,781.0,780.0,770.0,764.0,779.0,774.0,775.0,773.0,763.0,769.0,770.0,760.0,764.0,782.0,790.0,783.0,785.0,799.0,815.0,815.0,829.0,814.0,826.0,853.0,847.0,850.0,839.0,853.0,843.0,825.0,817.0,828.0,827.0,825.0,828.0,838.0,857.0,848.0,854.0,867.0,886.0,892.0,872.0,894.0,893.0,900.0,910.0,895.0,896.0,865.0,861.0,850.0,849.0,864.0,856.0,847.0,836.0,825.0,853.0,821.0,817.0,821.0,829.0,836.0,863.0,848.0,881.0,838.0,841.0,835.0,855.0,850.0,868.0,892.0,913.0,887.0,889.0,892.0,843.0,850.0,847.0,848.0,840.0,810.0,799.0,779.0,763.0,750.0,758.0,739.0,755.0,751.0,738.0,727.0,742.0,744.0,738.0,733.0,753.0,734.0,742.0,756.0,778.0,767.0,807.0,799.0,792.0,793.0,797.0,761.0,765.0,767.0,781,769.0,784.0,794.0,797.0,767.0,798.0,771.0,772.0,779.0,783.0,789.0,819.0,822.0,812.0,802.0,807.0,817.0,809.0,794.0,781.0,772.0,769.0,765.0,745.0,745.0,733.0,713.0,713.0,726.0,726.0,722.0,708.0,701.0,701.0,700.0,716.0,703.0,693.0,689.0,690.0,702.0,693.0,704.0,714.0,684.0,687.0,700.0,694.0,683.0,692.0,687.0,687.0,691.0,684.0,696.0,702.0,707.0,688.0,687.0,694.0,697.0,687.0,693.0,693.0,690.0,696.0,700.0,696.0,694.0,686.0,684.0,698.0,698.0,688.0,695.0,688.0,697.0,695.0,692.0,698.0,693.0,688.0,694.0,686.0,690.0,703.0,691.0,695.0,692.0,701.0,706.0,692.0,710.0,691.0,682.0,678.0,688.0,696.0,687.0,684.0,693.0,697.0,691.0,688.0
773.0,783.0,769.0,771.0,774.0,779.0,772.0,762.0,760.0,764.0,757.0,779.0,768.0,760.0,771.0,753.0,757.0,769.0,761.0,756.0,769.0,764.0,767.0,759.0,767.0,766.0,767.0,764.0,777.0,796.0,785.0,772.0,772.0,777.0,781.0,773.0,763.0,762.0,764.0,745.0,748.0,752.0,756.0,750.0,752.0,747.0,746.0,748.0,749.0,761.0,756.0,762.0,754.0,750.0,755.0,769.0,738.0,739.0,752.0,755.0,764.0,762.0,754.0,750.0,744.0,742.0,748.0,739.0,757.0,755.0,764.0,773.0,775.0,788.0,770.0,750.0,744.0,756.0,750.0,767.0,772.0,762.0,777.0,769.0,802.0,820.0,840.0,833.0,811.0,806.0,783.0,816.0,822.0,803.0,814.0,802.0,804.0,815.0,788.0,801.0,808.0,807.0,810.0,827.0,824.0,806.0,804.0,811.0,830.0,826.0,815.0,811.0,815.0,814.0,821.0,820.0,818.0,818.0,828.0,815.0,816.0,824.0,844.0,849.0,823.0,822.0,810.0,812.0,805.0,816.0,827.0,842.0,822.0,840.0,845.0,865.0,881.0,903.0,889.0,859.0,810.0,816.0,829.0,836.0,833.0,821.0,833.0,830.0,830.0,837.0,831.0,825.0,841.0,844.0,840.0,858.0,868.0,862.0,869.0,879.0,889.0,881.0,853.0,838.0,845.0,839.0,835.0,834.0,839.0,809.0,812.0,792.0,796.0,796.0,796.0,802.0,799.0,796.0,800.0,793.0,792.0,793.0,789.0,783.0,792.0,813.0,813.0,833.0,839.0,845.0,853.0,871.0,916.0,892.0,900.0,907.0,908.0,922.0,910.0,906.0,914.0,884.0,868.0,893.0,857.0,889.0,890.0,899.0,918.0,908.0,938.0,930.0,959.0,952.0,964.0,965.0,966.0,973.0,985.0,974.0,955.0,922.0,927.0,899.0,894.0,893.0,890.0,898.0,889.0,867.0,863.0,879.0,869.0,873.0,890.0,911.0,890.0,896.0,901.0,885.0,897.0,887.0,885.0,913.0,930.0,963.0,968.0,967.0,959.0,954.0,909.0,901.0,895.0,857.0,870.0,847.0,805.0,774.0,770.0,769.0,758.0,750.0,757.0,751.0,748.0,746.0,745.0,746.0,756.0,735.0,755.0,752.0,752.0,763.0,788.0,789.0,803.0,821.0,821.0,811.0,792.0,782.0,777.0,783.0,780,804.0,811.0,796.0,795.0,796.0,792.0,801.0,805.0,814.0,806.0,835.0,828.0,867.0,869.0,881.0,868.0,869.0,851.0,852.0,825.0,808.0,776.0,796.0,774.0,764.0,735.0,724.0,725.0,720.0,720.0,709.0,700.0,695.0,705.0,698.0,697.0,686.0,681.0,687.0,692.0,682.0,682.0,686.0,686.0,690.0,682.0,684.0,679.0,691.0,682.0,685.0,679.0,674.0,679.0,685.0,692.0,687.0,681.0,690.0,683.0,677.0,687.0,670.0,676.0,684.0,681.0,679.0,680.0,688.0,684.0,676.0,688.0,680.0,679.0,682.0,681.0,696.0,679.0,682.0,688.0,670.0,689.0,685.0,686.0,680.0,686.0,689.0,687.0,689.0,679.0,693.0,684.0,681.0,683.0,686.0,683.0,687.0,688.0,688.0,689.0,686.0,686.0,686.0,682.0
814.0,819.0,801.0,815.0,802.0,827.0,813.0,819.0,825.0,812.0,794.0,796.0,808.0,802.0,818.0,788.0,799.0,780.0,792.0,793.0,795.0,799.0,802.0,797.0,800.0,787.0,830.0,806.0,810.0,834.0,827.0,815.0,802.0,824.0,819.0,816.0,814.0,801.0,814.0,802.0,800.0,792.0,787.0,788.0,783.0,783.0,768.0,791.0,780.0,799.0,787.0,784.0,777.0,793.0,792.0,805.0,770.0,787.0,787.0,809.0,808.0,790.0,786.0,773.0,772.0,778.0,779.0,766.0,781.0,778.0,795.0,803.0,839.0,826.0,811.0,790.0,788.0,780.0,795.0,817.0,796.0,818.0,813.0,826.0,849.0,889.0,915.0,868.0,864.0,845.0,830.0,853.0,858.0,855.0,843.0,873.0,849.0,867.0,879.0,874.0,863.0,884.0,904.0,913.0,888.0,857.0,880.0,885.0,882.0,919.0,904.0,899.0,897.0,908.0,893.0,890.0,911.0,896.0,897.0,891.0,884.0,917.0,902.0,923.0,903.0,893.0,896.0,885.0,902.0,873.0,885.0,892.0,920.0,910.0,948.0,935.0,992.0,1060.0,988.0,922.0,890.0,866.0,871.0,896.0,916.0,899.0,884.0,904.0,897.0,893.0,881.0,914.0,941.0,921.0,920.0,962.0,951.0,948.0,970.0,956.0,975.0,975.0,930.0,924.0,902.0,891.0,896.0,888.0,895.0,872.0,853.0,839.0,851.0,854.0,862.0,854.0,854.0,856.0,839.0,852.0,841.0,829.0,840.0,835.0,855.0,879.0,891.0,891.0,875.0,910.0,933.0,937.0,999.0,977.0,983.0,1005.0,1007.0,990.0,998.0,986.0,977.0,965.0,984.0,980.0,957.0,983.0,999.0,1005.0,1039.0,1013.0,1039.0,1075.0,1102.0,1090.0,1075.0,1090.0,1094.0,1136.0,1107.0,1142.0,1082.0,1046.0,1016.0,1028.0,962.0,969.0,954.0,974.0,958.0,953.0,939.0,940.0,970.0,948.0,971.0,966.0,986.0,973.0,994.0,991.0,989.0,964.0,1022.0,1060.0,1082.0,1122.0,1130.0,1137.0,1109.0,1081.0,1022.0,1006.0,969.0,945.0,945.0,905.0,872.0,843.0,816.0,787.0,801.0,782.0,778.0,769.0,768.0,778.0,772.0,765.0,770.0,763.0,778.0,791.0,785.0,807.0,820.0,835.0,869.0,880.0,873.0,875.0,831.0,810.0,812.0,816.0,828,854.0,843.0,848.0,858.0,831.0,845.0,848.0,844.0,859.0,886.0,923.0,907.0,942.0,979.0,982.0,967.0,954.0,952.0,936.0,916.0,883.0,842.0,835.0,802.0,778.0,765.0,756.0,753.0,731.0,707.0,710.0,701.0,709.0,696.0,704.0,712.0,693.0,691.0,702.0,703.0,689.0,676.0,674.0,692.0,678.0,680.0,690.0,689.0,692.0,694.0,680.0,681.0,674.0,677.0,676.0,668.0,678.0,663.0,657.0,673.0,672.0,676.0,686.0,669.0,664.0,672.0,687.0,677.0,672.0,676.0,677.0,696.0,684.0,678.0,676.0,669.0,679.0,687.0,674.0,684.0,672.0,684.0,686.0,688.0,667.0,687.0,681.0,684.0,679.0,678.0,684.0,673.0,693.0,680.0,684.0,666.0,666.0,669.0,684.0,687.0,682.0,672.0,684.0,676.0
822.0,815.0,824.0,823.0,827.0,813.0,807.0,809.0,806.0,799.0,804.0,799.0,811.0,811.0,794.0,793.0,802.0,795.0,795.0,795.0,797.0,808.0,803.0,797.0,801.0,797.0,811.0,823.0,815.0,823.0,829.0,808.0,826.0,830.0,828.0,814.0,795.0,799.0,797.0,808.0,779.0,792.0,797.0,785.0,795.0,773.0,770.0,776.0,791.0,792.0,802.0,788.0,789.0,787.0,812.0,793.0,775.0,773.0,799.0,788.0,796.0,803.0,783.0,769.0,778.0,768.0,772.0,773.0,798.0,776.0,809.0,807.0,834.0,828.0,811.0,811.0,789.0,789.0,812.0,821.0,807.0,817.0,809.0,824.0,853.0,882.0,924.0,897.0,859.0,851.0,844.0,859.0,877.0,872.0,886.0,872.0,863.0,861.0,856.0,889.0,872.0,885.0,894.0,912.0,886.0,886.0,869.0,870.0,889.0,914.0,896.0,885.0,898.0,911.0,896.0,898.0,909.0,892.0,885.0,902.0,897.0,916.0,906.0,908.0,900.0,886.0,891.0,884.0,881.0,897.0,886.0,895.0,902.0,924.0,937.0,932.0,975.0,1043.0,1009.0,939.0,901.0,888.0,883.0,896.0,912.0,912.0,915.0,903.0,900.0,902.0,909.0,905.0,933.0,914.0,944.0,956.0,960.0,950.0,970.0,968.0,967.0,961.0,956.0,911.0,936.0,924.0,928.0,932.0,906.0,865.0,871.0,848.0,858.0,866.0,861.0,844.0,854.0,847.0,866.0,858.0,834.0,842.0,845.0,830.0,845.0,872.0,903.0,899.0,888.0,913.0,919.0,949.0,986.0,980.0,1003.0,996.0,1013.0,1021.0,999.0,990.0,988.0,963.0,969.0,972.0,984.0,1013.0,999.0,996.0,1031.0,1033.0,1054.0,1073.0,1091.0,1098.0,1099.0,1101.0,1118.0,1131.0,1118.0,1121.0,1080.0,1051.0,1009.0,999.0,976.0,971.0,962.0,960.0,958.0,968.0,954.0,943.0,926.0,947.0,955.0,962.0,986.0,986.0,989.0,978.0,978.0,974.0,1002.0,1037.0,1067.0,1105.0,1120.0,1111.0,1093.0,1063.0,1025.0,986.0,971.0,959.0,950.0,915.0,867.0,822.0,804.0,797.0,779.0,770.0,769.0,766.0,767.0,761.0,767.0,755.0,768.0,763.0,778.0,784.0,785.0,798.0,816.0,819.0,868.0,860.0,874.0,861.0,838.0,816.0,820.0,819.0,827,839.0,842.0,856.0,841.0,846.0,815.0,822.0,855.0,844.0,880.0,908.0,915.0,952.0,974.0,962.0,969.0,980.0,953.0,909.0,892.0,871.0,850.0,814.0,797.0,788.0,766.0,753.0,746.0,738.0,704.0,716.0,710.0,709.0,692.0,691.0,702.0,694.0,683.0,682.0,686.0,691.0,667.0,689.0,686.0,674.0,669.0,682.0,674.0,682.0,674.0,683.0,677.0,685.0,674.0,667.0,677.0,675.0,672.0,664.0,682.0,677.0,678.0,673.0,664.0,681.0,679.0,677.0,673.0,678.0,673.0,672.0,685.0,683.0,675.0,676.0,691.0,676.0,681.0,683.0,674.0,673.0,673.0,676.0,689.0,677.0,681.0,671.0,684.0,670.0,673.0,674.0,665.0,675.0,678.0,677.0,676.0,669.0,680.0,677.0,669.0,676.0,684.0,669.0,679.0
768.0,757.0,774.0,751.0,759.0,757.0,752.0,762.0,742.0,742.0,757.0,752.0,769.0,743.0,753.0,745.0,753.0,755.0,748.0,748.0,761.0,754.0,769.0,754.0,756.0,758.0,753.0,767.0,772.0,774.0,772.0,756.0,764.0,777.0,761.0,747.0,756.0,741.0,755.0,756.0,749.0,744.0,728.0,747.0,735.0,742.0,731.0,728.0,751.0,750.0,748.0,741.0,744.0,754.0,756.0,749.0,732.0,734.0,733.0,742.0,740.0,742.0,733.0,733.0,724.0,738.0,729.0,733.0,741.0,728.0,750.0,759.0,766.0,760.0,757.0,733.0,731.0,749.0,738.0,743.0,749.0,755.0,768.0,768.0,781.0,815.0,833.0,801.0,778.0,780.0,779.0,789.0,810.0,803.0,800.0,809.0,789.0,799.0,782.0,802.0,802.0,813.0,820.0,822.0,813.0,809.0,811.0,805.0,824.0,813.0,818.0,818.0,807.0,821.0,823.0,813.0,820.0,817.0,833.0,820.0,811.0,841.0,824.0,829.0,823.0,828.0,796.0,831.0,815.0,815.0,811.0,830.0,854.0,833.0,838.0,866.0,877.0,906.0,883.0,843.0,802.0,796.0,811.0,800.0,833.0,833.0,825.0,821.0,822.0,833.0,845.0,823.0,845.0,844.0,863.0,846.0,878.0,859.0,887.0,872.0,886.0,892.0,864.0,862.0,839.0,849.0,849.0,827.0,832.0,806.0,804.0,791.0,792.0,787.0,806.0,793.0,797.0,788.0,796.0,791.0,779.0,766.0,760.0,779.0,783.0,790.0,817.0,820.0,819.0,829.0,836.0,853.0,876.0,884.0,874.0,883.0,893.0,897.0,891.0,900.0,891.0,878.0,867.0,864.0,878.0,887.0,879.0,887.0,917.0,907.0,922.0,935.0,930.0,960.0,969.0,970.0,979.0,984.0,947.0,953.0,960.0,921.0,907.0,899.0,893.0,872.0,876.0,885.0,874.0,867.0,877.0,857.0,867.0,871.0,895.0,885.0,892.0,885.0,889.0,879.0,876.0,881.0,907.0,931.0,944.0,958.0,977.0,971.0,961.0,940.0,905.0,874.0,873.0,846.0,850.0,826.0,785.0,775.0,751.0,747.0,737.0,734.0,725.0,736.0,727.0,727.0,725.0,710.0,724.0,704.0,727.0,723.0,727.0,767.0,758.0,773.0,805.0,796.0,793.0,774.0,764.0,761.0,742.0,760.0,781,775.0,774.0,778.0,776.0,788.0,785.0,782.0,775.0,777.0,816.0,833.0,837.0,870.0,867.0,875.0,861.0,876.0,845.0,837.0,825.0,803.0,777.0,772.0,745.0,736.0,717.0,709.0,694.0,685.0,697.0,693.0,682.0,682.0,673.0,666.0,681.0,677.0,658.0,671.0,672.0,663.0,658.0,663.0,670.0,652.0,663.0,663.0,662.0,662.0,662.0,658.0,659.0,667.0,653.0,656.0,665.0,665.0,650.0,658.0,662.0,656.0,660.0,664.0,658.0,661.0,662.0,668.0,655.0,662.0,660.0,651.0,666.0,652.0,657.0,659.0,666.0,651.0,656.0,666.0,655.0,657.0,667.0,659.0,663.0,653.0,661.0,661.0,659.0,655.0,657.0,660.0,664.0,663.0,666.0,666.0,659.0,666.0,664.0,665.0,657.0,669.0,665.0,668.0,664.0
776.0,785.0,798.0,762.0,805.0,782.0,779.0,784.0,768.0,783.0,777.0,803.0,800.0,773.0,785.0,768.0,771.0,766.0,767.0,780.0,777.0,773.0,784.0,786.0,779.0,788.0,797.0,811.0,802.0,823.0,781.0,783.0,802.0,793.0,781.0,777.0,782.0,771.0,783.0,781.0,760.0,761.0,757.0,779.0,770.0,764.0,741.0,755.0,748.0,772.0,745.0,767.0,751.0,758.0,770.0,768.0,745.0,759.0,753.0,776.0,777.0,774.0,745.0,746.0,753.0,738.0,742.0,753.0,773.0,744.0,782.0,790.0,777.0,805.0,803.0,781.0,746.0,767.0,786.0,775.0,764.0,779.0,785.0,781.0,808.0,874.0,861.0,858.0,820.0,800.0,806.0,819.0,833.0,840.0,848.0,824.0,810.0,835.0,821.0,847.0,839.0,862.0,858.0,863.0,858.0,851.0,843.0,825.0,865.0,861.0,832.0,855.0,868.0,853.0,871.0,865.0,854.0,873.0,866.0,851.0,847.0,879.0,865.0,864.0,854.0,838.0,844.0,860.0,848.0,850.0,853.0,864.0,843.0,853.0,875.0,892.0,911.0,977.0,928.0,854.0,871.0,842.0,853.0,852.0,859.0,863.0,862.0,861.0,867.0,863.0,859.0,874.0,888.0,882.0,883.0,903.0,916.0,903.0,920.0,940.0,905.0,916.0,900.0,881.0,909.0,876.0,878.0,853.0,850.0,825.0,819.0,808.0,832.0,832.0,819.0,798.0,829.0,819.0,823.0,798.0,805.0,810.0,788.0,811.0,802.0,822.0,849.0,860.0,858.0,864.0,889.0,898.0,946.0,935.0,945.0,943.0,940.0,979.0,934.0,907.0,956.0,941.0,920.0,936.0,919.0,922.0,955.0,955.0,974.0,990.0,993.0,986.0,1007.0,1012.0,1018.0,1023.0,1033.0,1043.0,1039.0,1033.0,993.0,966.0,952.0,955.0,935.0,951.0,930.0,940.0,923.0,909.0,919.0,910.0,900.0,914.0,927.0,920.0,905.0,944.0,920.0,934.0,923.0,930.0,923.0,983.0,990.0,1057.0,1039.0,1032.0,1034.0,969.0,951.0,909.0,910.0,902.0,882.0,850.0,827.0,784.0,775.0,755.0,767.0,743.0,739.0,742.0,739.0,736.0,725.0,732.0,740.0,739.0,732.0,748.0,747.0,775.0,762.0,788.0,822.0,833.0,837.0,825.0,805.0,780.0,770.0,772.0,790,787.0,812.0,790.0,811.0,801.0,802.0,789.0,820.0,826.0,838.0,860.0,874.0,902.0,914.0,927.0,922.0,903.0,879.0,887.0,865.0,840.0,804.0,796.0,779.0,755.0,729.0,725.0,727.0,713.0,691.0,697.0,693.0,674.0,693.0,685.0,679.0,674.0,680.0,673.0,668.0,667.0,667.0,664.0,660.0,661.0,664.0,671.0,670.0,666.0,664.0,660.0,663.0,660.0,672.0,659.0,654.0,655.0,657.0,659.0,664.0,660.0,665.0,675.0,659.0,667.0,660.0,667.0,652.0,666.0,663.0,669.0,667.0,653.0,666.0,657.0,659.0,659.0,664.0,657.0,659.0,663.0,677.0,667.0,661.0,665.0,663.0,677.0,667.0,667.0,660.0,659.0,646.0,666.0,663.0,658.0,667.0,658.0,660.0,664.0,662.0,669.0,674.0,662.0,669.0
814.0,807.0,811.0,807.0,796.0,808.0,804.0,802.0,810.0,793.0,806.0,815.0,796.0,813.0,807.0,780.0,780.0,794.0,789.0,798.0,779.0,803.0,812.0,802.0,789.0,777.0,811.0,811.0,818.0,833.0,824.0,807.0,827.0,804.0,803.0,806.0,793.0,797.0,787.0,785.0,782.0,773.0,774.0,769.0,782.0,765.0,758.0,767.0,771.0,768.0,789.0,760.0,759.0,787.0,792.0,771.0,750.0,766.0,781.0,802.0,779.0,775.0,773.0,762.0,771.0,749.0,753.0,758.0,764.0,777.0,791.0,809.0,804.0,814.0,792.0,778.0,772.0,785.0,791.0,787.0,798.0,809.0,796.0,814.0,840.0,865.0,869.0,857.0,839.0,827.0,826.0,834.0,837.0,851.0,839.0,840.0,845.0,861.0,841.0,854.0,853.0,873.0,898.0,885.0,865.0,867.0,856.0,857.0,866.0,876.0,891.0,891.0,899.0,890.0,880.0,872.0,895.0,878.0,877.0,864.0,880.0,901.0,890.0,894.0,894.0,874.0,869.0,867.0,864.0,861.0,876.0,891.0,893.0,903.0,913.0,924.0,939.0,978.0,956.0,889.0,872.0,860.0,866.0,880.0,871.0,881.0,881.0,874.0,886.0,877.0,887.0,895.0,909.0,916.0,933.0,935.0,954.0,954.0,957.0,959.0,951.0,968.0,928.0,921.0,903.0,900.0,928.0,893.0,892.0,868.0,857.0,836.0,863.0,855.0,844.0,838.0,845.0,835.0,838.0,840.0,829.0,826.0,821.0,803.0,821.0,833.0,854.0,868.0,860.0,890.0,901.0,926.0,949.0,946.0,956.0,984.0,976.0,994.0,966.0,954.0,970.0,948.0,969.0,952.0,947.0,952.0,975.0,966.0,1000.0,1020.0,1031.0,1039.0,1039.0,1058.0,1066.0,1043.0,1079.0,1088.0,1089.0,1073.0,1024.0,1019.0,974.0,973.0,949.0,952.0,935.0,957.0,956.0,933.0,923.0,942.0,920.0,934.0,928.0,944.0,938.0,947.0,983.0,958.0,954.0,950.0,972.0,1013.0,1038.0,1070.0,1088.0,1067.0,1052.0,1017.0,995.0,958.0,926.0,911.0,895.0,857.0,835.0,801.0,771.0,762.0,765.0,754.0,756.0,740.0,759.0,749.0,746.0,734.0,756.0,749.0,757.0,761.0,761.0,772.0,776.0,798.0,825.0,832.0,829.0,813.0,802.0,795.0,790.0,794.0,801,815.0,795.0,814.0,834.0,813.0,812.0,822.0,827.0,842.0,855.0,881.0,912.0,912.0,927.0,942.0,924.0,911.0,907.0,892.0,865.0,840.0,816.0,805.0,779.0,760.0,749.0,720.0,715.0,714.0,712.0,697.0,688.0,687.0,694.0,673.0,687.0,683.0,673.0,675.0,677.0,679.0,676.0,678.0,680.0,661.0,664.0,667.0,665.0,665.0,671.0,664.0,657.0,670.0,670.0,661.0,662.0,665.0,659.0,670.0,671.0,661.0,668.0,667.0,660.0,664.0,664.0,661.0,658.0,672.0,673.0,662.0,673.0,661.0,670.0,663.0,667.0,667.0,662.0,670.0,664.0,656.0,668.0,655.0,663.0,662.0,682.0,676.0,673.0,664.0,669.0,683.0,668.0,658.0,667.0,665.0,669.0,658.0,667.0,666.0,667.0,665.0,664.0,664.0,660.0
834.0,832.0,816.0,836.0,834.0,836.0,827.0,840.0,823.0,809.0,812.0,825.0,811.0,806.0,810.0,801.0,802.0,805.0,807.0,810.0,821.0,823.0,829.0,814.0,811.0,825.0,818.0,835.0,835.0,847.0,845.0,836.0,838.0,821.0,820.0,822.0,819.0,802.0,802.0,808.0,790.0,781.0,786.0,781.0,801.0,780.0,773.0,781.0,787.0,801.0,786.0,774.0,785.0,812.0,789.0,797.0,797.0,773.0,815.0,811.0,799.0,794.0,787.0,783.0,780.0,759.0,766.0,767.0,785.0,786.0,819.0,828.0,835.0,833.0,816.0,802.0,777.0,804.0,808.0,818.0,832.0,822.0,812.0,829.0,857.0,909.0,920.0,928.0,862.0,860.0,854.0,865.0,872.0,892.0,867.0,879.0,873.0,881.0,876.0,882.0,886.0,900.0,927.0,903.0,894.0,892.0,881.0,887.0,897.0,895.0,924.0,921.0,917.0,905.0,922.0,898.0,908.0,911.0,919.0,919.0,922.0,926.0,922.0,914.0,902.0,906.0,881.0,886.0,875.0,893.0,903.0,925.0,934.0,929.0,950.0,936.0,986.0,1032.0,1013.0,942.0,902.0,876.0,896.0,901.0,906.0,926.0,924.0,917.0,926.0,912.0,912.0,920.0,943.0,938.0,966.0,963.0,979.0,973.0,997.0,991.0,1021.0,990.0,990.0,973.0,948.0,946.0,957.0,963.0,918.0,896.0,887.0,868.0,863.0,872.0,871.0,864.0,856.0,864.0,870.0,849.0,824.0,843.0,831.0,827.0,860.0,871.0,890.0,898.0,910.0,906.0,928.0,958.0,989.0,1011.0,1009.0,1019.0,1033.0,1018.0,1028.0,995.0,1003.0,1008.0,983.0,983.0,978.0,1019.0,1013.0,1035.0,1061.0,1053.0,1070.0,1071.0,1092.0,1111.0,1110.0,1120.0,1114.0,1136.0,1142.0,1127.0,1096.0,1065.0,1028.0,1004.0,992.0,994.0,975.0,975.0,962.0,975.0,978.0,970.0,955.0,957.0,976.0,976.0,989.0,983.0,982.0,985.0,980.0,976.0,1002.0,1046.0,1070.0,1129.0,1138.0,1119.0,1095.0,1069.0,1036.0,980.0,956.0,958.0,943.0,901.0,856.0,813.0,802.0,785.0,775.0,768.0,741.0,760.0,758.0,757.0,752.0,741.0,771.0,747.0,766.0,767.0,785.0,777.0,797.0,822.0,864.0,867.0,850.0,858.0,829.0,794.0,803.0,812.0,814,826.0,831.0,843.0,854.0,845.0,839.0,832.0,839.0,847.0,878.0,899.0,920.0,972.0,975.0,962.0,981.0,946.0,929.0,937.0,902.0,882.0,852.0,829.0,793.0,775.0,747.0,742.0,739.0,726.0,711.0,717.0,699.0,700.0,700.0,686.0,692.0,678.0,680.0,674.0,679.0,670.0,668.0,664.0,675.0,666.0,663.0,670.0,676.0,669.0,670.0,668.0,661.0,669.0,663.0,664.0,664.0,668.0,665.0,673.0,665.0,663.0,669.0,665.0,725.0,1047.0,660.0,666.0,655.0,671.0,676.0,661.0,675.0,676.0,664.0,658.0,666.0,666.0,668.0,660.0,670.0,662.0,676.0,659.0,666.0,670.0,670.0,662.0,665.0,675.0,672.0,678.0,657.0,676.0,667.0,677.0,671.0,667.0,677.0,669.0,674.0,666.0,675.0,667.0,669.0
844.0,852.0,852.0,845.0,856.0,839.0,847.0,815.0,826.0,818.0,848.0,841.0,844.0,836.0,836.0,818.0,818.0,836.0,823.0,830.0,819.0,826.0,838.0,845.0,843.0,829.0,839.0,857.0,837.0,845.0,852.0,834.0,837.0,857.0,833.0,828.0,840.0,819.0,813.0,808.0,821.0,816.0,792.0,819.0,811.0,799.0,785.0,802.0,805.0,817.0,824.0,816.0,799.0,802.0,824.0,795.0,806.0,783.0,796.0,825.0,805.0,821.0,826.0,812.0,802.0,781.0,789.0,788.0,799.0,795.0,824.0,823.0,842.0,844.0,838.0,815.0,799.0,828.0,814.0,837.0,847.0,836.0,815.0,844.0,868.0,914.0,947.0,914.0,878.0,863.0,864.0,888.0,895.0,899.0,890.0,875.0,893.0,921.0,874.0,896.0,913.0,923.0,947.0,939.0,925.0,901.0,894.0,916.0,925.0,929.0,924.0,958.0,943.0,938.0,952.0,938.0,921.0,921.0,911.0,947.0,938.0,964.0,937.0,920.0,961.0,937.0,927.0,917.0,921.0,920.0,939.0,939.0,973.0,954.0,972.0,978.0,1009.0,1074.0,1042.0,958.0,926.0,921.0,917.0,928.0,950.0,935.0,943.0,931.0,941.0,929.0,962.0,969.0,968.0,992.0,993.0,1024.0,1019.0,1034.0,1037.0,1055.0,1054.0,1058.0,997.0,976.0,973.0,957.0,983.0,965.0,965.0,923.0,906.0,894.0,908.0,904.0,896.0,888.0,899.0,866.0,909.0,872.0,858.0,828.0,851.0,874.0,866.0,898.0,919.0,926.0,918.0,924.0,944.0,990.0,1000.0,1024.0,1046.0,1065.0,1033.0,1073.0,1057.0,1047.0,1058.0,1035.0,1018.0,1040.0,1026.0,1013.0,1051.0,1049.0,1091.0,1109.0,1101.0,1141.0,1132.0,1164.0,1154.0,1167.0,1137.0,1167.0,1187.0,1165.0,1120.0,1086.0,1037.0,1036.0,1041.0,1033.0,1020.0,1031.0,1008.0,1000.0,1023.0,982.0,988.0,991.0,1022.0,988.0,1012.0,1000.0,1042.0,1021.0,1016.0,1019.0,1043.0,1073.0,1126.0,1147.0,1181.0,1164.0,1148.0,1109.0,1072.0,994.0,1000.0,973.0,959.0,917.0,884.0,819.0,812.0,779.0,779.0,776.0,779.0,765.0,769.0,770.0,772.0,753.0,790.0,775.0,774.0,774.0,784.0,808.0,827.0,817.0,876.0,864.0,876.0,868.0,854.0,808.0,808.0,835.0,836,861.0,831.0,862.0,860.0,847.0,859.0,847.0,879.0,873.0,890.0,940.0,945.0,988.0,1018.0,1013.0,1000.0,1020.0,968.0,955.0,919.0,887.0,877.0,839.0,812.0,793.0,765.0,741.0,733.0,729.0,732.0,728.0,710.0,698.0,700.0,697.0,697.0,700.0,687.0,675.0,684.0,688.0,673.0,678.0,691.0,688.0,687.0,682.0,687.0,689.0,672.0,679.0,682.0,674.0,679.0,681.0,683.0,677.0,671.0,675.0,680.0,673.0,677.0,669.0,666.0,682.0,680.0,673.0,673.0,676.0,673.0,677.0,680.0,678.0,679.0,671.0,675.0,674.0,682.0,680.0,681.0,682.0,683.0,674.0,677.0,675.0,685.0,679.0,677.0,683.0,679.0,683.0,675.0,668.0,671.0,687.0,683.0,680.0,674.0,682.0,677.0,674.0,675.0,685.0,681.0
801.0,810.0,795.0,805.0,806.0,793.0,787.0,794.0,780.0,801.0,790.0,791.0,786.0,794.0,788.0,778.0,800.0,765.0,793.0,792.0,783.0,793.0,788.0,798.0,794.0,793.0,807.0,788.0,796.0,819.0,824.0,798.0,801.0,811.0,801.0,803.0,803.0,794.0,798.0,795.0,789.0,776.0,779.0,775.0,781.0,776.0,763.0,762.0,773.0,783.0,795.0,778.0,773.0,778.0,792.0,794.0,769.0,777.0,782.0,787.0,784.0,795.0,782.0,774.0,781.0,769.0,773.0,775.0,774.0,761.0,789.0,803.0,826.0,812.0,789.0,785.0,775.0,780.0,802.0,801.0,805.0,802.0,815.0,817.0,837.0,848.0,868.0,845.0,813.0,811.0,835.0,835.0,847.0,843.0,831.0,841.0,837.0,825.0,817.0,832.0,842.0,855.0,869.0,848.0,837.0,850.0,845.0,850.0,851.0,841.0,831.0,854.0,846.0,839.0,850.0,841.0,846.0,871.0,846.0,853.0,837.0,865.0,855.0,859.0,851.0,841.0,861.0,846.0,851.0,849.0,851.0,872.0,877.0,859.0,874.0,882.0,908.0,933.0,920.0,883.0,868.0,830.0,852.0,848.0,857.0,858.0,872.0,859.0,869.0,871.0,875.0,865.0,874.0,869.0,890.0,898.0,905.0,897.0,918.0,892.0,909.0,908.0,897.0,866.0,869.0,886.0,894.0,882.0,867.0,853.0,840.0,832.0,849.0,837.0,847.0,819.0,835.0,844.0,838.0,832.0,817.0,837.0,824.0,815.0,842.0,873.0,861.0,857.0,859.0,865.0,903.0,905.0,928.0,923.0,945.0,946.0,950.0,939.0,955.0,931.0,931.0,919.0,919.0,915.0,908.0,939.0,930.0,930.0,940.0,948.0,980.0,951.0,1009.0,994.0,1002.0,1015.0,986.0,998.0,1033.0,1028.0,997.0,995.0,963.0,960.0,928.0,943.0,925.0,918.0,921.0,925.0,933.0,903.0,924.0,929.0,903.0,923.0,939.0,938.0,917.0,929.0,923.0,935.0,938.0,962.0,1013.0,1011.0,1039.0,1009.0,993.0,964.0,973.0,929.0,923.0,932.0,898.0,865.0,845.0,818.0,809.0,809.0,807.0,797.0,799.0,804.0,785.0,800.0,782.0,789.0,800.0,772.0,790.0,813.0,824.0,831.0,830.0,837.0,860.0,873.0,847.0,857.0,851.0,829.0,822.0,832.0,836,845.0,835.0,844.0,841.0,844.0,830.0,840.0,849.0,861.0,850.0,863.0,879.0,901.0,895.0,923.0,912.0,913.0,900.0,882.0,885.0,857.0,828.0,820.0,813.0,798.0,783.0,774.0,768.0,744.0,740.0,767.0,738.0,753.0,726.0,736.0,727.0,731.0,721.0,719.0,731.0,722.0,720.0,724.0,722.0,737.0,727.0,733.0,724.0,719.0,741.0,735.0,741.0,730.0,704.0,715.0,730.0,723.0,729.0,725.0,726.0,721.0,722.0,701.0,715.0,716.0,722.0,737.0,722.0,724.0,720.0,739.0,739.0,725.0,725.0,719.0,713.0,728.0,728.0,723.0,724.0,718.0,726.0,727.0,736.0,722.0,726.0,721.0,737.0,720.0,715.0,718.0,719.0,733.0,723.0,736.0,715.0,727.0,734.0,715.0,736.0,741.0,737.0,733.0,727.0
838.0,828.0,837.0,855.0,831.0,824.0,836.0,823.0,825.0,815.0,818.0,835.0,837.0,814.0,818.0,812.0,815.0,811.0,816.0,818.0,830.0,832.0,830.0,812.0,835.0,826.0,846.0,849.0,831.0,853.0,846.0,845.0,834.0,837.0,828.0,820.0,833.0,817.0,837.0,814.0,812.0,793.0,811.0,801.0,802.0,794.0,790.0,795.0,808.0,814.0,821.0,797.0,808.0,812.0,821.0,820.0,795.0,790.0,811.0,811.0,805.0,812.0,807.0,796.0,795.0,782.0,803.0,792.0,804.0,803.0,824.0,836.0,841.0,850.0,839.0,813.0,815.0,809.0,816.0,836.0,854.0,832.0,828.0,867.0,866.0,912.0,933.0,930.0,895.0,891.0,863.0,882.0,891.0,879.0,862.0,885.0,866.0,894.0,866.0,870.0,895.0,890.0,908.0,925.0,918.0,902.0,892.0,914.0,923.0,921.0,908.0,905.0,927.0,906.0,914.0,898.0,924.0,907.0,913.0,912.0,906.0,940.0,915.0,913.0,899.0,894.0,895.0,880.0,909.0,903.0,917.0,911.0,928.0,935.0,955.0,966.0,995.0,1063.0,1012.0,954.0,917.0,912.0,902.0,915.0,916.0,901.0,924.0,923.0,934.0,918.0,929.0,918.0,934.0,940.0,937.0,968.0,973.0,981.0,988.0,995.0,989.0,960.0,969.0,935.0,916.0,929.0,937.0,921.0,926.0,894.0,880.0,861.0,870.0,866.0,876.0,867.0,881.0,873.0,882.0,876.0,869.0,850.0,865.0,858.0,878.0,889.0,916.0,906.0,906.0,931.0,974.0,953.0,984.0,1015.0,993.0,1049.0,1030.0,1024.0,1006.0,1009.0,1015.0,985.0,978.0,996.0,1002.0,1004.0,1020.0,1033.0,1057.0,1045.0,1063.0,1093.0,1094.0,1096.0,1104.0,1116.0,1095.0,1127.0,1126.0,1139.0,1101.0,1040.0,1044.0,1009.0,1010.0,1016.0,1005.0,993.0,989.0,979.0,993.0,977.0,971.0,977.0,976.0,984.0,990.0,1010.0,1028.0,1015.0,1011.0,996.0,1027.0,1042.0,1085.0,1118.0,1128.0,1111.0,1116.0,1083.0,1026.0,1018.0,993.0,981.0,990.0,929.0,917.0,864.0,840.0,828.0,811.0,817.0,810.0,807.0,796.0,788.0,794.0,783.0,794.0,798.0,798.0,793.0,809.0,835.0,863.0,852.0,904.0,927.0,904.0,882.0,878.0,854.0,844.0,861.0,862,869.0,878.0,871.0,891.0,868.0,876.0,861.0,888.0,884.0,895.0,930.0,959.0,982.0,979.0,972.0,973.0,991.0,969.0,943.0,916.0,882.0,862.0,862.0,821.0,808.0,792.0,772.0,767.0,761.0,755.0,747.0,739.0,746.0,745.0,727.0,730.0,720.0,713.0,715.0,714.0,720.0,707.0,713.0,724.0,699.0,717.0,714.0,713.0,710.0,715.0,701.0,710.0,712.0,704.0,700.0,702.0,711.0,710.0,702.0,700.0,712.0,706.0,707.0,703.0,709.0,720.0,710.0,700.0,710.0,716.0,709.0,711.0,722.0,698.0,717.0,710.0,711.0,717.0,711.0,721.0,720.0,701.0,707.0,708.0,701.0,712.0,707.0,719.0,703.0,710.0,712.0,705.0,714.0,704.0,708.0,708.0,710.0,714.0,719.0,700.0,712.0,708.0,715.0,706.0
774.0,773.0,770.0,774.0,762.0,768.0,777.0,766.0,778.0,774.0,764.0,782.0,773.0,764.0,762.0,759.0,765.0,760.0,768.0,758.0,768.0,772.0,762.0,772.0,771.0,769.0,758.0,772.0,780.0,794.0,793.0,787.0,771.0,779.0,775.0,769.0,760.0,764.0,772.0,750.0,755.0,748.0,757.0,743.0,752.0,747.0,753.0,750.0,746.0,774.0,762.0,752.0,748.0,763.0,756.0,762.0,744.0,746.0,749.0,765.0,763.0,761.0,750.0,749.0,749.0,749.0,737.0,741.0,757.0,745.0,756.0,766.0,769.0,776.0,770.0,757.0,746.0,746.0,761.0,778.0,767.0,759.0,776.0,759.0,798.0,812.0,836.0,822.0,800.0,795.0,793.0,794.0,813.0,795.0,807.0,798.0,809.0,810.0,789.0,802.0,810.0,814.0,822.0,836.0,809.0,813.0,804.0,815.0,813.0,816.0,805.0,816.0,814.0,812.0,826.0,822.0,816.0,815.0,820.0,822.0,817.0,819.0,836.0,842.0,831.0,816.0,813.0,827.0,808.0,819.0,821.0,837.0,823.0,835.0,858.0,857.0,888.0,912.0,894.0,854.0,813.0,813.0,823.0,836.0,813.0,829.0,828.0,829.0,817.0,837.0,842.0,829.0,857.0,851.0,856.0,872.0,875.0,863.0,856.0,880.0,883.0,888.0,855.0,868.0,847.0,830.0,846.0,839.0,832.0,818.0,800.0,809.0,805.0,807.0,806.0,801.0,797.0,802.0,810.0,790.0,789.0,795.0,776.0,784.0,796.0,805.0,812.0,817.0,828.0,828.0,859.0,862.0,889.0,864.0,881.0,889.0,883.0,897.0,903.0,902.0,884.0,879.0,882.0,890.0,858.0,879.0,884.0,909.0,915.0,903.0,939.0,918.0,948.0,956.0,947.0,953.0,974.0,982.0,977.0,967.0,950.0,930.0,926.0,911.0,887.0,906.0,880.0,889.0,884.0,882.0,879.0,870.0,879.0,899.0,889.0,888.0,885.0,900.0,909.0,896.0,898.0,899.0,885.0,928.0,943.0,964.0,963.0,967.0,948.0,942.0,908.0,905.0,870.0,858.0,856.0,834.0,809.0,775.0,768.0,767.0,763.0,752.0,759.0,755.0,747.0,742.0,749.0,753.0,754.0,736.0,749.0,753.0,754.0,766.0,785.0,788.0,807.0,823.0,818.0,808.0,799.0,789.0,796.0,786.0,791,800.0,801.0,793.0,807.0,803.0,792.0,803.0,807.0,812.0,812.0,842.0,825.0,849.0,872.0,881.0,872.0,872.0,855.0,849.0,830.0,804.0,784.0,786.0,770.0,754.0,732.0,727.0,728.0,718.0,717.0,713.0,702.0,704.0,705.0,691.0,707.0,691.0,695.0,685.0,697.0,686.0,687.0,689.0,691.0,698.0,674.0,683.0,683.0,685.0,689.0,689.0,690.0,688.0,696.0,683.0,689.0,691.0,686.0,692.0,690.0,683.0,696.0,677.0,687.0,681.0,684.0,688.0,684.0,692.0,684.0,681.0,689.0,682.0,687.0,683.0,690.0,692.0,690.0,684.0,685.0,680.0,698.0,689.0,693.0,688.0,691.0,688.0,695.0,688.0,680.0,696.0,688.0,689.0,679.0,684.0,691.0,694.0,693.0,694.0,691.0,686.0,693.0,684.0,689.0
799.0,803.0,792.0,802.0,796.0,792.0,812.0,787.0,784.0,781.0,785.0,788.0,778.0,785.0,777.0,779.0,783.0,764.0,777.0,795.0,789.0,797.0,806.0,794.0,791.0,781.0,785.0,789.0,810.0,791.0,797.0,810.0,799.0,772.0,796.0,781.0,769.0,775.0,781.0,777.0,774.0,769.0,772.0,773.0,762.0,778.0,756.0,759.0,772.0,778.0,757.0,782.0,752.0,768.0,787.0,771.0,777.0,758.0,777.0,780.0,791.0,785.0,773.0,772.0,759.0,761.0,756.0,764.0,763.0,747.0,767.0,789.0,783.0,791.0,787.0,784.0,763.0,769.0,792.0,788.0,786.0,798.0,791.0,792.0,824.0,874.0,900.0,861.0,842.0,829.0,822.0,846.0,841.0,847.0,850.0,857.0,821.0,846.0,829.0,843.0,843.0,862.0,861.0,865.0,863.0,830.0,830.0,831.0,879.0,859.0,858.0,857.0,876.0,852.0,852.0,841.0,842.0,864.0,851.0,868.0,877.0,858.0,857.0,875.0,869.0,847.0,849.0,857.0,856.0,883.0,879.0,869.0,878.0,877.0,886.0,902.0,911.0,995.0,943.0,866.0,859.0,857.0,863.0,877.0,856.0,868.0,849.0,863.0,857.0,854.0,860.0,860.0,892.0,872.0,891.0,899.0,920.0,912.0,932.0,926.0,933.0,918.0,913.0,898.0,873.0,877.0,890.0,885.0,866.0,842.0,822.0,833.0,821.0,826.0,826.0,832.0,825.0,840.0,851.0,807.0,826.0,820.0,807.0,803.0,828.0,818.0,846.0,861.0,876.0,847.0,895.0,892.0,932.0,924.0,946.0,960.0,943.0,945.0,954.0,946.0,927.0,920.0,901.0,924.0,921.0,941.0,968.0,961.0,980.0,960.0,990.0,1008.0,1026.0,1034.0,1017.0,1026.0,1044.0,1098.0,1048.0,1041.0,1014.0,975.0,971.0,983.0,937.0,937.0,931.0,918.0,933.0,901.0,919.0,933.0,912.0,935.0,924.0,940.0,939.0,946.0,955.0,952.0,914.0,904.0,956.0,986.0,1009.0,1026.0,1018.0,1039.0,1021.0,1011.0,978.0,939.0,908.0,903.0,899.0,873.0,835.0,806.0,786.0,780.0,764.0,769.0,762.0,756.0,764.0,770.0,758.0,733.0,752.0,744.0,769.0,772.0,756.0,786.0,790.0,802.0,838.0,836.0,851.0,836.0,814.0,806.0,792.0,776.0,813,818.0,817.0,822.0,818.0,797.0,811.0,813.0,830.0,831.0,856.0,862.0,864.0,905.0,896.0,945.0,899.0,902.0,892.0,882.0,864.0,843.0,827.0,797.0,782.0,764.0,753.0,742.0,729.0,731.0,733.0,723.0,702.0,693.0,682.0,688.0,701.0,681.0,696.0,704.0,685.0,697.0,686.0,679.0,692.0,679.0,682.0,685.0,682.0,686.0,668.0,669.0,676.0,659.0,677.0,678.0,672.0,675.0,675.0,674.0,681.0,661.0,680.0,684.0,680.0,678.0,668.0,685.0,678.0,689.0,679.0,667.0,674.0,675.0,680.0,678.0,682.0,682.0,690.0,674.0,684.0,674.0,691.0,678.0,679.0,668.0,688.0,695.0,684.0,680.0,678.0,683.0,671.0,700.0,680.0,682.0,672.0,676.0,689.0,685.0,680.0,683.0,691.0,670.0,687.0
789.0,788.0,794.0,782.0,786.0,786.0,777.0,769.0,781.0,786.0,779.0,781.0,792.0,767.0,780.0,773.0,772.0,777.0,778.0,771.0,767.0,783.0,782.0,770.0,774.0,777.0,792.0,791.0,777.0,803.0,807.0,779.0,798.0,791.0,800.0,796.0,778.0,765.0,771.0,778.0,765.0,753.0,766.0,749.0,762.0,754.0,750.0,755.0,760.0,767.0,771.0,758.0,755.0,767.0,773.0,762.0,765.0,754.0,764.0,762.0,773.0,777.0,760.0,749.0,757.0,745.0,747.0,744.0,755.0,754.0,775.0,781.0,782.0,792.0,768.0,763.0,756.0,765.0,768.0,785.0,775.0,787.0,766.0,774.0,809.0,827.0,856.0,852.0,810.0,802.0,803.0,818.0,817.0,817.0,817.0,826.0,824.0,842.0,812.0,843.0,842.0,850.0,855.0,854.0,842.0,840.0,848.0,834.0,850.0,864.0,862.0,853.0,867.0,865.0,854.0,848.0,857.0,854.0,851.0,857.0,870.0,873.0,861.0,854.0,862.0,851.0,840.0,851.0,833.0,863.0,849.0,856.0,865.0,869.0,883.0,892.0,902.0,968.0,929.0,882.0,844.0,840.0,842.0,840.0,863.0,876.0,854.0,854.0,860.0,864.0,864.0,862.0,888.0,876.0,890.0,889.0,924.0,901.0,911.0,923.0,905.0,920.0,918.0,890.0,895.0,877.0,876.0,873.0,854.0,835.0,835.0,816.0,828.0,825.0,815.0,827.0,815.0,805.0,808.0,808.0,799.0,793.0,794.0,791.0,802.0,825.0,842.0,833.0,846.0,864.0,860.0,880.0,918.0,900.0,926.0,922.0,935.0,931.0,933.0,941.0,930.0,901.0,913.0,912.0,916.0,910.0,938.0,934.0,949.0,963.0,986.0,990.0,1007.0,1013.0,1011.0,1009.0,1007.0,1024.0,1038.0,1010.0,994.0,976.0,954.0,937.0,915.0,920.0,926.0,904.0,905.0,908.0,895.0,900.0,890.0,908.0,901.0,912.0,914.0,927.0,927.0,920.0,937.0,919.0,928.0,981.0,1001.0,1023.0,1033.0,1022.0,1026.0,978.0,955.0,926.0,900.0,886.0,878.0,841.0,817.0,787.0,769.0,761.0,747.0,746.0,742.0,745.0,757.0,731.0,743.0,740.0,755.0,735.0,756.0,760.0,749.0,770.0,783.0,791.0,822.0,820.0,815.0,795.0,799.0,787.0,784.0,777.0,782,807.0,805.0,804.0,820.0,812.0,797.0,804.0,813.0,825.0,838.0,862.0,872.0,880.0,920.0,920.0,899.0,891.0,887.0,860.0,851.0,825.0,818.0,788.0,767.0,762.0,733.0,725.0,719.0,720.0,700.0,695.0,697.0,692.0,685.0,692.0,699.0,686.0,682.0,681.0,678.0,677.0,658.0,666.0,675.0,675.0,670.0,674.0,680.0,680.0,674.0,671.0,669.0,672.0,675.0,668.0,673.0,666.0,673.0,671.0,673.0,669.0,677.0,669.0,666.0,669.0,676.0,672.0,660.0,669.0,669.0,667.0,682.0,679.0,683.0,673.0,688.0,674.0,673.0,677.0,680.0,666.0,669.0,681.0,672.0,677.0,675.0,675.0,678.0,670.0,675.0,678.0,665.0,668.0,681.0,674.0,673.0,675.0,673.0,673.0,666.0,674.0,677.0,671.0,667.0
783.0,771.0,781.0,786.0,781.0,775.0,786.0,769.0,758.0,753.0,775.0,778.0,778.0,764.0,776.0,758.0,774.0,773.0,763.0,760.0,771.0,764.0,788.0,777.0,765.0,775.0,774.0,775.0,779.0,784.0,790.0,781.0,784.0,772.0,784.0,770.0,780.0,752.0,771.0,764.0,752.0,755.0,743.0,749.0,748.0,752.0,744.0,740.0,754.0,765.0,760.0,745.0,746.0,746.0,765.0,756.0,753.0,750.0,754.0,756.0,772.0,757.0,737.0,745.0,735.0,747.0,735.0,741.0,751.0,740.0,769.0,777.0,772.0,785.0,784.0,742.0,756.0,759.0,761.0,761.0,765.0,776.0,781.0,790.0,808.0,834.0,859.0,839.0,799.0,794.0,800.0,811.0,824.0,834.0,814.0,816.0,816.0,830.0,799.0,817.0,827.0,825.0,847.0,844.0,837.0,825.0,821.0,830.0,832.0,836.0,833.0,841.0,846.0,839.0,843.0,837.0,830.0,845.0,847.0,849.0,840.0,849.0,855.0,859.0,832.0,847.0,823.0,842.0,838.0,849.0,828.0,850.0,860.0,848.0,875.0,870.0,896.0,949.0,918.0,856.0,837.0,829.0,831.0,833.0,845.0,847.0,845.0,839.0,846.0,847.0,856.0,845.0,866.0,880.0,885.0,875.0,898.0,882.0,896.0,914.0,906.0,932.0,881.0,869.0,869.0,867.0,880.0,857.0,855.0,818.0,799.0,802.0,812.0,807.0,816.0,814.0,822.0,811.0,804.0,806.0,794.0,795.0,782.0,788.0,795.0,814.0,833.0,841.0,837.0,849.0,859.0,875.0,905.0,912.0,920.0,917.0,936.0,933.0,934.0,916.0,924.0,891.0,901.0,907.0,908.0,906.0,928.0,916.0,941.0,951.0,947.0,967.0,978.0,979.0,993.0,984.0,1030.0,1013.0,997.0,1001.0,976.0,960.0,933.0,921.0,917.0,902.0,889.0,890.0,900.0,891.0,889.0,879.0,891.0,898.0,893.0,894.0,929.0,930.0,902.0,894.0,891.0,907.0,925.0,956.0,982.0,994.0,998.0,1015.0,986.0,977.0,941.0,912.0,907.0,874.0,862.0,827.0,801.0,780.0,759.0,751.0,748.0,734.0,733.0,738.0,739.0,737.0,734.0,723.0,733.0,730.0,736.0,739.0,725.0,773.0,764.0,775.0,812.0,818.0,811.0,789.0,780.0,773.0,762.0,766.0,782,787.0,789.0,782.0,790.0,798.0,789.0,791.0,805.0,796.0,823.0,843.0,857.0,888.0,901.0,903.0,897.0,895.0,873.0,867.0,845.0,813.0,793.0,780.0,762.0,734.0,728.0,723.0,705.0,689.0,702.0,696.0,687.0,694.0,677.0,668.0,680.0,676.0,668.0,679.0,670.0,667.0,667.0,661.0,665.0,662.0,664.0,666.0,658.0,664.0,668.0,662.0,667.0,663.0,655.0,661.0,667.0,659.0,651.0,654.0,666.0,666.0,660.0,671.0,653.0,659.0,665.0,659.0,656.0,661.0,656.0,645.0,663.0,659.0,654.0,654.0,664.0,667.0,657.0,661.0,658.0,664.0,673.0,660.0,659.0,662.0,674.0,660.0,659.0,664.0,665.0,660.0,658.0,656.0,660.0,666.0,664.0,659.0,669.0,658.0,666.0,665.0,662.0,668.0,658.0
860.0,830.0,837.0,838.0,841.0,828.0,840.0,860.0,830.0,826.0,855.0,826.0,850.0,818.0,826.0,817.0,811.0,833.0,818.0,835.0,835.0,835.0,830.0,821.0,827.0,839.0,822.0,837.0,847.0,851.0,863.0,852.0,844.0,852.0,837.0,820.0,824.0,823.0,828.0,824.0,830.0,815.0,805.0,805.0,813.0,801.0,789.0,798.0,791.0,824.0,816.0,803.0,807.0,837.0,822.0,809.0,804.0,810.0,833.0,825.0,830.0,831.0,813.0,791.0,792.0,791.0,801.0,784.0,796.0,802.0,815.0,833.0,873.0,850.0,853.0,832.0,804.0,807.0,831.0,831.0,850.0,856.0,851.0,847.0,892.0,943.0,967.0,964.0,905.0,880.0,875.0,911.0,910.0,911.0,892.0,901.0,915.0,917.0,886.0,908.0,927.0,912.0,931.0,929.0,917.0,910.0,888.0,911.0,935.0,943.0,920.0,933.0,908.0,928.0,921.0,919.0,929.0,943.0,916.0,955.0,934.0,934.0,933.0,925.0,928.0,915.0,920.0,911.0,922.0,928.0,928.0,922.0,953.0,954.0,942.0,960.0,995.0,1065.0,1041.0,993.0,923.0,922.0,920.0,922.0,945.0,962.0,937.0,938.0,942.0,933.0,944.0,949.0,963.0,970.0,989.0,996.0,1034.0,1000.0,1037.0,1016.0,1019.0,1023.0,990.0,969.0,972.0,983.0,964.0,950.0,939.0,904.0,887.0,889.0,879.0,890.0,886.0,876.0,869.0,878.0,900.0,883.0,881.0,857.0,874.0,854.0,883.0,901.0,929.0,929.0,922.0,944.0,966.0,981.0,1040.0,1053.0,1052.0,1060.0,1069.0,1068.0,1072.0,1064.0,1043.0,1007.0,1014.0,989.0,1016.0,1049.0,1058.0,1085.0,1092.0,1103.0,1119.0,1113.0,1148.0,1153.0,1150.0,1161.0,1186.0,1172.0,1176.0,1164.0,1142.0,1093.0,1063.0,1058.0,1043.0,1026.0,1046.0,1024.0,1030.0,986.0,998.0,1011.0,996.0,996.0,999.0,988.0,1014.0,1018.0,1029.0,989.0,997.0,1009.0,1015.0,1056.0,1091.0,1152.0,1153.0,1135.0,1115.0,1109.0,1060.0,1046.0,988.0,988.0,983.0,959.0,900.0,846.0,829.0,792.0,800.0,795.0,793.0,775.0,783.0,789.0,769.0,756.0,788.0,782.0,773.0,781.0,781.0,816.0,840.0,882.0,896.0,903.0,891.0,897.0,869.0,836.0,817.0,833.0,843,845.0,852.0,853.0,872.0,862.0,855.0,869.0,868.0,877.0,911.0,937.0,928.0,992.0,1005.0,1008.0,1014.0,1005.0,983.0,947.0,924.0,920.0,875.0,861.0,819.0,803.0,783.0,751.0,749.0,736.0,732.0,732.0,712.0,716.0,700.0,720.0,695.0,693.0,703.0,685.0,695.0,682.0,701.0,681.0,680.0,671.0,686.0,689.0,681.0,689.0,684.0,682.0,678.0,676.0,675.0,686.0,687.0,681.0,687.0,679.0,682.0,680.0,676.0,684.0,688.0,683.0,684.0,681.0,678.0,682.0,678.0,673.0,697.0,687.0,678.0,685.0,685.0,676.0,681.0,681.0,684.0,677.0,685.0,668.0,678.0,686.0,694.0,681.0,684.0,683.0,702.0,679.0,685.0,688.0,696.0,692.0,679.0,673.0,686.0,693.0,689.0,688.0,690.0,685.0,675.0
815.0,807.0,809.0,800.0,806.0,803.0,810.0,797.0,804.0,800.0,802.0,811.0,803.0,801.0,811.0,778.0,796.0,799.0,783.0,800.0,796.0,802.0,810.0,798.0,791.0,782.0,812.0,810.0,804.0,825.0,818.0,816.0,834.0,805.0,806.0,801.0,805.0,801.0,788.0,785.0,787.0,772.0,774.0,765.0,780.0,772.0,741.0,767.0,772.0,777.0,787.0,772.0,763.0,778.0,795.0,786.0,756.0,764.0,773.0,803.0,789.0,787.0,774.0,772.0,779.0,760.0,755.0,764.0,784.0,778.0,803.0,802.0,816.0,812.0,815.0,786.0,768.0,785.0,801.0,793.0,805.0,805.0,819.0,816.0,861.0,882.0,889.0,861.0,858.0,831.0,828.0,847.0,848.0,854.0,851.0,858.0,846.0,869.0,854.0,859.0,869.0,872.0,886.0,899.0,864.0,865.0,867.0,881.0,886.0,873.0,879.0,894.0,900.0,903.0,883.0,878.0,884.0,879.0,887.0,887.0,883.0,902.0,885.0,888.0,880.0,873.0,866.0,865.0,864.0,868.0,867.0,900.0,899.0,900.0,908.0,913.0,941.0,999.0,954.0,900.0,869.0,873.0,881.0,877.0,889.0,886.0,887.0,881.0,894.0,883.0,890.0,894.0,902.0,909.0,928.0,946.0,936.0,957.0,963.0,962.0,969.0,959.0,926.0,916.0,912.0,899.0,913.0,897.0,889.0,855.0,861.0,844.0,856.0,847.0,857.0,852.0,857.0,842.0,852.0,838.0,837.0,830.0,813.0,810.0,819.0,836.0,855.0,882.0,877.0,895.0,890.0,920.0,961.0,957.0,965.0,976.0,977.0,995.0,983.0,970.0,964.0,953.0,966.0,958.0,965.0,972.0,985.0,984.0,987.0,1021.0,1019.0,1049.0,1027.0,1066.0,1068.0,1058.0,1088.0,1073.0,1092.0,1081.0,1036.0,1011.0,985.0,975.0,971.0,971.0,956.0,955.0,969.0,936.0,919.0,931.0,912.0,927.0,937.0,954.0,950.0,948.0,976.0,941.0,935.0,925.0,977.0,1016.0,1045.0,1064.0,1085.0,1067.0,1048.0,1019.0,996.0,952.0,929.0,899.0,911.0,872.0,830.0,795.0,774.0,772.0,757.0,756.0,757.0,742.0,749.0,759.0,752.0,738.0,757.0,749.0,763.0,768.0,761.0,783.0,790.0,794.0,833.0,840.0,838.0,818.0,808.0,801.0,792.0,790.0,806,810.0,812.0,815.0,821.0,823.0,819.0,825.0,824.0,838.0,858.0,872.0,914.0,937.0,941.0,939.0,932.0,910.0,911.0,891.0,862.0,852.0,819.0,810.0,790.0,760.0,748.0,732.0,716.0,726.0,714.0,710.0,693.0,690.0,696.0,678.0,684.0,683.0,682.0,684.0,687.0,679.0,677.0,682.0,680.0,669.0,671.0,668.0,669.0,675.0,673.0,672.0,658.0,669.0,671.0,665.0,658.0,664.0,667.0,664.0,681.0,658.0,666.0,669.0,665.0,671.0,662.0,669.0,666.0,674.0,666.0,678.0,666.0,665.0,670.0,669.0,669.0,664.0,665.0,669.0,675.0,662.0,670.0,659.0,663.0,667.0,678.0,677.0,667.0,665.0,671.0,685.0,670.0,663.0,674.0,674.0,660.0,665.0,671.0,668.0,664.0,665.0,673.0,666.0,660.0
807.0,815.0,803.0,807.0,815.0,815.0,813.0,804.0,807.0,806.0,801.0,805.0,808.0,806.0,804.0,786.0,781.0,780.0,785.0,804.0,788.0,793.0,814.0,782.0,794.0,804.0,810.0,805.0,814.0,833.0,824.0,817.0,826.0,812.0,807.0,813.0,799.0,793.0,779.0,788.0,792.0,760.0,761.0,782.0,775.0,776.0,756.0,787.0,771.0,786.0,777.0,764.0,773.0,776.0,784.0,788.0,766.0,760.0,788.0,786.0,795.0,791.0,781.0,767.0,778.0,768.0,760.0,754.0,790.0,780.0,778.0,812.0,813.0,812.0,804.0,778.0,762.0,795.0,788.0,805.0,811.0,797.0,800.0,813.0,845.0,879.0,894.0,881.0,836.0,827.0,835.0,845.0,855.0,849.0,849.0,868.0,850.0,855.0,850.0,860.0,864.0,882.0,901.0,889.0,876.0,883.0,864.0,873.0,871.0,882.0,887.0,878.0,911.0,895.0,900.0,868.0,876.0,898.0,893.0,898.0,886.0,897.0,891.0,888.0,897.0,886.0,876.0,864.0,864.0,878.0,884.0,908.0,909.0,910.0,928.0,915.0,959.0,1008.0,974.0,914.0,878.0,866.0,867.0,885.0,912.0,908.0,882.0,889.0,919.0,887.0,898.0,903.0,911.0,923.0,920.0,946.0,955.0,948.0,965.0,959.0,965.0,964.0,958.0,937.0,919.0,911.0,927.0,921.0,916.0,869.0,868.0,845.0,845.0,860.0,846.0,855.0,843.0,848.0,855.0,832.0,821.0,821.0,821.0,826.0,834.0,861.0,868.0,881.0,881.0,868.0,889.0,926.0,963.0,941.0,978.0,993.0,997.0,992.0,984.0,970.0,966.0,972.0,959.0,957.0,949.0,987.0,980.0,998.0,1012.0,1024.0,1036.0,1053.0,1053.0,1079.0,1071.0,1066.0,1073.0,1086.0,1119.0,1085.0,1057.0,1006.0,1006.0,983.0,974.0,977.0,942.0,947.0,938.0,954.0,949.0,944.0,928.0,944.0,954.0,956.0,960.0,955.0,951.0,938.0,938.0,937.0,978.0,1027.0,1028.0,1103.0,1092.0,1069.0,1069.0,1038.0,999.0,971.0,950.0,916.0,909.0,859.0,811.0,797.0,775.0,764.0,766.0,760.0,750.0,749.0,748.0,744.0,742.0,728.0,764.0,743.0,765.0,747.0,758.0,770.0,782.0,797.0,828.0,830.0,838.0,826.0,799.0,784.0,783.0,788.0,801,821.0,819.0,831.0,814.0,835.0,822.0,828.0,819.0,832.0,849.0,888.0,909.0,949.0,962.0,970.0,934.0,932.0,922.0,910.0,870.0,853.0,839.0,820.0,783.0,763.0,738.0,739.0,717.0,720.0,718.0,701.0,695.0,689.0,700.0,681.0,685.0,680.0,674.0,683.0,683.0,670.0,661.0,668.0,669.0,673.0,665.0,676.0,674.0,666.0,663.0,675.0,667.0,674.0,670.0,671.0,671.0,673.0,668.0,670.0,673.0,668.0,671.0,672.0,662.0,662.0,671.0,681.0,659.0,670.0,672.0,668.0,679.0,686.0,677.0,660.0,674.0,669.0,672.0,669.0,680.0,670.0,679.0,659.0,665.0,669.0,671.0,663.0,664.0,667.0,669.0,672.0,669.0,671.0,666.0,673.0,679.0,668.0,683.0,674.0,676.0,669.0,685.0,673.0,681.0
817.0,808.0,835.0,815.0,802.0,819.0,815.0,799.0,808.0,803.0,812.0,813.0,818.0,809.0,808.0,789.0,790.0,796.0,813.0,800.0,812.0,779.0,806.0,807.0,810.0,795.0,818.0,821.0,817.0,818.0,818.0,822.0,810.0,822.0,815.0,795.0,808.0,808.0,797.0,788.0,782.0,783.0,776.0,779.0,774.0,763.0,770.0,775.0,791.0,796.0,780.0,776.0,773.0,789.0,795.0,775.0,762.0,766.0,768.0,799.0,794.0,780.0,778.0,773.0,764.0,769.0,761.0,768.0,772.0,764.0,790.0,801.0,812.0,811.0,818.0,801.0,789.0,796.0,799.0,795.0,804.0,817.0,811.0,821.0,849.0,888.0,906.0,880.0,838.0,835.0,822.0,843.0,844.0,857.0,855.0,856.0,868.0,853.0,851.0,872.0,888.0,894.0,886.0,920.0,882.0,880.0,880.0,882.0,879.0,899.0,908.0,888.0,909.0,918.0,905.0,889.0,881.0,906.0,886.0,892.0,882.0,904.0,887.0,903.0,899.0,876.0,873.0,876.0,875.0,894.0,907.0,917.0,916.0,901.0,923.0,924.0,967.0,1021.0,984.0,900.0,889.0,869.0,878.0,887.0,916.0,900.0,915.0,895.0,907.0,893.0,925.0,912.0,935.0,924.0,934.0,971.0,979.0,976.0,953.0,985.0,1006.0,991.0,955.0,942.0,947.0,924.0,939.0,930.0,915.0,876.0,855.0,866.0,873.0,847.0,871.0,855.0,855.0,847.0,864.0,837.0,831.0,812.0,816.0,823.0,825.0,865.0,873.0,871.0,880.0,898.0,911.0,943.0,965.0,962.0,977.0,982.0,1002.0,1023.0,986.0,973.0,992.0,972.0,970.0,984.0,959.0,966.0,998.0,1012.0,1017.0,1028.0,1039.0,1042.0,1059.0,1105.0,1085.0,1081.0,1089.0,1095.0,1093.0,1081.0,1066.0,1008.0,1005.0,985.0,990.0,960.0,964.0,969.0,949.0,938.0,935.0,945.0,940.0,929.0,931.0,943.0,958.0,953.0,975.0,945.0,950.0,938.0,981.0,1017.0,1050.0,1082.0,1111.0,1101.0,1080.0,1059.0,1015.0,948.0,954.0,939.0,908.0,868.0,853.0,810.0,785.0,760.0,746.0,747.0,750.0,742.0,755.0,755.0,761.0,735.0,745.0,751.0,759.0,755.0,755.0,783.0,787.0,790.0,830.0,844.0,822.0,821.0,822.0,779.0,783.0,792.0,791,811.0,815.0,821.0,832.0,819.0,812.0,838.0,832.0,844.0,852.0,900.0,909.0,943.0,959.0,985.0,946.0,939.0,933.0,911.0,885.0,863.0,836.0,834.0,794.0,764.0,743.0,739.0,729.0,717.0,698.0,693.0,690.0,695.0,685.0,688.0,689.0,685.0,673.0,668.0,675.0,668.0,658.0,673.0,666.0,669.0,675.0,673.0,672.0,666.0,668.0,662.0,671.0,657.0,671.0,658.0,674.0,672.0,676.0,664.0,666.0,659.0,666.0,654.0,673.0,665.0,670.0,671.0,659.0,680.0,669.0,664.0,669.0,679.0,662.0,662.0,666.0,667.0,667.0,667.0,666.0,656.0,671.0,667.0,658.0,663.0,664.0,669.0,668.0,671.0,675.0,672.0,664.0,672.0,664.0,680.0,662.0,683.0,682.0,684.0,660.0,681.0,662.0,671.0,664.0
749.0,763.0,754.0,753.0,745.0,752.0,743.0,766.0,738.0,753.0,755.0,753.0,753.0,738.0,746.0,752.0,742.0,733.0,740.0,737.0,747.0,756.0,736.0,750.0,741.0,739.0,759.0,758.0,751.0,770.0,764.0,758.0,765.0,741.0,750.0,755.0,753.0,750.0,738.0,754.0,742.0,738.0,746.0,727.0,740.0,733.0,748.0,744.0,741.0,734.0,733.0,733.0,738.0,740.0,739.0,743.0,729.0,745.0,741.0,735.0,737.0,746.0,748.0,748.0,737.0,723.0,735.0,745.0,741.0,740.0,760.0,755.0,752.0,755.0,754.0,748.0,746.0,739.0,749.0,763.0,747.0,753.0,765.0,752.0,761.0,781.0,803.0,783.0,788.0,774.0,764.0,765.0,785.0,784.0,778.0,779.0,774.0,780.0,766.0,787.0,767.0,768.0,775.0,796.0,775.0,787.0,773.0,763.0,769.0,785.0,780.0,796.0,796.0,786.0,767.0,770.0,778.0,783.0,788.0,776.0,772.0,787.0,784.0,789.0,798.0,780.0,779.0,779.0,780.0,769.0,784.0,796.0,798.0,800.0,832.0,813.0,808.0,832.0,806.0,791.0,775.0,765.0,778.0,784.0,785.0,789.0,815.0,782.0,793.0,797.0,804.0,797.0,790.0,802.0,807.0,802.0,810.0,817.0,826.0,839.0,817.0,822.0,808.0,800.0,798.0,798.0,808.0,794.0,799.0,774.0,784.0,780.0,787.0,789.0,790.0,772.0,772.0,779.0,766.0,777.0,758.0,769.0,777.0,778.0,782.0,788.0,795.0,801.0,794.0,798.0,812.0,822.0,838.0,802.0,842.0,834.0,828.0,845.0,850.0,850.0,826.0,826.0,825.0,844.0,822.0,835.0,844.0,853.0,847.0,862.0,867.0,876.0,872.0,882.0,888.0,871.0,871.0,895.0,893.0,883.0,885.0,863.0,870.0,845.0,850.0,833.0,856.0,838.0,841.0,840.0,850.0,839.0,838.0,842.0,840.0,850.0,831.0,841.0,855.0,836.0,841.0,848.0,837.0,860.0,891.0,883.0,895.0,895.0,902.0,867.0,860.0,839.0,839.0,829.0,840.0,821.0,788.0,780.0,781.0,770.0,764.0,763.0,764.0,765.0,756.0,761.0,763.0,736.0,785.0,751.0,766.0,759.0,770.0,780.0,788.0,791.0,812.0,823.0,821.0,802.0,795.0,790.0,788.0,780.0,793,797.0,788.0,795.0,807.0,793.0,793.0,789.0,779.0,794.0,798.0,819.0,795.0,809.0,813.0,826.0,814.0,831.0,806.0,799.0,795.0,787.0,765.0,770.0,769.0,757.0,738.0,746.0,742.0,740.0,730.0,731.0,719.0,735.0,733.0,720.0,726.0,719.0,706.0,713.0,720.0,712.0,716.0,712.0,706.0,706.0,713.0,714.0,706.0,724.0,718.0,713.0,703.0,715.0,724.0,708.0,706.0,720.0,717.0,722.0,711.0,710.0,717.0,703.0,712.0,704.0,718.0,734.0,719.0,721.0,714.0,709.0,709.0,730.0,712.0,711.0,707.0,703.0,717.0,710.0,708.0,718.0,729.0,708.0,706.0,721.0,718.0,720.0,713.0,724.0,714.0,709.0,702.0,716.0,710.0,710.0,720.0,706.0,714.0,719.0,717.0,716.0,726.0,711.0,715.0
802.0,791.0,796.0,790.0,790.0,783.0,812.0,798.0,794.0,780.0,796.0,798.0,800.0,773.0,789.0,793.0,792.0,787.0,776.0,787.0,789.0,794.0,778.0,778.0,799.0,788.0,803.0,801.0,800.0,800.0,816.0,815.0,811.0,799.0,805.0,804.0,792.0,789.0,782.0,781.0,805.0,781.0,780.0,772.0,776.0,766.0,755.0,771.0,772.0,798.0,792.0,767.0,787.0,794.0,788.0,792.0,783.0,770.0,773.0,780.0,786.0,789.0,777.0,768.0,774.0,766.0,770.0,765.0,781.0,785.0,784.0,786.0,806.0,819.0,793.0,782.0,770.0,774.0,791.0,795.0,812.0,804.0,806.0,815.0,840.0,860.0,888.0,881.0,846.0,837.0,821.0,846.0,849.0,854.0,837.0,857.0,820.0,838.0,826.0,836.0,851.0,846.0,845.0,849.0,859.0,846.0,831.0,849.0,848.0,853.0,843.0,851.0,849.0,841.0,847.0,843.0,847.0,842.0,858.0,842.0,854.0,875.0,880.0,861.0,864.0,852.0,847.0,838.0,866.0,847.0,859.0,853.0,865.0,886.0,888.0,917.0,926.0,965.0,918.0,869.0,842.0,847.0,847.0,846.0,864.0,857.0,856.0,853.0,862.0,860.0,853.0,861.0,874.0,876.0,886.0,885.0,898.0,904.0,910.0,921.0,924.0,897.0,885.0,880.0,874.0,880.0,873.0,863.0,862.0,842.0,821.0,826.0,825.0,831.0,829.0,827.0,834.0,834.0,827.0,827.0,830.0,810.0,829.0,804.0,824.0,844.0,859.0,868.0,843.0,868.0,893.0,888.0,949.0,942.0,932.0,975.0,960.0,946.0,929.0,934.0,933.0,926.0,907.0,924.0,932.0,944.0,928.0,949.0,957.0,963.0,985.0,975.0,996.0,983.0,1015.0,997.0,1006.0,1038.0,1021.0,1011.0,1016.0,973.0,966.0,961.0,947.0,940.0,951.0,929.0,930.0,908.0,914.0,930.0,907.0,922.0,923.0,934.0,943.0,949.0,950.0,940.0,934.0,927.0,949.0,960.0,989.0,993.0,1034.0,1026.0,1017.0,987.0,959.0,956.0,948.0,916.0,941.0,900.0,882.0,832.0,832.0,799.0,793.0,797.0,801.0,790.0,779.0,781.0,782.0,784.0,807.0,783.0,789.0,783.0,795.0,820.0,836.0,837.0,879.0,873.0,877.0,859.0,847.0,823.0,825.0,834.0,830,826.0,840.0,843.0,840.0,838.0,845.0,846.0,851.0,836.0,866.0,878.0,879.0,907.0,894.0,905.0,912.0,909.0,898.0,887.0,870.0,841.0,834.0,824.0,792.0,799.0,785.0,777.0,752.0,747.0,755.0,744.0,742.0,749.0,730.0,718.0,721.0,724.0,727.0,731.0,733.0,710.0,720.0,719.0,732.0,715.0,720.0,727.0,721.0,705.0,715.0,730.0,712.0,720.0,715.0,709.0,707.0,706.0,715.0,712.0,728.0,715.0,716.0,718.0,720.0,730.0,721.0,719.0,719.0,711.0,729.0,710.0,719.0,716.0,717.0,725.0,719.0,711.0,724.0,725.0,721.0,723.0,719.0,716.0,724.0,720.0,718.0,726.0,721.0,713.0,718.0,719.0,721.0,717.0,716.0,719.0,717.0,726.0,724.0,714.0,701.0,715.0,728.0,721.0,720.0
748.0,748.0,740.0,756.0,730.0,744.0,748.0,743.0,745.0,746.0,738.0,746.0,747.0,740.0,734.0,734.0,738.0,729.0,743.0,724.0,730.0,751.0,741.0,749.0,738.0,740.0,735.0,755.0,745.0,765.0,756.0,757.0,744.0,754.0,747.0,744.0,728.0,741.0,747.0,719.0,738.0,724.0,734.0,725.0,723.0,725.0,725.0,723.0,723.0,741.0,740.0,732.0,732.0,741.0,736.0,736.0,720.0,725.0,725.0,740.0,736.0,738.0,721.0,725.0,721.0,727.0,708.0,715.0,727.0,720.0,738.0,738.0,745.0,738.0,751.0,738.0,723.0,722.0,743.0,755.0,737.0,745.0,744.0,735.0,770.0,783.0,798.0,794.0,769.0,756.0,756.0,756.0,759.0,767.0,771.0,768.0,763.0,768.0,756.0,773.0,778.0,777.0,787.0,808.0,775.0,779.0,779.0,772.0,770.0,786.0,773.0,786.0,784.0,786.0,790.0,790.0,782.0,776.0,783.0,788.0,789.0,790.0,790.0,794.0,798.0,780.0,780.0,789.0,775.0,782.0,767.0,793.0,796.0,802.0,814.0,816.0,840.0,863.0,845.0,801.0,789.0,783.0,774.0,801.0,783.0,801.0,794.0,802.0,778.0,802.0,803.0,792.0,815.0,812.0,820.0,816.0,826.0,804.0,820.0,840.0,842.0,835.0,825.0,828.0,813.0,796.0,815.0,806.0,796.0,786.0,769.0,775.0,782.0,774.0,773.0,770.0,772.0,769.0,776.0,764.0,760.0,766.0,744.0,758.0,762.0,764.0,779.0,783.0,788.0,790.0,820.0,804.0,829.0,818.0,826.0,841.0,839.0,846.0,849.0,857.0,826.0,829.0,849.0,840.0,821.0,831.0,840.0,862.0,840.0,864.0,897.0,867.0,881.0,896.0,876.0,909.0,908.0,927.0,906.0,911.0,888.0,878.0,863.0,865.0,837.0,863.0,836.0,833.0,830.0,844.0,831.0,818.0,832.0,848.0,838.0,840.0,838.0,860.0,857.0,843.0,842.0,848.0,853.0,870.0,898.0,902.0,915.0,913.0,899.0,882.0,874.0,849.0,827.0,815.0,806.0,789.0,778.0,750.0,738.0,733.0,740.0,732.0,734.0,728.0,714.0,706.0,723.0,718.0,727.0,718.0,731.0,731.0,724.0,750.0,741.0,753.0,780.0,786.0,775.0,770.0,776.0,763.0,760.0,746.0,758,776.0,769.0,769.0,784.0,774.0,763.0,772.0,764.0,777.0,783.0,798.0,796.0,821.0,827.0,827.0,816.0,827.0,812.0,807.0,790.0,775.0,753.0,746.0,736.0,715.0,715.0,706.0,699.0,698.0,698.0,697.0,686.0,690.0,682.0,683.0,685.0,681.0,682.0,670.0,682.0,677.0,675.0,679.0,682.0,680.0,672.0,672.0,674.0,672.0,669.0,675.0,671.0,679.0,678.0,666.0,673.0,680.0,671.0,672.0,674.0,660.0,683.0,668.0,675.0,668.0,663.0,677.0,673.0,681.0,668.0,668.0,670.0,668.0,680.0,672.0,676.0,666.0,677.0,674.0,668.0,670.0,674.0,676.0,679.0,671.0,681.0,683.0,673.0,676.0,671.0,681.0,676.0,679.0,670.0,672.0,676.0,679.0,677.0,675.0,677.0,679.0,677.0,675.0,671.0
707.0,717.0,722.0,722.0,718.0,719.0,720.0,707.0,716.0,707.0,731.0,725.0,720.0,713.0,724.0,715.0,717.0,719.0,715.0,717.0,708.0,718.0,722.0,724.0,716.0,710.0,720.0,712.0,716.0,713.0,733.0,711.0,736.0,717.0,727.0,732.0,710.0,717.0,713.0,721.0,717.0,697.0,698.0,692.0,714.0,728.0,698.0,716.0,699.0,714.0,704.0,712.0,729.0,713.0,707.0,698.0,703.0,706.0,724.0,725.0,700.0,704.0,684.0,708.0,706.0,709.0,705.0,687.0,711.0,693.0,701.0,715.0,717.0,721.0,727.0,696.0,690.0,721.0,713.0,707.0,722.0,718.0,727.0,724.0,734.0,745.0,736.0,756.0,734.0,724.0,725.0,735.0,732.0,736.0,734.0,746.0,735.0,741.0,731.0,743.0,752.0,758.0,757.0,746.0,757.0,757.0,757.0,755.0,750.0,755.0,752.0,742.0,752.0,754.0,752.0,732.0,752.0,742.0,761.0,766.0,758.0,767.0,758.0,777.0,772.0,750.0,761.0,750.0,744.0,751.0,749.0,764.0,781.0,763.0,770.0,785.0,800.0,804.0,774.0,747.0,748.0,730.0,745.0,751.0,752.0,756.0,750.0,744.0,777.0,737.0,745.0,771.0,768.0,769.0,758.0,768.0,780.0,783.0,766.0,783.0,795.0,772.0,784.0,757.0,762.0,760.0,765.0,744.0,760.0,754.0,736.0,747.0,750.0,737.0,750.0,735.0,742.0,747.0,753.0,744.0,737.0,730.0,738.0,740.0,737.0,742.0,754.0,763.0,744.0,766.0,749.0,759.0,780.0,779.0,795.0,792.0,776.0,798.0,796.0,792.0,783.0,790.0,777.0,791.0,794.0,786.0,795.0,793.0,818.0,796.0,805.0,822.0,814.0,825.0,826.0,823.0,825.0,836.0,838.0,838.0,826.0,788.0,799.0,808.0,799.0,790.0,790.0,786.0,795.0,773.0,777.0,795.0,793.0,785.0,781.0,791.0,794.0,790.0,790.0,797.0,806.0,788.0,802.0,826.0,843.0,846.0,841.0,845.0,846.0,827.0,792.0,789.0,792.0,785.0,771.0,759.0,751.0,733.0,720.0,728.0,708.0,716.0,722.0,704.0,707.0,715.0,710.0,705.0,734.0,700.0,724.0,718.0,710.0,742.0,724.0,732.0,756.0,742.0,742.0,746.0,730.0,748.0,740.0,722.0,725,736.0,753.0,737.0,750.0,741.0,736.0,740.0,755.0,758.0,752.0,758.0,768.0,765.0,788.0,770.0,767.0,780.0,763.0,769.0,755.0,757.0,723.0,731.0,713.0,711.0,707.0,715.0,719.0,692.0,706.0,695.0,699.0,679.0,683.0,697.0,679.0,688.0,694.0,678.0,677.0,683.0,673.0,682.0,687.0,670.0,676.0,676.0,671.0,667.0,687.0,682.0,685.0,679.0,689.0,682.0,686.0,672.0,681.0,669.0,675.0,662.0,669.0,684.0,664.0,689.0,679.0,696.0,687.0,672.0,695.0,661.0,687.0,679.0,678.0,674.0,672.0,682.0,689.0,683.0,688.0,680.0,678.0,676.0,676.0,686.0,698.0,676.0,688.0,679.0,683.0,683.0,688.0,673.0,681.0,696.0,693.0,678.0,684.0,685.0,680.0,684.0,679.0,695.0,673.0
804.0,805.0,801.0,802.0,789.0,804.0,788.0,790.0,782.0,799.0,797.0,784.0,805.0,780.0,795.0,787.0,782.0,779.0,779.0,776.0,783.0,801.0,785.0,793.0,775.0,785.0,801.0,798.0,805.0,829.0,816.0,815.0,820.0,805.0,798.0,805.0,796.0,775.0,796.0,789.0,773.0,768.0,774.0,765.0,773.0,762.0,758.0,781.0,776.0,792.0,787.0,774.0,772.0,770.0,789.0,785.0,778.0,770.0,780.0,788.0,789.0,795.0,782.0,769.0,763.0,768.0,761.0,755.0,772.0,768.0,778.0,809.0,804.0,819.0,811.0,780.0,780.0,797.0,784.0,804.0,812.0,805.0,809.0,802.0,827.0,864.0,881.0,859.0,845.0,815.0,825.0,836.0,829.0,860.0,854.0,849.0,841.0,862.0,847.0,854.0,856.0,876.0,879.0,893.0,863.0,864.0,876.0,865.0,877.0,879.0,877.0,881.0,884.0,879.0,896.0,876.0,878.0,876.0,876.0,875.0,883.0,892.0,877.0,881.0,886.0,885.0,856.0,870.0,867.0,875.0,859.0,895.0,889.0,895.0,916.0,935.0,950.0,998.0,957.0,909.0,875.0,855.0,865.0,877.0,884.0,895.0,874.0,864.0,881.0,873.0,897.0,891.0,904.0,908.0,905.0,920.0,942.0,937.0,922.0,949.0,937.0,946.0,933.0,899.0,908.0,897.0,895.0,885.0,866.0,857.0,841.0,849.0,840.0,854.0,837.0,849.0,827.0,837.0,825.0,842.0,822.0,814.0,817.0,831.0,829.0,851.0,853.0,861.0,869.0,911.0,917.0,922.0,943.0,949.0,957.0,978.0,970.0,991.0,974.0,960.0,966.0,935.0,950.0,942.0,959.0,960.0,965.0,973.0,1004.0,1008.0,1030.0,1028.0,1032.0,1046.0,1050.0,1055.0,1068.0,1087.0,1089.0,1056.0,1040.0,1004.0,986.0,971.0,955.0,956.0,946.0,925.0,946.0,915.0,937.0,943.0,934.0,933.0,940.0,965.0,933.0,945.0,944.0,950.0,957.0,944.0,967.0,987.0,1047.0,1053.0,1052.0,1065.0,1055.0,1006.0,967.0,950.0,929.0,936.0,924.0,876.0,838.0,813.0,788.0,782.0,777.0,773.0,773.0,763.0,777.0,764.0,759.0,753.0,765.0,749.0,768.0,778.0,772.0,802.0,810.0,819.0,831.0,862.0,842.0,828.0,819.0,802.0,812.0,802.0,811,820.0,831.0,833.0,855.0,834.0,831.0,829.0,830.0,850.0,875.0,894.0,919.0,931.0,959.0,945.0,926.0,937.0,925.0,910.0,896.0,857.0,834.0,817.0,793.0,777.0,744.0,730.0,732.0,720.0,718.0,717.0,709.0,704.0,702.0,686.0,692.0,699.0,688.0,681.0,687.0,686.0,686.0,673.0,684.0,684.0,685.0,685.0,682.0,682.0,680.0,685.0,674.0,687.0,689.0,670.0,675.0,670.0,679.0,674.0,672.0,677.0,686.0,680.0,670.0,676.0,676.0,679.0,668.0,677.0,679.0,680.0,689.0,681.0,682.0,680.0,688.0,684.0,683.0,683.0,683.0,668.0,689.0,678.0,685.0,685.0,681.0,681.0,680.0,682.0,688.0,681.0,675.0,674.0,683.0,682.0,674.0,670.0,680.0,684.0,679.0,677.0,680.0,682.0,680.0
802.0,798.0,799.0,808.0,802.0,804.0,799.0,789.0,784.0,783.0,801.0,796.0,798.0,789.0,799.0,780.0,780.0,788.0,792.0,779.0,785.0,783.0,795.0,796.0,800.0,785.0,795.0,793.0,793.0,818.0,809.0,818.0,806.0,786.0,810.0,789.0,804.0,782.0,780.0,780.0,776.0,770.0,759.0,763.0,769.0,762.0,760.0,752.0,775.0,790.0,763.0,772.0,767.0,779.0,782.0,772.0,775.0,759.0,769.0,782.0,801.0,784.0,765.0,771.0,764.0,763.0,743.0,770.0,764.0,754.0,794.0,805.0,805.0,811.0,812.0,775.0,769.0,781.0,782.0,794.0,791.0,800.0,788.0,810.0,837.0,876.0,892.0,876.0,826.0,827.0,828.0,846.0,852.0,860.0,846.0,843.0,838.0,855.0,828.0,833.0,848.0,850.0,871.0,882.0,870.0,849.0,848.0,850.0,850.0,869.0,847.0,877.0,889.0,863.0,862.0,854.0,869.0,873.0,860.0,862.0,868.0,880.0,876.0,876.0,862.0,867.0,847.0,854.0,865.0,860.0,854.0,872.0,879.0,883.0,906.0,895.0,926.0,980.0,949.0,894.0,874.0,848.0,867.0,882.0,860.0,876.0,875.0,863.0,874.0,862.0,867.0,891.0,887.0,909.0,904.0,896.0,930.0,915.0,935.0,939.0,939.0,938.0,920.0,893.0,889.0,898.0,917.0,888.0,873.0,848.0,828.0,835.0,833.0,848.0,834.0,840.0,840.0,831.0,821.0,813.0,807.0,811.0,818.0,809.0,823.0,840.0,865.0,864.0,871.0,887.0,894.0,912.0,956.0,951.0,964.0,980.0,968.0,979.0,968.0,954.0,966.0,942.0,934.0,953.0,943.0,925.0,967.0,947.0,994.0,1006.0,989.0,1014.0,1017.0,1049.0,1021.0,1044.0,1059.0,1061.0,1064.0,1050.0,1026.0,989.0,973.0,937.0,944.0,940.0,934.0,925.0,941.0,919.0,919.0,923.0,913.0,913.0,913.0,927.0,925.0,927.0,942.0,927.0,921.0,938.0,958.0,986.0,1030.0,1046.0,1069.0,1066.0,1029.0,1019.0,985.0,935.0,929.0,922.0,891.0,873.0,839.0,784.0,770.0,761.0,757.0,739.0,756.0,753.0,758.0,745.0,740.0,735.0,754.0,746.0,752.0,762.0,755.0,782.0,791.0,788.0,821.0,836.0,839.0,823.0,801.0,786.0,769.0,790.0,795,810.0,798.0,814.0,814.0,812.0,814.0,800.0,816.0,828.0,836.0,878.0,875.0,921.0,924.0,942.0,925.0,935.0,901.0,885.0,871.0,834.0,820.0,812.0,778.0,769.0,739.0,740.0,718.0,709.0,708.0,704.0,698.0,691.0,690.0,684.0,687.0,677.0,671.0,678.0,682.0,678.0,670.0,672.0,668.0,670.0,671.0,667.0,667.0,665.0,669.0,674.0,669.0,670.0,666.0,661.0,676.0,669.0,658.0,650.0,665.0,667.0,667.0,667.0,659.0,667.0,665.0,664.0,665.0,661.0,667.0,664.0,665.0,661.0,654.0,671.0,664.0,677.0,673.0,680.0,667.0,677.0,665.0,660.0,660.0,668.0,678.0,673.0,665.0,671.0,668.0,682.0,659.0,669.0,674.0,680.0,670.0,670.0,669.0,669.0,670.0,660.0,681.0,660.0,656.0
792.0,792.0,806.0,795.0,785.0,774.0,771.0,776.0,781.0,777.0,781.0,785.0,789.0,777.0,783.0,785.0,769.0,771.0,775.0,787.0,792.0,778.0,791.0,785.0,792.0,778.0,800.0,776.0,793.0,796.0,793.0,804.0,785.0,802.0,781.0,795.0,785.0,769.0,755.0,778.0,761.0,770.0,750.0,762.0,749.0,762.0,745.0,759.0,741.0,775.0,782.0,758.0,747.0,777.0,769.0,767.0,759.0,756.0,758.0,786.0,761.0,774.0,764.0,743.0,746.0,750.0,773.0,747.0,746.0,748.0,760.0,763.0,783.0,783.0,782.0,759.0,764.0,758.0,759.0,778.0,784.0,783.0,782.0,767.0,809.0,829.0,858.0,850.0,826.0,817.0,806.0,809.0,828.0,816.0,846.0,824.0,806.0,849.0,816.0,835.0,829.0,848.0,863.0,862.0,858.0,837.0,841.0,852.0,860.0,843.0,829.0,859.0,866.0,867.0,848.0,840.0,860.0,871.0,826.0,874.0,842.0,875.0,860.0,890.0,860.0,837.0,848.0,864.0,829.0,847.0,854.0,850.0,886.0,885.0,897.0,892.0,922.0,959.0,924.0,884.0,855.0,824.0,848.0,850.0,875.0,874.0,857.0,857.0,870.0,856.0,871.0,867.0,869.0,881.0,911.0,907.0,911.0,907.0,932.0,927.0,906.0,899.0,912.0,898.0,906.0,885.0,906.0,877.0,879.0,848.0,831.0,817.0,833.0,838.0,831.0,820.0,825.0,824.0,811.0,801.0,790.0,812.0,797.0,797.0,799.0,825.0,823.0,852.0,855.0,845.0,857.0,887.0,906.0,911.0,924.0,950.0,935.0,938.0,926.0,932.0,946.0,925.0,924.0,911.0,905.0,936.0,936.0,940.0,984.0,979.0,979.0,996.0,995.0,1008.0,1010.0,1013.0,1028.0,1023.0,1050.0,1033.0,1015.0,977.0,968.0,964.0,931.0,936.0,914.0,931.0,892.0,903.0,909.0,904.0,907.0,891.0,919.0,936.0,939.0,947.0,935.0,899.0,930.0,949.0,965.0,985.0,998.0,1039.0,1031.0,1034.0,1014.0,1006.0,957.0,931.0,895.0,868.0,863.0,838.0,830.0,781.0,781.0,750.0,757.0,751.0,738.0,738.0,746.0,764.0,741.0,732.0,743.0,743.0,757.0,747.0,747.0,763.0,787.0,768.0,818.0,820.0,825.0,798.0,779.0,757.0,770.0,774.0,776,811.0,816.0,798.0,794.0,820.0,813.0,780.0,797.0,818.0,820.0,879.0,870.0,877.0,914.0,906.0,887.0,902.0,885.0,871.0,858.0,829.0,797.0,801.0,758.0,752.0,745.0,721.0,707.0,700.0,704.0,712.0,690.0,707.0,696.0,665.0,693.0,684.0,691.0,682.0,674.0,678.0,673.0,679.0,664.0,671.0,662.0,689.0,674.0,676.0,668.0,665.0,669.0,677.0,659.0,659.0,667.0,671.0,670.0,662.0,675.0,661.0,656.0,670.0,665.0,663.0,674.0,670.0,667.0,678.0,672.0,664.0,687.0,663.0,659.0,668.0,678.0,676.0,663.0,676.0,667.0,670.0,666.0,658.0,670.0,675.0,665.0,668.0,662.0,673.0,673.0,674.0,679.0,671.0,682.0,672.0,662.0,670.0,672.0,666.0,658.0,673.0,660.0,658.0,671.0
816.0,829.0,829.0,812.0,828.0,811.0,816.0,812.0,826.0,814.0,819.0,814.0,829.0,810.0,828.0,799.0,809.0,806.0,795.0,808.0,812.0,818.0,816.0,810.0,823.0,816.0,828.0,824.0,813.0,832.0,827.0,839.0,835.0,818.0,827.0,808.0,815.0,798.0,802.0,806.0,803.0,799.0,786.0,783.0,795.0,793.0,763.0,783.0,793.0,800.0,794.0,784.0,775.0,791.0,805.0,792.0,776.0,792.0,783.0,812.0,807.0,825.0,785.0,782.0,779.0,781.0,774.0,771.0,794.0,791.0,815.0,815.0,835.0,818.0,822.0,806.0,782.0,802.0,811.0,809.0,819.0,808.0,829.0,829.0,861.0,900.0,924.0,894.0,874.0,851.0,848.0,853.0,864.0,860.0,879.0,870.0,868.0,876.0,864.0,874.0,881.0,896.0,889.0,924.0,901.0,893.0,887.0,893.0,902.0,903.0,898.0,896.0,911.0,921.0,912.0,895.0,897.0,901.0,897.0,916.0,916.0,919.0,906.0,902.0,901.0,886.0,891.0,891.0,877.0,890.0,883.0,915.0,912.0,921.0,936.0,921.0,964.0,1040.0,985.0,928.0,907.0,895.0,898.0,891.0,914.0,914.0,908.0,902.0,909.0,906.0,905.0,917.0,903.0,938.0,950.0,966.0,962.0,977.0,984.0,990.0,1001.0,982.0,954.0,954.0,942.0,915.0,934.0,924.0,917.0,889.0,873.0,866.0,863.0,868.0,870.0,873.0,871.0,853.0,859.0,858.0,846.0,832.0,835.0,832.0,846.0,879.0,896.0,899.0,904.0,902.0,923.0,953.0,986.0,990.0,994.0,1013.0,1007.0,1014.0,1013.0,1005.0,996.0,976.0,979.0,1001.0,991.0,1007.0,1011.0,1021.0,1023.0,1037.0,1047.0,1077.0,1060.0,1100.0,1099.0,1088.0,1111.0,1127.0,1125.0,1124.0,1078.0,1033.0,1007.0,1005.0,991.0,995.0,971.0,970.0,980.0,969.0,952.0,957.0,938.0,943.0,964.0,969.0,979.0,980.0,995.0,955.0,956.0,948.0,1002.0,1048.0,1076.0,1091.0,1105.0,1105.0,1087.0,1062.0,1022.0,987.0,951.0,936.0,938.0,890.0,846.0,813.0,785.0,786.0,776.0,779.0,767.0,759.0,749.0,753.0,755.0,750.0,756.0,754.0,765.0,780.0,767.0,798.0,812.0,805.0,853.0,850.0,858.0,839.0,813.0,806.0,791.0,803.0,821,821.0,827.0,823.0,840.0,825.0,822.0,834.0,833.0,837.0,864.0,895.0,927.0,971.0,970.0,964.0,957.0,947.0,936.0,922.0,886.0,875.0,844.0,819.0,803.0,773.0,755.0,739.0,715.0,734.0,719.0,719.0,706.0,699.0,704.0,698.0,689.0,683.0,687.0,694.0,686.0,684.0,672.0,678.0,674.0,677.0,675.0,674.0,684.0,677.0,673.0,681.0,669.0,677.0,671.0,662.0,667.0,674.0,673.0,668.0,684.0,671.0,673.0,671.0,678.0,676.0,674.0,680.0,678.0,677.0,672.0,682.0,677.0,671.0,675.0,670.0,677.0,672.0,673.0,675.0,685.0,675.0,676.0,668.0,672.0,673.0,676.0,680.0,671.0,670.0,679.0,676.0,667.0,675.0,679.0,678.0,662.0,666.0,685.0,673.0,667.0,674.0,680.0,674.0,675.0
811.0,813.0,817.0,818.0,825.0,810.0,811.0,821.0,814.0,807.0,803.0,803.0,818.0,814.0,805.0,803.0,791.0,815.0,788.0,794.0,799.0,802.0,809.0,795.0,798.0,797.0,827.0,818.0,828.0,849.0,823.0,832.0,815.0,827.0,829.0,814.0,807.0,786.0,807.0,789.0,798.0,785.0,757.0,767.0,778.0,775.0,760.0,780.0,791.0,782.0,793.0,774.0,777.0,797.0,788.0,790.0,771.0,770.0,779.0,784.0,788.0,794.0,783.0,771.0,776.0,782.0,774.0,756.0,781.0,771.0,787.0,817.0,829.0,825.0,806.0,791.0,788.0,798.0,796.0,795.0,818.0,814.0,814.0,833.0,839.0,894.0,900.0,884.0,854.0,840.0,840.0,861.0,860.0,851.0,852.0,867.0,858.0,865.0,843.0,871.0,885.0,889.0,895.0,902.0,885.0,867.0,866.0,873.0,897.0,896.0,890.0,899.0,912.0,919.0,904.0,887.0,896.0,920.0,891.0,907.0,891.0,917.0,904.0,920.0,889.0,894.0,882.0,882.0,891.0,892.0,900.0,925.0,916.0,917.0,933.0,936.0,976.0,1044.0,986.0,901.0,887.0,871.0,882.0,895.0,902.0,915.0,906.0,892.0,904.0,907.0,888.0,914.0,927.0,914.0,939.0,967.0,945.0,958.0,974.0,984.0,972.0,971.0,962.0,946.0,916.0,919.0,935.0,927.0,903.0,861.0,871.0,853.0,856.0,861.0,847.0,851.0,861.0,853.0,865.0,848.0,844.0,821.0,825.0,832.0,829.0,850.0,872.0,899.0,879.0,886.0,920.0,937.0,975.0,984.0,983.0,994.0,996.0,1006.0,1020.0,1006.0,988.0,999.0,972.0,984.0,970.0,993.0,1007.0,1011.0,1021.0,1033.0,1043.0,1070.0,1095.0,1083.0,1096.0,1084.0,1130.0,1113.0,1107.0,1131.0,1054.0,1047.0,1011.0,990.0,980.0,959.0,961.0,985.0,963.0,947.0,946.0,944.0,941.0,953.0,949.0,964.0,972.0,968.0,942.0,962.0,942.0,932.0,1002.0,1021.0,1047.0,1107.0,1103.0,1084.0,1081.0,1049.0,1037.0,960.0,953.0,924.0,907.0,875.0,830.0,822.0,782.0,766.0,777.0,770.0,760.0,763.0,752.0,745.0,749.0,742.0,752.0,734.0,767.0,765.0,760.0,786.0,802.0,807.0,834.0,855.0,848.0,816.0,817.0,794.0,789.0,777.0,805,822.0,822.0,822.0,837.0,831.0,824.0,833.0,838.0,853.0,864.0,873.0,910.0,949.0,959.0,980.0,959.0,960.0,923.0,920.0,876.0,875.0,833.0,815.0,803.0,772.0,735.0,739.0,729.0,706.0,717.0,713.0,696.0,698.0,678.0,691.0,693.0,692.0,681.0,691.0,679.0,682.0,667.0,666.0,674.0,671.0,670.0,674.0,666.0,672.0,663.0,674.0,662.0,663.0,679.0,675.0,663.0,672.0,664.0,673.0,678.0,662.0,675.0,672.0,659.0,666.0,663.0,685.0,666.0,674.0,676.0,662.0,667.0,675.0,673.0,673.0,671.0,669.0,678.0,667.0,675.0,674.0,676.0,670.0,669.0,667.0,673.0,668.0,680.0,672.0,675.0,670.0,680.0,666.0,662.0,681.0,669.0,669.0,685.0,676.0,665.0,672.0,674.0,667.0,679.0
803.0,799.0,805.0,803.0,803.0,804.0,795.0,801.0,792.0,800.0,803.0,793.0,812.0,785.0,786.0,784.0,789.0,784.0,775.0,793.0,771.0,792.0,781.0,797.0,783.0,803.0,790.0,809.0,794.0,812.0,794.0,789.0,799.0,806.0,809.0,788.0,781.0,783.0,782.0,766.0,758.0,760.0,784.0,767.0,766.0,757.0,761.0,757.0,765.0,784.0,788.0,768.0,759.0,765.0,773.0,771.0,753.0,744.0,763.0,781.0,791.0,805.0,760.0,771.0,757.0,752.0,767.0,751.0,774.0,764.0,783.0,796.0,823.0,810.0,795.0,772.0,785.0,777.0,782.0,789.0,808.0,786.0,810.0,804.0,839.0,860.0,883.0,878.0,833.0,818.0,814.0,834.0,858.0,861.0,847.0,838.0,842.0,870.0,838.0,857.0,875.0,875.0,879.0,878.0,858.0,845.0,850.0,857.0,853.0,855.0,882.0,859.0,883.0,859.0,871.0,854.0,879.0,858.0,861.0,881.0,869.0,897.0,882.0,880.0,879.0,854.0,863.0,873.0,849.0,858.0,876.0,866.0,880.0,870.0,892.0,915.0,907.0,995.0,935.0,885.0,869.0,853.0,854.0,864.0,884.0,886.0,875.0,869.0,879.0,873.0,893.0,873.0,905.0,904.0,933.0,931.0,937.0,958.0,947.0,957.0,954.0,949.0,917.0,907.0,901.0,911.0,908.0,895.0,883.0,857.0,835.0,831.0,853.0,828.0,843.0,853.0,843.0,839.0,831.0,830.0,819.0,810.0,814.0,797.0,825.0,842.0,854.0,860.0,868.0,878.0,903.0,919.0,961.0,960.0,962.0,991.0,966.0,981.0,956.0,979.0,969.0,939.0,935.0,960.0,959.0,960.0,968.0,970.0,1009.0,988.0,1017.0,1015.0,1049.0,1046.0,1060.0,1043.0,1044.0,1085.0,1078.0,1067.0,1044.0,980.0,972.0,959.0,960.0,942.0,945.0,938.0,929.0,926.0,912.0,930.0,907.0,926.0,908.0,933.0,931.0,936.0,942.0,925.0,913.0,916.0,951.0,986.0,1028.0,1081.0,1061.0,1048.0,1067.0,1015.0,971.0,958.0,909.0,902.0,898.0,862.0,843.0,779.0,785.0,753.0,764.0,743.0,755.0,737.0,750.0,752.0,743.0,731.0,759.0,741.0,743.0,744.0,743.0,780.0,770.0,792.0,817.0,852.0,838.0,812.0,802.0,779.0,770.0,766.0,780,798.0,801.0,816.0,825.0,809.0,817.0,803.0,822.0,824.0,829.0,874.0,888.0,916.0,946.0,943.0,934.0,920.0,917.0,889.0,893.0,840.0,822.0,812.0,777.0,763.0,740.0,724.0,722.0,712.0,700.0,702.0,696.0,683.0,693.0,690.0,692.0,686.0,681.0,683.0,669.0,676.0,665.0,674.0,665.0,665.0,667.0,664.0,679.0,674.0,661.0,664.0,674.0,672.0,664.0,667.0,664.0,670.0,669.0,664.0,669.0,659.0,664.0,655.0,662.0,657.0,657.0,676.0,668.0,661.0,667.0,669.0,678.0,674.0,658.0,659.0,671.0,671.0,656.0,666.0,680.0,674.0,673.0,664.0,658.0,663.0,663.0,672.0,672.0,665.0,669.0,673.0,663.0,664.0,665.0,661.0,668.0,661.0,678.0,673.0,682.0,670.0,658.0,678.0,672.0
716.0,733.0,715.0,708.0,718.0,709.0,718.0,718.0,724.0,718.0,720.0,723.0,712.0,708.0,714.0,726.0,712.0,715.0,725.0,713.0,709.0,723.0,710.0,717.0,718.0,710.0,718.0,719.0,729.0,720.0,715.0,713.0,724.0,727.0,725.0,716.0,712.0,713.0,715.0,711.0,714.0,716.0,716.0,715.0,712.0,722.0,709.0,736.0,716.0,719.0,713.0,723.0,718.0,701.0,710.0,698.0,721.0,698.0,720.0,706.0,722.0,719.0,717.0,706.0,703.0,702.0,701.0,713.0,712.0,709.0,727.0,741.0,739.0,724.0,725.0,711.0,704.0,707.0,702.0,731.0,716.0,714.0,729.0,723.0,732.0,743.0,755.0,741.0,737.0,723.0,727.0,742.0,748.0,748.0,743.0,739.0,716.0,737.0,737.0,745.0,734.0,743.0,728.0,754.0,728.0,740.0,734.0,735.0,732.0,748.0,732.0,748.0,719.0,744.0,742.0,723.0,758.0,748.0,750.0,742.0,735.0,733.0,746.0,737.0,747.0,733.0,741.0,733.0,740.0,735.0,738.0,748.0,753.0,759.0,762.0,755.0,762.0,784.0,746.0,740.0,744.0,741.0,749.0,750.0,732.0,738.0,747.0,762.0,752.0,740.0,753.0,743.0,745.0,745.0,753.0,753.0,761.0,764.0,750.0,763.0,761.0,766.0,766.0,764.0,766.0,765.0,751.0,752.0,765.0,741.0,740.0,739.0,743.0,746.0,728.0,732.0,751.0,741.0,735.0,728.0,750.0,745.0,742.0,744.0,746.0,742.0,756.0,746.0,741.0,748.0,750.0,759.0,797.0,783.0,782.0,793.0,792.0,790.0,779.0,775.0,766.0,770.0,779.0,764.0,774.0,765.0,782.0,774.0,796.0,787.0,782.0,799.0,803.0,802.0,799.0,793.0,812.0,820.0,830.0,821.0,815.0,790.0,801.0,789.0,791.0,800.0,789.0,795.0,799.0,784.0,788.0,787.0,777.0,782.0,787.0,804.0,787.0,781.0,798.0,794.0,788.0,783.0,800.0,779.0,819.0,803.0,812.0,826.0,813.0,792.0,796.0,794.0,803.0,791.0,795.0,799.0,762.0,770.0,752.0,745.0,745.0,733.0,742.0,745.0,743.0,746.0,744.0,732.0,744.0,742.0,756.0,757.0,748.0,744.0,745.0,762.0,776.0,781.0,776.0,773.0,775.0,765.0,759.0,753.0,772,779.0,771.0,767.0,761.0,758.0,758.0,763.0,755.0,764.0,772.0,773.0,755.0,771.0,779.0,771.0,780.0,778.0,763.0,768.0,745.0,759.0,746.0,755.0,731.0,738.0,724.0,746.0,734.0,722.0,726.0,728.0,724.0,738.0,725.0,717.0,711.0,710.0,719.0,709.0,720.0,710.0,721.0,713.0,719.0,708.0,702.0,727.0,717.0,724.0,720.0,715.0,721.0,709.0,709.0,711.0,723.0,704.0,713.0,722.0,714.0,719.0,725.0,722.0,715.0,711.0,715.0,720.0,709.0,713.0,706.0,711.0,713.0,737.0,713.0,721.0,718.0,716.0,720.0,720.0,716.0,719.0,723.0,715.0,711.0,724.0,715.0,721.0,707.0,724.0,715.0,720.0,726.0,723.0,703.0,715.0,729.0,719.0,717.0,706.0,716.0,710.0,716.0,726.0,729.0
833.0,813.0,829.0,841.0,824.0,844.0,828.0,826.0,840.0,817.0,835.0,831.0,817.0,812.0,820.0,797.0,812.0,815.0,797.0,823.0,830.0,814.0,818.0,835.0,835.0,826.0,826.0,837.0,830.0,837.0,834.0,859.0,842.0,843.0,856.0,833.0,825.0,818.0,825.0,835.0,813.0,816.0,812.0,805.0,804.0,812.0,781.0,803.0,817.0,818.0,812.0,809.0,809.0,812.0,822.0,818.0,797.0,792.0,795.0,819.0,836.0,816.0,808.0,796.0,796.0,792.0,799.0,780.0,804.0,808.0,822.0,825.0,839.0,850.0,838.0,818.0,811.0,813.0,811.0,830.0,844.0,840.0,834.0,834.0,863.0,905.0,936.0,927.0,876.0,855.0,860.0,882.0,893.0,886.0,898.0,926.0,882.0,890.0,878.0,868.0,888.0,877.0,925.0,921.0,903.0,896.0,894.0,899.0,907.0,905.0,905.0,914.0,894.0,907.0,903.0,908.0,914.0,910.0,918.0,924.0,914.0,920.0,913.0,910.0,931.0,901.0,900.0,911.0,911.0,899.0,892.0,913.0,916.0,929.0,936.0,950.0,979.0,1046.0,1012.0,925.0,907.0,887.0,897.0,907.0,935.0,922.0,915.0,924.0,930.0,899.0,909.0,921.0,943.0,936.0,946.0,952.0,951.0,971.0,981.0,974.0,999.0,978.0,971.0,937.0,926.0,945.0,939.0,928.0,910.0,883.0,875.0,865.0,878.0,883.0,866.0,876.0,902.0,855.0,872.0,864.0,865.0,853.0,860.0,845.0,872.0,891.0,908.0,923.0,924.0,935.0,949.0,969.0,1010.0,1006.0,1017.0,1034.0,1031.0,1006.0,1028.0,989.0,1002.0,996.0,976.0,1002.0,986.0,1002.0,1012.0,1005.0,1044.0,1025.0,1078.0,1061.0,1088.0,1098.0,1095.0,1107.0,1093.0,1121.0,1125.0,1109.0,1083.0,1053.0,1031.0,1032.0,1012.0,1006.0,977.0,995.0,995.0,971.0,968.0,961.0,967.0,977.0,964.0,997.0,991.0,968.0,1007.0,989.0,999.0,979.0,1008.0,1036.0,1088.0,1109.0,1121.0,1102.0,1084.0,1068.0,1034.0,1025.0,1009.0,977.0,968.0,931.0,889.0,858.0,844.0,816.0,808.0,800.0,805.0,806.0,808.0,802.0,799.0,798.0,824.0,797.0,804.0,807.0,804.0,841.0,856.0,869.0,906.0,898.0,901.0,886.0,857.0,844.0,835.0,840.0,869,870.0,873.0,874.0,866.0,865.0,864.0,885.0,875.0,872.0,894.0,937.0,924.0,960.0,973.0,983.0,966.0,968.0,961.0,924.0,907.0,886.0,860.0,846.0,811.0,830.0,790.0,777.0,768.0,746.0,760.0,741.0,745.0,740.0,723.0,722.0,721.0,714.0,718.0,720.0,731.0,711.0,704.0,712.0,722.0,716.0,715.0,715.0,714.0,708.0,719.0,719.0,711.0,708.0,709.0,712.0,707.0,697.0,709.0,701.0,719.0,701.0,712.0,706.0,710.0,711.0,698.0,709.0,702.0,701.0,718.0,700.0,706.0,713.0,714.0,713.0,714.0,699.0,721.0,706.0,708.0,704.0,704.0,706.0,722.0,711.0,713.0,720.0,705.0,705.0,709.0,725.0,709.0,711.0,703.0,704.0,718.0,704.0,719.0,700.0,701.0,711.0,713.0,713.0,712.0
699.0,710.0,693.0,703.0,685.0,696.0,696.0,688.0,691.0,696.0,705.0,697.0,708.0,691.0,688.0,692.0,699.0,690.0,690.0,692.0,688.0,698.0,689.0,693.0,689.0,692.0,698.0,696.0,687.0,705.0,702.0,697.0,698.0,698.0,701.0,705.0,692.0,686.0,686.0,684.0,692.0,691.0,686.0,687.0,682.0,677.0,692.0,685.0,689.0,697.0,691.0,694.0,698.0,686.0,697.0,692.0,678.0,686.0,691.0,690.0,693.0,689.0,687.0,683.0,682.0,687.0,675.0,681.0,681.0,683.0,691.0,689.0,695.0,691.0,695.0,690.0,681.0,679.0,693.0,691.0,690.0,691.0,687.0,696.0,699.0,713.0,720.0,721.0,702.0,695.0,694.0,702.0,696.0,712.0,705.0,707.0,691.0,713.0,697.0,710.0,715.0,710.0,708.0,721.0,715.0,716.0,712.0,705.0,710.0,724.0,720.0,707.0,716.0,716.0,714.0,714.0,721.0,717.0,722.0,715.0,720.0,720.0,719.0,728.0,725.0,714.0,707.0,712.0,717.0,718.0,711.0,723.0,731.0,729.0,743.0,749.0,743.0,754.0,760.0,728.0,714.0,711.0,720.0,726.0,723.0,718.0,719.0,719.0,712.0,723.0,718.0,705.0,731.0,721.0,725.0,731.0,743.0,721.0,739.0,741.0,740.0,738.0,748.0,736.0,727.0,726.0,731.0,730.0,724.0,715.0,710.0,713.0,713.0,702.0,710.0,699.0,704.0,708.0,702.0,705.0,713.0,695.0,695.0,703.0,707.0,703.0,706.0,714.0,716.0,709.0,733.0,720.0,731.0,730.0,740.0,747.0,747.0,750.0,736.0,746.0,746.0,744.0,742.0,741.0,738.0,741.0,754.0,748.0,748.0,749.0,767.0,756.0,774.0,763.0,771.0,781.0,777.0,772.0,767.0,783.0,770.0,763.0,758.0,755.0,749.0,750.0,745.0,741.0,748.0,747.0,748.0,739.0,741.0,744.0,749.0,754.0,763.0,758.0,758.0,759.0,747.0,764.0,763.0,758.0,775.0,787.0,781.0,766.0,789.0,775.0,766.0,742.0,745.0,730.0,726.0,734.0,720.0,715.0,699.0,689.0,696.0,686.0,696.0,680.0,683.0,677.0,683.0,680.0,699.0,687.0,690.0,696.0,680.0,712.0,699.0,695.0,713.0,716.0,717.0,711.0,713.0,717.0,701.0,701.0,699,707.0,710.0,719.0,720.0,713.0,713.0,712.0,708.0,709.0,715.0,726.0,730.0,739.0,728.0,727.0,720.0,722.0,721.0,723.0,714.0,709.0,702.0,697.0,693.0,681.0,683.0,674.0,672.0,670.0,667.0,669.0,663.0,661.0,660.0,663.0,661.0,667.0,658.0,666.0,657.0,668.0,664.0,663.0,665.0,669.0,659.0,656.0,658.0,651.0,652.0,659.0,660.0,662.0,661.0,653.0,653.0,662.0,652.0,650.0,649.0,651.0,657.0,653.0,652.0,654.0,649.0,667.0,662.0,659.0,660.0,654.0,666.0,655.0,668.0,663.0,660.0,661.0,657.0,663.0,657.0,663.0,658.0,660.0,657.0,655.0,660.0,668.0,662.0,666.0,657.0,663.0,654.0,658.0,660.0,667.0,652.0,653.0,659.0,656.0,656.0,666.0,662.0,663.0,659.0
788.0,811.0,812.0,795.0,811.0,806.0,785.0,788.0,817.0,788.0,806.0,786.0,802.0,795.0,793.0,786.0,787.0,785.0,777.0,787.0,800.0,799.0,802.0,804.0,775.0,783.0,803.0,819.0,812.0,815.0,808.0,818.0,809.0,797.0,801.0,806.0,787.0,779.0,788.0,789.0,785.0,775.0,763.0,776.0,787.0,763.0,768.0,757.0,788.0,801.0,776.0,769.0,772.0,787.0,805.0,791.0,764.0,774.0,780.0,766.0,785.0,775.0,784.0,787.0,777.0,758.0,762.0,767.0,781.0,770.0,793.0,801.0,822.0,806.0,786.0,778.0,765.0,781.0,780.0,806.0,805.0,798.0,819.0,814.0,838.0,885.0,892.0,868.0,845.0,830.0,840.0,838.0,843.0,855.0,840.0,863.0,829.0,853.0,837.0,857.0,876.0,866.0,883.0,877.0,879.0,857.0,855.0,859.0,875.0,861.0,881.0,883.0,871.0,866.0,881.0,854.0,848.0,866.0,895.0,894.0,882.0,877.0,897.0,887.0,896.0,884.0,882.0,854.0,883.0,899.0,871.0,884.0,900.0,921.0,923.0,910.0,951.0,994.0,974.0,904.0,859.0,878.0,866.0,887.0,911.0,872.0,870.0,871.0,889.0,883.0,859.0,897.0,891.0,906.0,914.0,913.0,941.0,951.0,937.0,948.0,944.0,917.0,917.0,908.0,886.0,896.0,869.0,900.0,901.0,848.0,829.0,851.0,833.0,844.0,832.0,840.0,846.0,850.0,835.0,842.0,843.0,792.0,811.0,818.0,828.0,860.0,881.0,857.0,866.0,884.0,899.0,918.0,954.0,946.0,955.0,965.0,962.0,982.0,968.0,970.0,965.0,946.0,953.0,940.0,945.0,948.0,972.0,974.0,1016.0,1008.0,1034.0,1045.0,1060.0,1039.0,1035.0,1054.0,1080.0,1111.0,1086.0,1096.0,1045.0,1005.0,968.0,999.0,983.0,960.0,947.0,947.0,937.0,926.0,945.0,964.0,943.0,934.0,960.0,938.0,987.0,967.0,965.0,987.0,981.0,945.0,975.0,988.0,1064.0,1064.0,1072.0,1081.0,1058.0,1042.0,984.0,954.0,928.0,929.0,937.0,889.0,854.0,819.0,815.0,778.0,805.0,763.0,779.0,773.0,771.0,759.0,769.0,762.0,764.0,752.0,760.0,760.0,785.0,798.0,801.0,823.0,853.0,870.0,867.0,825.0,842.0,828.0,804.0,817.0,843,832.0,827.0,820.0,833.0,833.0,833.0,833.0,838.0,861.0,870.0,897.0,903.0,938.0,946.0,939.0,950.0,937.0,912.0,898.0,882.0,873.0,829.0,817.0,784.0,777.0,765.0,737.0,734.0,720.0,724.0,722.0,704.0,697.0,713.0,696.0,700.0,694.0,681.0,690.0,687.0,679.0,669.0,679.0,701.0,690.0,695.0,686.0,673.0,676.0,668.0,677.0,675.0,679.0,673.0,680.0,665.0,686.0,674.0,675.0,682.0,679.0,676.0,689.0,677.0,674.0,673.0,680.0,674.0,675.0,691.0,687.0,681.0,678.0,674.0,690.0,681.0,682.0,680.0,675.0,686.0,680.0,692.0,676.0,675.0,676.0,678.0,679.0,671.0,680.0,678.0,698.0,673.0,692.0,675.0,685.0,688.0,679.0,688.0,687.0,675.0,688.0,683.0,685.0,689.0
849.0,847.0,840.0,832.0,832.0,837.0,828.0,835.0,835.0,835.0,837.0,834.0,839.0,830.0,837.0,828.0,823.0,818.0,820.0,828.0,821.0,837.0,828.0,821.0,810.0,834.0,834.0,840.0,843.0,873.0,858.0,862.0,863.0,851.0,841.0,836.0,844.0,822.0,819.0,828.0,813.0,819.0,799.0,805.0,809.0,801.0,798.0,804.0,810.0,833.0,810.0,813.0,803.0,817.0,819.0,812.0,800.0,796.0,808.0,826.0,819.0,833.0,809.0,800.0,800.0,802.0,802.0,791.0,805.0,809.0,804.0,841.0,851.0,852.0,849.0,816.0,806.0,829.0,823.0,841.0,845.0,850.0,851.0,849.0,880.0,926.0,944.0,919.0,871.0,851.0,861.0,887.0,876.0,906.0,893.0,893.0,889.0,905.0,868.0,902.0,898.0,926.0,934.0,941.0,924.0,910.0,925.0,911.0,913.0,930.0,934.0,935.0,942.0,932.0,944.0,924.0,927.0,924.0,929.0,943.0,939.0,948.0,935.0,930.0,921.0,918.0,919.0,905.0,916.0,901.0,900.0,930.0,944.0,943.0,974.0,981.0,1025.0,1062.0,1027.0,945.0,935.0,902.0,924.0,914.0,939.0,949.0,912.0,917.0,915.0,935.0,936.0,958.0,960.0,982.0,973.0,995.0,1008.0,988.0,996.0,1020.0,1023.0,1035.0,1007.0,970.0,952.0,967.0,957.0,958.0,937.0,911.0,887.0,904.0,899.0,892.0,893.0,901.0,888.0,885.0,873.0,895.0,850.0,864.0,858.0,857.0,871.0,896.0,906.0,932.0,915.0,943.0,978.0,964.0,1000.0,1022.0,1022.0,1040.0,1037.0,1057.0,1039.0,1023.0,1025.0,1004.0,1015.0,1009.0,1022.0,1031.0,1050.0,1029.0,1082.0,1083.0,1094.0,1103.0,1113.0,1129.0,1131.0,1138.0,1144.0,1169.0,1171.0,1160.0,1132.0,1096.0,1086.0,1042.0,1037.0,1024.0,1010.0,1009.0,1007.0,982.0,988.0,1004.0,1009.0,979.0,1009.0,1016.0,1004.0,1024.0,1008.0,1024.0,1021.0,1019.0,1047.0,1079.0,1113.0,1144.0,1153.0,1149.0,1159.0,1096.0,1054.0,1023.0,1004.0,971.0,975.0,931.0,881.0,845.0,838.0,817.0,802.0,812.0,799.0,793.0,785.0,788.0,788.0,781.0,786.0,779.0,800.0,797.0,798.0,835.0,842.0,852.0,879.0,895.0,892.0,874.0,861.0,839.0,829.0,831.0,843,861.0,872.0,871.0,880.0,859.0,870.0,873.0,885.0,891.0,923.0,954.0,967.0,994.0,1014.0,1018.0,997.0,995.0,979.0,945.0,916.0,906.0,864.0,844.0,819.0,797.0,776.0,762.0,765.0,732.0,736.0,733.0,730.0,726.0,719.0,704.0,706.0,701.0,706.0,695.0,702.0,695.0,696.0,693.0,701.0,692.0,699.0,702.0,690.0,686.0,697.0,690.0,691.0,694.0,691.0,687.0,687.0,680.0,689.0,684.0,679.0,687.0,687.0,691.0,685.0,686.0,687.0,695.0,683.0,696.0,696.0,692.0,696.0,686.0,687.0,688.0,687.0,693.0,699.0,692.0,692.0,683.0,692.0,684.0,697.0,700.0,688.0,700.0,689.0,691.0,692.0,684.0,684.0,687.0,687.0,695.0,686.0,677.0,693.0,693.0,692.0,686.0,683.0,693.0,700.0
865.0,852.0,861.0,855.0,858.0,868.0,851.0,840.0,849.0,838.0,857.0,845.0,851.0,848.0,851.0,833.0,822.0,844.0,846.0,830.0,849.0,834.0,858.0,848.0,849.0,865.0,855.0,854.0,856.0,875.0,865.0,871.0,862.0,849.0,866.0,846.0,847.0,839.0,835.0,837.0,824.0,811.0,825.0,820.0,811.0,819.0,807.0,807.0,821.0,826.0,809.0,821.0,812.0,825.0,835.0,825.0,815.0,809.0,825.0,828.0,845.0,843.0,823.0,818.0,820.0,822.0,798.0,819.0,799.0,811.0,845.0,850.0,882.0,878.0,859.0,838.0,826.0,835.0,843.0,853.0,854.0,861.0,852.0,874.0,909.0,956.0,970.0,952.0,906.0,891.0,898.0,907.0,937.0,921.0,918.0,921.0,908.0,910.0,903.0,907.0,918.0,930.0,957.0,958.0,937.0,946.0,928.0,941.0,930.0,958.0,939.0,960.0,975.0,956.0,952.0,936.0,955.0,949.0,937.0,950.0,954.0,993.0,954.0,966.0,944.0,973.0,934.0,946.0,938.0,940.0,940.0,961.0,969.0,972.0,999.0,999.0,1038.0,1124.0,1075.0,982.0,963.0,914.0,953.0,955.0,978.0,957.0,963.0,948.0,968.0,957.0,978.0,967.0,986.0,1015.0,991.0,1007.0,1023.0,1020.0,1047.0,1048.0,1048.0,1028.0,1008.0,1008.0,977.0,993.0,1002.0,981.0,954.0,926.0,905.0,906.0,914.0,913.0,915.0,917.0,916.0,912.0,883.0,889.0,868.0,866.0,881.0,862.0,891.0,911.0,951.0,950.0,953.0,973.0,981.0,1025.0,1053.0,1076.0,1071.0,1087.0,1065.0,1110.0,1100.0,1077.0,1059.0,1047.0,1046.0,1050.0,1041.0,1058.0,1057.0,1083.0,1099.0,1123.0,1125.0,1146.0,1174.0,1183.0,1180.0,1206.0,1206.0,1215.0,1216.0,1208.0,1187.0,1127.0,1113.0,1063.0,1064.0,1042.0,1059.0,1040.0,1040.0,1027.0,1019.0,1026.0,1011.0,1009.0,1027.0,1045.0,1034.0,1046.0,1045.0,1046.0,1033.0,1032.0,1063.0,1118.0,1158.0,1206.0,1198.0,1216.0,1175.0,1139.0,1092.0,1027.0,1001.0,1002.0,977.0,959.0,906.0,851.0,825.0,820.0,798.0,793.0,809.0,792.0,790.0,778.0,787.0,770.0,787.0,788.0,787.0,806.0,807.0,828.0,839.0,855.0,895.0,906.0,918.0,878.0,859.0,848.0,829.0,837.0,840,877.0,868.0,873.0,865.0,877.0,876.0,868.0,867.0,898.0,919.0,948.0,969.0,1014.0,1028.0,1037.0,1023.0,1034.0,1005.0,973.0,957.0,922.0,882.0,860.0,829.0,809.0,776.0,769.0,751.0,739.0,731.0,731.0,709.0,709.0,709.0,702.0,698.0,697.0,700.0,692.0,690.0,697.0,681.0,681.0,692.0,681.0,689.0,687.0,672.0,685.0,680.0,685.0,673.0,679.0,679.0,677.0,681.0,676.0,679.0,670.0,672.0,673.0,677.0,670.0,685.0,678.0,680.0,679.0,679.0,675.0,683.0,677.0,688.0,675.0,671.0,689.0,679.0,687.0,689.0,683.0,677.0,682.0,670.0,676.0,684.0,678.0,684.0,682.0,683.0,684.0,673.0,687.0,671.0,677.0,688.0,684.0,687.0,675.0,683.0,688.0,683.0,670.0,693.0,674.0,670.0
805.0,804.0,810.0,801.0,809.0,800.0,810.0,795.0,799.0,791.0,792.0,801.0,790.0,780.0,777.0,796.0,764.0,781.0,796.0,785.0,791.0,802.0,794.0,793.0,782.0,786.0,802.0,795.0,790.0,842.0,817.0,797.0,807.0,803.0,807.0,791.0,793.0,773.0,792.0,764.0,778.0,764.0,762.0,760.0,773.0,756.0,753.0,757.0,758.0,767.0,758.0,764.0,777.0,773.0,774.0,773.0,747.0,753.0,765.0,781.0,784.0,771.0,766.0,770.0,762.0,734.0,754.0,739.0,750.0,754.0,781.0,791.0,812.0,796.0,798.0,770.0,764.0,763.0,764.0,784.0,786.0,790.0,796.0,803.0,837.0,862.0,889.0,880.0,837.0,814.0,804.0,839.0,828.0,850.0,829.0,838.0,852.0,849.0,828.0,864.0,843.0,868.0,887.0,877.0,863.0,864.0,845.0,847.0,847.0,872.0,882.0,887.0,900.0,900.0,883.0,878.0,862.0,877.0,874.0,870.0,876.0,903.0,882.0,883.0,867.0,895.0,848.0,876.0,867.0,859.0,867.0,867.0,911.0,899.0,892.0,917.0,959.0,1000.0,968.0,915.0,872.0,858.0,851.0,858.0,892.0,890.0,888.0,859.0,875.0,876.0,912.0,889.0,907.0,911.0,922.0,927.0,939.0,953.0,957.0,950.0,956.0,946.0,925.0,919.0,917.0,916.0,906.0,915.0,893.0,864.0,845.0,814.0,838.0,851.0,839.0,841.0,828.0,831.0,833.0,802.0,810.0,800.0,772.0,794.0,812.0,820.0,845.0,885.0,853.0,874.0,887.0,914.0,918.0,931.0,945.0,961.0,987.0,958.0,976.0,930.0,951.0,938.0,944.0,946.0,946.0,963.0,964.0,983.0,996.0,1009.0,1006.0,1012.0,1066.0,1049.0,1066.0,1062.0,1076.0,1084.0,1086.0,1083.0,1038.0,1033.0,972.0,974.0,948.0,962.0,936.0,933.0,964.0,926.0,931.0,916.0,927.0,926.0,933.0,916.0,931.0,948.0,933.0,956.0,908.0,933.0,965.0,1007.0,1050.0,1057.0,1073.0,1081.0,1062.0,1029.0,990.0,950.0,910.0,895.0,884.0,844.0,806.0,779.0,762.0,761.0,748.0,744.0,737.0,743.0,727.0,731.0,741.0,731.0,720.0,726.0,727.0,728.0,736.0,758.0,769.0,779.0,817.0,839.0,814.0,801.0,795.0,776.0,760.0,779.0,798,799.0,780.0,795.0,809.0,805.0,822.0,804.0,817.0,836.0,828.0,857.0,885.0,932.0,924.0,920.0,918.0,926.0,892.0,889.0,855.0,828.0,814.0,782.0,753.0,757.0,720.0,726.0,705.0,685.0,694.0,689.0,684.0,673.0,664.0,675.0,659.0,666.0,665.0,655.0,653.0,661.0,647.0,657.0,652.0,657.0,643.0,653.0,649.0,653.0,659.0,651.0,656.0,647.0,656.0,642.0,653.0,655.0,645.0,650.0,646.0,648.0,653.0,635.0,655.0,650.0,646.0,643.0,639.0,648.0,650.0,652.0,654.0,648.0,648.0,650.0,651.0,647.0,648.0,656.0,650.0,649.0,648.0,640.0,650.0,655.0,663.0,649.0,643.0,650.0,644.0,656.0,646.0,654.0,646.0,646.0,648.0,646.0,659.0,642.0,653.0,650.0,646.0,657.0,657.0
835.0,850.0,856.0,861.0,848.0,839.0,843.0,842.0,840.0,823.0,843.0,833.0,854.0,835.0,844.0,828.0,824.0,829.0,823.0,832.0,828.0,836.0,841.0,856.0,849.0,838.0,872.0,850.0,835.0,863.0,864.0,863.0,858.0,853.0,853.0,833.0,834.0,817.0,825.0,829.0,829.0,826.0,804.0,813.0,809.0,808.0,799.0,805.0,809.0,834.0,828.0,816.0,802.0,815.0,827.0,816.0,814.0,816.0,819.0,828.0,838.0,852.0,808.0,802.0,800.0,800.0,811.0,813.0,815.0,808.0,834.0,852.0,865.0,871.0,850.0,832.0,813.0,826.0,834.0,841.0,841.0,844.0,846.0,876.0,898.0,944.0,949.0,939.0,915.0,886.0,884.0,905.0,905.0,917.0,917.0,909.0,902.0,908.0,892.0,917.0,928.0,937.0,929.0,957.0,955.0,943.0,931.0,931.0,933.0,945.0,952.0,938.0,953.0,965.0,944.0,943.0,949.0,937.0,938.0,956.0,945.0,967.0,949.0,951.0,954.0,938.0,934.0,931.0,923.0,945.0,917.0,950.0,973.0,967.0,995.0,990.0,1025.0,1112.0,1053.0,970.0,961.0,923.0,937.0,939.0,961.0,962.0,970.0,951.0,954.0,951.0,946.0,965.0,977.0,984.0,998.0,1013.0,1031.0,1024.0,1048.0,1041.0,1047.0,1026.0,1015.0,993.0,987.0,962.0,983.0,981.0,959.0,922.0,904.0,890.0,901.0,903.0,901.0,917.0,900.0,887.0,905.0,890.0,868.0,861.0,865.0,877.0,895.0,908.0,933.0,936.0,935.0,939.0,987.0,1012.0,1041.0,1044.0,1052.0,1095.0,1080.0,1068.0,1075.0,1075.0,1068.0,1051.0,1049.0,1047.0,1041.0,1065.0,1053.0,1063.0,1116.0,1119.0,1137.0,1135.0,1156.0,1166.0,1179.0,1166.0,1187.0,1202.0,1195.0,1190.0,1153.0,1118.0,1069.0,1072.0,1035.0,1041.0,1025.0,1013.0,1014.0,1011.0,1007.0,1009.0,1001.0,992.0,1009.0,1001.0,1007.0,1013.0,1032.0,1008.0,1022.0,1006.0,1051.0,1102.0,1148.0,1155.0,1181.0,1174.0,1155.0,1132.0,1089.0,1050.0,1001.0,1006.0,982.0,920.0,904.0,847.0,820.0,811.0,806.0,797.0,789.0,783.0,767.0,776.0,778.0,768.0,775.0,773.0,787.0,797.0,801.0,825.0,843.0,851.0,898.0,888.0,886.0,877.0,841.0,832.0,813.0,823.0,847,869.0,858.0,851.0,879.0,860.0,862.0,863.0,874.0,872.0,905.0,930.0,966.0,1025.0,1016.0,1035.0,1015.0,1018.0,996.0,967.0,931.0,904.0,882.0,848.0,829.0,801.0,769.0,751.0,735.0,736.0,728.0,724.0,718.0,710.0,709.0,709.0,696.0,699.0,692.0,698.0,690.0,694.0,681.0,684.0,681.0,684.0,684.0,685.0,691.0,679.0,676.0,688.0,672.0,688.0,672.0,671.0,682.0,678.0,677.0,683.0,684.0,683.0,676.0,672.0,684.0,674.0,685.0,685.0,679.0,677.0,688.0,676.0,689.0,680.0,689.0,671.0,672.0,678.0,680.0,686.0,691.0,679.0,677.0,676.0,688.0,680.0,678.0,682.0,679.0,666.0,679.0,683.0,671.0,684.0,679.0,681.0,677.0,669.0,685.0,687.0,680.0,676.0,681.0,685.0,680.0
816.0,809.0,822.0,821.0,807.0,807.0,806.0,804.0,790.0,807.0,801.0,808.0,805.0,797.0,798.0,805.0,788.0,816.0,793.0,796.0,813.0,801.0,806.0,812.0,810.0,802.0,818.0,814.0,822.0,826.0,833.0,818.0,815.0,832.0,831.0,795.0,817.0,775.0,804.0,796.0,788.0,776.0,782.0,771.0,788.0,776.0,772.0,774.0,784.0,783.0,786.0,770.0,778.0,797.0,809.0,772.0,772.0,760.0,784.0,777.0,796.0,795.0,785.0,765.0,777.0,774.0,769.0,770.0,770.0,767.0,794.0,805.0,808.0,828.0,801.0,790.0,778.0,793.0,805.0,800.0,808.0,833.0,798.0,818.0,844.0,884.0,893.0,892.0,857.0,831.0,838.0,861.0,860.0,848.0,865.0,860.0,857.0,869.0,848.0,877.0,864.0,884.0,902.0,896.0,893.0,878.0,859.0,873.0,896.0,905.0,906.0,895.0,913.0,914.0,906.0,879.0,887.0,905.0,890.0,899.0,904.0,915.0,909.0,890.0,898.0,888.0,887.0,874.0,865.0,865.0,877.0,902.0,907.0,902.0,925.0,948.0,957.0,1039.0,990.0,919.0,884.0,878.0,893.0,900.0,899.0,904.0,906.0,892.0,891.0,890.0,906.0,904.0,921.0,911.0,940.0,936.0,965.0,967.0,958.0,989.0,994.0,957.0,946.0,928.0,935.0,894.0,930.0,924.0,900.0,872.0,868.0,836.0,856.0,845.0,848.0,838.0,850.0,832.0,876.0,839.0,834.0,834.0,813.0,819.0,828.0,863.0,869.0,873.0,854.0,887.0,915.0,921.0,983.0,962.0,974.0,992.0,991.0,1006.0,993.0,998.0,992.0,971.0,951.0,970.0,968.0,966.0,983.0,992.0,1018.0,1037.0,1044.0,1051.0,1080.0,1084.0,1088.0,1105.0,1103.0,1102.0,1112.0,1124.0,1074.0,1027.0,994.0,986.0,970.0,948.0,970.0,972.0,952.0,946.0,949.0,936.0,939.0,953.0,961.0,967.0,973.0,976.0,963.0,959.0,956.0,962.0,993.0,999.0,1034.0,1091.0,1108.0,1086.0,1084.0,1041.0,1009.0,958.0,939.0,927.0,915.0,879.0,840.0,794.0,791.0,775.0,775.0,757.0,754.0,758.0,756.0,747.0,738.0,737.0,752.0,742.0,746.0,759.0,754.0,779.0,799.0,817.0,831.0,839.0,832.0,817.0,802.0,783.0,793.0,787.0,813,817.0,836.0,815.0,822.0,819.0,820.0,813.0,836.0,836.0,851.0,873.0,908.0,929.0,965.0,976.0,952.0,940.0,902.0,904.0,889.0,862.0,823.0,823.0,788.0,761.0,749.0,748.0,718.0,711.0,714.0,709.0,690.0,692.0,679.0,679.0,684.0,681.0,674.0,671.0,668.0,672.0,662.0,663.0,663.0,656.0,665.0,669.0,662.0,662.0,666.0,663.0,655.0,663.0,666.0,655.0,670.0,657.0,658.0,657.0,674.0,651.0,667.0,662.0,670.0,670.0,662.0,678.0,660.0,653.0,670.0,662.0,662.0,666.0,661.0,662.0,665.0,659.0,670.0,662.0,668.0,670.0,673.0,657.0,671.0,665.0,661.0,675.0,669.0,659.0,664.0,667.0,671.0,658.0,660.0,671.0,662.0,650.0,666.0,669.0,665.0,658.0,663.0,664.0,653.0
776.0,775.0,787.0,775.0,759.0,769.0,762.0,772.0,761.0,763.0,788.0,780.0,767.0,753.0,784.0,767.0,759.0,771.0,773.0,765.0,765.0,781.0,771.0,775.0,757.0,772.0,764.0,785.0,771.0,790.0,785.0,767.0,780.0,766.0,761.0,778.0,765.0,757.0,762.0,757.0,754.0,749.0,759.0,753.0,738.0,741.0,737.0,748.0,750.0,738.0,765.0,747.0,740.0,754.0,747.0,759.0,739.0,727.0,746.0,757.0,765.0,759.0,750.0,746.0,743.0,734.0,740.0,737.0,753.0,770.0,757.0,768.0,794.0,785.0,786.0,746.0,751.0,759.0,768.0,764.0,771.0,767.0,771.0,794.0,794.0,845.0,846.0,845.0,815.0,796.0,789.0,804.0,839.0,803.0,819.0,813.0,812.0,822.0,820.0,819.0,812.0,826.0,861.0,854.0,821.0,829.0,829.0,825.0,823.0,848.0,834.0,856.0,852.0,856.0,825.0,831.0,835.0,828.0,841.0,849.0,839.0,858.0,849.0,853.0,842.0,830.0,830.0,844.0,805.0,830.0,832.0,847.0,863.0,866.0,862.0,868.0,899.0,936.0,915.0,856.0,832.0,824.0,829.0,841.0,842.0,852.0,844.0,849.0,847.0,840.0,867.0,860.0,867.0,879.0,894.0,888.0,899.0,895.0,910.0,917.0,915.0,897.0,897.0,869.0,867.0,851.0,859.0,856.0,851.0,817.0,801.0,814.0,825.0,792.0,822.0,824.0,789.0,806.0,809.0,816.0,785.0,780.0,788.0,781.0,800.0,812.0,826.0,835.0,851.0,859.0,878.0,894.0,923.0,923.0,911.0,929.0,938.0,933.0,918.0,934.0,923.0,924.0,899.0,906.0,894.0,933.0,904.0,931.0,959.0,951.0,954.0,952.0,997.0,990.0,1014.0,1002.0,1001.0,1012.0,1031.0,1012.0,974.0,949.0,936.0,921.0,899.0,909.0,907.0,903.0,899.0,896.0,885.0,883.0,862.0,877.0,896.0,877.0,890.0,884.0,903.0,906.0,884.0,893.0,909.0,944.0,984.0,1006.0,1009.0,1003.0,1001.0,954.0,923.0,909.0,872.0,880.0,864.0,836.0,795.0,755.0,753.0,747.0,732.0,744.0,726.0,722.0,737.0,725.0,728.0,716.0,725.0,723.0,734.0,732.0,730.0,760.0,753.0,782.0,804.0,811.0,804.0,798.0,795.0,764.0,763.0,769.0,773,780.0,788.0,778.0,783.0,788.0,783.0,770.0,800.0,797.0,810.0,852.0,863.0,885.0,907.0,916.0,897.0,878.0,864.0,870.0,844.0,820.0,804.0,791.0,749.0,741.0,729.0,712.0,698.0,705.0,691.0,697.0,692.0,687.0,680.0,682.0,691.0,676.0,672.0,680.0,673.0,662.0,662.0,678.0,652.0,669.0,661.0,655.0,657.0,667.0,656.0,664.0,655.0,658.0,658.0,664.0,660.0,668.0,662.0,653.0,663.0,660.0,659.0,658.0,656.0,664.0,656.0,663.0,659.0,655.0,661.0,659.0,665.0,672.0,656.0,659.0,663.0,658.0,666.0,662.0,666.0,666.0,664.0,652.0,672.0,654.0,667.0,664.0,661.0,664.0,657.0,673.0,657.0,666.0,668.0,667.0,660.0,652.0,673.0,668.0,665.0,674.0,669.0,665.0,654.0
698.0,703.0,698.0,714.0,686.0,697.0,701.0,700.0,713.0,691.0,705.0,696.0,694.0,688.0,696.0,709.0,705.0,694.0,700.0,696.0,699.0,700.0,698.0,686.0,701.0,700.0,695.0,689.0,695.0,697.0,691.0,696.0,696.0,712.0,706.0,702.0,688.0,703.0,716.0,697.0,693.0,693.0,697.0,694.0,703.0,692.0,690.0,708.0,702.0,696.0,694.0,694.0,701.0,706.0,699.0,695.0,689.0,691.0,686.0,691.0,692.0,697.0,695.0,679.0,695.0,695.0,688.0,689.0,699.0,684.0,717.0,687.0,690.0,699.0,693.0,695.0,684.0,703.0,695.0,703.0,696.0,690.0,701.0,695.0,714.0,700.0,710.0,722.0,710.0,700.0,692.0,709.0,708.0,714.0,702.0,722.0,695.0,713.0,700.0,701.0,714.0,709.0,705.0,725.0,713.0,710.0,710.0,706.0,719.0,717.0,716.0,715.0,723.0,710.0,713.0,717.0,724.0,713.0,735.0,710.0,716.0,719.0,719.0,719.0,725.0,711.0,725.0,706.0,714.0,724.0,714.0,732.0,738.0,724.0,737.0,752.0,757.0,751.0,729.0,736.0,709.0,714.0,715.0,717.0,699.0,722.0,725.0,720.0,729.0,723.0,726.0,724.0,724.0,715.0,729.0,735.0,728.0,725.0,729.0,738.0,734.0,724.0,736.0,731.0,732.0,738.0,740.0,708.0,725.0,716.0,725.0,720.0,734.0,726.0,712.0,720.0,718.0,719.0,711.0,712.0,712.0,708.0,716.0,714.0,721.0,722.0,732.0,725.0,737.0,728.0,725.0,731.0,748.0,732.0,731.0,747.0,740.0,752.0,748.0,749.0,733.0,732.0,723.0,735.0,739.0,738.0,740.0,743.0,750.0,741.0,753.0,755.0,763.0,754.0,768.0,759.0,762.0,773.0,781.0,780.0,768.0,750.0,757.0,775.0,746.0,765.0,747.0,763.0,760.0,741.0,744.0,749.0,754.0,760.0,769.0,773.0,766.0,766.0,766.0,767.0,762.0,751.0,770.0,764.0,784.0,778.0,785.0,767.0,787.0,771.0,762.0,766.0,759.0,765.0,767.0,744.0,728.0,735.0,726.0,732.0,719.0,707.0,726.0,723.0,729.0,726.0,717.0,718.0,731.0,722.0,735.0,729.0,719.0,726.0,731.0,747.0,752.0,741.0,756.0,741.0,746.0,732.0,737.0,738.0,746,741.0,745.0,742.0,742.0,727.0,738.0,745.0,735.0,746.0,753.0,765.0,745.0,751.0,746.0,754.0,732.0,742.0,745.0,752.0,738.0,744.0,732.0,733.0,724.0,741.0,732.0,719.0,721.0,717.0,722.0,721.0,726.0,713.0,718.0,723.0,716.0,724.0,708.0,710.0,713.0,713.0,712.0,716.0,713.0,707.0,720.0,719.0,716.0,712.0,713.0,727.0,712.0,713.0,721.0,711.0,719.0,710.0,717.0,714.0,723.0,722.0,733.0,709.0,709.0,713.0,716.0,713.0,722.0,731.0,712.0,711.0,728.0,719.0,712.0,715.0,718.0,726.0,729.0,722.0,709.0,723.0,722.0,702.0,723.0,730.0,726.0,715.0,713.0,712.0,715.0,725.0,713.0,716.0,720.0,705.0,730.0,702.0,744.0,700.0,718.0,723.0,729.0,723.0,717.0
753.0,756.0,754.0,761.0,744.0,759.0,756.0,753.0,757.0,746.0,754.0,752.0,741.0,752.0,753.0,741.0,750.0,754.0,736.0,752.0,763.0,751.0,749.0,764.0,755.0,753.0,766.0,749.0,753.0,765.0,762.0,764.0,765.0,759.0,761.0,760.0,752.0,730.0,751.0,753.0,738.0,741.0,737.0,738.0,737.0,736.0,734.0,743.0,748.0,749.0,743.0,747.0,736.0,744.0,753.0,763.0,731.0,738.0,738.0,747.0,749.0,740.0,745.0,728.0,741.0,738.0,735.0,733.0,741.0,732.0,755.0,752.0,755.0,761.0,754.0,737.0,737.0,743.0,734.0,742.0,739.0,768.0,754.0,762.0,778.0,788.0,802.0,808.0,769.0,772.0,768.0,769.0,784.0,781.0,787.0,806.0,775.0,781.0,769.0,777.0,781.0,783.0,801.0,800.0,791.0,793.0,795.0,785.0,789.0,796.0,796.0,791.0,791.0,801.0,800.0,786.0,789.0,806.0,809.0,797.0,796.0,802.0,794.0,798.0,802.0,796.0,792.0,800.0,797.0,794.0,794.0,803.0,825.0,810.0,839.0,825.0,835.0,882.0,847.0,808.0,794.0,794.0,784.0,798.0,813.0,796.0,797.0,803.0,810.0,797.0,809.0,805.0,803.0,814.0,826.0,821.0,831.0,834.0,833.0,834.0,848.0,841.0,833.0,830.0,812.0,816.0,812.0,799.0,803.0,777.0,785.0,779.0,776.0,790.0,771.0,786.0,783.0,773.0,763.0,777.0,774.0,768.0,765.0,769.0,767.0,779.0,793.0,799.0,793.0,804.0,828.0,818.0,835.0,856.0,835.0,850.0,868.0,844.0,867.0,843.0,849.0,840.0,846.0,849.0,838.0,845.0,845.0,855.0,873.0,863.0,877.0,870.0,895.0,895.0,886.0,905.0,904.0,905.0,912.0,916.0,908.0,891.0,853.0,872.0,851.0,853.0,844.0,843.0,847.0,831.0,844.0,832.0,822.0,852.0,858.0,866.0,850.0,837.0,874.0,861.0,860.0,858.0,865.0,868.0,905.0,913.0,920.0,902.0,902.0,904.0,887.0,868.0,852.0,844.0,838.0,799.0,786.0,770.0,760.0,758.0,758.0,740.0,749.0,741.0,733.0,741.0,758.0,738.0,753.0,750.0,750.0,747.0,749.0,770.0,762.0,777.0,805.0,794.0,794.0,779.0,780.0,764.0,771.0,760.0,782,783.0,787.0,790.0,782.0,774.0,780.0,791.0,775.0,802.0,787.0,808.0,788.0,814.0,812.0,847.0,827.0,828.0,814.0,805.0,786.0,795.0,757.0,767.0,746.0,735.0,720.0,725.0,723.0,705.0,713.0,704.0,708.0,700.0,690.0,702.0,705.0,701.0,695.0,696.0,698.0,696.0,684.0,691.0,699.0,696.0,700.0,699.0,699.0,704.0,694.0,695.0,695.0,690.0,686.0,696.0,697.0,677.0,683.0,684.0,693.0,683.0,693.0,695.0,684.0,695.0,688.0,687.0,678.0,685.0,705.0,682.0,693.0,691.0,704.0,699.0,685.0,689.0,699.0,696.0,687.0,695.0,688.0,690.0,708.0,693.0,687.0,691.0,692.0,692.0,694.0,696.0,683.0,696.0,695.0,693.0,699.0,683.0,704.0,682.0,687.0,702.0,685.0,690.0,692.0
736.0,752.0,745.0,736.0,734.0,738.0,735.0,731.0,734.0,744.0,751.0,741.0,755.0,732.0,736.0,733.0,740.0,728.0,730.0,741.0,734.0,733.0,740.0,737.0,739.0,741.0,744.0,733.0,743.0,746.0,754.0,745.0,746.0,743.0,747.0,743.0,726.0,727.0,731.0,733.0,730.0,733.0,718.0,724.0,725.0,722.0,731.0,727.0,733.0,745.0,735.0,731.0,741.0,732.0,734.0,731.0,723.0,718.0,731.0,736.0,742.0,728.0,730.0,717.0,719.0,730.0,720.0,725.0,718.0,725.0,720.0,738.0,748.0,741.0,734.0,726.0,724.0,717.0,734.0,734.0,742.0,737.0,735.0,741.0,759.0,773.0,780.0,777.0,748.0,734.0,750.0,750.0,754.0,764.0,767.0,752.0,747.0,770.0,758.0,772.0,771.0,775.0,776.0,793.0,776.0,770.0,765.0,773.0,774.0,783.0,786.0,769.0,777.0,776.0,776.0,766.0,785.0,776.0,784.0,780.0,787.0,776.0,793.0,799.0,782.0,780.0,779.0,778.0,782.0,774.0,781.0,794.0,798.0,794.0,811.0,826.0,822.0,862.0,839.0,802.0,779.0,777.0,768.0,789.0,784.0,777.0,773.0,785.0,769.0,782.0,777.0,787.0,792.0,793.0,794.0,804.0,822.0,803.0,812.0,805.0,832.0,828.0,815.0,800.0,791.0,802.0,797.0,799.0,788.0,768.0,767.0,768.0,771.0,764.0,772.0,762.0,764.0,762.0,754.0,758.0,756.0,749.0,739.0,754.0,755.0,766.0,765.0,784.0,779.0,768.0,789.0,798.0,810.0,816.0,833.0,830.0,819.0,830.0,819.0,825.0,834.0,835.0,814.0,816.0,820.0,818.0,836.0,831.0,845.0,840.0,848.0,847.0,870.0,872.0,867.0,879.0,879.0,875.0,887.0,881.0,875.0,855.0,852.0,843.0,829.0,827.0,828.0,824.0,830.0,823.0,831.0,809.0,826.0,820.0,831.0,835.0,841.0,847.0,839.0,849.0,836.0,846.0,847.0,857.0,880.0,886.0,885.0,868.0,879.0,860.0,846.0,829.0,823.0,801.0,803.0,796.0,766.0,756.0,742.0,732.0,735.0,731.0,736.0,714.0,722.0,723.0,725.0,727.0,735.0,710.0,729.0,735.0,724.0,740.0,755.0,748.0,762.0,771.0,780.0,752.0,760.0,760.0,741.0,746.0,753,757.0,759.0,762.0,763.0,763.0,766.0,758.0,763.0,767.0,767.0,801.0,791.0,805.0,808.0,797.0,800.0,802.0,801.0,799.0,770.0,766.0,756.0,752.0,735.0,723.0,719.0,706.0,701.0,689.0,690.0,696.0,697.0,682.0,686.0,676.0,681.0,683.0,683.0,687.0,682.0,690.0,689.0,675.0,681.0,678.0,678.0,678.0,678.0,670.0,673.0,672.0,673.0,674.0,678.0,674.0,678.0,679.0,675.0,670.0,666.0,672.0,668.0,663.0,669.0,665.0,670.0,679.0,677.0,680.0,678.0,666.0,681.0,680.0,679.0,676.0,673.0,678.0,675.0,678.0,679.0,683.0,673.0,677.0,683.0,670.0,680.0,681.0,679.0,674.0,671.0,684.0,672.0,677.0,684.0,681.0,669.0,676.0,688.0,678.0,664.0,679.0,679.0,675.0,676.0
795.0,796.0,792.0,790.0,777.0,796.0,794.0,780.0,781.0,777.0,787.0,778.0,776.0,774.0,792.0,774.0,763.0,777.0,767.0,777.0,775.0,782.0,779.0,769.0,773.0,777.0,812.0,790.0,770.0,810.0,786.0,809.0,783.0,779.0,794.0,792.0,775.0,776.0,779.0,784.0,770.0,779.0,764.0,772.0,771.0,763.0,756.0,753.0,754.0,771.0,776.0,763.0,761.0,767.0,778.0,767.0,757.0,769.0,786.0,761.0,779.0,792.0,773.0,764.0,755.0,740.0,748.0,755.0,763.0,754.0,775.0,790.0,805.0,795.0,783.0,775.0,777.0,760.0,766.0,779.0,779.0,790.0,786.0,812.0,822.0,848.0,858.0,870.0,820.0,814.0,805.0,828.0,816.0,836.0,837.0,823.0,832.0,838.0,830.0,834.0,839.0,856.0,851.0,857.0,869.0,858.0,819.0,846.0,855.0,860.0,856.0,870.0,858.0,859.0,872.0,841.0,851.0,855.0,847.0,879.0,856.0,863.0,875.0,857.0,851.0,841.0,854.0,832.0,841.0,822.0,846.0,863.0,890.0,898.0,879.0,903.0,916.0,962.0,929.0,880.0,852.0,835.0,854.0,847.0,866.0,878.0,853.0,861.0,845.0,870.0,848.0,847.0,874.0,885.0,899.0,904.0,907.0,902.0,898.0,910.0,929.0,910.0,895.0,881.0,868.0,870.0,877.0,892.0,847.0,832.0,826.0,835.0,828.0,831.0,805.0,815.0,817.0,818.0,816.0,836.0,803.0,795.0,809.0,803.0,802.0,856.0,848.0,840.0,831.0,855.0,871.0,876.0,922.0,934.0,926.0,940.0,959.0,946.0,920.0,927.0,951.0,925.0,906.0,919.0,898.0,944.0,942.0,928.0,949.0,956.0,989.0,979.0,1010.0,996.0,998.0,993.0,1000.0,1047.0,1002.0,1032.0,1014.0,972.0,961.0,961.0,938.0,930.0,922.0,920.0,907.0,910.0,913.0,894.0,892.0,911.0,923.0,919.0,923.0,900.0,932.0,936.0,901.0,903.0,942.0,969.0,1009.0,1033.0,1028.0,1013.0,1006.0,986.0,957.0,915.0,914.0,901.0,894.0,856.0,820.0,795.0,768.0,763.0,782.0,773.0,750.0,752.0,754.0,750.0,747.0,734.0,767.0,736.0,749.0,761.0,760.0,776.0,796.0,795.0,830.0,827.0,823.0,806.0,801.0,791.0,779.0,782.0,791,813.0,808.0,808.0,800.0,822.0,825.0,821.0,791.0,824.0,837.0,862.0,875.0,893.0,900.0,902.0,897.0,883.0,892.0,873.0,845.0,830.0,812.0,791.0,780.0,766.0,743.0,741.0,737.0,707.0,715.0,714.0,708.0,706.0,692.0,683.0,700.0,690.0,693.0,688.0,679.0,670.0,683.0,680.0,683.0,681.0,678.0,674.0,678.0,673.0,661.0,673.0,675.0,686.0,680.0,671.0,665.0,680.0,673.0,662.0,681.0,671.0,682.0,673.0,668.0,683.0,672.0,681.0,674.0,682.0,686.0,682.0,687.0,677.0,674.0,675.0,677.0,678.0,678.0,683.0,671.0,673.0,680.0,678.0,675.0,666.0,670.0,683.0,683.0,684.0,686.0,687.0,668.0,682.0,674.0,679.0,686.0,671.0,690.0,680.0,669.0,691.0,674.0,681.0,673.0
832.0,820.0,846.0,821.0,831.0,833.0,817.0,821.0,829.0,828.0,831.0,824.0,812.0,816.0,822.0,817.0,809.0,815.0,822.0,803.0,809.0,829.0,822.0,803.0,812.0,830.0,823.0,828.0,834.0,857.0,835.0,826.0,848.0,849.0,820.0,832.0,827.0,808.0,821.0,821.0,811.0,800.0,797.0,803.0,805.0,794.0,799.0,778.0,790.0,809.0,790.0,797.0,803.0,806.0,815.0,813.0,788.0,787.0,789.0,817.0,810.0,811.0,794.0,788.0,781.0,778.0,788.0,787.0,798.0,797.0,811.0,831.0,838.0,838.0,833.0,801.0,786.0,804.0,812.0,817.0,817.0,835.0,823.0,837.0,862.0,907.0,909.0,906.0,853.0,856.0,851.0,870.0,885.0,897.0,863.0,862.0,859.0,888.0,861.0,881.0,884.0,902.0,915.0,914.0,895.0,894.0,885.0,898.0,896.0,906.0,908.0,906.0,938.0,918.0,917.0,894.0,904.0,906.0,899.0,916.0,922.0,928.0,907.0,912.0,910.0,883.0,880.0,891.0,882.0,881.0,897.0,923.0,922.0,949.0,950.0,953.0,992.0,1019.0,1004.0,916.0,906.0,884.0,907.0,891.0,918.0,919.0,896.0,912.0,904.0,920.0,924.0,914.0,955.0,934.0,949.0,951.0,956.0,978.0,983.0,997.0,1001.0,1017.0,971.0,947.0,951.0,947.0,938.0,932.0,924.0,879.0,879.0,862.0,888.0,878.0,883.0,870.0,877.0,868.0,870.0,867.0,842.0,848.0,843.0,834.0,851.0,892.0,907.0,917.0,898.0,925.0,934.0,943.0,991.0,1005.0,1004.0,1014.0,1008.0,1011.0,1022.0,1003.0,1008.0,982.0,985.0,992.0,973.0,994.0,1020.0,994.0,1037.0,1041.0,1052.0,1074.0,1104.0,1086.0,1100.0,1109.0,1112.0,1127.0,1139.0,1115.0,1109.0,1049.0,1057.0,1023.0,986.0,994.0,988.0,992.0,983.0,976.0,965.0,982.0,979.0,961.0,987.0,980.0,978.0,995.0,985.0,1002.0,981.0,981.0,996.0,1049.0,1072.0,1102.0,1132.0,1115.0,1116.0,1074.0,1030.0,990.0,969.0,932.0,957.0,912.0,872.0,820.0,818.0,783.0,794.0,779.0,785.0,776.0,770.0,774.0,772.0,766.0,770.0,758.0,780.0,795.0,786.0,818.0,810.0,833.0,871.0,876.0,871.0,859.0,849.0,819.0,804.0,812.0,831,849.0,858.0,850.0,859.0,848.0,845.0,858.0,853.0,872.0,900.0,913.0,910.0,973.0,957.0,991.0,965.0,965.0,924.0,933.0,890.0,878.0,851.0,834.0,808.0,795.0,778.0,755.0,759.0,729.0,722.0,723.0,715.0,705.0,712.0,704.0,697.0,707.0,702.0,696.0,699.0,691.0,690.0,702.0,695.0,684.0,689.0,690.0,683.0,682.0,693.0,692.0,688.0,679.0,685.0,689.0,689.0,682.0,687.0,680.0,686.0,682.0,685.0,687.0,693.0,685.0,682.0,701.0,674.0,685.0,680.0,687.0,698.0,684.0,683.0,674.0,681.0,690.0,691.0,695.0,701.0,679.0,686.0,686.0,679.0,692.0,684.0,690.0,686.0,682.0,678.0,691.0,683.0,695.0,698.0,692.0,686.0,680.0,688.0,683.0,682.0,681.0,676.0,696.0,681.0
881.0,884.0,881.0,878.0,871.0,880.0,879.0,874.0,877.0,875.0,870.0,889.0,878.0,874.0,883.0,870.0,858.0,854.0,864.0,859.0,873.0,855.0,881.0,861.0,869.0,881.0,874.0,865.0,883.0,908.0,889.0,897.0,891.0,883.0,888.0,865.0,864.0,856.0,851.0,858.0,842.0,844.0,849.0,845.0,835.0,832.0,827.0,832.0,841.0,849.0,845.0,836.0,843.0,838.0,852.0,846.0,834.0,830.0,839.0,853.0,860.0,865.0,841.0,836.0,832.0,821.0,815.0,833.0,842.0,828.0,864.0,858.0,893.0,908.0,886.0,864.0,838.0,850.0,870.0,878.0,879.0,890.0,901.0,891.0,940.0,980.0,1002.0,980.0,936.0,929.0,930.0,932.0,950.0,932.0,945.0,951.0,927.0,939.0,933.0,941.0,953.0,958.0,1019.0,997.0,974.0,980.0,980.0,974.0,980.0,992.0,981.0,1010.0,1010.0,1002.0,1007.0,987.0,990.0,999.0,989.0,982.0,1011.0,1040.0,1005.0,1003.0,991.0,996.0,993.0,999.0,959.0,985.0,974.0,1007.0,1027.0,1051.0,1043.0,1068.0,1116.0,1164.0,1140.0,1030.0,982.0,970.0,983.0,997.0,1015.0,1005.0,1010.0,984.0,1012.0,999.0,1021.0,1002.0,1035.0,1058.0,1046.0,1082.0,1076.0,1090.0,1105.0,1112.0,1108.0,1110.0,1061.0,1046.0,1016.0,1031.0,1037.0,1027.0,1004.0,953.0,948.0,936.0,945.0,939.0,937.0,949.0,934.0,943.0,932.0,930.0,913.0,887.0,899.0,892.0,914.0,968.0,969.0,983.0,979.0,998.0,1019.0,1035.0,1093.0,1104.0,1116.0,1141.0,1115.0,1128.0,1141.0,1142.0,1114.0,1103.0,1085.0,1098.0,1081.0,1119.0,1111.0,1129.0,1166.0,1174.0,1198.0,1184.0,1225.0,1229.0,1244.0,1250.0,1273.0,1292.0,1295.0,1277.0,1252.0,1185.0,1170.0,1127.0,1099.0,1085.0,1100.0,1085.0,1094.0,1072.0,1064.0,1062.0,1068.0,1079.0,1083.0,1093.0,1084.0,1104.0,1099.0,1105.0,1103.0,1088.0,1130.0,1200.0,1229.0,1288.0,1270.0,1284.0,1233.0,1179.0,1141.0,1082.0,1072.0,1037.0,1025.0,973.0,932.0,877.0,867.0,831.0,820.0,826.0,834.0,803.0,818.0,801.0,813.0,794.0,803.0,808.0,819.0,812.0,826.0,836.0,854.0,876.0,939.0,916.0,947.0,910.0,884.0,869.0,858.0,861.0,878,913.0,904.0,907.0,900.0,907.0,907.0,897.0,911.0,930.0,965.0,998.0,1027.0,1059.0,1082.0,1090.0,1075.0,1079.0,1052.0,1015.0,1002.0,949.0,933.0,885.0,850.0,840.0,789.0,780.0,772.0,748.0,750.0,735.0,725.0,715.0,722.0,712.0,715.0,713.0,707.0,706.0,693.0,702.0,691.0,694.0,703.0,695.0,685.0,697.0,689.0,699.0,685.0,688.0,688.0,685.0,687.0,683.0,683.0,674.0,687.0,675.0,686.0,679.0,690.0,690.0,696.0,692.0,693.0,687.0,676.0,692.0,695.0,692.0,687.0,691.0,700.0,694.0,691.0,690.0,687.0,680.0,687.0,682.0,688.0,687.0,698.0,693.0,682.0,700.0,698.0,697.0,695.0,697.0,692.0,685.0,691.0,700.0,694.0,689.0,698.0,695.0,689.0,704.0,683.0,688.0,683.0
783.0,794.0,787.0,807.0,796.0,787.0,800.0,797.0,795.0,785.0,797.0,797.0,794.0,785.0,794.0,780.0,778.0,784.0,791.0,773.0,789.0,786.0,787.0,778.0,767.0,773.0,808.0,788.0,791.0,807.0,815.0,798.0,788.0,792.0,798.0,803.0,791.0,763.0,774.0,763.0,761.0,763.0,763.0,769.0,764.0,741.0,760.0,773.0,755.0,767.0,765.0,773.0,769.0,771.0,778.0,785.0,763.0,746.0,758.0,776.0,767.0,772.0,751.0,754.0,767.0,748.0,771.0,741.0,746.0,743.0,762.0,774.0,790.0,784.0,773.0,764.0,766.0,767.0,778.0,769.0,787.0,779.0,786.0,802.0,813.0,865.0,855.0,850.0,841.0,809.0,813.0,815.0,838.0,829.0,814.0,832.0,837.0,839.0,840.0,826.0,861.0,856.0,851.0,868.0,846.0,849.0,835.0,843.0,852.0,858.0,871.0,863.0,875.0,872.0,880.0,846.0,864.0,861.0,870.0,854.0,859.0,866.0,868.0,869.0,843.0,860.0,837.0,845.0,854.0,845.0,871.0,859.0,882.0,889.0,891.0,923.0,914.0,998.0,936.0,885.0,857.0,851.0,845.0,868.0,869.0,889.0,848.0,871.0,866.0,861.0,877.0,871.0,902.0,890.0,895.0,911.0,910.0,913.0,924.0,943.0,957.0,916.0,895.0,888.0,890.0,902.0,888.0,890.0,879.0,865.0,814.0,843.0,827.0,836.0,842.0,831.0,826.0,823.0,810.0,808.0,813.0,780.0,791.0,797.0,824.0,812.0,848.0,845.0,837.0,862.0,885.0,890.0,921.0,922.0,937.0,945.0,945.0,927.0,931.0,932.0,943.0,899.0,945.0,926.0,935.0,923.0,938.0,944.0,967.0,987.0,989.0,998.0,1004.0,1028.0,1037.0,1033.0,1042.0,1046.0,1074.0,1048.0,992.0,1008.0,960.0,970.0,933.0,933.0,930.0,937.0,930.0,885.0,891.0,916.0,913.0,915.0,919.0,938.0,918.0,918.0,913.0,935.0,909.0,930.0,948.0,985.0,1021.0,1061.0,1070.0,1036.0,1040.0,989.0,952.0,904.0,922.0,897.0,876.0,841.0,818.0,787.0,765.0,745.0,746.0,744.0,731.0,726.0,731.0,735.0,726.0,728.0,741.0,724.0,744.0,738.0,748.0,754.0,777.0,775.0,796.0,804.0,810.0,799.0,783.0,758.0,768.0,770.0,805,778.0,792.0,797.0,807.0,803.0,795.0,794.0,813.0,815.0,848.0,855.0,856.0,910.0,933.0,907.0,892.0,910.0,867.0,854.0,856.0,810.0,794.0,781.0,753.0,728.0,728.0,732.0,703.0,687.0,691.0,700.0,682.0,676.0,678.0,675.0,680.0,667.0,661.0,666.0,671.0,678.0,667.0,659.0,661.0,648.0,665.0,665.0,649.0,666.0,659.0,667.0,656.0,670.0,654.0,661.0,651.0,659.0,659.0,650.0,662.0,651.0,664.0,653.0,660.0,664.0,658.0,656.0,649.0,663.0,656.0,646.0,662.0,655.0,653.0,649.0,650.0,667.0,658.0,665.0,654.0,660.0,645.0,650.0,659.0,653.0,660.0,659.0,648.0,658.0,654.0,662.0,655.0,657.0,669.0,661.0,652.0,658.0,666.0,661.0,666.0,670.0,654.0,655.0,657.0
849.0,851.0,862.0,866.0,855.0,853.0,853.0,856.0,831.0,828.0,845.0,853.0,854.0,835.0,837.0,838.0,821.0,840.0,833.0,833.0,833.0,850.0,843.0,869.0,840.0,848.0,873.0,863.0,855.0,865.0,871.0,869.0,869.0,856.0,864.0,844.0,844.0,834.0,834.0,826.0,844.0,828.0,817.0,824.0,803.0,804.0,801.0,811.0,812.0,838.0,831.0,823.0,803.0,821.0,835.0,835.0,823.0,813.0,815.0,839.0,844.0,852.0,831.0,813.0,811.0,808.0,814.0,818.0,817.0,811.0,838.0,881.0,882.0,888.0,876.0,842.0,820.0,831.0,853.0,856.0,853.0,875.0,857.0,888.0,909.0,967.0,972.0,968.0,934.0,899.0,890.0,921.0,916.0,939.0,929.0,921.0,908.0,934.0,910.0,917.0,940.0,947.0,963.0,967.0,960.0,945.0,945.0,951.0,936.0,955.0,957.0,955.0,968.0,976.0,954.0,960.0,968.0,956.0,960.0,960.0,970.0,990.0,969.0,977.0,973.0,957.0,946.0,950.0,950.0,959.0,953.0,964.0,990.0,966.0,1012.0,1029.0,1051.0,1138.0,1081.0,994.0,965.0,929.0,951.0,960.0,972.0,977.0,981.0,960.0,971.0,956.0,954.0,972.0,1003.0,999.0,1007.0,1028.0,1042.0,1032.0,1069.0,1061.0,1063.0,1060.0,1039.0,992.0,993.0,981.0,992.0,992.0,969.0,924.0,907.0,904.0,900.0,904.0,918.0,922.0,902.0,910.0,919.0,901.0,894.0,880.0,876.0,888.0,903.0,921.0,935.0,960.0,952.0,955.0,1000.0,1027.0,1067.0,1067.0,1082.0,1102.0,1106.0,1098.0,1107.0,1097.0,1093.0,1074.0,1079.0,1057.0,1060.0,1080.0,1084.0,1090.0,1149.0,1140.0,1165.0,1165.0,1202.0,1196.0,1202.0,1200.0,1216.0,1235.0,1234.0,1222.0,1168.0,1136.0,1102.0,1080.0,1055.0,1070.0,1052.0,1033.0,1039.0,1028.0,1022.0,1033.0,1029.0,1019.0,1023.0,1031.0,1022.0,1027.0,1050.0,1041.0,1049.0,1044.0,1068.0,1107.0,1168.0,1183.0,1217.0,1194.0,1178.0,1154.0,1102.0,1054.0,1022.0,1015.0,995.0,948.0,922.0,857.0,838.0,817.0,809.0,798.0,800.0,784.0,780.0,784.0,784.0,774.0,790.0,782.0,803.0,801.0,818.0,830.0,854.0,859.0,894.0,916.0,910.0,880.0,846.0,831.0,832.0,833.0,850,883.0,868.0,862.0,888.0,878.0,880.0,883.0,888.0,897.0,928.0,958.0,985.0,1045.0,1035.0,1057.0,1038.0,1042.0,1017.0,983.0,951.0,938.0,888.0,880.0,837.0,815.0,770.0,757.0,744.0,729.0,731.0,725.0,715.0,716.0,701.0,703.0,700.0,700.0,686.0,688.0,690.0,703.0,683.0,688.0,679.0,686.0,683.0,690.0,678.0,677.0,671.0,686.0,674.0,678.0,668.0,677.0,678.0,676.0,670.0,677.0,680.0,680.0,668.0,665.0,676.0,675.0,681.0,678.0,674.0,674.0,688.0,670.0,685.0,673.0,674.0,670.0,662.0,671.0,683.0,683.0,679.0,674.0,669.0,678.0,685.0,670.0,673.0,673.0,678.0,667.0,678.0,681.0,671.0,682.0,672.0,679.0,678.0,671.0,676.0,683.0,673.0,673.0,678.0,689.0,669.0
814.0,808.0,814.0,799.0,804.0,806.0,802.0,793.0,817.0,794.0,803.0,805.0,807.0,801.0,799.0,810.0,793.0,804.0,790.0,793.0,810.0,808.0,808.0,807.0,799.0,806.0,801.0,818.0,821.0,830.0,840.0,819.0,825.0,807.0,815.0,791.0,794.0,784.0,792.0,771.0,771.0,769.0,776.0,772.0,776.0,775.0,759.0,758.0,782.0,778.0,785.0,781.0,780.0,771.0,779.0,753.0,759.0,762.0,778.0,781.0,781.0,769.0,780.0,766.0,781.0,756.0,750.0,755.0,772.0,764.0,792.0,803.0,806.0,800.0,791.0,772.0,773.0,782.0,777.0,785.0,803.0,795.0,788.0,802.0,830.0,858.0,874.0,878.0,831.0,810.0,820.0,852.0,841.0,833.0,842.0,829.0,837.0,842.0,848.0,878.0,847.0,876.0,894.0,891.0,887.0,863.0,861.0,861.0,876.0,888.0,887.0,884.0,901.0,890.0,908.0,874.0,867.0,884.0,861.0,878.0,888.0,888.0,902.0,889.0,891.0,872.0,874.0,882.0,856.0,866.0,864.0,882.0,905.0,903.0,916.0,913.0,945.0,1012.0,969.0,886.0,869.0,862.0,866.0,875.0,883.0,882.0,879.0,887.0,882.0,870.0,908.0,892.0,912.0,918.0,923.0,925.0,964.0,958.0,956.0,963.0,977.0,970.0,949.0,926.0,923.0,910.0,908.0,904.0,900.0,886.0,847.0,851.0,846.0,830.0,833.0,838.0,824.0,828.0,840.0,816.0,805.0,804.0,799.0,798.0,817.0,840.0,856.0,857.0,855.0,878.0,876.0,914.0,942.0,926.0,946.0,958.0,968.0,969.0,960.0,967.0,948.0,949.0,931.0,946.0,951.0,955.0,947.0,958.0,983.0,1020.0,1014.0,1025.0,1052.0,1057.0,1072.0,1064.0,1058.0,1087.0,1055.0,1082.0,1034.0,1001.0,985.0,980.0,954.0,946.0,964.0,938.0,959.0,925.0,922.0,919.0,926.0,924.0,951.0,959.0,969.0,966.0,955.0,964.0,939.0,934.0,972.0,1004.0,1048.0,1060.0,1090.0,1082.0,1049.0,1014.0,988.0,949.0,913.0,905.0,875.0,854.0,807.0,788.0,767.0,754.0,760.0,742.0,742.0,741.0,743.0,726.0,727.0,729.0,740.0,724.0,748.0,743.0,739.0,767.0,792.0,805.0,816.0,803.0,823.0,798.0,795.0,793.0,770.0,763.0,799,809.0,789.0,812.0,797.0,816.0,814.0,808.0,806.0,823.0,832.0,873.0,877.0,899.0,921.0,949.0,922.0,932.0,892.0,871.0,859.0,841.0,806.0,786.0,765.0,740.0,743.0,721.0,716.0,702.0,705.0,688.0,684.0,683.0,671.0,665.0,679.0,675.0,663.0,671.0,680.0,665.0,663.0,657.0,665.0,653.0,660.0,655.0,653.0,665.0,651.0,656.0,657.0,657.0,659.0,652.0,657.0,645.0,662.0,658.0,664.0,652.0,657.0,655.0,657.0,661.0,667.0,666.0,652.0,650.0,654.0,649.0,663.0,664.0,659.0,662.0,668.0,652.0,667.0,660.0,657.0,657.0,658.0,652.0,661.0,659.0,658.0,666.0,656.0,663.0,675.0,669.0,652.0,655.0,656.0,666.0,661.0,652.0,668.0,664.0,659.0,650.0,657.0,656.0,659.0
766.0,756.0,767.0,770.0,760.0,765.0,751.0,769.0,755.0,756.0,768.0,752.0,751.0,759.0,746.0,739.0,743.0,762.0,756.0,748.0,763.0,758.0,765.0,749.0,760.0,758.0,769.0,760.0,768.0,767.0,781.0,748.0,766.0,760.0,760.0,760.0,755.0,757.0,741.0,751.0,745.0,740.0,733.0,728.0,750.0,721.0,724.0,736.0,733.0,738.0,738.0,743.0,737.0,736.0,738.0,744.0,721.0,734.0,744.0,751.0,749.0,739.0,725.0,728.0,737.0,732.0,734.0,745.0,740.0,742.0,747.0,741.0,763.0,781.0,761.0,739.0,740.0,741.0,758.0,753.0,748.0,765.0,758.0,767.0,773.0,821.0,830.0,839.0,796.0,780.0,779.0,808.0,799.0,801.0,797.0,789.0,795.0,817.0,800.0,810.0,807.0,818.0,832.0,830.0,806.0,806.0,795.0,806.0,797.0,824.0,820.0,811.0,823.0,838.0,818.0,814.0,816.0,818.0,817.0,819.0,817.0,824.0,831.0,825.0,806.0,821.0,809.0,822.0,799.0,810.0,820.0,835.0,824.0,837.0,852.0,845.0,866.0,912.0,903.0,824.0,806.0,798.0,820.0,824.0,815.0,842.0,825.0,819.0,823.0,843.0,828.0,836.0,861.0,847.0,872.0,867.0,880.0,870.0,871.0,881.0,900.0,881.0,866.0,842.0,841.0,856.0,856.0,858.0,829.0,821.0,797.0,778.0,784.0,776.0,782.0,808.0,789.0,799.0,781.0,788.0,778.0,769.0,766.0,756.0,781.0,812.0,807.0,825.0,810.0,817.0,823.0,868.0,883.0,889.0,913.0,900.0,901.0,909.0,906.0,875.0,901.0,865.0,864.0,881.0,892.0,889.0,886.0,914.0,924.0,902.0,931.0,930.0,946.0,966.0,964.0,973.0,978.0,990.0,982.0,965.0,957.0,917.0,900.0,888.0,875.0,877.0,870.0,865.0,870.0,855.0,860.0,861.0,857.0,868.0,863.0,867.0,864.0,885.0,888.0,876.0,857.0,867.0,886.0,929.0,943.0,973.0,974.0,961.0,956.0,938.0,900.0,876.0,861.0,869.0,836.0,826.0,790.0,756.0,749.0,729.0,735.0,726.0,725.0,712.0,716.0,713.0,715.0,716.0,715.0,710.0,722.0,722.0,721.0,751.0,735.0,760.0,795.0,793.0,797.0,768.0,772.0,749.0,745.0,760.0,765,781.0,764.0,766.0,778.0,780.0,770.0,767.0,778.0,784.0,801.0,851.0,844.0,869.0,874.0,880.0,874.0,873.0,856.0,852.0,824.0,808.0,790.0,775.0,756.0,738.0,717.0,709.0,695.0,694.0,680.0,689.0,673.0,669.0,665.0,673.0,677.0,676.0,672.0,664.0,664.0,651.0,656.0,657.0,666.0,657.0,656.0,656.0,653.0,664.0,655.0,653.0,662.0,655.0,649.0,657.0,663.0,653.0,652.0,649.0,663.0,654.0,652.0,662.0,655.0,660.0,652.0,646.0,658.0,663.0,649.0,646.0,657.0,655.0,657.0,654.0,652.0,649.0,657.0,656.0,661.0,657.0,662.0,661.0,659.0,656.0,662.0,662.0,652.0,660.0,649.0,670.0,647.0,660.0,654.0,658.0,649.0,646.0,671.0,662.0,666.0,669.0,664.0,655.0,654.0
665.0,670.0,670.0,670.0,657.0,665.0,655.0,657.0,665.0,665.0,667.0,664.0,659.0,663.0,667.0,665.0,666.0,666.0,663.0,664.0,665.0,668.0,670.0,660.0,662.0,671.0,663.0,665.0,656.0,658.0,667.0,668.0,668.0,657.0,656.0,661.0,663.0,661.0,664.0,658.0,656.0,659.0,669.0,665.0,665.0,656.0,652.0,673.0,663.0,660.0,661.0,657.0,659.0,654.0,660.0,664.0,646.0,653.0,670.0,658.0,660.0,671.0,662.0,657.0,668.0,657.0,661.0,650.0,660.0,648.0,658.0,657.0,664.0,656.0,655.0,657.0,653.0,655.0,663.0,654.0,665.0,661.0,646.0,676.0,667.0,659.0,672.0,679.0,654.0,675.0,676.0,668.0,665.0,672.0,662.0,665.0,660.0,684.0,665.0,669.0,669.0,665.0,662.0,681.0,669.0,682.0,667.0,666.0,672.0,680.0,676.0,668.0,676.0,676.0,674.0,665.0,683.0,683.0,677.0,667.0,674.0,672.0,671.0,688.0,682.0,677.0,666.0,674.0,663.0,680.0,669.0,684.0,681.0,684.0,701.0,704.0,696.0,700.0,693.0,680.0,674.0,677.0,678.0,673.0,669.0,677.0,675.0,659.0,673.0,688.0,680.0,672.0,677.0,681.0,686.0,672.0,692.0,676.0,687.0,701.0,678.0,668.0,682.0,678.0,674.0,685.0,691.0,685.0,671.0,679.0,680.0,674.0,680.0,674.0,669.0,672.0,676.0,668.0,677.0,672.0,675.0,678.0,671.0,668.0,673.0,672.0,692.0,668.0,671.0,683.0,679.0,682.0,702.0,689.0,667.0,682.0,689.0,691.0,683.0,679.0,696.0,678.0,685.0,691.0,680.0,698.0,682.0,685.0,691.0,692.0,690.0,702.0,702.0,693.0,699.0,711.0,699.0,713.0,707.0,708.0,704.0,696.0,708.0,697.0,689.0,697.0,695.0,698.0,688.0,688.0,711.0,697.0,685.0,704.0,712.0,699.0,707.0,724.0,704.0,717.0,716.0,699.0,700.0,712.0,723.0,699.0,707.0,715.0,713.0,706.0,705.0,696.0,700.0,703.0,702.0,695.0,686.0,678.0,680.0,689.0,680.0,669.0,676.0,675.0,683.0,681.0,675.0,667.0,681.0,679.0,680.0,674.0,676.0,678.0,687.0,686.0,696.0,691.0,692.0,681.0,685.0,694.0,684.0,684.0,692,691.0,690.0,688.0,686.0,679.0,685.0,681.0,690.0,699.0,680.0,686.0,686.0,689.0,699.0,684.0,691.0,688.0,674.0,686.0,695.0,689.0,685.0,672.0,669.0,671.0,679.0,669.0,682.0,666.0,664.0,678.0,666.0,663.0,676.0,673.0,666.0,667.0,656.0,671.0,666.0,667.0,660.0,662.0,668.0,658.0,658.0,666.0,670.0,664.0,669.0,670.0,657.0,661.0,673.0,665.0,669.0,662.0,653.0,665.0,662.0,658.0,680.0,664.0,673.0,665.0,656.0,664.0,663.0,673.0,670.0,660.0,662.0,669.0,661.0,665.0,661.0,660.0,671.0,668.0,668.0,674.0,671.0,657.0,668.0,671.0,679.0,683.0,663.0,671.0,667.0,680.0,654.0,658.0,663.0,678.0,661.0,669.0,668.0,657.0,681.0,674.0,673.0,670.0,677.0
791.0,791.0,802.0,794.0,798.0,800.0,802.0,792.0,794.0,798.0,796.0,798.0,798.0,800.0,787.0,787.0,798.0,783.0,782.0,776.0,802.0,796.0,795.0,794.0,794.0,783.0,800.0,800.0,799.0,827.0,819.0,808.0,822.0,803.0,810.0,796.0,797.0,782.0,793.0,792.0,795.0,770.0,776.0,765.0,778.0,779.0,778.0,783.0,782.0,790.0,787.0,778.0,781.0,769.0,808.0,792.0,778.0,767.0,767.0,786.0,791.0,790.0,783.0,765.0,780.0,762.0,770.0,765.0,772.0,787.0,804.0,812.0,816.0,814.0,790.0,774.0,779.0,781.0,793.0,795.0,784.0,802.0,796.0,816.0,842.0,858.0,859.0,874.0,833.0,838.0,825.0,824.0,839.0,852.0,837.0,849.0,845.0,832.0,840.0,836.0,856.0,851.0,870.0,874.0,868.0,851.0,861.0,842.0,862.0,872.0,864.0,867.0,879.0,865.0,888.0,874.0,868.0,860.0,862.0,855.0,869.0,873.0,875.0,877.0,871.0,864.0,860.0,846.0,870.0,850.0,876.0,858.0,902.0,895.0,923.0,914.0,928.0,991.0,941.0,892.0,864.0,864.0,852.0,870.0,871.0,881.0,854.0,870.0,861.0,854.0,892.0,854.0,884.0,880.0,905.0,906.0,931.0,923.0,917.0,923.0,929.0,924.0,906.0,881.0,883.0,887.0,891.0,879.0,860.0,846.0,841.0,828.0,827.0,842.0,833.0,833.0,827.0,820.0,833.0,826.0,818.0,812.0,815.0,815.0,842.0,851.0,861.0,842.0,855.0,875.0,876.0,901.0,910.0,939.0,930.0,947.0,949.0,932.0,949.0,945.0,942.0,923.0,924.0,920.0,928.0,938.0,952.0,950.0,977.0,963.0,981.0,982.0,987.0,1000.0,1005.0,1003.0,1028.0,1029.0,1024.0,1041.0,1018.0,1005.0,962.0,956.0,934.0,920.0,946.0,922.0,942.0,921.0,913.0,898.0,916.0,922.0,930.0,941.0,943.0,926.0,942.0,948.0,924.0,955.0,966.0,970.0,1020.0,1023.0,1044.0,1034.0,1030.0,1005.0,960.0,939.0,934.0,921.0,898.0,887.0,842.0,827.0,814.0,780.0,795.0,779.0,791.0,772.0,761.0,763.0,766.0,764.0,774.0,763.0,783.0,769.0,791.0,805.0,811.0,810.0,867.0,848.0,828.0,833.0,827.0,818.0,827.0,802.0,810,856.0,818.0,832.0,830.0,827.0,826.0,833.0,809.0,845.0,841.0,862.0,891.0,895.0,905.0,921.0,905.0,890.0,893.0,879.0,859.0,851.0,813.0,803.0,785.0,772.0,751.0,754.0,746.0,727.0,732.0,731.0,716.0,717.0,711.0,704.0,711.0,710.0,709.0,701.0,697.0,702.0,699.0,705.0,707.0,699.0,687.0,699.0,692.0,691.0,695.0,697.0,705.0,692.0,706.0,693.0,694.0,681.0,698.0,687.0,690.0,694.0,699.0,701.0,694.0,688.0,687.0,691.0,691.0,698.0,696.0,693.0,702.0,704.0,686.0,694.0,685.0,697.0,698.0,700.0,694.0,695.0,694.0,697.0,697.0,706.0,690.0,689.0,691.0,692.0,702.0,698.0,698.0,705.0,698.0,710.0,705.0,694.0,706.0,694.0,699.0,703.0,685.0,696.0,698.0
791.0,791.0,793.0,779.0,797.0,793.0,781.0,789.0,787.0,790.0,796.0,797.0,796.0,786.0,785.0,786.0,774.0,765.0,775.0,785.0,776.0,787.0,791.0,789.0,800.0,797.0,804.0,780.0,803.0,807.0,815.0,793.0,799.0,803.0,796.0,796.0,781.0,777.0,777.0,783.0,772.0,777.0,766.0,761.0,763.0,773.0,759.0,766.0,769.0,772.0,774.0,782.0,780.0,775.0,787.0,770.0,766.0,752.0,787.0,785.0,789.0,773.0,777.0,763.0,766.0,763.0,764.0,768.0,771.0,777.0,773.0,786.0,807.0,809.0,787.0,769.0,771.0,762.0,782.0,782.0,801.0,792.0,794.0,800.0,833.0,854.0,865.0,858.0,817.0,806.0,807.0,822.0,839.0,837.0,852.0,820.0,825.0,836.0,827.0,838.0,839.0,839.0,854.0,871.0,858.0,842.0,839.0,842.0,852.0,849.0,856.0,854.0,858.0,853.0,856.0,832.0,859.0,860.0,873.0,864.0,859.0,871.0,868.0,864.0,851.0,869.0,845.0,849.0,843.0,849.0,853.0,890.0,878.0,880.0,891.0,916.0,936.0,986.0,946.0,880.0,858.0,853.0,841.0,862.0,858.0,874.0,864.0,873.0,846.0,857.0,861.0,879.0,881.0,881.0,894.0,904.0,925.0,909.0,920.0,916.0,936.0,937.0,896.0,897.0,883.0,878.0,886.0,875.0,879.0,843.0,825.0,841.0,842.0,846.0,842.0,844.0,833.0,829.0,837.0,832.0,822.0,819.0,812.0,812.0,820.0,840.0,851.0,855.0,846.0,859.0,885.0,904.0,935.0,943.0,932.0,965.0,929.0,947.0,951.0,953.0,945.0,948.0,924.0,926.0,932.0,941.0,958.0,943.0,956.0,972.0,992.0,994.0,1015.0,1026.0,1013.0,1023.0,1029.0,1046.0,1050.0,1023.0,1009.0,981.0,959.0,949.0,942.0,937.0,939.0,924.0,941.0,919.0,910.0,915.0,926.0,917.0,937.0,927.0,943.0,957.0,949.0,946.0,952.0,938.0,952.0,987.0,1017.0,1030.0,1042.0,1026.0,1035.0,996.0,975.0,957.0,937.0,911.0,899.0,881.0,840.0,809.0,793.0,783.0,788.0,778.0,779.0,755.0,761.0,762.0,768.0,762.0,777.0,755.0,777.0,771.0,773.0,784.0,805.0,813.0,847.0,860.0,857.0,822.0,826.0,818.0,792.0,790.0,818,835.0,827.0,818.0,829.0,830.0,830.0,826.0,819.0,842.0,842.0,887.0,889.0,913.0,928.0,905.0,908.0,915.0,899.0,894.0,866.0,844.0,819.0,803.0,789.0,770.0,751.0,742.0,741.0,722.0,725.0,731.0,715.0,706.0,710.0,699.0,713.0,697.0,698.0,698.0,697.0,703.0,690.0,692.0,696.0,685.0,692.0,685.0,683.0,688.0,687.0,689.0,682.0,685.0,685.0,685.0,699.0,693.0,692.0,682.0,689.0,680.0,688.0,679.0,680.0,679.0,686.0,695.0,686.0,700.0,683.0,680.0,690.0,698.0,684.0,682.0,684.0,693.0,681.0,683.0,685.0,693.0,687.0,681.0,703.0,680.0,687.0,686.0,693.0,682.0,692.0,693.0,680.0,695.0,699.0,691.0,685.0,690.0,693.0,693.0,689.0,687.0,700.0,684.0,688.0
825.0,824.0,824.0,840.0,832.0,814.0,845.0,827.0,822.0,812.0,824.0,836.0,821.0,830.0,817.0,805.0,826.0,817.0,815.0,804.0,810.0,802.0,818.0,826.0,804.0,829.0,838.0,851.0,827.0,854.0,845.0,825.0,827.0,811.0,825.0,813.0,830.0,813.0,823.0,810.0,818.0,814.0,790.0,806.0,805.0,782.0,808.0,797.0,784.0,805.0,801.0,786.0,805.0,823.0,813.0,789.0,789.0,791.0,824.0,820.0,817.0,804.0,799.0,775.0,792.0,779.0,795.0,786.0,804.0,787.0,815.0,824.0,840.0,847.0,820.0,824.0,820.0,812.0,811.0,825.0,824.0,843.0,840.0,820.0,861.0,909.0,930.0,921.0,863.0,853.0,860.0,896.0,891.0,895.0,887.0,894.0,878.0,880.0,873.0,885.0,880.0,901.0,895.0,948.0,918.0,907.0,899.0,886.0,913.0,920.0,908.0,898.0,892.0,896.0,903.0,887.0,900.0,911.0,924.0,916.0,928.0,917.0,915.0,931.0,909.0,917.0,904.0,905.0,895.0,914.0,908.0,931.0,925.0,915.0,967.0,937.0,1024.0,1052.0,984.0,926.0,908.0,899.0,904.0,898.0,942.0,938.0,897.0,904.0,932.0,908.0,912.0,895.0,953.0,928.0,946.0,948.0,989.0,967.0,1001.0,986.0,985.0,1007.0,921.0,938.0,915.0,925.0,939.0,914.0,913.0,879.0,878.0,851.0,877.0,887.0,871.0,870.0,870.0,858.0,892.0,880.0,852.0,863.0,837.0,854.0,866.0,892.0,893.0,914.0,913.0,913.0,955.0,967.0,990.0,1010.0,1017.0,1050.0,993.0,1032.0,1013.0,1011.0,1002.0,1003.0,986.0,994.0,982.0,987.0,1012.0,1014.0,1060.0,1041.0,1070.0,1090.0,1126.0,1113.0,1073.0,1100.0,1124.0,1122.0,1124.0,1154.0,1091.0,1075.0,1028.0,1014.0,1002.0,1025.0,980.0,954.0,965.0,978.0,977.0,972.0,963.0,992.0,987.0,984.0,987.0,996.0,997.0,998.0,985.0,987.0,1034.0,1064.0,1069.0,1132.0,1152.0,1131.0,1105.0,1077.0,1018.0,986.0,976.0,983.0,953.0,928.0,883.0,842.0,806.0,814.0,789.0,810.0,789.0,789.0,795.0,776.0,775.0,769.0,785.0,772.0,785.0,800.0,776.0,809.0,818.0,826.0,888.0,890.0,889.0,858.0,838.0,847.0,827.0,836.0,831,862.0,858.0,861.0,868.0,847.0,849.0,849.0,853.0,872.0,875.0,911.0,940.0,957.0,982.0,994.0,968.0,989.0,947.0,944.0,909.0,887.0,859.0,840.0,820.0,818.0,783.0,758.0,747.0,751.0,735.0,727.0,728.0,708.0,717.0,710.0,700.0,700.0,701.0,689.0,700.0,693.0,690.0,686.0,691.0,687.0,688.0,683.0,690.0,703.0,691.0,690.0,688.0,688.0,693.0,682.0,690.0,682.0,681.0,684.0,684.0,688.0,697.0,700.0,674.0,685.0,696.0,695.0,678.0,686.0,680.0,676.0,687.0,703.0,682.0,666.0,691.0,682.0,667.0,681.0,693.0,689.0,691.0,684.0,688.0,690.0,690.0,685.0,687.0,683.0,671.0,696.0,687.0,682.0,690.0,688.0,705.0,687.0,701.0,690.0,683.0,691.0,696.0,690.0,691.0
851.0,840.0,856.0,852.0,862.0,857.0,847.0,847.0,846.0,843.0,843.0,851.0,840.0,855.0,855.0,846.0,833.0,827.0,836.0,832.0,828.0,851.0,849.0,829.0,836.0,849.0,852.0,856.0,850.0,883.0,869.0,855.0,870.0,879.0,852.0,843.0,850.0,828.0,844.0,836.0,828.0,822.0,809.0,821.0,832.0,815.0,821.0,812.0,831.0,836.0,822.0,811.0,809.0,832.0,857.0,841.0,809.0,813.0,824.0,837.0,833.0,839.0,805.0,809.0,800.0,785.0,819.0,813.0,805.0,826.0,833.0,852.0,858.0,856.0,855.0,816.0,813.0,824.0,839.0,847.0,830.0,850.0,844.0,875.0,882.0,950.0,965.0,941.0,894.0,894.0,894.0,908.0,918.0,939.0,910.0,908.0,906.0,909.0,902.0,932.0,931.0,941.0,949.0,968.0,934.0,941.0,920.0,938.0,939.0,935.0,949.0,951.0,965.0,963.0,961.0,951.0,937.0,956.0,958.0,953.0,965.0,955.0,971.0,966.0,958.0,917.0,926.0,938.0,920.0,941.0,951.0,958.0,978.0,989.0,1002.0,1011.0,1038.0,1075.0,1071.0,968.0,944.0,936.0,949.0,946.0,959.0,944.0,941.0,950.0,953.0,957.0,977.0,967.0,988.0,980.0,1004.0,1002.0,1010.0,1018.0,1025.0,1031.0,1035.0,1043.0,1023.0,992.0,982.0,973.0,984.0,971.0,950.0,923.0,910.0,901.0,903.0,915.0,913.0,896.0,895.0,887.0,903.0,888.0,900.0,877.0,862.0,887.0,884.0,914.0,948.0,937.0,941.0,970.0,972.0,988.0,1034.0,1058.0,1054.0,1066.0,1059.0,1074.0,1076.0,1060.0,1067.0,1039.0,1037.0,1051.0,1027.0,1053.0,1070.0,1066.0,1113.0,1089.0,1104.0,1143.0,1167.0,1158.0,1172.0,1180.0,1200.0,1194.0,1240.0,1193.0,1179.0,1102.0,1086.0,1079.0,1047.0,1049.0,1023.0,1047.0,1033.0,1029.0,1022.0,1033.0,1025.0,1028.0,1030.0,1030.0,1027.0,1051.0,1055.0,1065.0,1023.0,1049.0,1073.0,1113.0,1161.0,1173.0,1210.0,1186.0,1189.0,1130.0,1082.0,1046.0,1004.0,993.0,984.0,948.0,901.0,845.0,841.0,812.0,811.0,795.0,802.0,793.0,801.0,789.0,792.0,769.0,786.0,779.0,798.0,814.0,800.0,817.0,849.0,860.0,901.0,916.0,894.0,883.0,877.0,851.0,835.0,836.0,861,886.0,890.0,889.0,887.0,884.0,870.0,891.0,885.0,911.0,926.0,934.0,958.0,1001.0,1030.0,1034.0,1012.0,1004.0,969.0,970.0,938.0,908.0,891.0,863.0,828.0,824.0,796.0,758.0,757.0,736.0,738.0,728.0,721.0,719.0,713.0,710.0,709.0,712.0,711.0,700.0,709.0,694.0,691.0,698.0,697.0,682.0,689.0,688.0,688.0,696.0,688.0,701.0,683.0,688.0,682.0,688.0,691.0,691.0,681.0,682.0,697.0,680.0,682.0,684.0,705.0,697.0,676.0,698.0,680.0,687.0,674.0,685.0,691.0,678.0,688.0,677.0,691.0,688.0,694.0,694.0,698.0,682.0,686.0,686.0,688.0,682.0,691.0,684.0,690.0,697.0,682.0,698.0,683.0,690.0,695.0,698.0,693.0,687.0,691.0,687.0,686.0,687.0,680.0,693.0,681.0
855.0,868.0,867.0,855.0,850.0,842.0,844.0,863.0,854.0,851.0,866.0,877.0,861.0,848.0,852.0,841.0,841.0,840.0,843.0,841.0,844.0,849.0,858.0,860.0,850.0,845.0,855.0,857.0,854.0,875.0,872.0,874.0,886.0,865.0,859.0,844.0,859.0,836.0,844.0,836.0,839.0,834.0,836.0,831.0,820.0,811.0,809.0,813.0,826.0,842.0,848.0,819.0,843.0,834.0,819.0,829.0,827.0,818.0,820.0,846.0,845.0,850.0,821.0,823.0,816.0,795.0,799.0,817.0,817.0,802.0,845.0,849.0,863.0,870.0,863.0,846.0,830.0,835.0,846.0,861.0,854.0,879.0,856.0,895.0,908.0,966.0,1000.0,951.0,916.0,914.0,893.0,913.0,941.0,919.0,931.0,917.0,931.0,925.0,902.0,923.0,913.0,941.0,983.0,970.0,953.0,939.0,952.0,923.0,950.0,974.0,940.0,962.0,968.0,979.0,954.0,955.0,974.0,970.0,970.0,947.0,968.0,987.0,985.0,960.0,978.0,930.0,951.0,949.0,946.0,956.0,959.0,985.0,991.0,993.0,1001.0,1040.0,1042.0,1118.0,1081.0,992.0,947.0,930.0,957.0,952.0,963.0,978.0,982.0,960.0,983.0,954.0,979.0,967.0,960.0,1003.0,1001.0,1021.0,1034.0,1039.0,1056.0,1037.0,1038.0,1054.0,1036.0,1003.0,993.0,995.0,980.0,978.0,958.0,936.0,911.0,913.0,920.0,924.0,904.0,916.0,891.0,901.0,917.0,885.0,892.0,887.0,880.0,887.0,887.0,938.0,942.0,936.0,966.0,964.0,990.0,1018.0,1072.0,1063.0,1070.0,1094.0,1076.0,1084.0,1075.0,1078.0,1068.0,1066.0,1043.0,1032.0,1039.0,1052.0,1079.0,1085.0,1105.0,1108.0,1135.0,1115.0,1145.0,1163.0,1184.0,1191.0,1208.0,1212.0,1221.0,1207.0,1180.0,1124.0,1096.0,1072.0,1059.0,1059.0,1052.0,1023.0,1032.0,1027.0,1028.0,1016.0,1002.0,1023.0,1020.0,1034.0,1028.0,1064.0,1044.0,1033.0,1050.0,1044.0,1066.0,1128.0,1176.0,1235.0,1214.0,1188.0,1180.0,1137.0,1097.0,1043.0,1018.0,995.0,994.0,959.0,909.0,861.0,840.0,808.0,821.0,800.0,796.0,792.0,803.0,781.0,789.0,796.0,798.0,784.0,812.0,803.0,817.0,825.0,834.0,849.0,909.0,906.0,923.0,897.0,867.0,848.0,830.0,852.0,880,891.0,897.0,879.0,884.0,891.0,878.0,869.0,895.0,910.0,920.0,967.0,993.0,1016.0,1031.0,1045.0,1039.0,1033.0,1018.0,988.0,966.0,917.0,901.0,868.0,842.0,813.0,788.0,761.0,763.0,732.0,742.0,732.0,726.0,716.0,714.0,709.0,707.0,707.0,704.0,700.0,699.0,691.0,701.0,689.0,696.0,695.0,690.0,696.0,701.0,688.0,694.0,687.0,694.0,690.0,694.0,684.0,685.0,680.0,688.0,678.0,688.0,682.0,690.0,690.0,691.0,688.0,690.0,685.0,683.0,686.0,688.0,692.0,686.0,686.0,688.0,678.0,697.0,685.0,687.0,691.0,694.0,687.0,702.0,682.0,695.0,697.0,692.0,699.0,701.0,689.0,702.0,697.0,687.0,693.0,686.0,706.0,697.0,689.0,689.0,697.0,686.0,696.0,687.0,688.0,689.0
837.0,847.0,822.0,810.0,818.0,831.0,814.0,817.0,811.0,804.0,815.0,830.0,799.0,824.0,827.0,811.0,801.0,807.0,821.0,789.0,818.0,810.0,828.0,794.0,815.0,825.0,816.0,825.0,836.0,854.0,839.0,826.0,846.0,825.0,826.0,824.0,804.0,812.0,797.0,792.0,791.0,792.0,779.0,782.0,790.0,782.0,780.0,781.0,797.0,792.0,791.0,800.0,798.0,804.0,801.0,800.0,784.0,790.0,799.0,801.0,801.0,787.0,783.0,779.0,778.0,757.0,774.0,778.0,772.0,780.0,797.0,806.0,809.0,809.0,798.0,790.0,781.0,784.0,792.0,806.0,813.0,811.0,813.0,819.0,850.0,896.0,893.0,880.0,846.0,844.0,849.0,838.0,857.0,876.0,863.0,869.0,850.0,873.0,862.0,871.0,885.0,911.0,918.0,918.0,888.0,886.0,900.0,899.0,892.0,903.0,913.0,921.0,906.0,920.0,909.0,880.0,893.0,906.0,910.0,897.0,917.0,920.0,908.0,897.0,890.0,901.0,887.0,888.0,890.0,902.0,928.0,924.0,948.0,956.0,950.0,973.0,987.0,1027.0,993.0,894.0,869.0,899.0,877.0,896.0,912.0,908.0,906.0,887.0,899.0,903.0,921.0,924.0,932.0,937.0,944.0,939.0,989.0,975.0,998.0,985.0,986.0,969.0,960.0,947.0,942.0,940.0,957.0,935.0,929.0,882.0,877.0,860.0,869.0,881.0,872.0,849.0,873.0,841.0,828.0,853.0,828.0,839.0,811.0,827.0,841.0,866.0,860.0,882.0,891.0,898.0,905.0,937.0,971.0,951.0,975.0,990.0,983.0,996.0,991.0,989.0,977.0,980.0,973.0,956.0,951.0,988.0,1016.0,1001.0,1017.0,1019.0,1041.0,1043.0,1076.0,1086.0,1098.0,1099.0,1102.0,1095.0,1115.0,1123.0,1080.0,1070.0,1015.0,1002.0,984.0,1000.0,989.0,970.0,974.0,947.0,961.0,962.0,956.0,966.0,954.0,992.0,972.0,1014.0,994.0,994.0,983.0,980.0,1010.0,1054.0,1052.0,1123.0,1115.0,1111.0,1081.0,1069.0,1019.0,958.0,937.0,923.0,927.0,873.0,839.0,795.0,767.0,773.0,769.0,783.0,764.0,757.0,752.0,762.0,768.0,737.0,742.0,754.0,765.0,772.0,767.0,768.0,787.0,806.0,842.0,850.0,858.0,836.0,814.0,798.0,782.0,789.0,815,810.0,837.0,843.0,837.0,820.0,829.0,831.0,836.0,849.0,888.0,896.0,899.0,925.0,940.0,933.0,930.0,940.0,927.0,882.0,887.0,857.0,827.0,800.0,785.0,762.0,758.0,745.0,722.0,717.0,710.0,704.0,708.0,706.0,692.0,699.0,692.0,691.0,687.0,683.0,687.0,682.0,665.0,681.0,678.0,668.0,664.0,680.0,676.0,667.0,676.0,675.0,672.0,683.0,672.0,674.0,656.0,671.0,662.0,661.0,665.0,671.0,675.0,657.0,659.0,676.0,671.0,673.0,665.0,678.0,679.0,660.0,670.0,683.0,677.0,669.0,668.0,676.0,675.0,668.0,672.0,677.0,664.0,673.0,674.0,674.0,671.0,668.0,675.0,667.0,678.0,684.0,669.0,679.0,676.0,673.0,682.0,671.0,674.0,666.0,674.0,672.0,661.0,671.0,679.0
834.0,842.0,837.0,839.0,834.0,836.0,844.0,839.0,829.0,825.0,831.0,843.0,823.0,824.0,815.0,829.0,799.0,815.0,814.0,812.0,816.0,834.0,825.0,828.0,822.0,835.0,832.0,837.0,840.0,851.0,854.0,842.0,844.0,852.0,840.0,824.0,827.0,820.0,825.0,798.0,811.0,810.0,812.0,807.0,792.0,792.0,781.0,799.0,797.0,824.0,804.0,794.0,787.0,802.0,816.0,814.0,802.0,795.0,798.0,822.0,818.0,828.0,811.0,791.0,792.0,788.0,776.0,788.0,784.0,791.0,812.0,854.0,865.0,865.0,839.0,825.0,810.0,801.0,839.0,828.0,837.0,849.0,832.0,842.0,876.0,920.0,959.0,940.0,891.0,876.0,859.0,885.0,889.0,901.0,895.0,901.0,887.0,907.0,879.0,894.0,900.0,917.0,948.0,937.0,933.0,919.0,918.0,919.0,902.0,937.0,916.0,921.0,926.0,927.0,936.0,911.0,924.0,932.0,941.0,934.0,950.0,970.0,939.0,944.0,937.0,923.0,934.0,914.0,914.0,922.0,924.0,934.0,958.0,934.0,973.0,978.0,1005.0,1091.0,1042.0,971.0,929.0,902.0,903.0,917.0,942.0,942.0,931.0,916.0,930.0,923.0,929.0,929.0,971.0,956.0,979.0,996.0,997.0,988.0,1014.0,1043.0,1026.0,1030.0,992.0,966.0,957.0,954.0,968.0,953.0,927.0,891.0,890.0,868.0,869.0,874.0,890.0,889.0,873.0,886.0,895.0,882.0,880.0,853.0,859.0,850.0,874.0,902.0,912.0,943.0,928.0,922.0,951.0,983.0,1026.0,1033.0,1049.0,1046.0,1076.0,1044.0,1068.0,1052.0,1030.0,1021.0,1020.0,1035.0,1007.0,1027.0,1058.0,1054.0,1093.0,1076.0,1096.0,1099.0,1132.0,1149.0,1134.0,1158.0,1148.0,1191.0,1161.0,1177.0,1111.0,1084.0,1045.0,1029.0,1031.0,1037.0,1010.0,1005.0,1000.0,991.0,994.0,978.0,985.0,984.0,999.0,1012.0,1006.0,1014.0,1022.0,996.0,1006.0,1028.0,1047.0,1073.0,1127.0,1128.0,1170.0,1145.0,1138.0,1109.0,1062.0,999.0,982.0,980.0,967.0,918.0,874.0,841.0,805.0,779.0,783.0,785.0,784.0,767.0,775.0,765.0,768.0,753.0,774.0,768.0,783.0,783.0,791.0,811.0,826.0,828.0,860.0,892.0,884.0,851.0,833.0,803.0,808.0,816.0,827,853.0,840.0,847.0,857.0,857.0,847.0,856.0,855.0,870.0,895.0,926.0,950.0,994.0,994.0,1012.0,990.0,982.0,971.0,948.0,922.0,918.0,861.0,861.0,808.0,794.0,756.0,736.0,734.0,718.0,710.0,708.0,710.0,704.0,693.0,694.0,690.0,687.0,677.0,681.0,687.0,687.0,677.0,677.0,676.0,673.0,674.0,677.0,664.0,677.0,665.0,680.0,668.0,668.0,670.0,673.0,664.0,669.0,663.0,665.0,672.0,667.0,665.0,663.0,658.0,670.0,673.0,671.0,671.0,678.0,674.0,665.0,677.0,665.0,661.0,665.0,668.0,668.0,679.0,671.0,663.0,663.0,663.0,676.0,674.0,663.0,667.0,668.0,674.0,673.0,668.0,669.0,662.0,669.0,666.0,681.0,676.0,667.0,675.0,678.0,669.0,672.0,671.0,678.0,667.0
812.0,815.0,801.0,799.0,796.0,807.0,791.0,801.0,803.0,803.0,801.0,808.0,818.0,790.0,800.0,789.0,779.0,785.0,795.0,795.0,811.0,809.0,1092.0,822.0,798.0,811.0,803.0,810.0,806.0,822.0,829.0,822.0,819.0,805.0,801.0,782.0,790.0,782.0,781.0,780.0,780.0,778.0,761.0,772.0,780.0,750.0,768.0,770.0,763.0,778.0,780.0,782.0,776.0,784.0,781.0,772.0,760.0,758.0,761.0,785.0,775.0,772.0,780.0,765.0,773.0,748.0,748.0,749.0,762.0,764.0,797.0,784.0,807.0,802.0,799.0,767.0,764.0,780.0,774.0,778.0,782.0,786.0,800.0,819.0,828.0,847.0,878.0,868.0,825.0,816.0,817.0,844.0,837.0,846.0,838.0,843.0,829.0,839.0,828.0,850.0,857.0,872.0,887.0,871.0,868.0,868.0,865.0,867.0,870.0,888.0,874.0,877.0,894.0,903.0,880.0,869.0,873.0,877.0,873.0,878.0,900.0,880.0,879.0,905.0,877.0,875.0,864.0,858.0,858.0,876.0,865.0,909.0,898.0,898.0,914.0,917.0,957.0,1007.0,962.0,888.0,873.0,855.0,852.0,885.0,903.0,895.0,886.0,881.0,869.0,871.0,907.0,898.0,920.0,932.0,929.0,944.0,944.0,962.0,968.0,962.0,977.0,949.0,963.0,931.0,910.0,930.0,900.0,910.0,896.0,884.0,849.0,830.0,857.0,838.0,834.0,844.0,826.0,832.0,835.0,839.0,799.0,800.0,811.0,810.0,821.0,842.0,859.0,860.0,871.0,873.0,894.0,933.0,937.0,933.0,937.0,976.0,970.0,971.0,966.0,982.0,964.0,968.0,943.0,975.0,954.0,956.0,945.0,982.0,1008.0,1001.0,1017.0,1029.0,1038.0,1050.0,1071.0,1056.0,1058.0,1077.0,1069.0,1065.0,1031.0,1005.0,987.0,965.0,951.0,950.0,957.0,958.0,957.0,942.0,907.0,919.0,920.0,950.0,937.0,951.0,947.0,937.0,965.0,952.0,943.0,938.0,985.0,992.0,1033.0,1063.0,1077.0,1070.0,1039.0,1021.0,979.0,950.0,914.0,910.0,887.0,861.0,817.0,809.0,776.0,753.0,768.0,750.0,745.0,742.0,747.0,736.0,738.0,718.0,750.0,738.0,761.0,759.0,757.0,767.0,775.0,796.0,820.0,831.0,819.0,805.0,804.0,794.0,775.0,776.0,790,805.0,785.0,814.0,803.0,810.0,817.0,812.0,813.0,829.0,847.0,878.0,880.0,903.0,940.0,958.0,936.0,916.0,893.0,875.0,872.0,842.0,826.0,802.0,774.0,758.0,739.0,731.0,718.0,709.0,708.0,712.0,693.0,680.0,693.0,680.0,672.0,674.0,673.0,669.0,678.0,672.0,666.0,676.0,667.0,670.0,659.0,669.0,663.0,672.0,656.0,665.0,671.0,662.0,665.0,666.0,659.0,663.0,668.0,656.0,669.0,663.0,666.0,659.0,661.0,664.0,668.0,667.0,664.0,665.0,668.0,650.0,675.0,669.0,658.0,664.0,665.0,658.0,680.0,659.0,668.0,659.0,675.0,659.0,671.0,661.0,667.0,660.0,667.0,673.0,671.0,671.0,655.0,661.0,669.0,676.0,668.0,654.0,677.0,672.0,668.0,657.0,664.0,669.0,686.0
789.0,782.0,781.0,777.0,795.0,793.0,781.0,775.0,780.0,772.0,791.0,775.0,783.0,772.0,775.0,776.0,764.0,770.0,768.0,766.0,776.0,787.0,785.0,792.0,779.0,787.0,788.0,796.0,779.0,788.0,791.0,794.0,805.0,787.0,785.0,766.0,768.0,769.0,764.0,779.0,757.0,766.0,757.0,759.0,759.0,750.0,747.0,749.0,751.0,767.0,754.0,760.0,759.0,761.0,767.0,760.0,747.0,743.0,747.0,771.0,757.0,774.0,763.0,746.0,740.0,738.0,743.0,757.0,758.0,745.0,762.0,789.0,790.0,798.0,783.0,760.0,760.0,750.0,767.0,767.0,791.0,770.0,794.0,780.0,827.0,843.0,864.0,854.0,821.0,804.0,807.0,809.0,826.0,828.0,828.0,829.0,819.0,848.0,800.0,823.0,852.0,860.0,855.0,859.0,840.0,833.0,824.0,824.0,832.0,859.0,859.0,840.0,845.0,857.0,846.0,855.0,844.0,869.0,852.0,865.0,845.0,867.0,864.0,851.0,855.0,855.0,848.0,835.0,836.0,833.0,851.0,853.0,875.0,854.0,870.0,877.0,888.0,944.0,930.0,866.0,858.0,821.0,844.0,866.0,852.0,878.0,849.0,867.0,867.0,845.0,853.0,866.0,889.0,874.0,898.0,891.0,920.0,914.0,909.0,928.0,931.0,946.0,913.0,891.0,879.0,892.0,893.0,880.0,854.0,830.0,829.0,821.0,812.0,816.0,824.0,822.0,811.0,823.0,817.0,799.0,793.0,795.0,778.0,779.0,795.0,833.0,825.0,862.0,844.0,856.0,858.0,893.0,902.0,940.0,928.0,926.0,945.0,950.0,941.0,943.0,940.0,916.0,913.0,924.0,909.0,922.0,933.0,935.0,975.0,973.0,982.0,991.0,994.0,1026.0,1028.0,1027.0,1022.0,1037.0,1011.0,1040.0,998.0,962.0,952.0,928.0,932.0,911.0,903.0,916.0,914.0,895.0,893.0,879.0,878.0,913.0,904.0,905.0,894.0,908.0,900.0,922.0,881.0,899.0,933.0,971.0,992.0,1027.0,1012.0,1029.0,1012.0,973.0,934.0,907.0,891.0,880.0,864.0,855.0,801.0,764.0,768.0,740.0,747.0,727.0,743.0,737.0,731.0,715.0,736.0,734.0,732.0,719.0,739.0,736.0,739.0,756.0,761.0,758.0,808.0,814.0,808.0,787.0,766.0,769.0,761.0,767.0,779,795.0,783.0,787.0,801.0,793.0,800.0,784.0,800.0,800.0,823.0,848.0,862.0,888.0,905.0,906.0,911.0,884.0,898.0,864.0,843.0,817.0,805.0,792.0,761.0,739.0,725.0,709.0,708.0,688.0,702.0,697.0,675.0,689.0,673.0,670.0,667.0,662.0,677.0,677.0,664.0,657.0,664.0,679.0,669.0,658.0,666.0,651.0,661.0,658.0,663.0,656.0,655.0,655.0,663.0,660.0,658.0,655.0,661.0,648.0,658.0,655.0,660.0,654.0,646.0,663.0,649.0,656.0,659.0,663.0,657.0,655.0,656.0,651.0,652.0,659.0,651.0,651.0,660.0,650.0,658.0,670.0,652.0,664.0,661.0,657.0,662.0,657.0,656.0,657.0,658.0,670.0,648.0,653.0,663.0,657.0,665.0,661.0,667.0,665.0,659.0,659.0,658.0,661.0,657.0
676.0,676.0,673.0,663.0,669.0,676.0,679.0,660.0,669.0,668.0,679.0,668.0,676.0,676.0,673.0,671.0,679.0,662.0,674.0,669.0,669.0,667.0,662.0,674.0,662.0,675.0,671.0,674.0,658.0,664.0,679.0,674.0,668.0,658.0,661.0,665.0,672.0,675.0,669.0,663.0,672.0,664.0,664.0,679.0,665.0,667.0,661.0,664.0,663.0,661.0,675.0,675.0,656.0,667.0,664.0,664.0,658.0,660.0,675.0,653.0,659.0,669.0,668.0,663.0,665.0,667.0,668.0,657.0,659.0,652.0,663.0,669.0,664.0,663.0,664.0,664.0,663.0,659.0,666.0,672.0,672.0,671.0,675.0,675.0,672.0,667.0,680.0,679.0,668.0,678.0,682.0,680.0,679.0,676.0,675.0,672.0,670.0,671.0,671.0,679.0,677.0,676.0,680.0,675.0,683.0,682.0,670.0,677.0,673.0,688.0,673.0,675.0,676.0,681.0,672.0,658.0,677.0,678.0,681.0,681.0,675.0,676.0,683.0,689.0,680.0,683.0,685.0,678.0,672.0,691.0,687.0,687.0,688.0,695.0,704.0,697.0,699.0,711.0,693.0,696.0,685.0,682.0,689.0,689.0,674.0,684.0,680.0,675.0,693.0,686.0,689.0,668.0,690.0,681.0,692.0,684.0,686.0,695.0,695.0,692.0,689.0,692.0,674.0,689.0,688.0,697.0,684.0,681.0,695.0,687.0,686.0,679.0,684.0,676.0,680.0,686.0,683.0,676.0,688.0,675.0,688.0,673.0,677.0,675.0,677.0,685.0,680.0,686.0,674.0,693.0,680.0,687.0,698.0,693.0,694.0,671.0,698.0,701.0,679.0,691.0,703.0,684.0,677.0,701.0,692.0,693.0,693.0,684.0,708.0,692.0,706.0,699.0,692.0,699.0,709.0,705.0,714.0,710.0,716.0,707.0,712.0,704.0,708.0,709.0,704.0,703.0,697.0,686.0,699.0,697.0,699.0,693.0,694.0,707.0,713.0,716.0,707.0,707.0,724.0,716.0,711.0,704.0,710.0,710.0,733.0,713.0,713.0,722.0,718.0,709.0,727.0,709.0,704.0,703.0,698.0,692.0,699.0,690.0,692.0,689.0,693.0,678.0,689.0,679.0,687.0,683.0,667.0,662.0,692.0,685.0,693.0,681.0,681.0,693.0,694.0,676.0,686.0,689.0,697.0,686.0,704.0,686.0,700.0,692.0,691,686.0,694.0,685.0,695.0,703.0,689.0,687.0,696.0,674.0,684.0,690.0,684.0,693.0,697.0,696.0,685.0,692.0,683.0,680.0,694.0,684.0,687.0,680.0,671.0,684.0,679.0,670.0,679.0,670.0,668.0,678.0,664.0,670.0,673.0,662.0,670.0,669.0,661.0,673.0,664.0,664.0,654.0,675.0,657.0,657.0,657.0,674.0,672.0,662.0,671.0,676.0,675.0,663.0,669.0,652.0,666.0,654.0,668.0,672.0,667.0,659.0,670.0,667.0,661.0,660.0,666.0,680.0,666.0,666.0,661.0,652.0,676.0,667.0,664.0,654.0,672.0,658.0,667.0,664.0,670.0,676.0,655.0,668.0,672.0,661.0,667.0,666.0,658.0,676.0,665.0,675.0,657.0,662.0,665.0,671.0,665.0,660.0,661.0,668.0,666.0,679.0,671.0,663.0,672.0
807.0,808.0,807.0,824.0,793.0,805.0,803.0,806.0,798.0,792.0,808.0,809.0,814.0,812.0,804.0,804.0,800.0,796.0,799.0,796.0,795.0,804.0,810.0,797.0,806.0,795.0,810.0,803.0,804.0,826.0,827.0,825.0,807.0,811.0,826.0,809.0,801.0,790.0,788.0,801.0,802.0,790.0,791.0,772.0,788.0,785.0,782.0,781.0,794.0,796.0,779.0,793.0,792.0,776.0,802.0,793.0,780.0,779.0,792.0,791.0,782.0,789.0,783.0,767.0,769.0,782.0,754.0,780.0,779.0,773.0,798.0,798.0,800.0,804.0,801.0,776.0,784.0,797.0,775.0,795.0,788.0,805.0,810.0,806.0,818.0,844.0,864.0,860.0,825.0,830.0,819.0,817.0,826.0,832.0,830.0,841.0,842.0,862.0,846.0,846.0,853.0,860.0,880.0,886.0,867.0,872.0,862.0,860.0,857.0,880.0,872.0,875.0,881.0,879.0,866.0,858.0,878.0,866.0,873.0,864.0,880.0,890.0,883.0,891.0,879.0,862.0,856.0,861.0,870.0,866.0,885.0,878.0,899.0,898.0,907.0,907.0,935.0,968.0,963.0,892.0,864.0,862.0,869.0,876.0,872.0,890.0,875.0,854.0,868.0,874.0,895.0,883.0,919.0,916.0,906.0,912.0,928.0,925.0,945.0,941.0,933.0,945.0,915.0,910.0,911.0,903.0,917.0,894.0,872.0,869.0,865.0,840.0,845.0,869.0,834.0,839.0,855.0,830.0,853.0,834.0,816.0,805.0,815.0,825.0,833.0,865.0,885.0,863.0,869.0,881.0,893.0,904.0,914.0,932.0,927.0,965.0,934.0,947.0,955.0,951.0,974.0,923.0,917.0,944.0,930.0,944.0,961.0,960.0,979.0,981.0,991.0,996.0,1015.0,1016.0,1006.0,1019.0,1034.0,1044.0,1052.0,1017.0,1023.0,1012.0,982.0,962.0,952.0,933.0,947.0,956.0,943.0,936.0,919.0,931.0,917.0,916.0,931.0,959.0,950.0,955.0,937.0,945.0,947.0,954.0,981.0,1009.0,1028.0,1033.0,1058.0,1061.0,1056.0,1000.0,985.0,947.0,948.0,909.0,906.0,890.0,846.0,813.0,807.0,795.0,789.0,790.0,782.0,779.0,790.0,763.0,767.0,772.0,791.0,781.0,794.0,780.0,778.0,802.0,814.0,824.0,855.0,851.0,839.0,841.0,828.0,813.0,823.0,817.0,821,866.0,826.0,850.0,845.0,849.0,833.0,844.0,841.0,848.0,863.0,883.0,890.0,922.0,912.0,920.0,916.0,915.0,899.0,887.0,862.0,852.0,832.0,826.0,790.0,772.0,769.0,749.0,751.0,738.0,739.0,734.0,729.0,722.0,725.0,710.0,715.0,720.0,723.0,714.0,715.0,709.0,718.0,688.0,706.0,699.0,704.0,703.0,713.0,705.0,700.0,712.0,710.0,698.0,708.0,703.0,701.0,707.0,707.0,696.0,700.0,705.0,703.0,707.0,713.0,700.0,705.0,704.0,696.0,694.0,699.0,695.0,716.0,695.0,701.0,706.0,713.0,708.0,704.0,702.0,699.0,705.0,710.0,701.0,702.0,699.0,704.0,705.0,706.0,714.0,705.0,711.0,709.0,705.0,709.0,708.0,704.0,711.0,709.0,701.0,701.0,700.0,697.0,696.0,698.0
857.0,849.0,845.0,825.0,855.0,849.0,847.0,846.0,844.0,833.0,850.0,852.0,841.0,833.0,836.0,837.0,816.0,808.0,817.0,833.0,821.0,844.0,835.0,844.0,850.0,842.0,853.0,844.0,846.0,869.0,871.0,848.0,867.0,858.0,854.0,854.0,846.0,830.0,825.0,836.0,823.0,823.0,812.0,814.0,818.0,833.0,801.0,812.0,815.0,827.0,825.0,822.0,824.0,825.0,848.0,822.0,826.0,806.0,841.0,837.0,840.0,830.0,829.0,809.0,818.0,805.0,805.0,806.0,826.0,830.0,832.0,842.0,865.0,862.0,850.0,831.0,821.0,826.0,834.0,842.0,857.0,850.0,863.0,857.0,899.0,941.0,967.0,951.0,904.0,875.0,866.0,898.0,925.0,922.0,927.0,912.0,907.0,910.0,891.0,900.0,919.0,928.0,945.0,945.0,939.0,929.0,913.0,916.0,938.0,926.0,928.0,938.0,941.0,952.0,954.0,913.0,940.0,948.0,958.0,937.0,944.0,951.0,938.0,945.0,932.0,949.0,913.0,924.0,918.0,943.0,934.0,965.0,969.0,960.0,969.0,994.0,1052.0,1093.0,1068.0,961.0,934.0,932.0,943.0,944.0,943.0,966.0,952.0,953.0,930.0,940.0,953.0,952.0,984.0,973.0,987.0,1013.0,1015.0,1021.0,1035.0,1025.0,1030.0,1041.0,997.0,985.0,967.0,955.0,971.0,957.0,974.0,925.0,905.0,907.0,901.0,923.0,907.0,914.0,895.0,907.0,916.0,908.0,891.0,881.0,878.0,885.0,896.0,918.0,935.0,934.0,930.0,954.0,989.0,998.0,1060.0,1057.0,1045.0,1088.0,1069.0,1061.0,1079.0,1087.0,1045.0,1057.0,1020.0,1025.0,1036.0,1059.0,1069.0,1062.0,1076.0,1094.0,1124.0,1127.0,1154.0,1164.0,1149.0,1162.0,1180.0,1177.0,1183.0,1170.0,1144.0,1107.0,1081.0,1061.0,1057.0,1052.0,1033.0,1016.0,1052.0,1020.0,989.0,1013.0,1020.0,1002.0,1039.0,1025.0,1040.0,1025.0,1043.0,1035.0,1048.0,1029.0,1062.0,1113.0,1145.0,1168.0,1191.0,1183.0,1181.0,1142.0,1092.0,1063.0,1040.0,1017.0,995.0,965.0,916.0,875.0,839.0,834.0,821.0,810.0,819.0,805.0,796.0,795.0,813.0,794.0,806.0,796.0,819.0,817.0,819.0,845.0,847.0,867.0,917.0,927.0,930.0,890.0,882.0,868.0,849.0,839.0,881,898.0,888.0,882.0,900.0,892.0,884.0,887.0,883.0,921.0,931.0,939.0,990.0,1016.0,1027.0,1026.0,1008.0,1026.0,995.0,996.0,953.0,918.0,893.0,853.0,840.0,827.0,803.0,766.0,774.0,759.0,766.0,756.0,730.0,736.0,732.0,725.0,723.0,716.0,719.0,711.0,703.0,712.0,693.0,713.0,709.0,692.0,700.0,701.0,702.0,701.0,712.0,711.0,693.0,705.0,699.0,697.0,704.0,703.0,706.0,692.0,698.0,691.0,705.0,706.0,703.0,699.0,697.0,706.0,696.0,714.0,703.0,692.0,697.0,710.0,689.0,700.0,703.0,706.0,693.0,704.0,703.0,701.0,697.0,701.0,711.0,697.0,705.0,707.0,700.0,702.0,709.0,707.0,687.0,705.0,703.0,704.0,705.0,703.0,705.0,713.0,711.0,703.0,711.0,697.0,699.0
790.0,793.0,796.0,775.0,792.0,802.0,784.0,788.0,778.0,781.0,766.0,786.0,790.0,781.0,771.0,786.0,768.0,792.0,770.0,769.0,780.0,780.0,788.0,783.0,784.0,793.0,800.0,790.0,783.0,794.0,804.0,798.0,787.0,799.0,790.0,796.0,801.0,773.0,771.0,781.0,765.0,763.0,761.0,843.0,1116.0,755.0,775.0,760.0,746.0,785.0,768.0,766.0,762.0,777.0,789.0,775.0,758.0,759.0,747.0,781.0,782.0,756.0,769.0,742.0,748.0,764.0,756.0,747.0,768.0,762.0,767.0,786.0,809.0,816.0,790.0,763.0,769.0,776.0,785.0,767.0,791.0,794.0,779.0,776.0,803.0,837.0,863.0,838.0,832.0,809.0,794.0,809.0,829.0,835.0,813.0,829.0,820.0,837.0,804.0,828.0,843.0,839.0,861.0,864.0,859.0,840.0,835.0,835.0,842.0,866.0,850.0,839.0,856.0,867.0,879.0,846.0,873.0,860.0,869.0,852.0,862.0,872.0,887.0,866.0,833.0,853.0,847.0,871.0,847.0,838.0,869.0,870.0,872.0,881.0,872.0,907.0,922.0,1007.0,941.0,885.0,864.0,829.0,835.0,851.0,861.0,850.0,893.0,857.0,865.0,857.0,850.0,861.0,896.0,882.0,891.0,884.0,915.0,920.0,911.0,909.0,914.0,899.0,903.0,877.0,881.0,856.0,898.0,874.0,868.0,823.0,836.0,820.0,823.0,811.0,839.0,840.0,821.0,814.0,822.0,821.0,788.0,794.0,800.0,816.0,820.0,841.0,858.0,846.0,846.0,850.0,879.0,907.0,941.0,908.0,937.0,950.0,936.0,936.0,930.0,925.0,901.0,929.0,939.0,906.0,914.0,922.0,912.0,945.0,973.0,965.0,965.0,988.0,1000.0,1001.0,1018.0,1008.0,1024.0,1026.0,1018.0,1028.0,1007.0,967.0,954.0,924.0,928.0,915.0,908.0,911.0,904.0,907.0,887.0,893.0,893.0,891.0,917.0,903.0,941.0,946.0,909.0,911.0,919.0,935.0,946.0,993.0,1012.0,1013.0,1052.0,1025.0,1034.0,987.0,953.0,924.0,915.0,905.0,884.0,858.0,805.0,794.0,773.0,766.0,772.0,760.0,759.0,743.0,745.0,739.0,745.0,733.0,759.0,741.0,741.0,768.0,751.0,788.0,780.0,782.0,827.0,839.0,826.0,799.0,805.0,790.0,782.0,780.0,786,815.0,801.0,813.0,806.0,816.0,800.0,808.0,823.0,813.0,844.0,863.0,877.0,890.0,906.0,908.0,906.0,913.0,868.0,877.0,857.0,827.0,796.0,795.0,766.0,775.0,737.0,729.0,718.0,710.0,705.0,695.0,709.0,690.0,703.0,674.0,696.0,684.0,684.0,676.0,689.0,691.0,675.0,675.0,682.0,672.0,680.0,679.0,681.0,687.0,677.0,685.0,685.0,677.0,659.0,678.0,679.0,674.0,674.0,672.0,684.0,670.0,677.0,682.0,667.0,667.0,666.0,679.0,679.0,671.0,667.0,671.0,680.0,677.0,678.0,675.0,677.0,677.0,676.0,678.0,682.0,677.0,667.0,673.0,666.0,679.0,674.0,682.0,672.0,674.0,673.0,679.0,666.0,678.0,678.0,675.0,675.0,676.0,672.0,678.0,682.0,681.0,682.0,676.0,675.0
847.0,837.0,845.0,846.0,857.0,843.0,848.0,838.0,834.0,836.0,826.0,844.0,843.0,835.0,844.0,823.0,807.0,813.0,828.0,837.0,829.0,843.0,825.0,825.0,836.0,831.0,852.0,852.0,847.0,886.0,860.0,859.0,853.0,874.0,847.0,836.0,833.0,824.0,813.0,827.0,824.0,822.0,812.0,814.0,804.0,812.0,808.0,809.0,831.0,846.0,819.0,818.0,794.0,815.0,841.0,837.0,806.0,807.0,826.0,829.0,826.0,829.0,801.0,803.0,819.0,795.0,802.0,805.0,803.0,816.0,829.0,859.0,864.0,861.0,845.0,828.0,825.0,830.0,836.0,839.0,831.0,856.0,870.0,872.0,880.0,945.0,983.0,956.0,897.0,896.0,883.0,902.0,913.0,916.0,904.0,929.0,898.0,920.0,908.0,922.0,914.0,939.0,932.0,969.0,941.0,921.0,921.0,931.0,933.0,939.0,961.0,943.0,975.0,945.0,961.0,945.0,942.0,959.0,956.0,940.0,954.0,964.0,964.0,955.0,941.0,943.0,937.0,925.0,932.0,941.0,940.0,960.0,954.0,965.0,985.0,999.0,1032.0,1101.0,1063.0,980.0,947.0,946.0,937.0,950.0,977.0,952.0,950.0,952.0,932.0,944.0,974.0,955.0,981.0,972.0,986.0,997.0,1002.0,994.0,1025.0,1026.0,1034.0,1025.0,1005.0,987.0,977.0,962.0,971.0,976.0,945.0,925.0,903.0,895.0,873.0,914.0,910.0,905.0,882.0,883.0,894.0,884.0,890.0,879.0,878.0,883.0,885.0,914.0,956.0,934.0,940.0,964.0,998.0,1014.0,1047.0,1055.0,1072.0,1080.0,1070.0,1089.0,1067.0,1072.0,1065.0,1043.0,1045.0,1042.0,1025.0,1056.0,1082.0,1067.0,1102.0,1098.0,1120.0,1130.0,1160.0,1189.0,1168.0,1185.0,1198.0,1182.0,1216.0,1199.0,1169.0,1113.0,1085.0,1053.0,1052.0,1046.0,1020.0,1038.0,1020.0,1008.0,1006.0,1011.0,1009.0,1018.0,1014.0,1009.0,1024.0,1041.0,1073.0,1041.0,1016.0,1036.0,1061.0,1111.0,1182.0,1193.0,1198.0,1190.0,1177.0,1133.0,1091.0,1042.0,1022.0,1007.0,988.0,951.0,901.0,845.0,832.0,816.0,803.0,800.0,803.0,803.0,794.0,795.0,788.0,771.0,791.0,785.0,801.0,808.0,798.0,823.0,846.0,858.0,917.0,911.0,902.0,900.0,872.0,840.0,833.0,844.0,846,879.0,886.0,886.0,892.0,880.0,881.0,888.0,880.0,901.0,919.0,954.0,968.0,1024.0,1029.0,1043.0,1027.0,1033.0,988.0,979.0,940.0,915.0,885.0,859.0,812.0,827.0,785.0,761.0,749.0,744.0,743.0,735.0,726.0,713.0,710.0,717.0,724.0,705.0,707.0,693.0,703.0,685.0,686.0,686.0,699.0,679.0,688.0,691.0,683.0,685.0,680.0,684.0,682.0,690.0,689.0,678.0,688.0,691.0,683.0,676.0,690.0,680.0,690.0,684.0,688.0,691.0,679.0,700.0,681.0,684.0,684.0,685.0,682.0,674.0,688.0,681.0,691.0,687.0,694.0,678.0,692.0,681.0,692.0,685.0,693.0,687.0,685.0,686.0,686.0,685.0,693.0,684.0,682.0,679.0,692.0,688.0,686.0,677.0,685.0,684.0,694.0,685.0,694.0,689.0,689.0
876.0,876.0,896.0,881.0,881.0,875.0,861.0,881.0,879.0,872.0,897.0,884.0,859.0,867.0,859.0,858.0,849.0,863.0,855.0,852.0,863.0,876.0,885.0,871.0,858.0,888.0,873.0,882.0,882.0,900.0,912.0,903.0,894.0,891.0,884.0,870.0,877.0,869.0,865.0,854.0,864.0,854.0,852.0,854.0,852.0,828.0,820.0,838.0,839.0,857.0,869.0,862.0,860.0,869.0,853.0,864.0,844.0,839.0,849.0,871.0,889.0,871.0,856.0,832.0,843.0,825.0,833.0,837.0,850.0,847.0,871.0,895.0,920.0,913.0,908.0,863.0,852.0,869.0,870.0,884.0,877.0,894.0,888.0,928.0,935.0,1028.0,1049.0,998.0,955.0,945.0,942.0,956.0,978.0,962.0,968.0,963.0,969.0,965.0,923.0,953.0,960.0,993.0,1002.0,1016.0,985.0,958.0,980.0,959.0,971.0,997.0,982.0,987.0,987.0,1011.0,988.0,985.0,1004.0,996.0,988.0,982.0,994.0,1007.0,1010.0,1018.0,1011.0,981.0,995.0,1000.0,978.0,996.0,991.0,1007.0,1011.0,1007.0,1043.0,1066.0,1095.0,1186.0,1147.0,1035.0,991.0,973.0,1000.0,983.0,1000.0,1020.0,1022.0,991.0,1015.0,994.0,1021.0,1012.0,1024.0,1026.0,1029.0,1061.0,1070.0,1076.0,1111.0,1095.0,1095.0,1095.0,1074.0,1053.0,1031.0,1038.0,1025.0,1021.0,996.0,962.0,943.0,924.0,947.0,961.0,948.0,936.0,940.0,929.0,951.0,944.0,934.0,933.0,910.0,904.0,928.0,987.0,1002.0,1002.0,1010.0,1022.0,1056.0,1104.0,1129.0,1134.0,1140.0,1175.0,1170.0,1173.0,1157.0,1151.0,1155.0,1122.0,1114.0,1101.0,1108.0,1126.0,1143.0,1182.0,1171.0,1173.0,1215.0,1184.0,1242.0,1245.0,1273.0,1289.0,1283.0,1292.0,1300.0,1290.0,1266.0,1181.0,1161.0,1139.0,1091.0,1099.0,1095.0,1092.0,1071.0,1073.0,1079.0,1051.0,1040.0,1056.0,1063.0,1066.0,1068.0,1094.0,1075.0,1084.0,1072.0,1057.0,1098.0,1170.0,1235.0,1284.0,1278.0,1273.0,1242.0,1214.0,1163.0,1086.0,1066.0,1068.0,1047.0,1014.0,944.0,887.0,868.0,837.0,839.0,813.0,817.0,817.0,809.0,815.0,811.0,816.0,808.0,805.0,819.0,831.0,836.0,859.0,874.0,890.0,960.0,964.0,967.0,933.0,900.0,881.0,854.0,878.0,893,922.0,912.0,899.0,900.0,907.0,902.0,904.0,926.0,938.0,964.0,1010.0,1035.0,1069.0,1093.0,1107.0,1093.0,1110.0,1067.0,1043.0,1016.0,962.0,928.0,909.0,865.0,832.0,829.0,774.0,783.0,753.0,753.0,734.0,734.0,733.0,723.0,715.0,709.0,714.0,706.0,694.0,703.0,693.0,696.0,688.0,695.0,695.0,697.0,694.0,693.0,684.0,694.0,696.0,692.0,686.0,698.0,687.0,690.0,686.0,693.0,685.0,698.0,686.0,693.0,688.0,695.0,694.0,688.0,698.0,690.0,692.0,687.0,690.0,690.0,687.0,688.0,690.0,692.0,686.0,688.0,689.0,689.0,693.0,686.0,688.0,688.0,695.0,698.0,694.0,698.0,687.0,698.0,693.0,685.0,694.0,691.0,701.0,693.0,687.0,699.0,699.0,682.0,687.0,703.0,696.0,692.0
828.0,819.0,829.0,821.0,823.0,834.0,825.0,822.0,832.0,806.0,821.0,820.0,811.0,823.0,824.0,822.0,789.0,812.0,821.0,805.0,807.0,815.0,828.0,812.0,812.0,819.0,839.0,829.0,833.0,835.0,858.0,837.0,821.0,835.0,836.0,808.0,806.0,788.0,813.0,799.0,790.0,794.0,767.0,798.0,793.0,791.0,770.0,782.0,794.0,789.0,802.0,809.0,787.0,795.0,808.0,795.0,784.0,782.0,783.0,794.0,799.0,792.0,791.0,767.0,777.0,781.0,774.0,779.0,775.0,775.0,811.0,823.0,824.0,826.0,813.0,804.0,772.0,787.0,806.0,818.0,811.0,806.0,841.0,827.0,849.0,885.0,903.0,897.0,852.0,866.0,839.0,840.0,860.0,877.0,860.0,861.0,852.0,891.0,862.0,885.0,887.0,892.0,900.0,899.0,889.0,899.0,865.0,887.0,906.0,902.0,894.0,910.0,932.0,919.0,912.0,905.0,891.0,913.0,897.0,913.0,900.0,924.0,903.0,899.0,906.0,884.0,891.0,892.0,875.0,877.0,910.0,937.0,931.0,940.0,942.0,949.0,966.0,1015.0,1008.0,938.0,889.0,902.0,909.0,897.0,907.0,918.0,922.0,904.0,917.0,906.0,922.0,920.0,934.0,956.0,946.0,989.0,990.0,979.0,983.0,982.0,997.0,991.0,976.0,952.0,962.0,963.0,934.0,949.0,935.0,911.0,886.0,858.0,870.0,871.0,881.0,869.0,856.0,858.0,859.0,844.0,811.0,824.0,836.0,830.0,847.0,870.0,872.0,890.0,895.0,902.0,904.0,948.0,974.0,974.0,979.0,991.0,1001.0,1051.0,995.0,1021.0,993.0,972.0,980.0,981.0,986.0,974.0,998.0,1009.0,1038.0,1035.0,1058.0,1043.0,1061.0,1094.0,1097.0,1104.0,1114.0,1119.0,1090.0,1115.0,1085.0,1049.0,1009.0,1015.0,1017.0,1003.0,972.0,967.0,973.0,990.0,989.0,945.0,963.0,962.0,955.0,953.0,981.0,974.0,960.0,954.0,976.0,975.0,1001.0,1048.0,1075.0,1081.0,1106.0,1120.0,1095.0,1067.0,1013.0,989.0,944.0,925.0,908.0,899.0,842.0,809.0,793.0,764.0,782.0,769.0,788.0,759.0,759.0,770.0,768.0,732.0,780.0,756.0,790.0,779.0,785.0,791.0,811.0,803.0,858.0,860.0,862.0,834.0,820.0,801.0,799.0,796.0,826,824.0,833.0,835.0,855.0,825.0,844.0,820.0,848.0,850.0,876.0,896.0,922.0,954.0,984.0,980.0,950.0,956.0,939.0,929.0,902.0,855.0,836.0,832.0,794.0,764.0,752.0,746.0,750.0,736.0,721.0,725.0,708.0,708.0,706.0,691.0,705.0,701.0,692.0,695.0,681.0,681.0,683.0,686.0,680.0,685.0,688.0,679.0,686.0,683.0,678.0,688.0,669.0,676.0,680.0,682.0,677.0,683.0,678.0,685.0,688.0,679.0,676.0,682.0,674.0,673.0,669.0,684.0,694.0,672.0,677.0,659.0,685.0,671.0,680.0,675.0,670.0,679.0,690.0,669.0,683.0,681.0,677.0,665.0,666.0,670.0,702.0,683.0,682.0,681.0,672.0,689.0,685.0,678.0,681.0,696.0,684.0,674.0,686.0,676.0,674.0,681.0,682.0,682.0,693.0
847.0,850.0,855.0,878.0,848.0,842.0,860.0,838.0,865.0,857.0,853.0,846.0,851.0,851.0,842.0,848.0,830.0,835.0,844.0,844.0,843.0,833.0,845.0,839.0,848.0,847.0,845.0,869.0,854.0,877.0,887.0,871.0,869.0,874.0,873.0,836.0,850.0,846.0,839.0,827.0,811.0,828.0,817.0,818.0,813.0,805.0,808.0,825.0,812.0,838.0,821.0,815.0,816.0,811.0,832.0,828.0,815.0,811.0,814.0,853.0,848.0,844.0,822.0,818.0,811.0,798.0,794.0,808.0,798.0,822.0,833.0,851.0,872.0,886.0,861.0,846.0,835.0,820.0,842.0,839.0,866.0,857.0,865.0,860.0,900.0,953.0,1003.0,971.0,918.0,897.0,879.0,911.0,923.0,937.0,914.0,922.0,913.0,934.0,916.0,931.0,942.0,949.0,971.0,975.0,964.0,962.0,928.0,941.0,949.0,955.0,958.0,956.0,953.0,943.0,976.0,933.0,960.0,956.0,977.0,973.0,961.0,975.0,970.0,978.0,955.0,953.0,969.0,953.0,948.0,955.0,932.0,971.0,986.0,982.0,998.0,1006.0,1037.0,1123.0,1093.0,997.0,948.0,933.0,937.0,947.0,978.0,975.0,957.0,956.0,952.0,959.0,973.0,961.0,1002.0,974.0,1032.0,1048.0,1034.0,1033.0,1050.0,1099.0,1077.0,1065.0,1047.0,1011.0,991.0,993.0,1012.0,994.0,963.0,936.0,915.0,904.0,905.0,911.0,925.0,919.0,920.0,910.0,914.0,905.0,888.0,874.0,881.0,874.0,905.0,922.0,949.0,973.0,960.0,969.0,998.0,1009.0,1049.0,1071.0,1097.0,1095.0,1116.0,1083.0,1095.0,1084.0,1073.0,1058.0,1045.0,1077.0,1036.0,1072.0,1094.0,1092.0,1114.0,1121.0,1133.0,1151.0,1184.0,1215.0,1193.0,1206.0,1213.0,1240.0,1211.0,1224.0,1175.0,1142.0,1095.0,1078.0,1081.0,1058.0,1064.0,1055.0,1037.0,1037.0,1029.0,1011.0,1023.0,1025.0,1032.0,1034.0,1040.0,1063.0,1060.0,1038.0,1031.0,1030.0,1094.0,1116.0,1175.0,1190.0,1229.0,1185.0,1186.0,1153.0,1106.0,1051.0,1031.0,1020.0,1005.0,951.0,895.0,857.0,825.0,803.0,796.0,797.0,797.0,788.0,790.0,776.0,785.0,762.0,787.0,774.0,789.0,802.0,797.0,829.0,839.0,844.0,893.0,919.0,898.0,874.0,859.0,833.0,815.0,829.0,855,878.0,874.0,871.0,881.0,885.0,873.0,883.0,890.0,897.0,924.0,941.0,992.0,1036.0,1048.0,1043.0,1041.0,1014.0,1018.0,989.0,948.0,933.0,891.0,867.0,818.0,808.0,781.0,757.0,744.0,731.0,731.0,721.0,717.0,709.0,703.0,695.0,703.0,699.0,689.0,687.0,694.0,681.0,674.0,682.0,691.0,677.0,687.0,684.0,685.0,681.0,674.0,682.0,671.0,675.0,678.0,677.0,676.0,676.0,679.0,674.0,677.0,672.0,677.0,679.0,664.0,674.0,674.0,672.0,677.0,686.0,676.0,669.0,679.0,679.0,676.0,674.0,673.0,677.0,680.0,675.0,671.0,668.0,674.0,678.0,680.0,675.0,678.0,675.0,681.0,679.0,673.0,673.0,674.0,676.0,682.0,692.0,686.0,667.0,684.0,687.0,678.0,684.0,680.0,681.0,682.0
818.0,831.0,822.0,838.0,811.0,822.0,816.0,816.0,813.0,816.0,823.0,803.0,817.0,813.0,816.0,796.0,803.0,795.0,817.0,817.0,819.0,888.0,1929.0,877.0,810.0,825.0,812.0,823.0,820.0,846.0,842.0,833.0,825.0,826.0,834.0,803.0,816.0,803.0,814.0,800.0,796.0,792.0,785.0,783.0,795.0,770.0,780.0,782.0,767.0,801.0,789.0,780.0,792.0,775.0,808.0,810.0,780.0,785.0,785.0,795.0,798.0,800.0,797.0,772.0,778.0,774.0,767.0,776.0,779.0,780.0,814.0,811.0,836.0,848.0,822.0,787.0,797.0,800.0,808.0,818.0,809.0,815.0,827.0,834.0,858.0,890.0,898.0,914.0,865.0,852.0,842.0,852.0,875.0,860.0,873.0,901.0,879.0,895.0,863.0,861.0,890.0,898.0,917.0,916.0,910.0,896.0,898.0,882.0,910.0,919.0,933.0,917.0,923.0,933.0,923.0,910.0,916.0,918.0,920.0,905.0,906.0,933.0,915.0,927.0,911.0,909.0,894.0,893.0,903.0,905.0,924.0,920.0,931.0,922.0,944.0,951.0,996.0,1067.0,1055.0,940.0,900.0,889.0,898.0,913.0,918.0,935.0,929.0,913.0,917.0,919.0,952.0,917.0,921.0,958.0,964.0,991.0,990.0,991.0,986.0,1000.0,999.0,1002.0,1008.0,967.0,956.0,957.0,950.0,935.0,931.0,883.0,870.0,862.0,876.0,875.0,861.0,869.0,859.0,856.0,870.0,867.0,847.0,838.0,827.0,831.0,852.0,875.0,904.0,890.0,910.0,916.0,933.0,955.0,1002.0,1002.0,989.0,1030.0,1028.0,1032.0,1020.0,1017.0,1029.0,1007.0,997.0,1007.0,1003.0,1006.0,994.0,1026.0,1036.0,1055.0,1090.0,1083.0,1118.0,1130.0,1120.0,1131.0,1131.0,1161.0,1136.0,1161.0,1109.0,1066.0,1037.0,1013.0,1001.0,981.0,993.0,990.0,994.0,969.0,950.0,958.0,965.0,992.0,971.0,986.0,995.0,987.0,1006.0,983.0,980.0,979.0,1010.0,1062.0,1097.0,1136.0,1120.0,1133.0,1095.0,1090.0,1040.0,1009.0,966.0,964.0,935.0,885.0,870.0,815.0,792.0,777.0,776.0,771.0,763.0,746.0,754.0,769.0,744.0,736.0,755.0,759.0,755.0,758.0,765.0,790.0,807.0,827.0,854.0,870.0,856.0,836.0,830.0,798.0,790.0,793.0,814,827.0,834.0,841.0,844.0,836.0,845.0,831.0,844.0,862.0,863.0,898.0,942.0,961.0,981.0,991.0,987.0,964.0,936.0,929.0,918.0,870.0,840.0,827.0,798.0,770.0,762.0,738.0,727.0,718.0,707.0,714.0,692.0,699.0,687.0,684.0,688.0,672.0,677.0,679.0,675.0,666.0,665.0,668.0,677.0,662.0,659.0,676.0,666.0,674.0,652.0,670.0,671.0,660.0,664.0,661.0,661.0,663.0,660.0,658.0,672.0,660.0,661.0,661.0,661.0,664.0,658.0,665.0,654.0,654.0,662.0,660.0,674.0,664.0,654.0,653.0,664.0,658.0,673.0,655.0,663.0,662.0,672.0,657.0,668.0,665.0,670.0,660.0,660.0,670.0,659.0,672.0,651.0,669.0,668.0,670.0,655.0,651.0,668.0,673.0,668.0,663.0,668.0,657.0,670.0
803.0,793.0,792.0,786.0,782.0,791.0,799.0,787.0,784.0,777.0,783.0,788.0,784.0,782.0,782.0,766.0,762.0,763.0,790.0,782.0,779.0,792.0,776.0,769.0,777.0,773.0,781.0,788.0,800.0,804.0,813.0,801.0,811.0,799.0,793.0,777.0,776.0,764.0,775.0,782.0,762.0,758.0,745.0,747.0,757.0,756.0,748.0,741.0,762.0,777.0,748.0,760.0,756.0,770.0,766.0,757.0,747.0,744.0,753.0,754.0,774.0,790.0,756.0,761.0,758.0,753.0,760.0,755.0,760.0,752.0,758.0,782.0,821.0,800.0,781.0,769.0,774.0,763.0,771.0,796.0,781.0,804.0,804.0,805.0,844.0,834.0,884.0,861.0,821.0,809.0,817.0,819.0,824.0,837.0,836.0,842.0,831.0,853.0,825.0,856.0,845.0,857.0,870.0,879.0,855.0,859.0,842.0,854.0,845.0,878.0,845.0,875.0,884.0,883.0,862.0,863.0,866.0,854.0,870.0,875.0,872.0,867.0,863.0,872.0,848.0,874.0,851.0,866.0,851.0,855.0,863.0,868.0,850.0,877.0,858.0,889.0,916.0,957.0,942.0,881.0,859.0,829.0,838.0,856.0,865.0,873.0,854.0,859.0,865.0,850.0,866.0,865.0,878.0,889.0,906.0,909.0,920.0,914.0,942.0,931.0,937.0,933.0,922.0,910.0,903.0,878.0,899.0,895.0,876.0,839.0,827.0,815.0,827.0,829.0,826.0,822.0,814.0,822.0,830.0,810.0,792.0,811.0,802.0,791.0,822.0,843.0,852.0,841.0,850.0,862.0,886.0,899.0,943.0,942.0,942.0,957.0,951.0,979.0,953.0,962.0,945.0,919.0,934.0,936.0,923.0,939.0,952.0,953.0,985.0,993.0,995.0,1003.0,1002.0,1035.0,1042.0,1026.0,1050.0,1073.0,1072.0,1046.0,1007.0,1000.0,971.0,957.0,932.0,942.0,941.0,933.0,931.0,899.0,900.0,893.0,903.0,902.0,904.0,911.0,908.0,904.0,903.0,906.0,893.0,917.0,944.0,964.0,1014.0,1041.0,1035.0,1026.0,1014.0,986.0,974.0,911.0,881.0,873.0,885.0,855.0,810.0,771.0,761.0,753.0,749.0,746.0,744.0,735.0,730.0,725.0,732.0,723.0,745.0,722.0,731.0,740.0,733.0,770.0,764.0,785.0,814.0,816.0,823.0,821.0,786.0,767.0,759.0,769.0,784,791.0,798.0,798.0,785.0,793.0,804.0,787.0,814.0,809.0,818.0,858.0,872.0,905.0,927.0,916.0,926.0,917.0,903.0,870.0,857.0,838.0,815.0,810.0,769.0,753.0,732.0,714.0,716.0,698.0,701.0,687.0,688.0,686.0,670.0,684.0,682.0,666.0,668.0,676.0,666.0,664.0,669.0,670.0,666.0,655.0,675.0,660.0,656.0,673.0,665.0,663.0,654.0,661.0,663.0,652.0,663.0,661.0,658.0,649.0,659.0,665.0,661.0,653.0,661.0,657.0,655.0,664.0,650.0,659.0,661.0,654.0,665.0,663.0,657.0,662.0,659.0,646.0,661.0,655.0,666.0,674.0,666.0,659.0,662.0,667.0,670.0,675.0,651.0,662.0,665.0,673.0,664.0,664.0,663.0,662.0,669.0,656.0,657.0,660.0,668.0,662.0,661.0,667.0,672.0
656.0,660.0,663.0,653.0,652.0,656.0,655.0,643.0,652.0,654.0,658.0,661.0,671.0,644.0,659.0,660.0,658.0,659.0,651.0,658.0,649.0,664.0,646.0,650.0,654.0,652.0,654.0,650.0,654.0,660.0,658.0,656.0,657.0,651.0,648.0,654.0,653.0,645.0,658.0,644.0,648.0,649.0,647.0,651.0,653.0,655.0,654.0,660.0,655.0,648.0,658.0,659.0,648.0,658.0,647.0,656.0,641.0,660.0,644.0,634.0,648.0,651.0,650.0,642.0,658.0,647.0,646.0,641.0,646.0,631.0,654.0,652.0,641.0,645.0,649.0,648.0,638.0,651.0,641.0,641.0,642.0,646.0,652.0,656.0,656.0,656.0,662.0,667.0,655.0,650.0,660.0,658.0,661.0,652.0,664.0,653.0,648.0,668.0,651.0,660.0,658.0,663.0,664.0,679.0,664.0,665.0,657.0,660.0,665.0,666.0,653.0,659.0,651.0,662.0,661.0,666.0,666.0,677.0,664.0,663.0,659.0,677.0,662.0,658.0,662.0,658.0,668.0,663.0,658.0,653.0,669.0,662.0,678.0,681.0,681.0,694.0,694.0,686.0,681.0,680.0,669.0,663.0,669.0,660.0,661.0,654.0,658.0,665.0,663.0,672.0,665.0,651.0,679.0,668.0,667.0,667.0,677.0,669.0,680.0,670.0,664.0,671.0,674.0,669.0,667.0,675.0,665.0,667.0,664.0,673.0,670.0,657.0,663.0,662.0,651.0,669.0,675.0,662.0,662.0,658.0,656.0,657.0,665.0,652.0,660.0,662.0,671.0,662.0,659.0,662.0,669.0,672.0,670.0,677.0,672.0,673.0,670.0,674.0,663.0,675.0,672.0,668.0,668.0,674.0,667.0,680.0,678.0,671.0,690.0,683.0,676.0,686.0,681.0,684.0,684.0,690.0,685.0,694.0,689.0,688.0,686.0,697.0,688.0,693.0,680.0,692.0,683.0,680.0,682.0,681.0,686.0,688.0,681.0,696.0,679.0,698.0,689.0,699.0,691.0,689.0,694.0,692.0,693.0,697.0,703.0,699.0,699.0,702.0,707.0,699.0,692.0,684.0,692.0,680.0,689.0,680.0,677.0,675.0,674.0,663.0,660.0,658.0,672.0,660.0,666.0,664.0,660.0,641.0,671.0,658.0,671.0,673.0,662.0,674.0,671.0,657.0,673.0,672.0,691.0,678.0,682.0,662.0,679.0,672.0,676,679.0,671.0,690.0,679.0,675.0,675.0,675.0,667.0,665.0,668.0,677.0,659.0,675.0,677.0,675.0,672.0,670.0,667.0,674.0,662.0,664.0,658.0,673.0,658.0,668.0,647.0,647.0,649.0,647.0,655.0,652.0,652.0,644.0,659.0,649.0,652.0,646.0,641.0,656.0,652.0,646.0,650.0,649.0,647.0,654.0,643.0,660.0,640.0,656.0,647.0,646.0,645.0,643.0,657.0,650.0,653.0,643.0,654.0,631.0,656.0,649.0,645.0,646.0,646.0,646.0,652.0,647.0,644.0,649.0,647.0,640.0,655.0,646.0,649.0,649.0,649.0,647.0,651.0,654.0,655.0,645.0,648.0,645.0,653.0,647.0,658.0,656.0,642.0,651.0,657.0,667.0,648.0,641.0,644.0,652.0,648.0,641.0,654.0,657.0,658.0,643.0,649.0,657.0,643.0
773.0,770.0,787.0,778.0,770.0,774.0,772.0,775.0,774.0,770.0,783.0,799.0,780.0,772.0,788.0,773.0,770.0,767.0,768.0,776.0,776.0,775.0,762.0,783.0,778.0,778.0,788.0,785.0,769.0,800.0,798.0,798.0,785.0,788.0,793.0,790.0,785.0,765.0,774.0,770.0,760.0,766.0,749.0,751.0,758.0,747.0,754.0,779.0,764.0,770.0,766.0,761.0,755.0,758.0,771.0,761.0,758.0,750.0,762.0,771.0,762.0,772.0,747.0,746.0,760.0,763.0,744.0,746.0,757.0,744.0,767.0,779.0,778.0,774.0,774.0,760.0,759.0,764.0,762.0,768.0,770.0,787.0,774.0,789.0,804.0,825.0,857.0,829.0,807.0,797.0,794.0,799.0,805.0,804.0,806.0,808.0,803.0,819.0,807.0,815.0,820.0,831.0,842.0,843.0,828.0,827.0,825.0,822.0,841.0,846.0,840.0,847.0,839.0,845.0,829.0,824.0,848.0,837.0,837.0,832.0,831.0,855.0,839.0,859.0,832.0,835.0,834.0,817.0,834.0,829.0,840.0,863.0,859.0,863.0,863.0,871.0,892.0,923.0,920.0,861.0,838.0,827.0,823.0,821.0,847.0,844.0,828.0,833.0,842.0,833.0,853.0,850.0,867.0,864.0,861.0,868.0,892.0,879.0,900.0,903.0,897.0,908.0,875.0,869.0,861.0,854.0,857.0,855.0,843.0,829.0,833.0,816.0,812.0,825.0,817.0,811.0,804.0,810.0,830.0,799.0,795.0,801.0,787.0,794.0,800.0,829.0,818.0,840.0,836.0,841.0,850.0,851.0,891.0,895.0,886.0,913.0,900.0,912.0,910.0,915.0,920.0,907.0,878.0,915.0,886.0,885.0,920.0,919.0,932.0,933.0,935.0,930.0,962.0,957.0,970.0,976.0,973.0,978.0,1009.0,978.0,953.0,960.0,934.0,916.0,911.0,903.0,929.0,915.0,909.0,884.0,869.0,896.0,894.0,877.0,905.0,922.0,911.0,908.0,906.0,921.0,913.0,917.0,933.0,958.0,993.0,990.0,990.0,1000.0,981.0,957.0,927.0,904.0,899.0,882.0,863.0,845.0,819.0,793.0,790.0,777.0,760.0,758.0,754.0,764.0,761.0,753.0,758.0,761.0,765.0,743.0,759.0,764.0,757.0,768.0,787.0,788.0,822.0,830.0,818.0,803.0,800.0,785.0,792.0,796.0,797,818.0,801.0,829.0,808.0,821.0,809.0,801.0,815.0,820.0,819.0,852.0,860.0,890.0,887.0,888.0,870.0,871.0,862.0,859.0,836.0,813.0,812.0,798.0,752.0,752.0,747.0,728.0,724.0,712.0,717.0,711.0,715.0,703.0,711.0,695.0,702.0,700.0,696.0,702.0,698.0,697.0,701.0,680.0,689.0,684.0,686.0,694.0,698.0,686.0,690.0,696.0,698.0,690.0,681.0,687.0,686.0,683.0,682.0,688.0,693.0,686.0,686.0,692.0,691.0,688.0,701.0,686.0,689.0,685.0,682.0,677.0,696.0,684.0,686.0,685.0,688.0,691.0,684.0,690.0,683.0,687.0,689.0,680.0,683.0,685.0,692.0,692.0,692.0,690.0,690.0,698.0,689.0,691.0,687.0,688.0,690.0,693.0,692.0,680.0,691.0,673.0,692.0,685.0,694.0
834.0,835.0,829.0,824.0,835.0,821.0,834.0,830.0,821.0,805.0,827.0,825.0,826.0,818.0,829.0,815.0,807.0,799.0,814.0,815.0,819.0,829.0,820.0,823.0,830.0,813.0,823.0,841.0,831.0,845.0,849.0,836.0,843.0,835.0,835.0,819.0,827.0,820.0,817.0,814.0,806.0,809.0,789.0,811.0,809.0,810.0,782.0,801.0,800.0,808.0,818.0,802.0,803.0,820.0,836.0,810.0,806.0,788.0,810.0,816.0,819.0,818.0,805.0,800.0,788.0,782.0,791.0,783.0,809.0,806.0,817.0,815.0,857.0,839.0,840.0,821.0,809.0,816.0,812.0,827.0,830.0,836.0,844.0,833.0,860.0,917.0,928.0,927.0,886.0,859.0,857.0,877.0,888.0,892.0,896.0,897.0,869.0,893.0,872.0,883.0,899.0,912.0,937.0,923.0,920.0,909.0,891.0,902.0,921.0,910.0,911.0,921.0,911.0,941.0,932.0,901.0,914.0,930.0,926.0,924.0,922.0,943.0,919.0,932.0,926.0,937.0,905.0,925.0,923.0,923.0,904.0,921.0,942.0,940.0,944.0,963.0,1013.0,1058.0,1049.0,934.0,916.0,910.0,926.0,919.0,918.0,944.0,919.0,928.0,910.0,912.0,931.0,933.0,974.0,936.0,951.0,974.0,975.0,987.0,1001.0,986.0,1000.0,991.0,969.0,957.0,932.0,928.0,940.0,936.0,934.0,899.0,892.0,875.0,875.0,888.0,886.0,889.0,870.0,871.0,881.0,881.0,871.0,856.0,853.0,867.0,877.0,889.0,917.0,926.0,908.0,936.0,960.0,967.0,1011.0,1013.0,1018.0,1049.0,1054.0,1047.0,1047.0,1039.0,1007.0,1013.0,998.0,1009.0,997.0,1019.0,1018.0,1025.0,1052.0,1054.0,1073.0,1091.0,1103.0,1132.0,1121.0,1119.0,1117.0,1125.0,1154.0,1140.0,1103.0,1071.0,1047.0,1037.0,1017.0,1007.0,995.0,992.0,1008.0,969.0,972.0,972.0,977.0,965.0,985.0,1001.0,997.0,985.0,1007.0,1002.0,1001.0,992.0,1022.0,1080.0,1106.0,1123.0,1163.0,1139.0,1133.0,1100.0,1052.0,1009.0,1007.0,975.0,969.0,913.0,888.0,846.0,817.0,818.0,806.0,786.0,799.0,800.0,787.0,780.0,782.0,773.0,786.0,779.0,797.0,804.0,802.0,825.0,830.0,838.0,886.0,882.0,900.0,858.0,841.0,831.0,834.0,830.0,852,876.0,868.0,870.0,860.0,867.0,864.0,874.0,869.0,899.0,908.0,913.0,965.0,984.0,989.0,1000.0,996.0,1001.0,966.0,962.0,926.0,879.0,872.0,845.0,809.0,806.0,784.0,755.0,758.0,749.0,743.0,732.0,720.0,732.0,719.0,715.0,709.0,706.0,704.0,707.0,701.0,702.0,688.0,695.0,695.0,686.0,691.0,691.0,704.0,688.0,697.0,699.0,680.0,697.0,694.0,682.0,690.0,692.0,697.0,689.0,681.0,674.0,691.0,690.0,690.0,695.0,686.0,692.0,686.0,701.0,698.0,677.0,683.0,692.0,685.0,692.0,691.0,691.0,694.0,696.0,696.0,692.0,689.0,691.0,681.0,688.0,697.0,697.0,684.0,694.0,697.0,701.0,684.0,696.0,694.0,689.0,695.0,692.0,702.0,696.0,696.0,697.0,693.0,692.0,688.0
784.0,796.0,778.0,807.0,781.0,779.0,804.0,783.0,794.0,781.0,791.0,791.0,769.0,787.0,783.0,792.0,784.0,802.0,785.0,772.0,797.0,787.0,806.0,781.0,779.0,783.0,792.0,796.0,816.0,805.0,827.0,816.0,804.0,792.0,807.0,786.0,783.0,771.0,784.0,783.0,785.0,782.0,768.0,761.0,768.0,789.0,769.0,780.0,776.0,784.0,791.0,766.0,761.0,789.0,795.0,773.0,772.0,758.0,776.0,787.0,803.0,798.0,761.0,768.0,762.0,759.0,760.0,763.0,788.0,763.0,786.0,793.0,808.0,810.0,795.0,788.0,775.0,800.0,795.0,792.0,815.0,793.0,798.0,805.0,857.0,855.0,869.0,873.0,830.0,842.0,832.0,831.0,843.0,832.0,834.0,840.0,831.0,832.0,836.0,837.0,850.0,859.0,863.0,868.0,861.0,884.0,856.0,845.0,845.0,878.0,874.0,876.0,857.0,876.0,858.0,859.0,865.0,879.0,876.0,865.0,879.0,891.0,891.0,875.0,876.0,858.0,878.0,866.0,867.0,853.0,863.0,872.0,866.0,870.0,884.0,918.0,953.0,1005.0,967.0,898.0,878.0,872.0,841.0,888.0,862.0,885.0,865.0,859.0,879.0,881.0,886.0,886.0,874.0,901.0,905.0,905.0,928.0,932.0,918.0,946.0,933.0,914.0,921.0,871.0,884.0,880.0,899.0,896.0,888.0,835.0,841.0,846.0,838.0,842.0,862.0,859.0,829.0,839.0,823.0,837.0,835.0,829.0,835.0,815.0,822.0,866.0,868.0,889.0,881.0,889.0,907.0,921.0,944.0,953.0,946.0,949.0,950.0,962.0,968.0,978.0,965.0,927.0,939.0,922.0,939.0,965.0,966.0,972.0,984.0,988.0,1002.0,1012.0,1045.0,1035.0,1047.0,1066.0,1062.0,1062.0,1074.0,1054.0,1044.0,1004.0,976.0,965.0,950.0,945.0,934.0,942.0,948.0,916.0,922.0,920.0,924.0,927.0,924.0,931.0,940.0,932.0,960.0,940.0,936.0,946.0,940.0,1007.0,1071.0,1067.0,1070.0,1064.0,1043.0,1011.0,967.0,967.0,934.0,920.0,902.0,900.0,847.0,807.0,787.0,783.0,781.0,773.0,762.0,775.0,766.0,755.0,760.0,767.0,771.0,754.0,761.0,786.0,770.0,801.0,799.0,816.0,846.0,847.0,861.0,849.0,836.0,803.0,807.0,803.0,809,830.0,848.0,839.0,837.0,825.0,845.0,837.0,828.0,857.0,878.0,881.0,892.0,915.0,946.0,954.0,945.0,946.0,904.0,915.0,888.0,850.0,832.0,818.0,791.0,787.0,768.0,751.0,728.0,728.0,718.0,717.0,723.0,702.0,702.0,691.0,699.0,696.0,699.0,688.0,697.0,687.0,694.0,681.0,690.0,681.0,691.0,678.0,684.0,696.0,677.0,692.0,687.0,701.0,693.0,671.0,699.0,686.0,683.0,688.0,683.0,674.0,686.0,680.0,676.0,681.0,674.0,697.0,671.0,681.0,685.0,690.0,674.0,691.0,678.0,691.0,672.0,684.0,684.0,685.0,681.0,681.0,674.0,673.0,686.0,681.0,681.0,679.0,691.0,680.0,683.0,694.0,688.0,678.0,686.0,696.0,702.0,692.0,681.0,676.0,687.0,680.0,693.0,687.0,690.0
786.0,797.0,787.0,793.0,798.0,801.0,788.0,792.0,798.0,780.0,787.0,793.0,805.0,778.0,778.0,773.0,761.0,770.0,772.0,785.0,783.0,780.0,791.0,783.0,785.0,785.0,779.0,807.0,799.0,804.0,806.0,818.0,795.0,815.0,791.0,785.0,776.0,773.0,767.0,784.0,779.0,774.0,764.0,769.0,761.0,762.0,760.0,763.0,782.0,781.0,782.0,772.0,760.0,772.0,789.0,772.0,762.0,747.0,778.0,786.0,778.0,775.0,768.0,760.0,770.0,764.0,751.0,752.0,758.0,750.0,783.0,785.0,809.0,815.0,793.0,782.0,770.0,769.0,776.0,780.0,793.0,789.0,810.0,815.0,821.0,862.0,890.0,873.0,837.0,817.0,819.0,834.0,857.0,829.0,839.0,846.0,827.0,850.0,840.0,842.0,847.0,857.0,864.0,882.0,863.0,846.0,846.0,848.0,876.0,872.0,876.0,875.0,874.0,875.0,892.0,861.0,862.0,895.0,875.0,874.0,867.0,883.0,886.0,877.0,862.0,879.0,870.0,859.0,861.0,865.0,852.0,882.0,882.0,887.0,896.0,903.0,934.0,991.0,953.0,895.0,877.0,864.0,862.0,878.0,890.0,870.0,868.0,865.0,872.0,866.0,887.0,888.0,889.0,895.0,898.0,917.0,911.0,903.0,938.0,940.0,942.0,939.0,925.0,900.0,897.0,875.0,877.0,887.0,872.0,851.0,841.0,835.0,808.0,852.0,842.0,834.0,824.0,834.0,821.0,815.0,807.0,814.0,823.0,807.0,827.0,843.0,870.0,874.0,861.0,876.0,905.0,914.0,939.0,939.0,947.0,971.0,962.0,969.0,968.0,964.0,961.0,930.0,935.0,929.0,926.0,945.0,963.0,960.0,984.0,986.0,1008.0,1006.0,1021.0,1048.0,1026.0,1047.0,1054.0,1055.0,1046.0,1073.0,1044.0,1002.0,978.0,957.0,958.0,932.0,921.0,940.0,934.0,913.0,913.0,932.0,929.0,922.0,918.0,923.0,923.0,942.0,963.0,931.0,934.0,921.0,949.0,991.0,1039.0,1063.0,1063.0,1049.0,1027.0,1016.0,984.0,943.0,934.0,905.0,912.0,877.0,827.0,787.0,770.0,768.0,774.0,762.0,756.0,759.0,749.0,753.0,747.0,744.0,753.0,749.0,762.0,767.0,757.0,781.0,792.0,808.0,844.0,835.0,831.0,821.0,809.0,785.0,787.0,780.0,801,816.0,828.0,813.0,820.0,815.0,817.0,824.0,816.0,840.0,850.0,873.0,890.0,933.0,933.0,935.0,928.0,942.0,904.0,894.0,862.0,842.0,810.0,802.0,773.0,767.0,744.0,727.0,724.0,707.0,710.0,706.0,696.0,685.0,683.0,692.0,689.0,678.0,679.0,681.0,675.0,665.0,666.0,670.0,673.0,663.0,677.0,665.0,655.0,659.0,656.0,660.0,665.0,668.0,672.0,667.0,669.0,671.0,665.0,662.0,671.0,663.0,672.0,652.0,663.0,661.0,665.0,678.0,666.0,667.0,666.0,664.0,663.0,665.0,668.0,674.0,667.0,660.0,669.0,665.0,673.0,664.0,664.0,669.0,667.0,673.0,674.0,671.0,654.0,664.0,671.0,666.0,658.0,667.0,671.0,669.0,672.0,664.0,668.0,666.0,664.0,665.0,673.0,667.0,670.0
823.0,824.0,815.0,821.0,827.0,812.0,814.0,817.0,823.0,815.0,828.0,810.0,811.0,798.0,802.0,800.0,800.0,794.0,792.0,806.0,815.0,808.0,809.0,795.0,810.0,819.0,817.0,822.0,812.0,843.0,819.0,830.0,808.0,813.0,821.0,813.0,813.0,802.0,801.0,793.0,809.0,798.0,793.0,794.0,797.0,783.0,767.0,786.0,778.0,795.0,799.0,784.0,791.0,799.0,792.0,803.0,783.0,793.0,787.0,810.0,816.0,814.0,789.0,782.0,789.0,779.0,772.0,782.0,794.0,798.0,814.0,823.0,835.0,831.0,812.0,799.0,799.0,796.0,805.0,805.0,816.0,821.0,817.0,827.0,869.0,895.0,918.0,889.0,860.0,849.0,838.0,859.0,863.0,868.0,877.0,864.0,874.0,877.0,857.0,873.0,890.0,896.0,900.0,908.0,890.0,876.0,876.0,891.0,893.0,894.0,908.0,911.0,886.0,909.0,911.0,896.0,901.0,884.0,905.0,894.0,908.0,915.0,904.0,896.0,909.0,884.0,892.0,902.0,893.0,887.0,900.0,916.0,923.0,910.0,941.0,961.0,967.0,1028.0,1007.0,914.0,902.0,881.0,883.0,875.0,927.0,911.0,907.0,905.0,924.0,903.0,926.0,926.0,937.0,922.0,955.0,955.0,965.0,966.0,982.0,997.0,1002.0,974.0,971.0,958.0,918.0,937.0,949.0,920.0,913.0,894.0,871.0,868.0,879.0,876.0,872.0,877.0,870.0,859.0,866.0,848.0,841.0,833.0,838.0,838.0,862.0,891.0,905.0,894.0,895.0,939.0,927.0,970.0,990.0,1006.0,1002.0,1022.0,1018.0,1013.0,1007.0,993.0,1014.0,991.0,977.0,986.0,980.0,990.0,1005.0,1010.0,1024.0,1024.0,1071.0,1064.0,1094.0,1103.0,1078.0,1099.0,1092.0,1111.0,1111.0,1104.0,1092.0,1029.0,1016.0,998.0,977.0,975.0,975.0,975.0,969.0,975.0,954.0,963.0,951.0,948.0,969.0,957.0,964.0,971.0,971.0,971.0,971.0,957.0,981.0,1035.0,1066.0,1100.0,1125.0,1109.0,1102.0,1068.0,1042.0,982.0,948.0,958.0,931.0,898.0,858.0,826.0,795.0,795.0,786.0,770.0,785.0,783.0,774.0,761.0,773.0,761.0,768.0,763.0,775.0,775.0,782.0,793.0,820.0,821.0,878.0,869.0,872.0,865.0,838.0,828.0,809.0,814.0,833,848.0,834.0,849.0,834.0,835.0,830.0,861.0,856.0,875.0,881.0,904.0,931.0,958.0,984.0,987.0,982.0,982.0,940.0,935.0,907.0,887.0,853.0,846.0,806.0,787.0,768.0,756.0,757.0,734.0,734.0,711.0,710.0,712.0,709.0,694.0,709.0,703.0,694.0,689.0,690.0,687.0,684.0,690.0,690.0,682.0,676.0,686.0,681.0,683.0,679.0,681.0,671.0,687.0,694.0,682.0,675.0,671.0,684.0,683.0,688.0,690.0,687.0,677.0,682.0,685.0,674.0,691.0,678.0,690.0,680.0,678.0,689.0,681.0,683.0,682.0,670.0,672.0,682.0,683.0,682.0,677.0,677.0,675.0,687.0,687.0,684.0,684.0,681.0,683.0,676.0,686.0,679.0,684.0,678.0,693.0,680.0,685.0,687.0,685.0,679.0,669.0,685.0,683.0,687.0
828.0,814.0,804.0,822.0,803.0,820.0,828.0,820.0,827.0,813.0,806.0,813.0,823.0,806.0,799.0,785.0,779.0,794.0,794.0,794.0,805.0,811.0,788.0,803.0,822.0,823.0,824.0,811.0,818.0,841.0,831.0,825.0,819.0,827.0,823.0,825.0,783.0,806.0,807.0,799.0,793.0,793.0,793.0,787.0,783.0,792.0,781.0,783.0,790.0,797.0,801.0,782.0,787.0,785.0,795.0,795.0,792.0,798.0,795.0,804.0,808.0,798.0,773.0,785.0,776.0,770.0,773.0,779.0,783.0,805.0,833.0,808.0,836.0,855.0,831.0,807.0,774.0,789.0,811.0,792.0,802.0,822.0,817.0,826.0,837.0,907.0,921.0,897.0,873.0,849.0,861.0,854.0,877.0,892.0,870.0,866.0,852.0,872.0,859.0,863.0,878.0,879.0,884.0,897.0,889.0,891.0,890.0,860.0,868.0,906.0,884.0,910.0,924.0,900.0,895.0,900.0,904.0,898.0,908.0,906.0,885.0,908.0,917.0,907.0,914.0,894.0,869.0,893.0,869.0,888.0,883.0,908.0,918.0,906.0,909.0,914.0,978.0,1025.0,993.0,924.0,879.0,866.0,880.0,895.0,907.0,897.0,896.0,901.0,900.0,899.0,920.0,918.0,931.0,961.0,932.0,951.0,945.0,952.0,993.0,980.0,980.0,987.0,971.0,945.0,916.0,933.0,922.0,921.0,919.0,870.0,876.0,830.0,856.0,871.0,863.0,864.0,847.0,859.0,839.0,851.0,845.0,838.0,842.0,827.0,833.0,884.0,877.0,894.0,907.0,887.0,926.0,946.0,974.0,977.0,1001.0,1003.0,1020.0,1040.0,990.0,1007.0,1011.0,990.0,993.0,971.0,976.0,971.0,984.0,1025.0,1041.0,1030.0,1041.0,1057.0,1084.0,1108.0,1090.0,1089.0,1115.0,1127.0,1111.0,1129.0,1078.0,1010.0,981.0,984.0,1017.0,962.0,984.0,967.0,969.0,979.0,962.0,957.0,957.0,955.0,945.0,951.0,956.0,944.0,952.0,962.0,950.0,960.0,984.0,1017.0,1050.0,1061.0,1096.0,1078.0,1075.0,1052.0,1032.0,968.0,961.0,978.0,959.0,909.0,854.0,806.0,797.0,777.0,778.0,766.0,772.0,758.0,764.0,781.0,768.0,756.0,771.0,742.0,765.0,775.0,775.0,789.0,809.0,816.0,874.0,866.0,862.0,855.0,817.0,822.0,798.0,826.0,825,838.0,833.0,846.0,837.0,854.0,832.0,836.0,843.0,857.0,883.0,897.0,918.0,955.0,987.0,953.0,961.0,974.0,951.0,939.0,889.0,870.0,823.0,848.0,804.0,785.0,762.0,757.0,745.0,736.0,732.0,737.0,706.0,696.0,698.0,704.0,698.0,703.0,689.0,695.0,689.0,676.0,690.0,670.0,689.0,681.0,679.0,678.0,683.0,675.0,680.0,675.0,684.0,688.0,674.0,684.0,672.0,666.0,679.0,660.0,682.0,666.0,682.0,676.0,665.0,676.0,680.0,675.0,675.0,680.0,672.0,677.0,685.0,676.0,679.0,665.0,683.0,680.0,677.0,668.0,683.0,675.0,681.0,673.0,682.0,678.0,684.0,676.0,679.0,682.0,672.0,678.0,675.0,692.0,685.0,670.0,670.0,679.0,689.0,686.0,678.0,693.0,678.0,674.0,678.0
823.0,819.0,836.0,848.0,820.0,828.0,817.0,806.0,826.0,831.0,826.0,819.0,824.0,819.0,816.0,817.0,810.0,807.0,823.0,821.0,812.0,813.0,815.0,806.0,810.0,810.0,824.0,842.0,832.0,840.0,846.0,847.0,841.0,839.0,844.0,813.0,812.0,817.0,808.0,801.0,785.0,800.0,786.0,780.0,795.0,778.0,782.0,793.0,783.0,805.0,803.0,791.0,793.0,797.0,801.0,794.0,789.0,786.0,781.0,825.0,822.0,813.0,797.0,791.0,784.0,773.0,782.0,784.0,787.0,792.0,812.0,811.0,832.0,831.0,838.0,820.0,800.0,810.0,802.0,810.0,826.0,819.0,832.0,829.0,861.0,905.0,944.0,922.0,873.0,854.0,847.0,878.0,881.0,888.0,870.0,877.0,880.0,894.0,887.0,895.0,906.0,914.0,915.0,933.0,907.0,914.0,886.0,897.0,915.0,906.0,917.0,918.0,927.0,914.0,934.0,917.0,928.0,908.0,930.0,919.0,910.0,902.0,921.0,936.0,922.0,910.0,900.0,907.0,913.0,912.0,893.0,924.0,933.0,938.0,943.0,960.0,985.0,1061.0,1023.0,938.0,902.0,892.0,899.0,927.0,935.0,925.0,923.0,918.0,918.0,922.0,934.0,932.0,955.0,947.0,975.0,989.0,1001.0,995.0,1007.0,1025.0,1020.0,1028.0,1012.0,977.0,947.0,944.0,967.0,945.0,918.0,903.0,886.0,876.0,887.0,883.0,881.0,884.0,884.0,865.0,867.0,853.0,848.0,834.0,840.0,839.0,864.0,880.0,895.0,903.0,911.0,923.0,952.0,971.0,984.0,1012.0,1018.0,1014.0,1037.0,1037.0,1028.0,1022.0,1018.0,1002.0,992.0,998.0,987.0,1025.0,1025.0,1034.0,1048.0,1046.0,1067.0,1097.0,1126.0,1143.0,1116.0,1124.0,1134.0,1147.0,1151.0,1147.0,1108.0,1073.0,1053.0,1020.0,1032.0,987.0,1016.0,994.0,998.0,993.0,960.0,962.0,980.0,984.0,983.0,986.0,973.0,998.0,1002.0,1015.0,976.0,968.0,1037.0,1042.0,1102.0,1131.0,1164.0,1128.0,1108.0,1090.0,1046.0,989.0,980.0,954.0,944.0,906.0,870.0,832.0,805.0,783.0,777.0,768.0,780.0,766.0,758.0,752.0,767.0,750.0,763.0,759.0,767.0,780.0,785.0,799.0,812.0,814.0,864.0,878.0,859.0,845.0,822.0,815.0,795.0,801.0,831,842.0,848.0,837.0,853.0,856.0,834.0,843.0,862.0,868.0,888.0,907.0,948.0,995.0,1002.0,993.0,997.0,977.0,964.0,941.0,915.0,895.0,851.0,832.0,800.0,788.0,757.0,749.0,724.0,715.0,720.0,719.0,703.0,701.0,694.0,687.0,703.0,691.0,691.0,683.0,683.0,672.0,663.0,677.0,684.0,671.0,682.0,677.0,682.0,676.0,669.0,671.0,670.0,676.0,662.0,672.0,676.0,671.0,673.0,662.0,678.0,669.0,667.0,673.0,666.0,668.0,667.0,668.0,665.0,674.0,672.0,659.0,676.0,673.0,673.0,673.0,665.0,672.0,669.0,674.0,666.0,668.0,669.0,666.0,676.0,666.0,672.0,679.0,675.0,667.0,672.0,671.0,673.0,671.0,676.0,679.0,677.0,667.0,677.0,670.0,665.0,668.0,673.0,673.0,678.0
800.0,814.0,823.0,812.0,813.0,801.0,811.0,794.0,794.0,800.0,806.0,803.0,796.0,788.0,796.0,777.0,778.0,770.0,807.0,791.0,787.0,788.0,799.0,813.0,780.0,806.0,790.0,811.0,805.0,808.0,814.0,817.0,820.0,813.0,820.0,782.0,794.0,787.0,786.0,776.0,773.0,770.0,763.0,782.0,772.0,766.0,762.0,768.0,761.0,774.0,775.0,767.0,762.0,764.0,791.0,780.0,760.0,756.0,786.0,772.0,775.0,795.0,765.0,756.0,771.0,750.0,753.0,757.0,763.0,759.0,787.0,789.0,801.0,805.0,794.0,779.0,757.0,773.0,776.0,789.0,784.0,777.0,789.0,806.0,817.0,871.0,880.0,878.0,844.0,834.0,817.0,828.0,837.0,841.0,848.0,843.0,850.0,868.0,839.0,848.0,856.0,868.0,885.0,884.0,872.0,874.0,843.0,855.0,870.0,882.0,892.0,902.0,900.0,889.0,907.0,877.0,892.0,888.0,896.0,880.0,879.0,898.0,873.0,868.0,870.0,874.0,858.0,886.0,865.0,854.0,869.0,886.0,902.0,884.0,893.0,906.0,937.0,1004.0,970.0,883.0,867.0,858.0,862.0,866.0,884.0,894.0,883.0,878.0,890.0,877.0,906.0,887.0,905.0,902.0,938.0,962.0,949.0,950.0,963.0,962.0,961.0,961.0,948.0,930.0,907.0,901.0,919.0,897.0,906.0,868.0,847.0,845.0,847.0,840.0,848.0,827.0,833.0,823.0,822.0,837.0,829.0,808.0,800.0,797.0,799.0,846.0,859.0,868.0,867.0,886.0,898.0,916.0,936.0,949.0,957.0,977.0,954.0,993.0,985.0,981.0,974.0,976.0,947.0,935.0,951.0,951.0,964.0,978.0,987.0,1005.0,1022.0,1039.0,1054.0,1059.0,1062.0,1053.0,1060.0,1093.0,1085.0,1080.0,1072.0,1004.0,1007.0,976.0,977.0,971.0,968.0,952.0,967.0,907.0,925.0,927.0,921.0,934.0,936.0,947.0,951.0,935.0,957.0,949.0,935.0,941.0,975.0,995.0,1044.0,1057.0,1074.0,1066.0,1038.0,1019.0,973.0,958.0,906.0,909.0,892.0,857.0,826.0,792.0,767.0,756.0,756.0,747.0,742.0,739.0,738.0,748.0,735.0,735.0,742.0,734.0,754.0,742.0,747.0,779.0,773.0,789.0,820.0,831.0,817.0,800.0,790.0,776.0,762.0,768.0,795,807.0,798.0,811.0,804.0,792.0,789.0,818.0,811.0,837.0,848.0,876.0,901.0,925.0,941.0,948.0,912.0,930.0,903.0,884.0,873.0,845.0,820.0,787.0,776.0,761.0,728.0,717.0,715.0,704.0,701.0,690.0,669.0,694.0,682.0,671.0,679.0,668.0,666.0,667.0,672.0,661.0,651.0,658.0,669.0,657.0,658.0,663.0,654.0,660.0,662.0,656.0,660.0,673.0,672.0,717.0,656.0,660.0,650.0,645.0,668.0,658.0,657.0,654.0,670.0,734.0,654.0,667.0,652.0,660.0,650.0,657.0,659.0,663.0,650.0,653.0,656.0,650.0,662.0,648.0,662.0,655.0,668.0,659.0,661.0,651.0,656.0,655.0,664.0,653.0,664.0,654.0,652.0,658.0,649.0,662.0,659.0,659.0,658.0,662.0,663.0,669.0,670.0,660.0,659.0
814.0,819.0,818.0,802.0,800.0,794.0,811.0,793.0,799.0,799.0,790.0,815.0,792.0,792.0,795.0,797.0,781.0,786.0,795.0,790.0,801.0,806.0,813.0,800.0,803.0,791.0,798.0,801.0,812.0,831.0,827.0,832.0,826.0,796.0,817.0,816.0,797.0,782.0,795.0,791.0,791.0,782.0,761.0,760.0,783.0,774.0,767.0,764.0,778.0,777.0,775.0,779.0,766.0,785.0,791.0,770.0,766.0,758.0,784.0,773.0,791.0,801.0,772.0,773.0,771.0,768.0,756.0,777.0,788.0,780.0,791.0,817.0,846.0,831.0,804.0,792.0,777.0,778.0,800.0,804.0,793.0,815.0,817.0,834.0,846.0,872.0,921.0,901.0,859.0,833.0,849.0,874.0,862.0,856.0,860.0,887.0,843.0,851.0,832.0,866.0,866.0,881.0,899.0,890.0,876.0,855.0,873.0,882.0,855.0,891.0,866.0,879.0,884.0,902.0,898.0,887.0,885.0,902.0,896.0,874.0,891.0,896.0,876.0,889.0,869.0,875.0,870.0,884.0,872.0,864.0,885.0,904.0,886.0,899.0,913.0,909.0,955.0,1028.0,998.0,892.0,872.0,873.0,878.0,884.0,892.0,887.0,886.0,875.0,900.0,892.0,897.0,890.0,888.0,925.0,930.0,946.0,973.0,935.0,963.0,991.0,986.0,964.0,943.0,926.0,934.0,922.0,918.0,901.0,875.0,858.0,852.0,836.0,843.0,846.0,852.0,848.0,841.0,849.0,842.0,840.0,820.0,816.0,822.0,817.0,833.0,853.0,888.0,889.0,894.0,903.0,919.0,956.0,977.0,982.0,1007.0,1015.0,1002.0,1002.0,999.0,984.0,998.0,957.0,959.0,959.0,961.0,965.0,987.0,985.0,1014.0,1030.0,1029.0,1064.0,1090.0,1074.0,1072.0,1073.0,1099.0,1136.0,1112.0,1095.0,1053.0,993.0,1004.0,972.0,981.0,982.0,951.0,975.0,965.0,956.0,940.0,929.0,927.0,948.0,938.0,954.0,937.0,951.0,941.0,949.0,951.0,934.0,966.0,988.0,1040.0,1081.0,1057.0,1066.0,1057.0,1045.0,978.0,922.0,939.0,916.0,926.0,895.0,842.0,808.0,779.0,768.0,762.0,755.0,748.0,759.0,747.0,741.0,748.0,749.0,766.0,733.0,740.0,760.0,755.0,773.0,791.0,815.0,847.0,870.0,853.0,829.0,809.0,792.0,781.0,807.0,808,804.0,824.0,815.0,826.0,820.0,833.0,818.0,825.0,841.0,856.0,893.0,889.0,952.0,934.0,956.0,941.0,963.0,934.0,918.0,890.0,865.0,841.0,816.0,801.0,770.0,745.0,729.0,722.0,720.0,703.0,705.0,697.0,692.0,703.0,704.0,690.0,693.0,698.0,688.0,680.0,669.0,673.0,665.0,670.0,668.0,669.0,675.0,658.0,662.0,670.0,665.0,659.0,669.0,667.0,663.0,664.0,662.0,667.0,664.0,663.0,666.0,662.0,656.0,659.0,675.0,669.0,678.0,658.0,671.0,663.0,659.0,677.0,668.0,664.0,665.0,680.0,666.0,658.0,666.0,668.0,666.0,660.0,671.0,681.0,669.0,658.0,670.0,664.0,671.0,672.0,674.0,658.0,683.0,663.0,681.0,662.0,670.0,677.0,678.0,667.0,666.0,681.0,677.0,666.0
649.0,653.0,658.0,650.0,636.0,648.0,649.0,639.0,642.0,663.0,642.0,652.0,651.0,633.0,651.0,644.0,658.0,655.0,648.0,644.0,649.0,662.0,650.0,656.0,637.0,642.0,649.0,650.0,643.0,652.0,640.0,637.0,657.0,646.0,634.0,641.0,639.0,647.0,646.0,638.0,640.0,647.0,653.0,651.0,644.0,637.0,638.0,639.0,642.0,653.0,646.0,633.0,637.0,648.0,640.0,651.0,637.0,632.0,641.0,631.0,631.0,645.0,639.0,635.0,641.0,641.0,634.0,639.0,643.0,624.0,639.0,649.0,645.0,637.0,640.0,637.0,632.0,632.0,640.0,637.0,637.0,640.0,639.0,649.0,647.0,645.0,654.0,654.0,648.0,646.0,642.0,652.0,642.0,660.0,646.0,652.0,636.0,644.0,639.0,656.0,656.0,653.0,648.0,649.0,651.0,647.0,645.0,653.0,643.0,649.0,649.0,646.0,640.0,646.0,665.0,631.0,643.0,649.0,658.0,654.0,648.0,660.0,652.0,655.0,651.0,649.0,649.0,645.0,648.0,659.0,657.0,661.0,662.0,670.0,679.0,685.0,684.0,695.0,679.0,663.0,655.0,653.0,666.0,654.0,644.0,655.0,655.0,648.0,650.0,647.0,653.0,652.0,657.0,660.0,650.0,648.0,666.0,661.0,662.0,660.0,653.0,660.0,657.0,653.0,650.0,662.0,660.0,650.0,654.0,646.0,653.0,643.0,654.0,649.0,644.0,650.0,644.0,644.0,647.0,644.0,637.0,640.0,649.0,637.0,649.0,646.0,658.0,648.0,660.0,653.0,648.0,659.0,670.0,663.0,664.0,672.0,658.0,669.0,662.0,663.0,667.0,660.0,655.0,659.0,660.0,667.0,671.0,655.0,678.0,670.0,672.0,671.0,680.0,675.0,687.0,677.0,679.0,686.0,667.0,687.0,681.0,674.0,680.0,687.0,668.0,674.0,677.0,668.0,683.0,666.0,674.0,667.0,663.0,672.0,663.0,669.0,672.0,668.0,675.0,670.0,685.0,683.0,677.0,689.0,689.0,691.0,680.0,699.0,686.0,674.0,672.0,682.0,679.0,667.0,667.0,662.0,661.0,655.0,648.0,648.0,649.0,643.0,644.0,649.0,644.0,644.0,638.0,632.0,645.0,646.0,643.0,643.0,643.0,659.0,660.0,648.0,669.0,657.0,668.0,664.0,660.0,657.0,653.0,662.0,659,651.0,653.0,660.0,661.0,659.0,648.0,649.0,649.0,651.0,650.0,661.0,657.0,660.0,654.0,661.0,656.0,662.0,653.0,656.0,657.0,643.0,642.0,644.0,643.0,646.0,650.0,643.0,637.0,632.0,631.0,638.0,642.0,631.0,637.0,632.0,635.0,628.0,628.0,631.0,633.0,630.0,630.0,628.0,639.0,632.0,631.0,630.0,633.0,631.0,620.0,636.0,623.0,626.0,632.0,625.0,625.0,629.0,630.0,626.0,641.0,627.0,633.0,626.0,632.0,626.0,630.0,626.0,634.0,639.0,634.0,626.0,633.0,631.0,634.0,636.0,637.0,632.0,640.0,630.0,626.0,632.0,634.0,624.0,642.0,628.0,634.0,627.0,623.0,632.0,632.0,635.0,625.0,629.0,639.0,631.0,630.0,628.0,631.0,633.0,626.0,626.0,637.0,628.0,622.0
740.0,750.0,752.0,748.0,752.0,757.0,746.0,747.0,743.0,741.0,748.0,760.0,744.0,732.0,738.0,744.0,738.0,739.0,728.0,747.0,746.0,740.0,731.0,737.0,738.0,746.0,748.0,757.0,738.0,766.0,761.0,746.0,752.0,750.0,753.0,749.0,733.0,729.0,742.0,735.0,731.0,728.0,714.0,727.0,730.0,724.0,720.0,746.0,721.0,725.0,735.0,735.0,716.0,725.0,739.0,714.0,719.0,712.0,722.0,734.0,733.0,727.0,724.0,716.0,717.0,718.0,711.0,715.0,718.0,723.0,739.0,748.0,739.0,746.0,742.0,734.0,720.0,720.0,731.0,737.0,727.0,747.0,744.0,749.0,772.0,793.0,797.0,806.0,769.0,766.0,762.0,761.0,774.0,788.0,776.0,770.0,779.0,793.0,777.0,783.0,777.0,793.0,800.0,810.0,802.0,786.0,795.0,789.0,807.0,807.0,793.0,808.0,794.0,800.0,802.0,782.0,810.0,794.0,806.0,788.0,793.0,824.0,820.0,798.0,799.0,811.0,809.0,795.0,796.0,773.0,808.0,799.0,827.0,820.0,827.0,844.0,857.0,895.0,864.0,828.0,801.0,792.0,793.0,803.0,821.0,797.0,808.0,782.0,789.0,807.0,807.0,820.0,826.0,835.0,836.0,842.0,851.0,838.0,868.0,858.0,856.0,872.0,842.0,840.0,824.0,817.0,827.0,827.0,808.0,784.0,786.0,782.0,778.0,788.0,782.0,773.0,769.0,777.0,772.0,755.0,766.0,766.0,763.0,742.0,757.0,774.0,784.0,794.0,809.0,796.0,797.0,819.0,846.0,835.0,844.0,856.0,874.0,871.0,850.0,863.0,852.0,855.0,838.0,849.0,849.0,878.0,867.0,873.0,904.0,881.0,902.0,908.0,913.0,917.0,929.0,927.0,935.0,948.0,962.0,933.0,928.0,911.0,891.0,865.0,860.0,855.0,870.0,862.0,875.0,853.0,841.0,844.0,836.0,856.0,864.0,865.0,877.0,870.0,865.0,870.0,865.0,875.0,891.0,906.0,940.0,933.0,936.0,944.0,943.0,928.0,881.0,860.0,844.0,825.0,823.0,806.0,770.0,746.0,750.0,724.0,719.0,725.0,717.0,709.0,712.0,717.0,725.0,708.0,725.0,710.0,718.0,723.0,726.0,741.0,759.0,760.0,790.0,794.0,782.0,766.0,760.0,754.0,742.0,745.0,763,783.0,761.0,771.0,760.0,763.0,779.0,760.0,782.0,777.0,785.0,817.0,833.0,838.0,835.0,852.0,836.0,822.0,822.0,812.0,797.0,777.0,769.0,741.0,726.0,711.0,716.0,698.0,688.0,685.0,684.0,689.0,682.0,676.0,667.0,674.0,679.0,659.0,666.0,661.0,663.0,662.0,663.0,661.0,662.0,654.0,647.0,660.0,654.0,651.0,656.0,653.0,656.0,659.0,662.0,651.0,656.0,652.0,652.0,652.0,661.0,662.0,656.0,656.0,649.0,651.0,658.0,663.0,655.0,654.0,654.0,645.0,664.0,655.0,658.0,651.0,658.0,660.0,655.0,665.0,656.0,650.0,657.0,651.0,659.0,652.0,663.0,659.0,658.0,652.0,668.0,661.0,655.0,654.0,654.0,655.0,662.0,655.0,663.0,661.0,661.0,648.0,662.0,656.0,656.0
838.0,836.0,836.0,851.0,840.0,835.0,836.0,838.0,824.0,804.0,826.0,825.0,830.0,808.0,834.0,813.0,809.0,811.0,821.0,826.0,824.0,824.0,828.0,831.0,831.0,819.0,827.0,847.0,842.0,853.0,857.0,855.0,843.0,842.0,839.0,813.0,825.0,831.0,815.0,822.0,801.0,816.0,803.0,813.0,804.0,800.0,790.0,800.0,813.0,809.0,812.0,816.0,807.0,818.0,828.0,807.0,798.0,794.0,811.0,819.0,830.0,822.0,817.0,798.0,791.0,789.0,800.0,791.0,815.0,807.0,835.0,845.0,863.0,876.0,855.0,824.0,814.0,820.0,829.0,836.0,835.0,849.0,850.0,848.0,883.0,939.0,951.0,944.0,889.0,888.0,878.0,891.0,900.0,902.0,902.0,900.0,880.0,895.0,889.0,895.0,905.0,920.0,941.0,956.0,929.0,914.0,912.0,918.0,918.0,934.0,932.0,932.0,928.0,954.0,936.0,922.0,934.0,956.0,932.0,933.0,946.0,958.0,954.0,947.0,937.0,944.0,933.0,937.0,940.0,940.0,928.0,944.0,944.0,972.0,973.0,998.0,1043.0,1112.0,1086.0,972.0,937.0,927.0,940.0,939.0,943.0,958.0,939.0,935.0,929.0,932.0,941.0,955.0,978.0,955.0,966.0,984.0,1007.0,989.0,1023.0,1019.0,1022.0,1004.0,997.0,964.0,962.0,953.0,974.0,941.0,941.0,894.0,884.0,875.0,883.0,889.0,906.0,892.0,876.0,889.0,887.0,882.0,870.0,860.0,867.0,868.0,887.0,900.0,946.0,952.0,937.0,963.0,975.0,993.0,1035.0,1056.0,1052.0,1090.0,1079.0,1073.0,1083.0,1049.0,1048.0,1051.0,1033.0,1057.0,1020.0,1040.0,1051.0,1058.0,1097.0,1099.0,1129.0,1154.0,1145.0,1170.0,1174.0,1170.0,1165.0,1195.0,1227.0,1181.0,1147.0,1123.0,1063.0,1051.0,1028.0,1032.0,1033.0,1019.0,1002.0,998.0,993.0,996.0,976.0,1006.0,987.0,1018.0,1011.0,1012.0,1035.0,1021.0,995.0,1017.0,1044.0,1090.0,1143.0,1161.0,1194.0,1165.0,1149.0,1132.0,1078.0,1038.0,1015.0,988.0,962.0,937.0,900.0,855.0,825.0,815.0,811.0,795.0,793.0,785.0,784.0,770.0,767.0,769.0,784.0,776.0,790.0,803.0,796.0,821.0,836.0,854.0,903.0,898.0,905.0,867.0,855.0,841.0,840.0,839.0,859,885.0,889.0,888.0,873.0,878.0,874.0,871.0,872.0,895.0,902.0,934.0,978.0,1009.0,1023.0,1045.0,1041.0,1027.0,996.0,985.0,941.0,898.0,887.0,861.0,817.0,790.0,764.0,754.0,758.0,742.0,728.0,724.0,716.0,701.0,709.0,699.0,696.0,693.0,687.0,696.0,686.0,692.0,680.0,685.0,679.0,677.0,675.0,676.0,683.0,667.0,677.0,679.0,669.0,678.0,680.0,671.0,681.0,673.0,678.0,668.0,677.0,665.0,669.0,671.0,666.0,676.0,673.0,677.0,673.0,676.0,675.0,667.0,671.0,675.0,671.0,671.0,677.0,669.0,685.0,676.0,674.0,667.0,681.0,674.0,672.0,673.0,669.0,680.0,673.0,682.0,680.0,689.0,667.0,678.0,675.0,670.0,674.0,672.0,691.0,682.0,674.0,679.0,671.0,679.0,678.0
821.0,840.0,843.0,838.0,837.0,819.0,824.0,826.0,835.0,809.0,833.0,813.0,817.0,809.0,819.0,827.0,801.0,796.0,814.0,791.0,821.0,815.0,816.0,822.0,816.0,838.0,841.0,819.0,830.0,833.0,835.0,832.0,837.0,818.0,816.0,831.0,817.0,806.0,818.0,813.0,801.0,803.0,788.0,799.0,803.0,776.0,778.0,785.0,808.0,809.0,823.0,798.0,796.0,809.0,819.0,814.0,792.0,783.0,803.0,810.0,823.0,816.0,794.0,787.0,793.0,788.0,792.0,787.0,810.0,808.0,837.0,839.0,871.0,865.0,870.0,821.0,822.0,816.0,817.0,834.0,838.0,836.0,843.0,859.0,895.0,937.0,950.0,939.0,898.0,886.0,859.0,893.0,904.0,894.0,900.0,898.0,891.0,896.0,903.0,888.0,903.0,896.0,915.0,949.0,929.0,933.0,897.0,911.0,925.0,925.0,948.0,918.0,942.0,939.0,909.0,936.0,924.0,935.0,951.0,950.0,938.0,956.0,941.0,942.0,933.0,930.0,929.0,937.0,937.0,934.0,941.0,938.0,941.0,952.0,991.0,1013.0,1046.0,1113.0,1070.0,986.0,939.0,915.0,909.0,932.0,972.0,958.0,964.0,947.0,944.0,929.0,938.0,945.0,946.0,944.0,978.0,994.0,1009.0,990.0,1003.0,1014.0,1001.0,1036.0,993.0,962.0,969.0,963.0,938.0,963.0,945.0,895.0,877.0,870.0,877.0,884.0,907.0,911.0,887.0,869.0,888.0,887.0,871.0,881.0,866.0,863.0,875.0,911.0,938.0,951.0,939.0,964.0,983.0,1030.0,1070.0,1061.0,1069.0,1084.0,1051.0,1088.0,1071.0,1067.0,1061.0,1047.0,1027.0,1037.0,1040.0,1053.0,1049.0,1087.0,1117.0,1120.0,1129.0,1140.0,1168.0,1141.0,1178.0,1189.0,1197.0,1176.0,1213.0,1220.0,1147.0,1120.0,1057.0,1061.0,1044.0,1047.0,1037.0,1007.0,1031.0,1018.0,990.0,1002.0,994.0,1014.0,1006.0,1036.0,1018.0,1027.0,1037.0,1023.0,1026.0,1054.0,1042.0,1114.0,1155.0,1195.0,1191.0,1193.0,1155.0,1152.0,1076.0,1026.0,1027.0,1014.0,986.0,938.0,878.0,849.0,815.0,800.0,772.0,785.0,780.0,775.0,775.0,787.0,769.0,767.0,763.0,790.0,781.0,810.0,795.0,810.0,847.0,842.0,902.0,899.0,892.0,876.0,843.0,850.0,819.0,831.0,854,856.0,854.0,875.0,876.0,870.0,869.0,875.0,870.0,887.0,910.0,942.0,954.0,1010.0,1018.0,1051.0,1048.0,1036.0,1002.0,982.0,961.0,924.0,878.0,854.0,819.0,815.0,773.0,741.0,741.0,730.0,716.0,705.0,708.0,694.0,684.0,683.0,682.0,683.0,680.0,676.0,678.0,675.0,672.0,661.0,665.0,674.0,663.0,667.0,673.0,662.0,660.0,667.0,662.0,663.0,663.0,650.0,672.0,654.0,660.0,652.0,661.0,657.0,655.0,660.0,660.0,660.0,660.0,660.0,655.0,656.0,666.0,667.0,666.0,662.0,668.0,671.0,656.0,663.0,666.0,668.0,664.0,663.0,667.0,662.0,652.0,660.0,667.0,676.0,657.0,669.0,665.0,662.0,661.0,671.0,664.0,663.0,661.0,650.0,680.0,678.0,666.0,654.0,673.0,672.0,659.0
746.0,753.0,749.0,764.0,756.0,755.0,745.0,747.0,757.0,729.0,757.0,763.0,762.0,753.0,745.0,747.0,736.0,733.0,733.0,733.0,739.0,737.0,752.0,751.0,742.0,747.0,744.0,766.0,753.0,771.0,748.0,764.0,764.0,763.0,757.0,746.0,737.0,735.0,734.0,745.0,735.0,726.0,725.0,731.0,724.0,735.0,718.0,718.0,736.0,739.0,737.0,729.0,728.0,740.0,738.0,730.0,716.0,717.0,726.0,737.0,740.0,737.0,721.0,720.0,719.0,723.0,716.0,711.0,724.0,702.0,730.0,734.0,757.0,745.0,731.0,730.0,724.0,731.0,729.0,733.0,736.0,744.0,750.0,764.0,770.0,787.0,811.0,785.0,777.0,753.0,768.0,768.0,787.0,777.0,783.0,768.0,768.0,784.0,786.0,791.0,792.0,805.0,798.0,819.0,799.0,796.0,796.0,804.0,805.0,807.0,815.0,815.0,804.0,823.0,820.0,796.0,800.0,821.0,818.0,824.0,823.0,838.0,818.0,822.0,801.0,803.0,806.0,803.0,808.0,806.0,807.0,830.0,832.0,837.0,837.0,832.0,859.0,907.0,878.0,830.0,800.0,797.0,801.0,809.0,823.0,813.0,810.0,805.0,820.0,810.0,820.0,826.0,829.0,830.0,844.0,846.0,857.0,836.0,869.0,874.0,868.0,869.0,861.0,852.0,837.0,840.0,813.0,825.0,821.0,797.0,787.0,782.0,782.0,801.0,781.0,790.0,774.0,792.0,770.0,758.0,757.0,756.0,757.0,756.0,769.0,780.0,794.0,805.0,805.0,809.0,819.0,837.0,855.0,860.0,846.0,874.0,882.0,884.0,882.0,886.0,877.0,867.0,862.0,860.0,862.0,877.0,879.0,882.0,915.0,904.0,902.0,925.0,931.0,940.0,946.0,953.0,967.0,967.0,942.0,964.0,974.0,923.0,912.0,888.0,875.0,864.0,864.0,864.0,868.0,855.0,862.0,867.0,868.0,843.0,870.0,873.0,872.0,877.0,883.0,861.0,863.0,861.0,892.0,920.0,945.0,966.0,973.0,974.0,946.0,934.0,901.0,880.0,853.0,831.0,827.0,803.0,758.0,739.0,720.0,713.0,724.0,712.0,707.0,704.0,706.0,710.0,706.0,699.0,711.0,704.0,721.0,716.0,717.0,731.0,752.0,740.0,774.0,775.0,766.0,751.0,753.0,730.0,743.0,732.0,746,769.0,769.0,754.0,766.0,770.0,755.0,762.0,761.0,786.0,793.0,798.0,818.0,850.0,863.0,846.0,854.0,846.0,820.0,826.0,793.0,784.0,761.0,743.0,732.0,704.0,692.0,695.0,685.0,677.0,676.0,676.0,668.0,661.0,654.0,655.0,647.0,652.0,648.0,649.0,635.0,646.0,637.0,645.0,643.0,641.0,643.0,641.0,638.0,640.0,633.0,636.0,638.0,642.0,639.0,634.0,635.0,643.0,636.0,635.0,643.0,634.0,634.0,625.0,634.0,635.0,639.0,642.0,635.0,633.0,639.0,636.0,637.0,643.0,638.0,643.0,633.0,630.0,642.0,640.0,644.0,640.0,629.0,635.0,640.0,636.0,638.0,638.0,633.0,643.0,636.0,641.0,636.0,638.0,636.0,641.0,643.0,637.0,650.0,638.0,631.0,643.0,643.0,636.0,636.0
891.0,898.0,908.0,895.0,908.0,886.0,889.0,900.0,872.0,887.0,881.0,880.0,886.0,879.0,867.0,865.0,873.0,861.0,852.0,872.0,873.0,870.0,883.0,881.0,879.0,872.0,881.0,900.0,888.0,933.0,894.0,899.0,887.0,902.0,899.0,886.0,889.0,865.0,876.0,874.0,869.0,840.0,857.0,849.0,858.0,841.0,834.0,835.0,853.0,861.0,848.0,839.0,845.0,845.0,876.0,859.0,843.0,845.0,847.0,884.0,883.0,875.0,842.0,848.0,856.0,829.0,832.0,844.0,864.0,866.0,873.0,890.0,910.0,915.0,879.0,865.0,848.0,860.0,883.0,883.0,897.0,900.0,885.0,905.0,947.0,988.0,1000.0,986.0,953.0,931.0,924.0,945.0,943.0,949.0,969.0,957.0,953.0,955.0,950.0,977.0,964.0,986.0,1027.0,1030.0,998.0,983.0,974.0,995.0,985.0,1003.0,1007.0,1017.0,1017.0,1009.0,1024.0,997.0,1003.0,993.0,1001.0,1017.0,999.0,1012.0,1016.0,1023.0,1005.0,1004.0,996.0,1000.0,998.0,999.0,1015.0,1013.0,1047.0,1035.0,1060.0,1068.0,1107.0,1207.0,1139.0,1038.0,1008.0,996.0,980.0,1001.0,1038.0,1034.0,1026.0,1004.0,1019.0,998.0,1029.0,1024.0,1039.0,1046.0,1076.0,1092.0,1102.0,1107.0,1116.0,1105.0,1148.0,1135.0,1087.0,1071.0,1032.0,1048.0,1053.0,1035.0,1032.0,999.0,953.0,947.0,957.0,968.0,972.0,970.0,950.0,955.0,966.0,941.0,936.0,917.0,919.0,919.0,965.0,987.0,1000.0,1004.0,1016.0,1030.0,1037.0,1087.0,1134.0,1152.0,1143.0,1164.0,1163.0,1162.0,1166.0,1158.0,1152.0,1133.0,1120.0,1128.0,1133.0,1153.0,1149.0,1195.0,1212.0,1184.0,1245.0,1274.0,1281.0,1277.0,1275.0,1281.0,1292.0,1324.0,1315.0,1292.0,1244.0,1184.0,1151.0,1158.0,1127.0,1123.0,1101.0,1107.0,1117.0,1095.0,1078.0,1080.0,1082.0,1068.0,1102.0,1096.0,1103.0,1117.0,1098.0,1093.0,1102.0,1087.0,1128.0,1201.0,1237.0,1318.0,1333.0,1305.0,1293.0,1243.0,1219.0,1123.0,1092.0,1074.0,1031.0,993.0,946.0,893.0,848.0,849.0,843.0,824.0,828.0,820.0,817.0,807.0,823.0,803.0,802.0,804.0,829.0,820.0,824.0,847.0,888.0,891.0,942.0,950.0,938.0,925.0,908.0,877.0,875.0,876.0,903,926.0,924.0,933.0,934.0,914.0,908.0,928.0,925.0,959.0,974.0,1011.0,1055.0,1064.0,1124.0,1116.0,1102.0,1106.0,1044.0,1034.0,1014.0,964.0,918.0,914.0,861.0,843.0,815.0,783.0,779.0,763.0,750.0,737.0,731.0,717.0,728.0,719.0,725.0,706.0,712.0,704.0,702.0,700.0,709.0,698.0,696.0,693.0,683.0,694.0,684.0,685.0,697.0,681.0,675.0,696.0,689.0,691.0,691.0,678.0,691.0,681.0,685.0,693.0,699.0,678.0,688.0,697.0,680.0,697.0,687.0,691.0,679.0,671.0,688.0,689.0,690.0,684.0,684.0,681.0,700.0,694.0,695.0,681.0,687.0,680.0,694.0,682.0,687.0,692.0,679.0,689.0,685.0,699.0,693.0,696.0,682.0,696.0,691.0,689.0,697.0,698.0,688.0,676.0,683.0,695.0,689.0
784.0,776.0,779.0,786.0,775.0,785.0,783.0,774.0,764.0,763.0,771.0,784.0,787.0,778.0,780.0,763.0,768.0,772.0,758.0,763.0,779.0,771.0,787.0,767.0,777.0,786.0,782.0,799.0,779.0,807.0,798.0,779.0,789.0,790.0,793.0,794.0,759.0,779.0,782.0,763.0,757.0,749.0,757.0,763.0,748.0,749.0,751.0,741.0,763.0,768.0,757.0,760.0,765.0,765.0,769.0,748.0,747.0,744.0,751.0,753.0,752.0,756.0,769.0,766.0,736.0,756.0,739.0,742.0,746.0,747.0,783.0,781.0,805.0,800.0,783.0,764.0,756.0,771.0,786.0,778.0,775.0,782.0,803.0,798.0,804.0,853.0,878.0,865.0,827.0,812.0,804.0,816.0,819.0,823.0,829.0,828.0,814.0,834.0,828.0,832.0,839.0,829.0,870.0,853.0,823.0,842.0,842.0,833.0,834.0,846.0,841.0,839.0,875.0,841.0,859.0,840.0,850.0,864.0,844.0,856.0,855.0,859.0,865.0,858.0,852.0,848.0,836.0,834.0,847.0,839.0,833.0,842.0,861.0,883.0,882.0,899.0,921.0,988.0,942.0,889.0,863.0,817.0,827.0,853.0,879.0,849.0,849.0,854.0,854.0,865.0,874.0,874.0,865.0,876.0,887.0,893.0,927.0,906.0,917.0,928.0,931.0,925.0,909.0,869.0,871.0,893.0,893.0,878.0,874.0,822.0,821.0,806.0,808.0,816.0,824.0,826.0,823.0,830.0,838.0,810.0,812.0,803.0,778.0,813.0,813.0,812.0,830.0,854.0,854.0,861.0,875.0,907.0,926.0,912.0,941.0,954.0,963.0,967.0,947.0,968.0,944.0,946.0,937.0,916.0,941.0,945.0,934.0,935.0,1009.0,978.0,995.0,1019.0,1031.0,1020.0,1043.0,1022.0,1049.0,1066.0,1048.0,1023.0,997.0,994.0,945.0,958.0,952.0,922.0,922.0,923.0,912.0,897.0,915.0,907.0,891.0,904.0,888.0,906.0,905.0,920.0,912.0,907.0,913.0,925.0,935.0,978.0,1002.0,1052.0,1042.0,1027.0,1037.0,1007.0,982.0,936.0,935.0,892.0,878.0,859.0,810.0,770.0,761.0,733.0,737.0,736.0,732.0,735.0,728.0,723.0,732.0,710.0,725.0,718.0,724.0,738.0,726.0,756.0,788.0,789.0,811.0,815.0,823.0,800.0,790.0,768.0,747.0,769.0,804,805.0,790.0,804.0,800.0,797.0,793.0,797.0,802.0,817.0,827.0,859.0,868.0,938.0,921.0,922.0,903.0,925.0,888.0,879.0,866.0,846.0,811.0,794.0,770.0,753.0,745.0,718.0,695.0,689.0,700.0,692.0,682.0,670.0,665.0,677.0,673.0,663.0,659.0,654.0,656.0,658.0,648.0,651.0,644.0,655.0,655.0,663.0,642.0,642.0,647.0,649.0,647.0,652.0,650.0,657.0,652.0,650.0,643.0,653.0,656.0,650.0,643.0,649.0,647.0,648.0,652.0,662.0,655.0,641.0,647.0,644.0,656.0,654.0,642.0,646.0,642.0,655.0,644.0,655.0,648.0,647.0,653.0,649.0,652.0,653.0,646.0,654.0,651.0,650.0,655.0,653.0,649.0,656.0,654.0,647.0,656.0,644.0,673.0,659.0,654.0,657.0,653.0,653.0,654.0
757.0,752.0,759.0,757.0,761.0,768.0,757.0,752.0,752.0,755.0,760.0,758.0,760.0,749.0,751.0,742.0,744.0,744.0,754.0,747.0,740.0,757.0,751.0,744.0,744.0,749.0,756.0,765.0,764.0,760.0,764.0,765.0,761.0,761.0,762.0,750.0,743.0,738.0,742.0,735.0,731.0,728.0,727.0,725.0,728.0,734.0,718.0,725.0,727.0,735.0,739.0,728.0,722.0,741.0,737.0,734.0,729.0,723.0,725.0,742.0,738.0,752.0,732.0,715.0,725.0,721.0,722.0,713.0,735.0,716.0,743.0,744.0,755.0,741.0,753.0,743.0,718.0,741.0,732.0,740.0,734.0,749.0,748.0,754.0,760.0,800.0,825.0,810.0,778.0,769.0,776.0,787.0,796.0,790.0,774.0,793.0,783.0,802.0,785.0,804.0,808.0,819.0,811.0,824.0,816.0,799.0,792.0,796.0,810.0,811.0,816.0,824.0,824.0,826.0,822.0,812.0,812.0,812.0,824.0,817.0,811.0,816.0,817.0,822.0,823.0,813.0,789.0,798.0,802.0,815.0,816.0,822.0,831.0,820.0,826.0,840.0,855.0,908.0,877.0,819.0,817.0,811.0,803.0,826.0,829.0,824.0,827.0,809.0,821.0,826.0,828.0,834.0,855.0,828.0,857.0,868.0,880.0,875.0,887.0,893.0,879.0,889.0,880.0,866.0,832.0,841.0,844.0,834.0,819.0,800.0,807.0,777.0,786.0,798.0,785.0,787.0,779.0,778.0,777.0,774.0,768.0,749.0,752.0,753.0,771.0,783.0,792.0,785.0,799.0,809.0,817.0,845.0,865.0,874.0,871.0,867.0,888.0,890.0,883.0,890.0,878.0,881.0,865.0,863.0,869.0,887.0,888.0,901.0,905.0,902.0,924.0,936.0,945.0,960.0,951.0,958.0,944.0,982.0,979.0,975.0,948.0,929.0,909.0,887.0,890.0,861.0,873.0,866.0,888.0,861.0,848.0,845.0,859.0,856.0,876.0,865.0,865.0,868.0,880.0,879.0,860.0,861.0,904.0,908.0,937.0,963.0,983.0,964.0,947.0,936.0,913.0,853.0,853.0,830.0,820.0,793.0,782.0,753.0,717.0,718.0,714.0,710.0,718.0,716.0,704.0,701.0,711.0,695.0,705.0,703.0,708.0,716.0,722.0,734.0,734.0,741.0,776.0,779.0,775.0,773.0,748.0,739.0,731.0,741.0,753,757.0,763.0,762.0,759.0,778.0,754.0,756.0,771.0,784.0,800.0,813.0,829.0,857.0,868.0,860.0,866.0,856.0,834.0,831.0,803.0,797.0,759.0,749.0,737.0,719.0,702.0,700.0,690.0,684.0,673.0,688.0,668.0,665.0,666.0,663.0,674.0,668.0,661.0,662.0,655.0,650.0,647.0,650.0,654.0,651.0,657.0,651.0,647.0,649.0,650.0,649.0,643.0,656.0,643.0,645.0,653.0,644.0,647.0,640.0,660.0,647.0,644.0,648.0,648.0,645.0,646.0,648.0,640.0,650.0,647.0,642.0,653.0,649.0,648.0,650.0,654.0,653.0,648.0,654.0,645.0,647.0,650.0,645.0,657.0,645.0,662.0,656.0,651.0,648.0,651.0,656.0,649.0,649.0,647.0,647.0,655.0,652.0,653.0,637.0,641.0,647.0,647.0,651.0,643.0
774.0,785.0,774.0,775.0,767.0,767.0,767.0,766.0,775.0,764.0,767.0,765.0,774.0,767.0,766.0,746.0,752.0,744.0,757.0,756.0,771.0,754.0,757.0,766.0,752.0,764.0,763.0,771.0,781.0,776.0,792.0,784.0,778.0,772.0,769.0,763.0,759.0,758.0,756.0,765.0,746.0,740.0,731.0,750.0,743.0,729.0,735.0,737.0,738.0,740.0,751.0,750.0,729.0,747.0,748.0,749.0,720.0,726.0,746.0,744.0,753.0,741.0,735.0,725.0,730.0,727.0,728.0,724.0,736.0,728.0,751.0,761.0,771.0,762.0,760.0,747.0,725.0,736.0,755.0,753.0,743.0,756.0,758.0,778.0,785.0,814.0,845.0,813.0,803.0,773.0,777.0,796.0,805.0,801.0,792.0,796.0,785.0,811.0,802.0,818.0,818.0,817.0,827.0,844.0,820.0,835.0,819.0,809.0,827.0,820.0,840.0,828.0,840.0,834.0,836.0,829.0,831.0,836.0,825.0,837.0,851.0,853.0,834.0,828.0,819.0,835.0,806.0,812.0,811.0,824.0,815.0,836.0,841.0,850.0,849.0,864.0,883.0,918.0,885.0,841.0,812.0,812.0,814.0,816.0,835.0,845.0,819.0,820.0,838.0,842.0,869.0,839.0,850.0,865.0,861.0,879.0,875.0,898.0,896.0,896.0,906.0,892.0,896.0,860.0,860.0,862.0,856.0,841.0,825.0,817.0,799.0,800.0,810.0,793.0,807.0,790.0,785.0,793.0,781.0,792.0,778.0,773.0,748.0,765.0,772.0,795.0,811.0,809.0,829.0,817.0,851.0,858.0,892.0,886.0,883.0,916.0,910.0,931.0,917.0,912.0,899.0,895.0,887.0,886.0,900.0,923.0,915.0,902.0,936.0,939.0,937.0,952.0,989.0,989.0,971.0,978.0,998.0,1009.0,989.0,1000.0,978.0,962.0,923.0,910.0,901.0,885.0,905.0,898.0,875.0,862.0,875.0,857.0,845.0,879.0,871.0,889.0,885.0,870.0,882.0,881.0,854.0,884.0,891.0,933.0,974.0,986.0,976.0,969.0,984.0,949.0,921.0,873.0,857.0,863.0,857.0,830.0,785.0,764.0,736.0,728.0,725.0,732.0,722.0,713.0,713.0,710.0,704.0,705.0,730.0,713.0,703.0,720.0,725.0,754.0,741.0,758.0,811.0,782.0,777.0,774.0,768.0,757.0,735.0,753.0,757,754.0,764.0,786.0,782.0,774.0,777.0,778.0,785.0,800.0,807.0,824.0,830.0,862.0,885.0,872.0,877.0,877.0,854.0,825.0,825.0,789.0,776.0,773.0,740.0,730.0,716.0,708.0,698.0,671.0,692.0,668.0,669.0,679.0,670.0,661.0,666.0,663.0,664.0,655.0,653.0,655.0,651.0,656.0,665.0,645.0,647.0,660.0,647.0,645.0,658.0,651.0,651.0,651.0,664.0,908.0,664.0,647.0,656.0,644.0,666.0,654.0,649.0,647.0,700.0,958.0,652.0,659.0,648.0,649.0,641.0,645.0,645.0,655.0,648.0,651.0,657.0,643.0,652.0,660.0,646.0,652.0,658.0,647.0,652.0,646.0,652.0,663.0,664.0,654.0,661.0,657.0,644.0,650.0,644.0,657.0,655.0,643.0,653.0,656.0,652.0,663.0,660.0,654.0,651.0
797.0,801.0,794.0,814.0,807.0,792.0,794.0,790.0,788.0,796.0,797.0,786.0,791.0,748.0,770.0,776.0,763.0,778.0,786.0,787.0,788.0,805.0,799.0,793.0,785.0,792.0,801.0,796.0,801.0,821.0,827.0,814.0,801.0,823.0,797.0,794.0,792.0,793.0,775.0,780.0,787.0,775.0,767.0,766.0,774.0,761.0,755.0,740.0,758.0,788.0,767.0,771.0,757.0,773.0,780.0,778.0,770.0,763.0,770.0,786.0,785.0,794.0,781.0,756.0,766.0,756.0,743.0,769.0,779.0,779.0,788.0,823.0,851.0,846.0,818.0,778.0,763.0,781.0,791.0,800.0,799.0,804.0,810.0,824.0,860.0,919.0,934.0,903.0,881.0,843.0,855.0,865.0,883.0,879.0,850.0,863.0,859.0,853.0,844.0,840.0,856.0,876.0,895.0,879.0,885.0,865.0,859.0,869.0,866.0,870.0,874.0,878.0,863.0,887.0,893.0,877.0,882.0,878.0,871.0,870.0,888.0,907.0,869.0,863.0,872.0,869.0,869.0,856.0,862.0,875.0,874.0,881.0,875.0,870.0,910.0,908.0,976.0,1013.0,986.0,911.0,884.0,867.0,867.0,858.0,897.0,880.0,879.0,874.0,876.0,890.0,904.0,886.0,897.0,902.0,908.0,946.0,940.0,943.0,973.0,975.0,987.0,967.0,932.0,916.0,901.0,889.0,922.0,874.0,894.0,838.0,842.0,846.0,830.0,825.0,840.0,844.0,845.0,833.0,836.0,830.0,812.0,822.0,812.0,811.0,829.0,853.0,882.0,889.0,883.0,907.0,911.0,958.0,983.0,994.0,1032.0,1027.0,1017.0,1034.0,1015.0,1009.0,993.0,973.0,968.0,955.0,948.0,995.0,979.0,1000.0,1021.0,1013.0,1036.0,1062.0,1102.0,1084.0,1079.0,1114.0,1092.0,1128.0,1133.0,1105.0,1050.0,1000.0,998.0,964.0,977.0,961.0,956.0,986.0,977.0,952.0,950.0,931.0,934.0,944.0,949.0,952.0,949.0,941.0,944.0,934.0,935.0,931.0,952.0,998.0,1040.0,1064.0,1082.0,1062.0,1037.0,1040.0,980.0,940.0,942.0,941.0,956.0,914.0,850.0,808.0,783.0,764.0,766.0,763.0,754.0,741.0,750.0,732.0,728.0,729.0,766.0,739.0,746.0,746.0,742.0,771.0,808.0,823.0,870.0,874.0,885.0,866.0,827.0,798.0,764.0,789.0,808,827.0,814.0,824.0,840.0,821.0,815.0,817.0,819.0,834.0,842.0,888.0,902.0,951.0,953.0,940.0,936.0,952.0,936.0,920.0,901.0,877.0,843.0,831.0,799.0,766.0,762.0,741.0,713.0,717.0,698.0,699.0,684.0,677.0,682.0,685.0,678.0,678.0,659.0,668.0,668.0,664.0,659.0,655.0,660.0,661.0,663.0,664.0,659.0,657.0,658.0,654.0,651.0,657.0,660.0,649.0,661.0,657.0,655.0,657.0,657.0,656.0,648.0,653.0,653.0,669.0,658.0,657.0,655.0,654.0,653.0,658.0,679.0,659.0,654.0,661.0,653.0,651.0,657.0,660.0,650.0,654.0,656.0,664.0,664.0,657.0,670.0,652.0,665.0,663.0,660.0,675.0,657.0,661.0,659.0,675.0,656.0,654.0,670.0,656.0,660.0,655.0,674.0,662.0,660.0
771.0,763.0,780.0,765.0,762.0,762.0,762.0,767.0,749.0,753.0,765.0,765.0,772.0,766.0,766.0,753.0,763.0,765.0,763.0,751.0,769.0,785.0,787.0,766.0,764.0,749.0,770.0,782.0,761.0,778.0,785.0,770.0,773.0,770.0,769.0,772.0,752.0,749.0,759.0,769.0,756.0,766.0,768.0,762.0,753.0,760.0,751.0,758.0,749.0,758.0,772.0,754.0,766.0,765.0,764.0,764.0,764.0,761.0,759.0,762.0,765.0,774.0,765.0,739.0,765.0,747.0,752.0,760.0,765.0,752.0,764.0,773.0,790.0,774.0,773.0,766.0,767.0,770.0,784.0,773.0,778.0,779.0,782.0,774.0,798.0,798.0,826.0,809.0,805.0,793.0,791.0,811.0,801.0,804.0,807.0,800.0,782.0,800.0,779.0,805.0,805.0,803.0,819.0,814.0,808.0,812.0,814.0,817.0,812.0,798.0,807.0,837.0,826.0,808.0,822.0,797.0,802.0,810.0,811.0,812.0,827.0,838.0,810.0,823.0,804.0,821.0,803.0,801.0,817.0,819.0,807.0,830.0,832.0,851.0,845.0,869.0,863.0,890.0,874.0,835.0,833.0,817.0,825.0,820.0,816.0,820.0,821.0,828.0,816.0,811.0,825.0,827.0,830.0,847.0,833.0,853.0,862.0,848.0,862.0,857.0,851.0,862.0,821.0,832.0,838.0,834.0,835.0,816.0,814.0,812.0,797.0,809.0,810.0,800.0,817.0,812.0,807.0,797.0,803.0,801.0,783.0,810.0,796.0,793.0,796.0,803.0,817.0,818.0,825.0,821.0,835.0,838.0,857.0,873.0,850.0,881.0,865.0,875.0,873.0,878.0,875.0,858.0,843.0,875.0,852.0,869.0,876.0,878.0,902.0,889.0,914.0,908.0,909.0,902.0,925.0,923.0,922.0,936.0,925.0,943.0,927.0,892.0,890.0,891.0,851.0,878.0,873.0,865.0,881.0,863.0,876.0,858.0,864.0,860.0,867.0,871.0,874.0,896.0,881.0,872.0,882.0,897.0,889.0,901.0,918.0,917.0,942.0,958.0,933.0,898.0,905.0,887.0,849.0,859.0,866.0,841.0,825.0,815.0,794.0,781.0,798.0,776.0,786.0,791.0,783.0,780.0,772.0,771.0,785.0,785.0,784.0,786.0,788.0,817.0,798.0,813.0,853.0,833.0,831.0,820.0,827.0,799.0,802.0,813.0,813,802.0,805.0,813.0,823.0,815.0,814.0,808.0,813.0,814.0,835.0,849.0,850.0,874.0,857.0,851.0,868.0,872.0,860.0,839.0,846.0,812.0,810.0,821.0,787.0,777.0,786.0,764.0,763.0,756.0,754.0,759.0,753.0,752.0,752.0,747.0,751.0,739.0,736.0,734.0,748.0,737.0,740.0,743.0,751.0,742.0,723.0,744.0,744.0,744.0,724.0,753.0,729.0,743.0,731.0,738.0,731.0,728.0,735.0,728.0,752.0,744.0,750.0,754.0,732.0,737.0,736.0,736.0,727.0,736.0,756.0,740.0,738.0,726.0,738.0,743.0,748.0,739.0,747.0,738.0,743.0,727.0,747.0,731.0,746.0,739.0,740.0,741.0,735.0,744.0,744.0,746.0,732.0,739.0,732.0,741.0,732.0,743.0,740.0,744.0,730.0,745.0,750.0,745.0,732.0
821.0,839.0,833.0,823.0,815.0,841.0,823.0,842.0,825.0,803.0,823.0,832.0,819.0,828.0,827.0,808.0,808.0,812.0,820.0,815.0,820.0,829.0,823.0,820.0,801.0,839.0,838.0,822.0,822.0,853.0,855.0,838.0,831.0,836.0,835.0,836.0,808.0,821.0,833.0,828.0,822.0,812.0,813.0,804.0,803.0,799.0,790.0,803.0,812.0,823.0,820.0,810.0,790.0,817.0,813.0,812.0,806.0,790.0,822.0,820.0,823.0,812.0,812.0,798.0,792.0,800.0,795.0,800.0,807.0,819.0,829.0,820.0,850.0,848.0,841.0,822.0,804.0,821.0,839.0,852.0,826.0,833.0,854.0,834.0,867.0,899.0,905.0,906.0,875.0,861.0,863.0,878.0,896.0,904.0,901.0,889.0,898.0,893.0,880.0,879.0,877.0,910.0,920.0,927.0,903.0,896.0,907.0,897.0,906.0,906.0,906.0,919.0,913.0,923.0,927.0,897.0,923.0,908.0,925.0,907.0,929.0,934.0,937.0,924.0,910.0,912.0,901.0,907.0,909.0,894.0,916.0,909.0,932.0,941.0,957.0,962.0,1000.0,1034.0,1007.0,934.0,918.0,893.0,908.0,911.0,933.0,924.0,926.0,901.0,912.0,938.0,929.0,941.0,936.0,941.0,947.0,943.0,960.0,951.0,985.0,967.0,966.0,988.0,973.0,953.0,943.0,936.0,939.0,935.0,909.0,901.0,881.0,868.0,868.0,888.0,869.0,867.0,882.0,886.0,878.0,877.0,863.0,870.0,853.0,860.0,884.0,918.0,910.0,919.0,938.0,934.0,946.0,975.0,974.0,997.0,995.0,1010.0,1052.0,1023.0,1008.0,994.0,996.0,997.0,999.0,983.0,982.0,1012.0,1018.0,1018.0,1049.0,1064.0,1071.0,1072.0,1089.0,1092.0,1107.0,1124.0,1105.0,1129.0,1126.0,1110.0,1120.0,1058.0,1051.0,1018.0,1012.0,1010.0,995.0,990.0,989.0,985.0,987.0,972.0,953.0,996.0,992.0,1010.0,997.0,1015.0,1019.0,1008.0,991.0,1018.0,1042.0,1056.0,1101.0,1129.0,1102.0,1110.0,1092.0,1087.0,1039.0,1030.0,997.0,972.0,969.0,917.0,908.0,860.0,852.0,829.0,826.0,817.0,812.0,815.0,807.0,803.0,810.0,803.0,813.0,795.0,813.0,807.0,822.0,839.0,843.0,874.0,893.0,907.0,904.0,872.0,891.0,857.0,856.0,856.0,876,895.0,885.0,873.0,864.0,883.0,878.0,889.0,878.0,881.0,909.0,934.0,943.0,978.0,979.0,999.0,973.0,981.0,984.0,936.0,915.0,904.0,893.0,860.0,838.0,794.0,788.0,783.0,777.0,759.0,775.0,774.0,752.0,754.0,738.0,750.0,751.0,751.0,734.0,731.0,738.0,740.0,730.0,728.0,727.0,720.0,729.0,737.0,731.0,721.0,736.0,711.0,714.0,741.0,732.0,721.0,727.0,730.0,732.0,718.0,731.0,726.0,723.0,717.0,720.0,729.0,724.0,724.0,723.0,730.0,723.0,712.0,732.0,714.0,721.0,721.0,723.0,723.0,715.0,724.0,728.0,712.0,731.0,723.0,735.0,726.0,727.0,738.0,719.0,719.0,727.0,735.0,725.0,733.0,735.0,734.0,722.0,720.0,735.0,735.0,732.0,740.0,724.0,722.0,720.0
820.0,806.0,810.0,817.0,818.0,824.0,814.0,826.0,813.0,807.0,813.0,816.0,819.0,792.0,797.0,809.0,806.0,797.0,801.0,815.0,813.0,811.0,798.0,817.0,806.0,807.0,818.0,815.0,811.0,838.0,835.0,837.0,834.0,819.0,813.0,808.0,803.0,803.0,800.0,817.0,779.0,800.0,793.0,803.0,783.0,787.0,781.0,796.0,802.0,804.0,805.0,805.0,813.0,797.0,814.0,806.0,791.0,788.0,798.0,807.0,799.0,812.0,809.0,782.0,781.0,798.0,790.0,777.0,794.0,789.0,808.0,821.0,830.0,833.0,826.0,801.0,790.0,812.0,813.0,821.0,816.0,829.0,835.0,818.0,857.0,900.0,909.0,902.0,856.0,857.0,842.0,858.0,858.0,854.0,874.0,873.0,868.0,866.0,867.0,868.0,867.0,884.0,904.0,928.0,899.0,889.0,871.0,873.0,889.0,902.0,896.0,919.0,906.0,913.0,916.0,890.0,905.0,911.0,905.0,906.0,906.0,908.0,920.0,912.0,894.0,889.0,899.0,888.0,889.0,898.0,890.0,931.0,912.0,938.0,942.0,955.0,998.0,1053.0,1012.0,932.0,892.0,880.0,911.0,903.0,923.0,912.0,913.0,902.0,902.0,913.0,897.0,907.0,930.0,938.0,929.0,936.0,975.0,958.0,974.0,987.0,972.0,959.0,952.0,941.0,930.0,930.0,939.0,907.0,915.0,873.0,869.0,854.0,860.0,870.0,869.0,873.0,855.0,864.0,856.0,846.0,846.0,842.0,851.0,836.0,855.0,877.0,890.0,906.0,903.0,910.0,927.0,945.0,969.0,988.0,987.0,1004.0,1007.0,1002.0,1015.0,996.0,982.0,1005.0,983.0,974.0,973.0,993.0,1003.0,1003.0,1045.0,1036.0,1051.0,1083.0,1088.0,1092.0,1100.0,1102.0,1100.0,1119.0,1115.0,1087.0,1071.0,1051.0,1018.0,1007.0,1000.0,1007.0,996.0,976.0,963.0,974.0,964.0,956.0,953.0,973.0,967.0,979.0,985.0,997.0,996.0,985.0,948.0,968.0,1014.0,1030.0,1104.0,1109.0,1108.0,1100.0,1093.0,1062.0,1029.0,992.0,960.0,952.0,917.0,905.0,862.0,844.0,808.0,800.0,795.0,788.0,783.0,787.0,779.0,771.0,768.0,767.0,778.0,768.0,796.0,801.0,797.0,804.0,817.0,828.0,868.0,872.0,871.0,858.0,842.0,825.0,812.0,826.0,852,845.0,860.0,869.0,862.0,842.0,847.0,845.0,861.0,859.0,876.0,897.0,925.0,965.0,982.0,996.0,984.0,977.0,962.0,945.0,911.0,862.0,840.0,838.0,805.0,784.0,768.0,756.0,751.0,746.0,732.0,739.0,720.0,706.0,720.0,718.0,713.0,710.0,702.0,704.0,697.0,703.0,692.0,709.0,706.0,688.0,688.0,699.0,686.0,686.0,694.0,700.0,681.0,691.0,701.0,684.0,692.0,681.0,697.0,685.0,693.0,692.0,691.0,693.0,690.0,683.0,681.0,695.0,689.0,692.0,688.0,687.0,686.0,687.0,688.0,689.0,703.0,684.0,701.0,695.0,689.0,683.0,699.0,686.0,705.0,696.0,692.0,695.0,689.0,697.0,685.0,696.0,684.0,695.0,690.0,691.0,681.0,690.0,714.0,700.0,691.0,698.0,694.0,696.0,697.0
838.0,856.0,869.0,846.0,859.0,842.0,849.0,818.0,822.0,829.0,843.0,844.0,845.0,823.0,831.0,834.0,818.0,834.0,823.0,839.0,835.0,827.0,834.0,851.0,843.0,827.0,832.0,855.0,871.0,869.0,873.0,860.0,836.0,843.0,842.0,835.0,818.0,829.0,837.0,848.0,827.0,820.0,802.0,813.0,824.0,798.0,815.0,812.0,808.0,827.0,833.0,816.0,794.0,820.0,839.0,813.0,808.0,803.0,812.0,814.0,841.0,852.0,835.0,815.0,808.0,815.0,816.0,786.0,807.0,823.0,855.0,843.0,870.0,852.0,857.0,838.0,830.0,842.0,826.0,850.0,837.0,865.0,864.0,868.0,875.0,918.0,943.0,955.0,899.0,880.0,884.0,904.0,894.0,907.0,913.0,903.0,907.0,917.0,892.0,892.0,902.0,929.0,958.0,943.0,937.0,914.0,920.0,910.0,934.0,932.0,907.0,954.0,940.0,934.0,941.0,951.0,923.0,937.0,937.0,939.0,954.0,950.0,953.0,956.0,925.0,945.0,931.0,948.0,940.0,943.0,939.0,950.0,959.0,952.0,994.0,995.0,1039.0,1116.0,1077.0,967.0,949.0,935.0,926.0,952.0,934.0,965.0,930.0,941.0,930.0,941.0,955.0,927.0,960.0,973.0,979.0,991.0,1009.0,1005.0,1042.0,1029.0,1012.0,1016.0,996.0,974.0,969.0,974.0,972.0,955.0,949.0,929.0,900.0,910.0,893.0,904.0,919.0,905.0,913.0,888.0,898.0,907.0,883.0,892.0,879.0,892.0,893.0,898.0,933.0,955.0,923.0,945.0,980.0,995.0,1009.0,1075.0,1066.0,1059.0,1069.0,1098.0,1060.0,1046.0,1046.0,1043.0,1025.0,1016.0,1025.0,1056.0,1063.0,1078.0,1068.0,1082.0,1104.0,1121.0,1166.0,1143.0,1164.0,1159.0,1188.0,1181.0,1198.0,1179.0,1141.0,1122.0,1060.0,1018.0,1044.0,1008.0,1028.0,1032.0,1024.0,994.0,986.0,1009.0,984.0,1043.0,1010.0,1012.0,1032.0,1038.0,1055.0,1033.0,1030.0,1020.0,1064.0,1080.0,1116.0,1176.0,1161.0,1168.0,1170.0,1121.0,1085.0,1017.0,1030.0,1002.0,1013.0,956.0,911.0,871.0,847.0,819.0,817.0,831.0,820.0,801.0,809.0,821.0,806.0,798.0,791.0,803.0,830.0,823.0,840.0,853.0,876.0,859.0,906.0,922.0,909.0,920.0,874.0,873.0,859.0,864.0,878,889.0,891.0,902.0,882.0,896.0,881.0,889.0,902.0,907.0,940.0,952.0,977.0,998.0,1040.0,1036.0,1013.0,1037.0,1013.0,977.0,969.0,935.0,888.0,889.0,836.0,837.0,810.0,778.0,791.0,762.0,771.0,759.0,747.0,752.0,726.0,728.0,740.0,729.0,733.0,722.0,735.0,717.0,714.0,705.0,723.0,710.0,708.0,712.0,710.0,711.0,710.0,716.0,718.0,705.0,721.0,700.0,693.0,699.0,715.0,717.0,723.0,713.0,705.0,702.0,719.0,699.0,714.0,705.0,724.0,710.0,710.0,709.0,717.0,716.0,714.0,707.0,708.0,704.0,708.0,718.0,711.0,711.0,712.0,707.0,711.0,714.0,718.0,709.0,710.0,717.0,720.0,711.0,706.0,719.0,701.0,731.0,706.0,696.0,725.0,728.0,712.0,698.0,708.0,712.0,707.0
759.0,776.0,769.0,767.0,777.0,769.0,766.0,757.0,773.0,755.0,782.0,783.0,772.0,768.0,781.0,769.0,761.0,760.0,746.0,763.0,765.0,766.0,779.0,766.0,773.0,764.0,782.0,774.0,769.0,797.0,768.0,771.0,774.0,775.0,782.0,765.0,772.0,757.0,767.0,759.0,763.0,753.0,757.0,757.0,760.0,753.0,746.0,748.0,767.0,774.0,771.0,755.0,754.0,766.0,759.0,765.0,757.0,745.0,749.0,757.0,768.0,761.0,747.0,744.0,740.0,749.0,752.0,750.0,760.0,741.0,770.0,762.0,797.0,779.0,766.0,755.0,756.0,768.0,764.0,769.0,769.0,780.0,786.0,786.0,806.0,821.0,846.0,826.0,802.0,792.0,799.0,814.0,800.0,813.0,821.0,814.0,805.0,802.0,819.0,841.0,824.0,847.0,822.0,861.0,828.0,829.0,824.0,832.0,830.0,840.0,840.0,836.0,848.0,851.0,841.0,818.0,831.0,826.0,847.0,844.0,838.0,849.0,827.0,844.0,847.0,829.0,835.0,829.0,832.0,825.0,830.0,860.0,867.0,850.0,862.0,862.0,893.0,930.0,913.0,852.0,828.0,824.0,824.0,848.0,836.0,846.0,846.0,836.0,838.0,829.0,833.0,841.0,852.0,847.0,878.0,865.0,871.0,868.0,894.0,889.0,885.0,893.0,878.0,872.0,859.0,855.0,841.0,853.0,849.0,816.0,818.0,804.0,816.0,816.0,803.0,803.0,798.0,811.0,805.0,786.0,788.0,789.0,788.0,782.0,802.0,807.0,821.0,843.0,827.0,832.0,864.0,871.0,882.0,885.0,889.0,912.0,899.0,901.0,910.0,925.0,896.0,894.0,888.0,894.0,881.0,903.0,894.0,918.0,937.0,926.0,931.0,953.0,970.0,963.0,961.0,973.0,976.0,973.0,975.0,974.0,970.0,936.0,913.0,922.0,906.0,888.0,893.0,876.0,896.0,880.0,893.0,877.0,894.0,877.0,893.0,896.0,907.0,896.0,898.0,899.0,881.0,883.0,914.0,946.0,956.0,990.0,983.0,976.0,973.0,951.0,933.0,907.0,883.0,878.0,834.0,835.0,794.0,773.0,769.0,750.0,747.0,746.0,747.0,735.0,735.0,753.0,745.0,728.0,747.0,726.0,749.0,742.0,753.0,762.0,776.0,772.0,814.0,826.0,804.0,795.0,788.0,767.0,773.0,785.0,769,799.0,797.0,796.0,798.0,801.0,794.0,772.0,796.0,809.0,810.0,831.0,845.0,868.0,886.0,883.0,873.0,871.0,857.0,842.0,825.0,817.0,794.0,778.0,764.0,752.0,727.0,733.0,722.0,709.0,720.0,713.0,702.0,697.0,687.0,682.0,698.0,680.0,685.0,676.0,680.0,678.0,685.0,686.0,689.0,683.0,674.0,685.0,668.0,686.0,676.0,681.0,682.0,687.0,675.0,680.0,679.0,681.0,685.0,671.0,677.0,676.0,689.0,677.0,672.0,676.0,679.0,681.0,675.0,669.0,687.0,681.0,681.0,682.0,666.0,683.0,667.0,678.0,677.0,673.0,684.0,686.0,672.0,671.0,674.0,674.0,682.0,663.0,694.0,684.0,680.0,680.0,693.0,684.0,674.0,693.0,685.0,675.0,695.0,683.0,675.0,682.0,680.0,679.0,683.0
876.0,878.0,902.0,887.0,911.0,903.0,889.0,886.0,888.0,874.0,885.0,884.0,904.0,888.0,881.0,879.0,870.0,853.0,860.0,872.0,880.0,871.0,884.0,884.0,874.0,882.0,881.0,915.0,908.0,909.0,910.0,906.0,917.0,908.0,899.0,876.0,886.0,877.0,882.0,871.0,863.0,864.0,872.0,857.0,840.0,849.0,837.0,831.0,853.0,872.0,857.0,849.0,860.0,861.0,882.0,849.0,840.0,855.0,857.0,879.0,885.0,870.0,847.0,846.0,828.0,843.0,832.0,844.0,863.0,859.0,887.0,889.0,917.0,922.0,892.0,855.0,842.0,872.0,880.0,881.0,891.0,895.0,894.0,913.0,930.0,982.0,997.0,999.0,950.0,927.0,929.0,953.0,946.0,958.0,950.0,967.0,937.0,966.0,964.0,965.0,970.0,997.0,1017.0,1020.0,991.0,967.0,988.0,982.0,982.0,1002.0,995.0,1014.0,1031.0,1010.0,1020.0,998.0,1000.0,999.0,996.0,1014.0,985.0,1020.0,1005.0,1020.0,1002.0,987.0,996.0,1002.0,982.0,1010.0,1002.0,1008.0,1030.0,1044.0,1054.0,1054.0,1104.0,1205.0,1128.0,1053.0,1002.0,989.0,987.0,1011.0,1022.0,1012.0,1018.0,1011.0,1020.0,1009.0,1019.0,1014.0,1032.0,1045.0,1074.0,1092.0,1108.0,1104.0,1121.0,1107.0,1132.0,1103.0,1092.0,1059.0,1037.0,1054.0,1060.0,1056.0,1030.0,1005.0,964.0,967.0,973.0,955.0,987.0,975.0,954.0,948.0,967.0,924.0,928.0,917.0,926.0,925.0,949.0,980.0,992.0,1006.0,1012.0,1011.0,1030.0,1072.0,1117.0,1131.0,1134.0,1141.0,1178.0,1158.0,1157.0,1153.0,1145.0,1133.0,1115.0,1126.0,1128.0,1120.0,1168.0,1167.0,1197.0,1184.0,1227.0,1240.0,1241.0,1261.0,1266.0,1266.0,1297.0,1320.0,1287.0,1277.0,1225.0,1195.0,1151.0,1166.0,1137.0,1124.0,1123.0,1107.0,1108.0,1109.0,1093.0,1089.0,1064.0,1056.0,1099.0,1091.0,1094.0,1118.0,1111.0,1097.0,1102.0,1086.0,1150.0,1195.0,1239.0,1282.0,1310.0,1295.0,1276.0,1214.0,1187.0,1126.0,1099.0,1060.0,1024.0,997.0,959.0,886.0,862.0,848.0,842.0,824.0,833.0,822.0,830.0,817.0,826.0,824.0,821.0,814.0,841.0,835.0,848.0,866.0,887.0,889.0,924.0,949.0,947.0,929.0,909.0,883.0,886.0,888.0,899,930.0,935.0,911.0,940.0,928.0,921.0,917.0,934.0,965.0,972.0,1006.0,1036.0,1063.0,1100.0,1115.0,1100.0,1111.0,1061.0,1026.0,1017.0,959.0,916.0,909.0,878.0,845.0,819.0,784.0,784.0,757.0,752.0,750.0,738.0,730.0,739.0,723.0,730.0,721.0,727.0,715.0,712.0,706.0,717.0,716.0,703.0,699.0,700.0,703.0,708.0,693.0,703.0,686.0,696.0,709.0,690.0,686.0,693.0,689.0,698.0,696.0,692.0,709.0,704.0,691.0,698.0,706.0,694.0,694.0,691.0,704.0,697.0,688.0,692.0,692.0,690.0,693.0,693.0,705.0,704.0,699.0,712.0,701.0,700.0,698.0,695.0,694.0,698.0,693.0,703.0,698.0,699.0,704.0,693.0,702.0,693.0,701.0,706.0,688.0,704.0,711.0,701.0,698.0,693.0,704.0,707.0
841.0,835.0,878.0,844.0,853.0,858.0,832.0,829.0,851.0,827.0,829.0,842.0,847.0,827.0,838.0,817.0,833.0,841.0,833.0,833.0,841.0,848.0,861.0,811.0,821.0,839.0,841.0,843.0,842.0,854.0,851.0,860.0,853.0,855.0,848.0,849.0,841.0,823.0,843.0,825.0,825.0,804.0,825.0,819.0,826.0,815.0,793.0,801.0,820.0,833.0,813.0,801.0,810.0,830.0,831.0,813.0,807.0,818.0,812.0,825.0,845.0,826.0,826.0,813.0,803.0,790.0,794.0,787.0,831.0,809.0,840.0,857.0,857.0,871.0,852.0,822.0,821.0,832.0,818.0,854.0,851.0,851.0,835.0,865.0,909.0,939.0,957.0,932.0,901.0,902.0,896.0,893.0,913.0,915.0,893.0,909.0,893.0,913.0,890.0,910.0,907.0,931.0,957.0,933.0,936.0,936.0,919.0,912.0,908.0,934.0,953.0,907.0,969.0,944.0,961.0,935.0,929.0,938.0,949.0,960.0,935.0,940.0,924.0,923.0,961.0,936.0,943.0,925.0,929.0,937.0,936.0,938.0,938.0,949.0,969.0,972.0,1024.0,1100.0,1050.0,968.0,933.0,918.0,912.0,935.0,963.0,949.0,942.0,963.0,929.0,938.0,962.0,961.0,964.0,984.0,992.0,1014.0,1018.0,1025.0,1017.0,996.0,1036.0,1020.0,974.0,980.0,947.0,964.0,977.0,970.0,956.0,911.0,897.0,916.0,893.0,892.0,910.0,899.0,891.0,887.0,895.0,883.0,879.0,859.0,862.0,867.0,880.0,904.0,933.0,930.0,924.0,964.0,969.0,981.0,1040.0,1048.0,1075.0,1062.0,1048.0,1089.0,1059.0,1046.0,1040.0,1037.0,1005.0,1030.0,1021.0,1043.0,1058.0,1058.0,1108.0,1084.0,1119.0,1130.0,1173.0,1140.0,1144.0,1174.0,1169.0,1180.0,1183.0,1173.0,1125.0,1097.0,1081.0,1032.0,1044.0,1018.0,1007.0,1026.0,1007.0,996.0,1007.0,982.0,1002.0,998.0,982.0,997.0,1015.0,982.0,1020.0,984.0,1004.0,989.0,1065.0,1073.0,1126.0,1157.0,1165.0,1156.0,1143.0,1114.0,1055.0,1009.0,1017.0,998.0,977.0,942.0,896.0,837.0,828.0,826.0,803.0,796.0,819.0,801.0,790.0,798.0,779.0,771.0,800.0,779.0,808.0,790.0,798.0,803.0,843.0,860.0,911.0,918.0,901.0,871.0,852.0,828.0,830.0,850.0,856,866.0,869.0,878.0,871.0,878.0,870.0,865.0,859.0,881.0,918.0,934.0,940.0,1018.0,1033.0,1029.0,1022.0,1020.0,963.0,958.0,935.0,899.0,877.0,875.0,848.0,824.0,783.0,780.0,765.0,752.0,744.0,731.0,716.0,732.0,723.0,710.0,720.0,711.0,710.0,709.0,714.0,700.0,700.0,695.0,698.0,713.0,695.0,699.0,695.0,699.0,680.0,693.0,689.0,705.0,703.0,695.0,695.0,696.0,696.0,689.0,703.0,704.0,702.0,696.0,696.0,683.0,709.0,706.0,680.0,704.0,697.0,683.0,700.0,703.0,706.0,692.0,692.0,697.0,695.0,688.0,685.0,694.0,702.0,701.0,709.0,691.0,701.0,699.0,693.0,699.0,700.0,706.0,695.0,704.0,699.0,696.0,702.0,690.0,712.0,704.0,706.0,700.0,706.0,710.0,709.0
753.0,757.0,753.0,754.0,766.0,757.0,760.0,742.0,750.0,749.0,759.0,758.0,766.0,748.0,754.0,744.0,745.0,756.0,749.0,752.0,752.0,752.0,757.0,753.0,753.0,759.0,743.0,763.0,760.0,766.0,770.0,765.0,757.0,757.0,761.0,758.0,749.0,744.0,741.0,745.0,743.0,737.0,727.0,736.0,732.0,735.0,720.0,735.0,734.0,735.0,738.0,738.0,722.0,739.0,743.0,744.0,729.0,732.0,739.0,733.0,732.0,758.0,741.0,728.0,732.0,726.0,720.0,726.0,728.0,730.0,745.0,743.0,765.0,755.0,756.0,739.0,723.0,726.0,748.0,746.0,740.0,747.0,756.0,762.0,760.0,802.0,821.0,795.0,780.0,773.0,779.0,776.0,790.0,789.0,783.0,803.0,768.0,796.0,779.0,803.0,806.0,814.0,808.0,828.0,814.0,791.0,801.0,796.0,801.0,813.0,804.0,808.0,824.0,821.0,829.0,805.0,803.0,808.0,820.0,817.0,804.0,823.0,818.0,809.0,814.0,801.0,792.0,799.0,791.0,800.0,812.0,822.0,824.0,813.0,813.0,830.0,844.0,881.0,866.0,815.0,809.0,808.0,798.0,808.0,813.0,818.0,814.0,806.0,819.0,818.0,830.0,826.0,846.0,821.0,853.0,856.0,853.0,868.0,871.0,884.0,864.0,856.0,849.0,852.0,839.0,840.0,828.0,828.0,819.0,807.0,797.0,784.0,789.0,800.0,794.0,787.0,791.0,789.0,779.0,779.0,766.0,769.0,752.0,759.0,767.0,783.0,795.0,788.0,805.0,812.0,808.0,828.0,869.0,865.0,851.0,864.0,869.0,872.0,868.0,883.0,880.0,864.0,863.0,844.0,859.0,881.0,885.0,891.0,897.0,907.0,905.0,920.0,923.0,924.0,943.0,928.0,922.0,964.0,965.0,954.0,922.0,909.0,891.0,873.0,874.0,858.0,864.0,868.0,868.0,835.0,840.0,841.0,847.0,856.0,869.0,857.0,859.0,860.0,859.0,850.0,859.0,836.0,881.0,899.0,918.0,940.0,943.0,935.0,933.0,916.0,900.0,852.0,847.0,827.0,818.0,802.0,788.0,749.0,734.0,734.0,732.0,728.0,724.0,730.0,721.0,720.0,710.0,704.0,716.0,702.0,717.0,728.0,718.0,742.0,747.0,744.0,785.0,777.0,782.0,767.0,746.0,747.0,737.0,751.0,756,758.0,768.0,774.0,759.0,779.0,763.0,764.0,784.0,775.0,796.0,809.0,817.0,844.0,847.0,845.0,843.0,852.0,824.0,831.0,793.0,791.0,765.0,753.0,744.0,729.0,717.0,710.0,709.0,704.0,692.0,697.0,683.0,688.0,686.0,672.0,686.0,684.0,684.0,672.0,670.0,677.0,667.0,665.0,678.0,672.0,673.0,662.0,668.0,665.0,664.0,670.0,663.0,665.0,668.0,672.0,669.0,666.0,668.0,662.0,670.0,664.0,664.0,669.0,675.0,670.0,670.0,684.0,666.0,667.0,675.0,674.0,670.0,671.0,674.0,667.0,671.0,666.0,666.0,666.0,674.0,669.0,673.0,666.0,676.0,669.0,677.0,665.0,664.0,662.0,667.0,673.0,673.0,667.0,666.0,671.0,671.0,672.0,670.0,664.0,669.0,673.0,669.0,677.0,651.0
797.0,802.0,813.0,811.0,790.0,797.0,783.0,784.0,800.0,787.0,793.0,783.0,814.0,774.0,796.0,786.0,778.0,790.0,777.0,811.0,796.0,792.0,807.0,791.0,788.0,789.0,814.0,801.0,807.0,811.0,813.0,811.0,825.0,789.0,793.0,792.0,793.0,783.0,778.0,787.0,775.0,760.0,760.0,770.0,763.0,767.0,751.0,766.0,766.0,771.0,773.0,769.0,756.0,776.0,785.0,755.0,763.0,762.0,764.0,778.0,785.0,767.0,754.0,766.0,763.0,752.0,747.0,760.0,772.0,755.0,796.0,779.0,820.0,797.0,809.0,758.0,769.0,776.0,790.0,790.0,790.0,791.0,798.0,804.0,827.0,856.0,872.0,876.0,840.0,830.0,822.0,805.0,860.0,838.0,832.0,841.0,839.0,851.0,842.0,849.0,853.0,867.0,876.0,879.0,866.0,859.0,857.0,860.0,859.0,886.0,869.0,880.0,867.0,876.0,882.0,863.0,872.0,877.0,885.0,883.0,875.0,890.0,877.0,880.0,870.0,877.0,863.0,851.0,848.0,850.0,871.0,898.0,882.0,885.0,905.0,904.0,918.0,962.0,949.0,891.0,864.0,851.0,860.0,870.0,880.0,886.0,880.0,882.0,866.0,882.0,902.0,896.0,893.0,920.0,919.0,931.0,933.0,947.0,933.0,960.0,951.0,950.0,921.0,907.0,888.0,912.0,899.0,890.0,881.0,848.0,846.0,827.0,831.0,852.0,844.0,822.0,834.0,833.0,825.0,816.0,829.0,810.0,806.0,808.0,826.0,839.0,858.0,847.0,849.0,865.0,887.0,913.0,938.0,954.0,964.0,970.0,969.0,969.0,964.0,958.0,944.0,939.0,945.0,961.0,954.0,940.0,952.0,978.0,978.0,993.0,1006.0,1018.0,1035.0,1028.0,1043.0,1064.0,1060.0,1077.0,1062.0,1034.0,1030.0,1000.0,981.0,950.0,952.0,947.0,948.0,920.0,942.0,931.0,915.0,913.0,898.0,919.0,941.0,934.0,944.0,942.0,926.0,948.0,904.0,925.0,947.0,965.0,1018.0,1046.0,1036.0,1043.0,1036.0,1010.0,986.0,945.0,928.0,909.0,900.0,879.0,845.0,790.0,766.0,768.0,759.0,755.0,758.0,748.0,747.0,736.0,740.0,727.0,752.0,730.0,762.0,751.0,746.0,787.0,791.0,806.0,825.0,833.0,820.0,790.0,801.0,788.0,778.0,780.0,806,802.0,807.0,828.0,814.0,812.0,807.0,805.0,808.0,820.0,847.0,869.0,886.0,905.0,937.0,944.0,933.0,915.0,906.0,881.0,871.0,843.0,812.0,788.0,769.0,768.0,738.0,738.0,727.0,717.0,718.0,689.0,697.0,699.0,693.0,688.0,699.0,690.0,689.0,686.0,681.0,676.0,677.0,686.0,678.0,672.0,681.0,680.0,672.0,667.0,680.0,666.0,670.0,667.0,673.0,662.0,667.0,675.0,675.0,670.0,675.0,672.0,678.0,668.0,660.0,662.0,665.0,679.0,663.0,671.0,669.0,664.0,680.0,672.0,672.0,675.0,671.0,679.0,681.0,675.0,676.0,677.0,676.0,674.0,672.0,674.0,683.0,682.0,676.0,666.0,682.0,676.0,663.0,678.0,677.0,681.0,669.0,664.0,681.0,682.0,673.0,673.0,684.0,677.0,669.0
806.0,794.0,810.0,808.0,794.0,802.0,800.0,803.0,803.0,781.0,785.0,783.0,788.0,762.0,784.0,774.0,763.0,771.0,767.0,780.0,771.0,774.0,776.0,785.0,797.0,784.0,796.0,794.0,808.0,819.0,800.0,802.0,797.0,801.0,773.0,797.0,782.0,781.0,777.0,786.0,772.0,761.0,761.0,765.0,762.0,753.0,741.0,746.0,763.0,775.0,771.0,757.0,759.0,764.0,772.0,774.0,757.0,739.0,770.0,775.0,793.0,805.0,763.0,766.0,747.0,754.0,750.0,771.0,775.0,778.0,790.0,809.0,836.0,849.0,810.0,780.0,774.0,774.0,792.0,789.0,791.0,794.0,807.0,821.0,864.0,934.0,931.0,914.0,846.0,858.0,845.0,869.0,881.0,874.0,854.0,866.0,845.0,842.0,828.0,851.0,844.0,846.0,872.0,877.0,877.0,844.0,845.0,857.0,853.0,867.0,880.0,885.0,863.0,863.0,866.0,856.0,859.0,871.0,888.0,857.0,886.0,895.0,877.0,875.0,848.0,849.0,857.0,877.0,874.0,867.0,875.0,873.0,864.0,877.0,883.0,914.0,952.0,1006.0,982.0,901.0,868.0,856.0,858.0,875.0,866.0,905.0,877.0,879.0,887.0,892.0,877.0,858.0,885.0,910.0,925.0,935.0,925.0,938.0,966.0,979.0,973.0,954.0,923.0,897.0,886.0,881.0,890.0,905.0,866.0,838.0,829.0,820.0,810.0,828.0,837.0,828.0,837.0,825.0,825.0,844.0,815.0,815.0,823.0,804.0,827.0,845.0,877.0,879.0,883.0,904.0,922.0,934.0,992.0,995.0,990.0,1032.0,1015.0,1012.0,1011.0,1009.0,980.0,970.0,953.0,955.0,964.0,959.0,990.0,1004.0,1020.0,1021.0,1027.0,1052.0,1086.0,1107.0,1063.0,1097.0,1095.0,1123.0,1121.0,1096.0,1059.0,1033.0,994.0,965.0,974.0,972.0,937.0,963.0,954.0,956.0,935.0,933.0,925.0,953.0,922.0,950.0,947.0,947.0,943.0,950.0,921.0,920.0,941.0,973.0,1037.0,1047.0,1075.0,1046.0,1036.0,1022.0,996.0,946.0,952.0,931.0,967.0,902.0,845.0,797.0,783.0,755.0,759.0,762.0,743.0,736.0,734.0,733.0,736.0,719.0,743.0,740.0,738.0,735.0,739.0,782.0,789.0,812.0,860.0,875.0,861.0,855.0,816.0,790.0,773.0,790.0,801,811.0,798.0,804.0,809.0,811.0,803.0,820.0,814.0,830.0,845.0,882.0,904.0,922.0,948.0,952.0,950.0,951.0,941.0,905.0,897.0,861.0,836.0,806.0,795.0,773.0,747.0,733.0,710.0,699.0,695.0,687.0,681.0,671.0,676.0,661.0,666.0,664.0,656.0,665.0,675.0,654.0,656.0,644.0,653.0,658.0,656.0,656.0,649.0,660.0,653.0,655.0,653.0,651.0,654.0,647.0,647.0,657.0,644.0,641.0,649.0,654.0,658.0,651.0,651.0,648.0,651.0,657.0,637.0,656.0,659.0,648.0,662.0,654.0,649.0,647.0,650.0,648.0,652.0,647.0,647.0,633.0,651.0,650.0,649.0,648.0,655.0,653.0,641.0,645.0,650.0,651.0,652.0,646.0,653.0,648.0,655.0,652.0,659.0,651.0,650.0,651.0,654.0,645.0,655.0
