402.1287,406.6808,411.2303,415.7773,420.3218,424.8639,429.4034,433.9404,438.4749,443.0069,447.5365,452.0635,456.5881,461.1101,465.6297,470.1469,474.6615,479.1736,483.6833,488.1905,492.6953,497.1975,501.6973,506.1946,510.6895,515.1819,519.6719,524.1594,528.6445,533.1271,537.6072,542.085,546.5602,551.033,555.5034,559.9714,564.4369,568.9,573.3607,577.8188,582.2747,586.728,591.179,595.6276,600.0737,604.5174,608.9587,613.3976,617.834,622.2681,626.6998,631.129,635.5559,639.9803,644.4024,648.8221,653.2394,657.6543,662.0668,666.4769,670.8846,675.29,679.693,684.0936,688.4918,692.8877,697.2812,701.6723,706.061,710.4474,714.8315,719.2131,723.5925,727.9694,732.3441,736.7163,741.0862,745.4538,749.819,754.1819,758.5424,762.9006,767.2565,771.61,775.9612,780.3101,784.6566,789.0008,793.3427,797.6823,802.0195,806.3544,810.687,815.0173,819.3453,823.671,827.9944,832.3154,836.6342,840.9507,845.2648,849.5767,853.8863,858.1935,862.4985,866.8013,871.1017,875.3998,879.6956,883.9892,888.2805,892.5695,896.8563,901.1407,905.4229,909.7028,913.9805,918.2559,922.529,926.7999,931.0685,935.3348,939.5989,943.8608,948.1204,952.3777,956.6329,960.8857,965.1364,969.3847,973.6309,977.8748,982.1164,986.3558,990.5931,994.8281,999.0608,1003.291,1007.52,1011.746,1015.97,1020.191,1024.411,1028.628,1032.843,1037.056,1041.266,1045.475,1049.681,1053.885,1058.087,1062.286,1066.484,1070.679,1074.872,1079.063,1083.251,1087.438,1091.622,1095.804,1099.984,1104.162,1108.337,1112.51,1116.682,1120.851,1125.018,1129.182,1133.345,1137.505,1141.663,1145.819,1149.973,1154.125,1158.275,1162.422,1166.567,1170.71,1174.851,1178.99,1183.127,1187.261,1191.394,1195.524,1199.652,1203.778,1207.902,1212.024,1216.144,1220.261,1224.377,1228.49,1232.601,1236.71,1240.817,1244.922,1249.024,1253.125,1257.223,1261.32,1265.414,1269.506,1273.596,1277.684,1281.77,1285.854,1289.935,1294.015,1298.092,1302.168,1306.241,1310.312,1314.381,1318.448,1322.513,1326.576,1330.637,1334.696,1338.753,1342.807,1346.86,1350.91,1354.959,1359.005,1363.049,1367.091,1371.132,1375.17,1379.206,1383.24,1387.272,1391.302,1395.329,1399.355,1403.379,1407.401,1411.42,1415.438,1419.454,1423.467,1427.479,1431.488,1435.496,1439.501,1443.505,1447.506,1451.505,1455.503,1459.498,1463.491,1467.483,1471.472,1475.459,1479.444,1483.428,1487.409,1491.388,1495.365,1499.341,1503.314,1507.285,1511.255,1515.222,1519.187,1523.15,1527.112,1531.071,1535.028,1538.983,1542.937,1546.888,1550.838,1554.785,1558.73,1562.674,1566.615,1570.555,1574.492,1578.428,1582.361,1586.293,1590.223,1594.15,1598.076,1602,1605.922,1609.842,1613.76,1617.676,1621.59,1625.502,1629.412,1633.32,1637.226,1641.131,1645.033,1648.933,1652.832,1656.729,1660.623,1664.516,1668.407,1672.295,1676.182,1680.067,1683.95,1687.832,1691.711,1695.588,1699.463,1703.337,1707.208,1711.078,1714.946,1718.812,1722.676,1726.538,1730.398,1734.256,1738.112,1741.967,1745.819,1749.67,1753.519,1757.365,1761.21,1765.053,1768.895,1772.734,1776.571,1780.407,1784.24,1788.072,1791.902,1795.73,1799.556,1803.38,1807.203,1811.023,1814.842,1818.659,1822.474,1826.287,1830.098,1833.907,1837.715,1841.52,1845.324,1849.126,1852.926,1856.724,1860.521,1864.315,1868.108,1871.899,1875.688,1879.475,1883.26,1887.043,1890.825,1894.605,1898.383,1902.159,1905.933,1909.705,1913.476,1917.245,1921.012,1924.777,1928.54,1932.302,1936.061,1939.819,1943.575,1947.33,1951.082,1954.833,1958.581,1962.328,1966.073,1969.817,1973.558,1977.298,1981.036,1984.772,1988.507,1992.239,1995.97,1999.699
657.0,658.0,673.0,657.0,659.0,667.0,664.0,668.0,670.0,654.0,659.0,665.0,662.0,655.0,661.0,658.0,676.0,685.0,669.0,658.0,666.0,648.0,656.0,656.0,656.0,659.0,658.0,664.0,663.0,669.0,651.0,657.0,655.0,652.0,657.0,653.0,658.0,649.0,667.0,662.0,644.0,651.0,659.0,657.0,658.0,658.0,658.0,642.0,657.0,655.0,661.0,660.0,640.0,650.0,658.0,655.0,656.0,658.0,661.0,646.0,660.0,664.0,663.0,658.0,654.0,659.0,652.0,659.0,666.0,658.0,672.0,664.0,662.0,664.0,659.0,668.0,668.0,680.0,678.0,670.0,667.0,672.0,670.0,667.0,670.0,675.0,677.0,678.0,663.0,673.0,672.0,682.0,663.0,676.0,667.0,672.0,671.0,682.0,678.0,671.0,688.0,671.0,684.0,675.0,680.0,683.0,688.0,680.0,671.0,683.0,674.0,671.0,681.0,679.0,686.0,684.0,679.0,696.0,687.0,686.0,681.0,690.0,684.0,682.0,690.0,693.0,693.0,684.0,687.0,697.0,687.0,682.0,683.0,687.0,686.0,692.0,696.0,703.0,710.0,678.0,685.0,684.0,684.0,689.0,692.0,697.0,688.0,692.0,690.0,697.0,688.0,679.0,696.0,692.0,679.0,684.0,701.0,693.0,693.0,700.0,700.0,693.0,690.0,685.0,682.0,709.0,692.0,694.0,703.0,689.0,683.0,701.0,692.0,699.0,712.0,708.0,695.0,696.0,689.0,690.0,693.0,687.0,694.0,680.0,686.0,684.0,680.0,695.0,685.0,692.0,691.0,684.0,711.0,698.0,698.0,699.0,690.0,692.0,695.0,703.0,699.0,705.0,692.0,697.0,699.0,697.0,688.0,681.0,706.0,710.0,695.0,709.0,708.0,705.0,717.0,699.0,710.0,708.0,701.0,719.0,700.0,694.0,701.0,698.0,687.0,681.0,683.0,697.0,684.0,702.0,695.0,704.0,680.0,686.0,682.0,677.0,693.0,697.0,685.0,696.0,676.0,674.0,691.0,698.0,689.0,706.0,701.0,695.0,705.0,699.0,699.0,698.0,679.0,671.0,685.0,692.0,682.0,680.0,687.0,672.0,689.0,689.0,709.0,685.0,706.0,702.0,692.0,670.0,689.0,674.0,681.0,672.0,671.0,684.0,686.0,682.0,708.0,685.0,701.0,693.0,688.0,697.0,687.0,675.0,687,684.0,682.0,692.0,670.0,687.0,675.0,671.0,681.0,692.0,691.0,693.0,685.0,693.0,695.0,691.0,681.0,696.0,677.0,691.0,687.0,684.0,672.0,679.0,666.0,671.0,665.0,666.0,670.0,669.0,661.0,662.0,661.0,668.0,665.0,673.0,667.0,663.0,672.0,658.0,675.0,654.0,663.0,669.0,673.0,666.0,659.0,674.0,671.0,675.0,654.0,673.0,658.0,667.0,665.0,663.0,662.0,670.0,658.0,654.0,666.0,654.0,667.0,663.0,660.0,673.0,654.0,670.0,668.0,664.0,671.0,657.0,681.0,672.0,671.0,672.0,680.0,673.0,665.0,660.0,673.0,662.0,669.0,668.0,673.0,673.0,669.0,668.0,676.0,665.0,669.0,678.0,663.0,668.0,669.0,661.0,670.0,672.0,665.0,665.0,673.0,679.0,672.0,670.0,665.0
673.0,671.0,667.0,675.0,676.0,664.0,663.0,651.0,656.0,657.0,665.0,667.0,672.0,649.0,666.0,660.0,675.0,681.0,674.0,666.0,657.0,657.0,662.0,657.0,661.0,660.0,660.0,648.0,667.0,667.0,671.0,662.0,672.0,660.0,668.0,662.0,664.0,660.0,664.0,662.0,658.0,653.0,656.0,659.0,657.0,666.0,652.0,663.0,657.0,659.0,660.0,661.0,658.0,663.0,657.0,663.0,653.0,653.0,656.0,651.0,651.0,660.0,655.0,657.0,666.0,658.0,653.0,663.0,657.0,653.0,656.0,663.0,666.0,662.0,665.0,671.0,660.0,682.0,673.0,671.0,669.0,677.0,671.0,661.0,679.0,673.0,677.0,677.0,673.0,673.0,672.0,676.0,679.0,678.0,667.0,661.0,660.0,678.0,672.0,675.0,678.0,677.0,665.0,687.0,685.0,680.0,677.0,672.0,686.0,678.0,696.0,677.0,689.0,693.0,685.0,683.0,681.0,684.0,683.0,682.0,669.0,686.0,686.0,684.0,703.0,686.0,689.0,692.0,691.0,697.0,692.0,696.0,684.0,687.0,686.0,696.0,700.0,706.0,704.0,688.0,687.0,695.0,699.0,684.0,688.0,700.0,688.0,679.0,694.0,679.0,701.0,673.0,688.0,683.0,695.0,685.0,702.0,686.0,711.0,696.0,690.0,693.0,692.0,693.0,691.0,692.0,699.0,701.0,700.0,685.0,693.0,701.0,697.0,703.0,695.0,702.0,704.0,689.0,692.0,679.0,687.0,684.0,682.0,677.0,677.0,691.0,686.0,683.0,689.0,684.0,694.0,698.0,696.0,690.0,691.0,700.0,696.0,708.0,679.0,692.0,699.0,700.0,696.0,701.0,699.0,690.0,705.0,694.0,710.0,700.0,709.0,704.0,713.0,701.0,705.0,712.0,696.0,711.0,705.0,706.0,705.0,690.0,697.0,694.0,688.0,703.0,697.0,695.0,694.0,696.0,690.0,679.0,693.0,690.0,700.0,690.0,688.0,693.0,696.0,688.0,682.0,689.0,685.0,706.0,707.0,692.0,705.0,706.0,713.0,699.0,682.0,699.0,697.0,685.0,687.0,684.0,686.0,676.0,679.0,677.0,688.0,676.0,694.0,691.0,704.0,700.0,681.0,676.0,694.0,681.0,690.0,680.0,676.0,690.0,691.0,682.0,704.0,694.0,694.0,688.0,681.0,685.0,683.0,675.0,685,686.0,681.0,701.0,697.0,685.0,679.0,677.0,694.0,681.0,678.0,697.0,687.0,688.0,689.0,706.0,698.0,692.0,693.0,679.0,684.0,686.0,667.0,688.0,665.0,681.0,670.0,672.0,667.0,664.0,660.0,660.0,659.0,660.0,664.0,652.0,678.0,668.0,661.0,665.0,663.0,666.0,669.0,658.0,660.0,660.0,673.0,657.0,654.0,651.0,660.0,650.0,658.0,656.0,668.0,661.0,662.0,658.0,663.0,669.0,655.0,648.0,650.0,659.0,655.0,661.0,654.0,664.0,656.0,663.0,663.0,658.0,669.0,658.0,662.0,665.0,658.0,655.0,658.0,662.0,662.0,656.0,651.0,664.0,662.0,662.0,672.0,667.0,656.0,657.0,661.0,664.0,659.0,653.0,662.0,665.0,660.0,658.0,656.0,661.0,661.0,668.0,658.0,668.0,651.0
663.0,660.0,662.0,657.0,655.0,664.0,660.0,657.0,661.0,656.0,654.0,659.0,656.0,652.0,671.0,662.0,662.0,681.0,663.0,648.0,657.0,658.0,662.0,655.0,663.0,653.0,658.0,655.0,661.0,655.0,659.0,650.0,651.0,657.0,647.0,657.0,664.0,656.0,661.0,662.0,647.0,655.0,657.0,653.0,651.0,650.0,646.0,652.0,650.0,654.0,645.0,656.0,647.0,655.0,655.0,650.0,645.0,647.0,648.0,652.0,645.0,664.0,650.0,647.0,656.0,655.0,653.0,657.0,653.0,645.0,666.0,663.0,657.0,651.0,665.0,660.0,666.0,681.0,665.0,670.0,673.0,661.0,661.0,662.0,664.0,665.0,679.0,673.0,670.0,671.0,668.0,678.0,673.0,675.0,673.0,675.0,657.0,674.0,671.0,672.0,679.0,659.0,675.0,675.0,680.0,678.0,670.0,671.0,677.0,673.0,677.0,674.0,671.0,675.0,680.0,666.0,667.0,683.0,683.0,683.0,680.0,686.0,673.0,678.0,682.0,678.0,689.0,691.0,684.0,682.0,683.0,680.0,675.0,675.0,687.0,688.0,681.0,697.0,689.0,676.0,683.0,681.0,690.0,679.0,673.0,684.0,692.0,674.0,689.0,684.0,691.0,680.0,687.0,681.0,688.0,687.0,692.0,684.0,697.0,684.0,681.0,678.0,681.0,677.0,681.0,678.0,692.0,692.0,699.0,679.0,685.0,692.0,685.0,685.0,699.0,693.0,694.0,681.0,688.0,679.0,675.0,677.0,679.0,665.0,672.0,674.0,679.0,689.0,682.0,691.0,695.0,687.0,695.0,685.0,682.0,689.0,682.0,700.0,689.0,689.0,683.0,684.0,691.0,687.0,683.0,691.0,695.0,693.0,698.0,694.0,701.0,705.0,693.0,698.0,697.0,700.0,700.0,696.0,701.0,692.0,695.0,692.0,698.0,681.0,693.0,683.0,685.0,677.0,682.0,685.0,685.0,685.0,683.0,693.0,684.0,682.0,677.0,676.0,696.0,678.0,682.0,690.0,679.0,683.0,690.0,694.0,693.0,688.0,694.0,696.0,692.0,676.0,683.0,671.0,674.0,684.0,678.0,664.0,664.0,679.0,673.0,676.0,680.0,686.0,685.0,680.0,681.0,662.0,685.0,661.0,671.0,670.0,673.0,676.0,681.0,675.0,686.0,688.0,682.0,703.0,682.0,676.0,677.0,682.0,677,679.0,680.0,666.0,681.0,681.0,684.0,679.0,678.0,676.0,677.0,690.0,686.0,686.0,679.0,684.0,691.0,694.0,685.0,684.0,688.0,680.0,680.0,677.0,669.0,671.0,665.0,659.0,669.0,658.0,668.0,660.0,653.0,663.0,664.0,660.0,664.0,663.0,647.0,665.0,662.0,665.0,662.0,661.0,668.0,659.0,660.0,664.0,651.0,658.0,652.0,660.0,655.0,667.0,657.0,650.0,659.0,651.0,657.0,654.0,659.0,651.0,651.0,660.0,653.0,658.0,655.0,656.0,653.0,654.0,656.0,650.0,669.0,647.0,662.0,663.0,659.0,660.0,650.0,653.0,666.0,660.0,659.0,648.0,664.0,655.0,661.0,663.0,670.0,651.0,663.0,663.0,659.0,661.0,655.0,658.0,665.0,661.0,660.0,668.0,657.0,659.0,664.0,657.0,661.0
632.0,626.0,643.0,633.0,637.0,641.0,628.0,638.0,638.0,641.0,633.0,637.0,637.0,634.0,635.0,635.0,643.0,657.0,647.0,623.0,635.0,628.0,636.0,631.0,626.0,634.0,639.0,619.0,623.0,639.0,629.0,627.0,632.0,631.0,631.0,633.0,630.0,628.0,639.0,627.0,630.0,628.0,638.0,630.0,633.0,640.0,625.0,630.0,624.0,629.0,619.0,634.0,632.0,634.0,627.0,638.0,627.0,619.0,625.0,627.0,623.0,636.0,631.0,625.0,637.0,629.0,623.0,628.0,634.0,624.0,627.0,643.0,633.0,624.0,635.0,632.0,626.0,625.0,630.0,637.0,631.0,643.0,633.0,632.0,648.0,635.0,649.0,651.0,630.0,647.0,631.0,644.0,631.0,639.0,635.0,632.0,622.0,644.0,626.0,643.0,644.0,630.0,631.0,642.0,638.0,639.0,630.0,643.0,644.0,640.0,639.0,642.0,645.0,646.0,640.0,633.0,642.0,647.0,645.0,643.0,628.0,639.0,636.0,646.0,642.0,644.0,640.0,645.0,645.0,639.0,650.0,652.0,632.0,631.0,647.0,648.0,637.0,652.0,665.0,640.0,641.0,643.0,644.0,652.0,635.0,648.0,640.0,633.0,641.0,636.0,642.0,633.0,650.0,653.0,643.0,648.0,658.0,645.0,652.0,658.0,654.0,649.0,652.0,642.0,655.0,642.0,654.0,641.0,655.0,645.0,646.0,650.0,651.0,647.0,640.0,658.0,640.0,645.0,644.0,640.0,631.0,635.0,646.0,630.0,646.0,652.0,643.0,645.0,643.0,647.0,644.0,645.0,664.0,654.0,645.0,645.0,651.0,655.0,651.0,645.0,655.0,647.0,650.0,646.0,647.0,644.0,642.0,647.0,669.0,650.0,656.0,657.0,654.0,665.0,659.0,659.0,654.0,651.0,655.0,666.0,638.0,657.0,645.0,648.0,658.0,643.0,654.0,641.0,644.0,645.0,656.0,655.0,653.0,644.0,645.0,647.0,636.0,647.0,647.0,649.0,643.0,643.0,654.0,645.0,652.0,638.0,652.0,644.0,653.0,653.0,661.0,644.0,653.0,641.0,645.0,646.0,645.0,629.0,641.0,641.0,640.0,641.0,645.0,649.0,656.0,651.0,647.0,638.0,636.0,629.0,644.0,645.0,635.0,644.0,647.0,641.0,668.0,659.0,645.0,655.0,651.0,640.0,632.0,645.0,640,646.0,646.0,653.0,647.0,639.0,643.0,652.0,643.0,643.0,650.0,650.0,640.0,649.0,640.0,645.0,643.0,656.0,638.0,647.0,648.0,646.0,633.0,641.0,630.0,640.0,631.0,637.0,625.0,619.0,642.0,631.0,639.0,637.0,626.0,633.0,640.0,632.0,623.0,637.0,639.0,635.0,634.0,641.0,641.0,628.0,646.0,636.0,633.0,627.0,624.0,633.0,621.0,640.0,638.0,627.0,631.0,635.0,633.0,627.0,639.0,638.0,632.0,626.0,633.0,636.0,632.0,631.0,627.0,636.0,635.0,615.0,637.0,631.0,622.0,634.0,632.0,632.0,623.0,644.0,630.0,620.0,635.0,626.0,628.0,627.0,631.0,641.0,618.0,626.0,637.0,634.0,633.0,625.0,630.0,628.0,628.0,622.0,626.0,636.0,625.0,630.0,635.0,630.0,635.0
655.0,654.0,660.0,654.0,645.0,650.0,649.0,654.0,647.0,656.0,650.0,656.0,652.0,639.0,646.0,655.0,656.0,673.0,657.0,657.0,652.0,658.0,650.0,648.0,647.0,640.0,651.0,643.0,656.0,661.0,648.0,648.0,644.0,645.0,652.0,653.0,646.0,648.0,657.0,647.0,646.0,640.0,642.0,641.0,647.0,646.0,643.0,649.0,649.0,650.0,653.0,645.0,644.0,644.0,646.0,651.0,650.0,647.0,650.0,648.0,645.0,657.0,644.0,638.0,655.0,645.0,644.0,649.0,645.0,645.0,661.0,650.0,654.0,647.0,650.0,655.0,650.0,661.0,664.0,661.0,659.0,648.0,648.0,664.0,657.0,662.0,663.0,666.0,655.0,653.0,664.0,649.0,669.0,655.0,666.0,660.0,651.0,671.0,651.0,665.0,679.0,665.0,663.0,672.0,665.0,665.0,668.0,661.0,671.0,662.0,668.0,675.0,673.0,665.0,667.0,660.0,666.0,668.0,666.0,670.0,666.0,675.0,668.0,668.0,675.0,667.0,670.0,667.0,672.0,670.0,663.0,666.0,662.0,666.0,673.0,678.0,672.0,682.0,682.0,668.0,677.0,676.0,675.0,676.0,678.0,680.0,676.0,669.0,673.0,674.0,666.0,672.0,672.0,680.0,666.0,682.0,677.0,664.0,685.0,668.0,674.0,676.0,679.0,670.0,670.0,673.0,679.0,680.0,689.0,666.0,671.0,675.0,671.0,671.0,678.0,677.0,681.0,679.0,668.0,672.0,674.0,663.0,667.0,666.0,666.0,670.0,664.0,673.0,667.0,666.0,676.0,674.0,679.0,674.0,673.0,691.0,672.0,687.0,686.0,680.0,673.0,686.0,670.0,666.0,677.0,676.0,676.0,671.0,688.0,678.0,683.0,679.0,687.0,687.0,686.0,685.0,683.0,677.0,690.0,681.0,682.0,673.0,679.0,676.0,677.0,676.0,666.0,665.0,675.0,671.0,680.0,677.0,668.0,675.0,677.0,668.0,674.0,670.0,668.0,668.0,667.0,660.0,672.0,673.0,681.0,675.0,685.0,681.0,689.0,676.0,682.0,682.0,663.0,668.0,664.0,668.0,661.0,660.0,654.0,664.0,668.0,658.0,680.0,679.0,667.0,670.0,664.0,660.0,667.0,645.0,664.0,666.0,652.0,669.0,670.0,673.0,681.0,681.0,677.0,674.0,677.0,675.0,664.0,667.0,660,672.0,668.0,670.0,658.0,659.0,663.0,671.0,663.0,663.0,665.0,674.0,666.0,683.0,681.0,677.0,668.0,680.0,666.0,678.0,663.0,669.0,660.0,672.0,647.0,658.0,652.0,651.0,660.0,661.0,659.0,655.0,660.0,648.0,653.0,651.0,658.0,651.0,652.0,652.0,647.0,653.0,649.0,651.0,653.0,648.0,654.0,652.0,642.0,646.0,642.0,646.0,644.0,650.0,648.0,650.0,640.0,639.0,641.0,653.0,646.0,645.0,645.0,641.0,644.0,645.0,646.0,646.0,647.0,648.0,644.0,636.0,651.0,645.0,649.0,649.0,649.0,643.0,647.0,643.0,650.0,651.0,652.0,639.0,653.0,642.0,657.0,657.0,652.0,654.0,654.0,654.0,641.0,647.0,648.0,642.0,649.0,642.0,645.0,652.0,644.0,650.0,655.0,643.0,638.0
644.0,638.0,643.0,642.0,641.0,643.0,635.0,637.0,646.0,633.0,649.0,641.0,629.0,628.0,638.0,648.0,653.0,649.0,643.0,634.0,637.0,638.0,644.0,639.0,635.0,637.0,637.0,639.0,634.0,637.0,638.0,633.0,632.0,637.0,639.0,629.0,633.0,634.0,639.0,637.0,640.0,636.0,624.0,642.0,634.0,636.0,634.0,635.0,632.0,624.0,634.0,631.0,633.0,629.0,632.0,640.0,630.0,635.0,631.0,625.0,626.0,642.0,631.0,631.0,640.0,637.0,629.0,635.0,640.0,637.0,638.0,633.0,632.0,630.0,643.0,636.0,647.0,644.0,645.0,637.0,640.0,641.0,636.0,642.0,646.0,646.0,638.0,657.0,642.0,638.0,644.0,648.0,644.0,651.0,641.0,657.0,638.0,642.0,645.0,654.0,642.0,643.0,644.0,650.0,651.0,637.0,644.0,649.0,644.0,649.0,650.0,650.0,653.0,638.0,646.0,632.0,654.0,654.0,651.0,646.0,654.0,657.0,650.0,653.0,650.0,650.0,647.0,642.0,654.0,655.0,648.0,654.0,652.0,643.0,655.0,658.0,653.0,659.0,659.0,654.0,644.0,649.0,650.0,647.0,655.0,650.0,653.0,651.0,659.0,650.0,656.0,653.0,663.0,649.0,652.0,658.0,656.0,643.0,650.0,653.0,656.0,656.0,654.0,666.0,648.0,658.0,658.0,654.0,671.0,647.0,659.0,654.0,653.0,652.0,661.0,653.0,657.0,652.0,657.0,648.0,648.0,654.0,650.0,649.0,655.0,650.0,655.0,643.0,658.0,656.0,653.0,665.0,658.0,653.0,659.0,656.0,657.0,658.0,671.0,660.0,657.0,651.0,645.0,650.0,654.0,664.0,653.0,644.0,673.0,656.0,660.0,667.0,665.0,660.0,665.0,662.0,661.0,651.0,658.0,673.0,666.0,661.0,652.0,658.0,650.0,650.0,650.0,660.0,653.0,653.0,648.0,653.0,656.0,655.0,647.0,651.0,652.0,655.0,656.0,655.0,655.0,647.0,646.0,659.0,660.0,659.0,651.0,652.0,675.0,663.0,655.0,645.0,654.0,660.0,647.0,654.0,644.0,644.0,645.0,648.0,652.0,644.0,649.0,644.0,655.0,644.0,645.0,650.0,649.0,639.0,655.0,644.0,644.0,650.0,654.0,644.0,659.0,653.0,659.0,656.0,656.0,651.0,654.0,643.0,647,648.0,651.0,651.0,644.0,649.0,648.0,640.0,644.0,659.0,652.0,661.0,648.0,658.0,654.0,654.0,648.0,662.0,651.0,658.0,651.0,662.0,648.0,654.0,648.0,644.0,645.0,634.0,639.0,628.0,641.0,633.0,638.0,640.0,630.0,631.0,640.0,644.0,637.0,636.0,633.0,645.0,627.0,639.0,640.0,640.0,643.0,640.0,633.0,635.0,631.0,633.0,634.0,631.0,629.0,632.0,632.0,635.0,632.0,625.0,632.0,636.0,634.0,642.0,630.0,641.0,632.0,633.0,628.0,630.0,634.0,635.0,643.0,637.0,635.0,631.0,641.0,634.0,635.0,628.0,633.0,632.0,632.0,627.0,628.0,641.0,637.0,635.0,639.0,640.0,636.0,631.0,629.0,634.0,628.0,643.0,633.0,630.0,632.0,633.0,635.0,638.0,635.0,639.0,622.0
629.0,635.0,645.0,642.0,640.0,644.0,643.0,633.0,647.0,637.0,632.0,640.0,644.0,632.0,645.0,651.0,651.0,675.0,657.0,639.0,638.0,642.0,647.0,635.0,638.0,642.0,641.0,635.0,641.0,643.0,636.0,632.0,632.0,640.0,646.0,641.0,637.0,628.0,643.0,634.0,635.0,638.0,626.0,628.0,635.0,629.0,636.0,634.0,630.0,641.0,638.0,628.0,629.0,635.0,642.0,642.0,634.0,630.0,636.0,634.0,629.0,644.0,636.0,639.0,633.0,635.0,632.0,635.0,643.0,630.0,633.0,635.0,633.0,627.0,641.0,639.0,640.0,647.0,657.0,650.0,633.0,644.0,649.0,638.0,645.0,648.0,643.0,656.0,644.0,645.0,650.0,648.0,650.0,648.0,650.0,647.0,639.0,644.0,636.0,647.0,651.0,650.0,645.0,661.0,640.0,660.0,648.0,656.0,640.0,654.0,642.0,652.0,652.0,648.0,652.0,638.0,654.0,654.0,653.0,651.0,647.0,650.0,656.0,655.0,646.0,660.0,648.0,652.0,653.0,644.0,645.0,661.0,657.0,647.0,652.0,651.0,657.0,659.0,662.0,654.0,646.0,653.0,652.0,660.0,645.0,659.0,655.0,654.0,651.0,649.0,655.0,648.0,651.0,646.0,661.0,646.0,655.0,652.0,660.0,656.0,663.0,651.0,660.0,652.0,661.0,645.0,668.0,658.0,670.0,651.0,661.0,658.0,648.0,652.0,658.0,647.0,659.0,643.0,659.0,643.0,652.0,647.0,650.0,651.0,648.0,652.0,651.0,649.0,654.0,663.0,652.0,660.0,670.0,669.0,662.0,657.0,664.0,662.0,653.0,658.0,656.0,651.0,647.0,661.0,657.0,667.0,667.0,657.0,673.0,662.0,660.0,661.0,669.0,660.0,663.0,665.0,664.0,664.0,680.0,672.0,674.0,672.0,654.0,657.0,655.0,664.0,666.0,646.0,661.0,658.0,658.0,662.0,649.0,663.0,664.0,653.0,648.0,655.0,659.0,657.0,660.0,660.0,648.0,653.0,662.0,660.0,663.0,661.0,669.0,663.0,657.0,646.0,665.0,660.0,650.0,661.0,651.0,642.0,639.0,647.0,645.0,641.0,655.0,643.0,654.0,647.0,638.0,643.0,659.0,644.0,645.0,658.0,644.0,654.0,654.0,643.0,669.0,662.0,650.0,662.0,656.0,651.0,660.0,657.0,643,651.0,650.0,642.0,664.0,648.0,643.0,649.0,638.0,653.0,652.0,672.0,652.0,660.0,651.0,666.0,665.0,652.0,650.0,660.0,664.0,641.0,646.0,649.0,635.0,645.0,652.0,647.0,643.0,634.0,635.0,644.0,631.0,648.0,641.0,632.0,642.0,628.0,640.0,642.0,641.0,644.0,641.0,632.0,651.0,637.0,626.0,643.0,635.0,638.0,641.0,649.0,623.0,635.0,632.0,633.0,633.0,631.0,628.0,631.0,649.0,634.0,635.0,636.0,636.0,639.0,646.0,633.0,635.0,636.0,641.0,635.0,629.0,636.0,638.0,641.0,630.0,636.0,649.0,636.0,634.0,634.0,636.0,639.0,642.0,647.0,639.0,635.0,632.0,631.0,636.0,637.0,630.0,643.0,640.0,636.0,638.0,628.0,638.0,636.0,636.0,633.0,638.0,637.0,630.0
644.0,643.0,643.0,639.0,643.0,637.0,639.0,639.0,641.0,639.0,646.0,643.0,639.0,639.0,646.0,637.0,647.0,662.0,652.0,636.0,645.0,643.0,641.0,643.0,632.0,642.0,646.0,635.0,640.0,652.0,636.0,634.0,635.0,641.0,640.0,631.0,639.0,634.0,638.0,638.0,644.0,633.0,631.0,631.0,635.0,637.0,628.0,637.0,629.0,628.0,644.0,637.0,626.0,637.0,627.0,631.0,633.0,633.0,642.0,631.0,635.0,644.0,639.0,637.0,640.0,633.0,633.0,635.0,640.0,631.0,643.0,639.0,643.0,630.0,647.0,643.0,645.0,654.0,649.0,639.0,634.0,632.0,646.0,645.0,643.0,646.0,646.0,649.0,640.0,645.0,642.0,643.0,643.0,644.0,642.0,643.0,640.0,653.0,641.0,652.0,646.0,638.0,641.0,650.0,655.0,650.0,646.0,642.0,653.0,643.0,641.0,650.0,655.0,651.0,653.0,646.0,646.0,654.0,649.0,642.0,640.0,659.0,646.0,644.0,644.0,649.0,653.0,651.0,644.0,656.0,648.0,656.0,657.0,645.0,658.0,654.0,655.0,662.0,655.0,647.0,645.0,649.0,652.0,658.0,653.0,652.0,662.0,644.0,643.0,647.0,649.0,648.0,653.0,651.0,654.0,645.0,654.0,650.0,654.0,657.0,655.0,653.0,655.0,655.0,651.0,663.0,649.0,651.0,664.0,652.0,654.0,644.0,653.0,650.0,659.0,657.0,654.0,646.0,649.0,653.0,652.0,651.0,642.0,645.0,648.0,647.0,648.0,647.0,639.0,654.0,655.0,632.0,658.0,656.0,657.0,652.0,647.0,650.0,654.0,649.0,668.0,650.0,645.0,662.0,647.0,659.0,651.0,655.0,668.0,659.0,663.0,656.0,672.0,659.0,658.0,668.0,664.0,668.0,666.0,660.0,659.0,653.0,649.0,658.0,657.0,659.0,653.0,657.0,654.0,652.0,647.0,656.0,654.0,656.0,653.0,651.0,647.0,647.0,647.0,653.0,657.0,649.0,657.0,657.0,653.0,661.0,652.0,663.0,658.0,662.0,648.0,653.0,651.0,643.0,653.0,650.0,650.0,646.0,647.0,641.0,647.0,645.0,650.0,649.0,651.0,644.0,647.0,639.0,656.0,635.0,647.0,649.0,646.0,656.0,653.0,645.0,666.0,650.0,650.0,650.0,656.0,650.0,649.0,645.0,646,657.0,642.0,653.0,642.0,657.0,652.0,655.0,651.0,649.0,651.0,652.0,653.0,660.0,661.0,657.0,657.0,666.0,653.0,660.0,654.0,650.0,646.0,655.0,645.0,646.0,641.0,648.0,638.0,637.0,639.0,643.0,644.0,641.0,637.0,640.0,639.0,640.0,644.0,643.0,633.0,638.0,640.0,638.0,646.0,639.0,639.0,636.0,629.0,636.0,643.0,640.0,632.0,639.0,635.0,628.0,635.0,631.0,632.0,630.0,643.0,633.0,642.0,638.0,634.0,640.0,636.0,640.0,636.0,642.0,641.0,640.0,648.0,639.0,636.0,640.0,642.0,643.0,632.0,634.0,639.0,630.0,637.0,636.0,638.0,640.0,641.0,643.0,631.0,638.0,641.0,639.0,641.0,642.0,640.0,639.0,638.0,633.0,645.0,639.0,647.0,636.0,641.0,646.0,638.0
647.0,647.0,651.0,647.0,637.0,649.0,658.0,645.0,650.0,638.0,640.0,645.0,647.0,639.0,642.0,643.0,650.0,670.0,661.0,648.0,639.0,646.0,634.0,638.0,641.0,648.0,647.0,643.0,635.0,640.0,640.0,634.0,643.0,641.0,639.0,640.0,640.0,640.0,641.0,644.0,639.0,639.0,637.0,644.0,630.0,639.0,636.0,638.0,637.0,631.0,631.0,638.0,634.0,632.0,630.0,641.0,636.0,638.0,644.0,635.0,635.0,639.0,641.0,635.0,646.0,643.0,630.0,638.0,638.0,639.0,648.0,652.0,651.0,650.0,649.0,648.0,637.0,658.0,653.0,646.0,642.0,654.0,638.0,652.0,649.0,653.0,647.0,657.0,641.0,647.0,641.0,652.0,645.0,650.0,649.0,655.0,645.0,658.0,639.0,648.0,644.0,645.0,654.0,663.0,651.0,659.0,648.0,646.0,656.0,653.0,655.0,665.0,652.0,655.0,665.0,647.0,652.0,664.0,654.0,658.0,654.0,651.0,651.0,661.0,662.0,653.0,648.0,650.0,661.0,658.0,661.0,655.0,652.0,656.0,662.0,662.0,666.0,662.0,665.0,662.0,659.0,667.0,668.0,668.0,652.0,657.0,653.0,659.0,658.0,657.0,663.0,649.0,668.0,664.0,655.0,661.0,662.0,663.0,664.0,664.0,657.0,665.0,667.0,657.0,657.0,666.0,659.0,660.0,668.0,651.0,655.0,654.0,667.0,661.0,664.0,664.0,669.0,661.0,653.0,654.0,652.0,658.0,652.0,652.0,644.0,652.0,655.0,660.0,654.0,653.0,653.0,648.0,671.0,657.0,654.0,669.0,659.0,674.0,651.0,652.0,659.0,663.0,660.0,663.0,654.0,660.0,663.0,662.0,668.0,662.0,657.0,669.0,665.0,660.0,674.0,675.0,673.0,670.0,660.0,673.0,665.0,661.0,666.0,657.0,660.0,663.0,658.0,664.0,658.0,665.0,662.0,664.0,653.0,663.0,659.0,658.0,650.0,658.0,656.0,662.0,660.0,651.0,653.0,655.0,668.0,666.0,662.0,659.0,660.0,659.0,667.0,653.0,665.0,658.0,660.0,673.0,661.0,656.0,655.0,660.0,654.0,655.0,667.0,666.0,663.0,663.0,658.0,663.0,659.0,651.0,664.0,655.0,639.0,655.0,662.0,647.0,665.0,664.0,659.0,666.0,656.0,661.0,650.0,664.0,649,655.0,655.0,650.0,642.0,662.0,648.0,657.0,645.0,659.0,655.0,654.0,653.0,666.0,656.0,653.0,661.0,665.0,659.0,669.0,659.0,651.0,645.0,656.0,651.0,658.0,645.0,642.0,643.0,641.0,650.0,647.0,647.0,644.0,647.0,645.0,650.0,649.0,642.0,643.0,644.0,650.0,650.0,639.0,640.0,648.0,644.0,638.0,642.0,634.0,642.0,644.0,637.0,639.0,643.0,633.0,643.0,637.0,639.0,634.0,653.0,628.0,633.0,636.0,626.0,633.0,639.0,647.0,629.0,645.0,635.0,630.0,642.0,644.0,627.0,639.0,641.0,626.0,640.0,643.0,648.0,642.0,638.0,645.0,644.0,634.0,635.0,641.0,634.0,645.0,643.0,647.0,637.0,645.0,640.0,641.0,635.0,636.0,646.0,635.0,636.0,644.0,644.0,648.0,643.0
667.0,658.0,663.0,662.0,652.0,659.0,654.0,651.0,655.0,646.0,654.0,651.0,666.0,660.0,667.0,659.0,662.0,691.0,673.0,647.0,663.0,658.0,658.0,659.0,658.0,654.0,658.0,659.0,650.0,664.0,653.0,651.0,657.0,668.0,659.0,653.0,658.0,653.0,657.0,652.0,655.0,656.0,645.0,658.0,650.0,650.0,655.0,656.0,654.0,653.0,650.0,651.0,651.0,649.0,660.0,658.0,648.0,647.0,655.0,661.0,662.0,662.0,660.0,667.0,667.0,654.0,647.0,651.0,653.0,657.0,670.0,665.0,657.0,651.0,675.0,664.0,666.0,678.0,671.0,669.0,664.0,670.0,669.0,664.0,668.0,671.0,678.0,681.0,670.0,678.0,673.0,675.0,668.0,671.0,677.0,680.0,666.0,681.0,670.0,673.0,680.0,674.0,682.0,670.0,679.0,678.0,681.0,673.0,677.0,687.0,671.0,675.0,668.0,681.0,671.0,679.0,677.0,685.0,681.0,683.0,685.0,688.0,682.0,673.0,684.0,686.0,688.0,694.0,690.0,683.0,677.0,682.0,693.0,685.0,691.0,679.0,688.0,702.0,699.0,684.0,680.0,677.0,686.0,693.0,686.0,690.0,679.0,686.0,684.0,679.0,678.0,675.0,682.0,688.0,679.0,673.0,696.0,693.0,692.0,682.0,693.0,690.0,687.0,687.0,677.0,691.0,692.0,703.0,691.0,693.0,691.0,684.0,681.0,695.0,687.0,688.0,693.0,684.0,691.0,680.0,684.0,677.0,670.0,679.0,678.0,671.0,689.0,677.0,692.0,691.0,687.0,691.0,696.0,683.0,692.0,692.0,689.0,697.0,676.0,705.0,686.0,690.0,679.0,688.0,681.0,691.0,700.0,683.0,692.0,688.0,702.0,698.0,696.0,698.0,695.0,706.0,698.0,695.0,697.0,693.0,698.0,686.0,679.0,685.0,687.0,688.0,675.0,691.0,701.0,676.0,684.0,683.0,682.0,682.0,690.0,672.0,683.0,673.0,681.0,684.0,683.0,685.0,683.0,686.0,699.0,692.0,706.0,700.0,711.0,708.0,696.0,681.0,676.0,668.0,683.0,677.0,678.0,666.0,665.0,677.0,670.0,673.0,680.0,683.0,675.0,683.0,678.0,666.0,688.0,670.0,672.0,670.0,676.0,679.0,685.0,679.0,695.0,690.0,700.0,687.0,681.0,675.0,688.0,681.0,681,684.0,678.0,678.0,673.0,667.0,680.0,683.0,687.0,678.0,672.0,695.0,683.0,679.0,686.0,689.0,684.0,684.0,681.0,688.0,684.0,668.0,680.0,676.0,666.0,669.0,663.0,661.0,661.0,658.0,663.0,663.0,656.0,653.0,663.0,656.0,664.0,665.0,655.0,661.0,657.0,662.0,649.0,661.0,667.0,655.0,660.0,656.0,654.0,652.0,654.0,660.0,661.0,654.0,660.0,657.0,655.0,655.0,649.0,654.0,663.0,655.0,653.0,649.0,645.0,644.0,660.0,660.0,646.0,669.0,662.0,647.0,669.0,653.0,663.0,653.0,657.0,659.0,660.0,654.0,657.0,652.0,658.0,669.0,670.0,656.0,656.0,667.0,654.0,647.0,657.0,670.0,651.0,658.0,665.0,665.0,661.0,653.0,659.0,667.0,664.0,657.0,660.0,663.0,647.0
668.0,678.0,671.0,685.0,671.0,682.0,682.0,667.0,677.0,667.0,675.0,670.0,680.0,659.0,673.0,678.0,686.0,703.0,681.0,671.0,682.0,673.0,672.0,665.0,674.0,664.0,674.0,676.0,670.0,675.0,676.0,667.0,670.0,660.0,677.0,662.0,669.0,654.0,675.0,675.0,658.0,668.0,671.0,678.0,668.0,667.0,660.0,666.0,670.0,667.0,669.0,672.0,669.0,658.0,666.0,658.0,667.0,668.0,674.0,674.0,676.0,670.0,685.0,669.0,670.0,669.0,669.0,678.0,669.0,678.0,688.0,672.0,670.0,678.0,681.0,679.0,672.0,705.0,691.0,686.0,689.0,691.0,684.0,683.0,689.0,699.0,690.0,700.0,688.0,687.0,682.0,695.0,679.0,697.0,684.0,698.0,686.0,697.0,679.0,683.0,696.0,686.0,693.0,693.0,699.0,697.0,690.0,711.0,698.0,716.0,685.0,694.0,692.0,689.0,708.0,690.0,715.0,687.0,709.0,701.0,708.0,706.0,688.0,717.0,720.0,702.0,715.0,712.0,700.0,722.0,710.0,705.0,698.0,716.0,715.0,712.0,716.0,726.0,717.0,705.0,706.0,714.0,701.0,702.0,699.0,721.0,707.0,718.0,704.0,709.0,708.0,702.0,712.0,707.0,712.0,706.0,718.0,708.0,715.0,710.0,719.0,710.0,700.0,703.0,706.0,717.0,723.0,718.0,730.0,718.0,710.0,711.0,730.0,708.0,717.0,711.0,719.0,712.0,709.0,698.0,690.0,695.0,698.0,711.0,694.0,697.0,697.0,718.0,711.0,705.0,701.0,715.0,723.0,713.0,698.0,725.0,709.0,708.0,712.0,710.0,707.0,715.0,703.0,711.0,703.0,707.0,709.0,714.0,720.0,713.0,735.0,720.0,714.0,722.0,722.0,736.0,735.0,732.0,718.0,721.0,717.0,709.0,701.0,711.0,708.0,711.0,705.0,707.0,707.0,709.0,715.0,696.0,692.0,703.0,709.0,698.0,700.0,717.0,705.0,694.0,698.0,699.0,701.0,703.0,712.0,722.0,722.0,707.0,728.0,727.0,704.0,702.0,696.0,705.0,711.0,703.0,699.0,698.0,706.0,689.0,699.0,698.0,706.0,697.0,705.0,708.0,705.0,689.0,697.0,688.0,679.0,697.0,685.0,702.0,703.0,689.0,712.0,705.0,711.0,700.0,705.0,706.0,697.0,695.0,697,707.0,703.0,697.0,700.0,691.0,699.0,698.0,693.0,702.0,699.0,711.0,700.0,714.0,707.0,704.0,708.0,714.0,693.0,705.0,703.0,695.0,686.0,691.0,672.0,683.0,687.0,685.0,687.0,679.0,672.0,687.0,686.0,679.0,683.0,679.0,690.0,675.0,683.0,672.0,676.0,674.0,685.0,684.0,685.0,687.0,677.0,672.0,686.0,674.0,675.0,668.0,677.0,675.0,683.0,665.0,672.0,682.0,669.0,667.0,676.0,666.0,670.0,680.0,674.0,674.0,664.0,670.0,676.0,680.0,671.0,665.0,680.0,667.0,670.0,683.0,671.0,672.0,672.0,679.0,683.0,674.0,674.0,675.0,696.0,676.0,680.0,685.0,689.0,676.0,677.0,672.0,676.0,675.0,679.0,670.0,667.0,668.0,678.0,676.0,679.0,663.0,677.0,687.0,671.0
657.0,658.0,655.0,659.0,662.0,652.0,652.0,645.0,656.0,648.0,651.0,655.0,663.0,637.0,650.0,655.0,663.0,685.0,665.0,653.0,646.0,650.0,656.0,654.0,644.0,642.0,649.0,647.0,644.0,649.0,646.0,643.0,647.0,645.0,648.0,649.0,648.0,637.0,654.0,648.0,644.0,648.0,645.0,641.0,639.0,657.0,639.0,637.0,643.0,644.0,639.0,642.0,639.0,643.0,646.0,643.0,641.0,641.0,646.0,642.0,641.0,645.0,644.0,645.0,652.0,645.0,642.0,646.0,649.0,638.0,651.0,645.0,643.0,644.0,647.0,648.0,646.0,661.0,650.0,656.0,653.0,648.0,651.0,654.0,654.0,659.0,661.0,669.0,645.0,653.0,654.0,656.0,656.0,668.0,654.0,656.0,645.0,654.0,650.0,665.0,659.0,653.0,654.0,655.0,662.0,662.0,651.0,657.0,667.0,658.0,663.0,658.0,660.0,662.0,663.0,657.0,661.0,668.0,663.0,658.0,654.0,663.0,651.0,667.0,674.0,668.0,664.0,671.0,666.0,662.0,657.0,658.0,657.0,662.0,661.0,662.0,670.0,670.0,675.0,656.0,666.0,665.0,666.0,669.0,664.0,668.0,664.0,655.0,668.0,655.0,679.0,649.0,665.0,665.0,669.0,660.0,667.0,656.0,676.0,672.0,666.0,667.0,672.0,669.0,662.0,665.0,673.0,667.0,672.0,662.0,658.0,663.0,671.0,664.0,673.0,675.0,667.0,675.0,667.0,661.0,658.0,660.0,651.0,652.0,656.0,657.0,662.0,656.0,665.0,662.0,668.0,665.0,674.0,672.0,660.0,680.0,670.0,678.0,662.0,668.0,670.0,671.0,667.0,671.0,674.0,668.0,669.0,669.0,680.0,675.0,668.0,675.0,675.0,672.0,661.0,674.0,663.0,680.0,677.0,674.0,674.0,669.0,678.0,672.0,670.0,676.0,666.0,671.0,667.0,668.0,664.0,661.0,670.0,666.0,666.0,669.0,659.0,660.0,664.0,668.0,667.0,669.0,669.0,660.0,674.0,675.0,681.0,678.0,683.0,675.0,666.0,660.0,659.0,665.0,669.0,665.0,662.0,661.0,654.0,655.0,665.0,661.0,672.0,663.0,677.0,673.0,659.0,656.0,670.0,661.0,663.0,665.0,654.0,662.0,676.0,662.0,680.0,668.0,675.0,670.0,661.0,664.0,659.0,664.0,652,663.0,661.0,664.0,668.0,661.0,654.0,656.0,662.0,664.0,659.0,680.0,659.0,667.0,668.0,661.0,669.0,667.0,660.0,668.0,661.0,666.0,657.0,666.0,650.0,661.0,660.0,654.0,644.0,647.0,648.0,654.0,649.0,646.0,648.0,651.0,651.0,652.0,647.0,643.0,648.0,650.0,653.0,649.0,645.0,648.0,650.0,645.0,647.0,644.0,650.0,637.0,643.0,639.0,652.0,643.0,637.0,644.0,643.0,642.0,642.0,641.0,651.0,652.0,643.0,642.0,643.0,656.0,634.0,643.0,639.0,642.0,644.0,648.0,643.0,647.0,642.0,641.0,642.0,643.0,646.0,655.0,647.0,642.0,647.0,640.0,658.0,650.0,641.0,645.0,650.0,657.0,642.0,639.0,646.0,644.0,638.0,640.0,635.0,646.0,645.0,650.0,645.0,650.0,644.0
645.0,652.0,651.0,645.0,649.0,654.0,650.0,645.0,645.0,647.0,644.0,643.0,646.0,634.0,650.0,648.0,649.0,668.0,657.0,644.0,648.0,649.0,648.0,643.0,646.0,643.0,647.0,639.0,648.0,643.0,647.0,643.0,642.0,646.0,637.0,648.0,644.0,644.0,642.0,645.0,634.0,641.0,642.0,647.0,635.0,640.0,637.0,642.0,640.0,641.0,638.0,649.0,637.0,640.0,644.0,643.0,645.0,638.0,640.0,637.0,638.0,652.0,644.0,638.0,642.0,644.0,641.0,644.0,642.0,638.0,661.0,648.0,650.0,643.0,647.0,648.0,646.0,658.0,656.0,651.0,650.0,647.0,656.0,646.0,651.0,653.0,655.0,661.0,652.0,657.0,647.0,659.0,651.0,658.0,656.0,656.0,636.0,661.0,656.0,668.0,665.0,647.0,656.0,665.0,661.0,658.0,660.0,652.0,667.0,657.0,651.0,664.0,661.0,652.0,663.0,661.0,648.0,668.0,661.0,671.0,657.0,667.0,652.0,661.0,663.0,661.0,661.0,664.0,667.0,660.0,661.0,663.0,657.0,662.0,664.0,659.0,660.0,676.0,663.0,658.0,665.0,652.0,660.0,659.0,656.0,668.0,679.0,660.0,672.0,660.0,672.0,660.0,663.0,661.0,679.0,666.0,672.0,661.0,677.0,657.0,661.0,665.0,666.0,666.0,670.0,662.0,667.0,680.0,687.0,664.0,664.0,672.0,663.0,672.0,669.0,668.0,670.0,670.0,666.0,661.0,650.0,654.0,659.0,646.0,667.0,660.0,659.0,668.0,660.0,674.0,673.0,667.0,670.0,668.0,666.0,665.0,661.0,667.0,669.0,667.0,667.0,669.0,667.0,667.0,660.0,674.0,663.0,664.0,680.0,672.0,669.0,674.0,675.0,681.0,675.0,673.0,681.0,674.0,679.0,665.0,676.0,670.0,669.0,663.0,671.0,676.0,669.0,656.0,663.0,664.0,665.0,669.0,660.0,672.0,670.0,661.0,658.0,666.0,673.0,657.0,667.0,666.0,665.0,662.0,672.0,671.0,667.0,673.0,675.0,663.0,668.0,663.0,662.0,655.0,655.0,662.0,666.0,658.0,653.0,668.0,651.0,658.0,666.0,668.0,668.0,678.0,665.0,653.0,668.0,645.0,658.0,659.0,654.0,661.0,661.0,661.0,668.0,662.0,663.0,675.0,662.0,655.0,665.0,661.0,664,663.0,660.0,651.0,667.0,667.0,661.0,671.0,658.0,663.0,664.0,677.0,666.0,669.0,662.0,667.0,667.0,665.0,664.0,667.0,671.0,666.0,656.0,669.0,651.0,655.0,647.0,641.0,662.0,650.0,653.0,652.0,649.0,648.0,650.0,649.0,653.0,654.0,639.0,661.0,1088.0,699.0,648.0,648.0,665.0,649.0,645.0,653.0,642.0,642.0,643.0,650.0,642.0,656.0,642.0,641.0,654.0,639.0,652.0,641.0,651.0,647.0,647.0,652.0,640.0,652.0,638.0,647.0,647.0,645.0,648.0,642.0,655.0,641.0,653.0,652.0,657.0,650.0,643.0,643.0,655.0,648.0,642.0,641.0,657.0,651.0,664.0,650.0,655.0,643.0,654.0,655.0,645.0,648.0,650.0,650.0,650.0,649.0,651.0,655.0,650.0,657.0,655.0,646.0,653.0
650.0,654.0,659.0,641.0,649.0,638.0,643.0,645.0,638.0,643.0,640.0,652.0,647.0,631.0,646.0,638.0,640.0,664.0,650.0,650.0,644.0,640.0,630.0,635.0,639.0,639.0,645.0,645.0,638.0,648.0,648.0,631.0,643.0,640.0,641.0,626.0,645.0,631.0,650.0,635.0,650.0,639.0,642.0,638.0,632.0,645.0,632.0,631.0,638.0,638.0,639.0,639.0,621.0,644.0,645.0,642.0,639.0,636.0,638.0,638.0,642.0,646.0,649.0,632.0,631.0,631.0,640.0,631.0,643.0,643.0,645.0,635.0,644.0,636.0,639.0,644.0,636.0,650.0,655.0,640.0,645.0,643.0,659.0,651.0,649.0,648.0,653.0,656.0,652.0,659.0,657.0,655.0,650.0,646.0,641.0,655.0,634.0,654.0,642.0,657.0,651.0,649.0,648.0,655.0,654.0,660.0,644.0,644.0,644.0,651.0,658.0,647.0,654.0,657.0,649.0,640.0,648.0,650.0,658.0,643.0,654.0,655.0,655.0,658.0,649.0,651.0,661.0,652.0,671.0,666.0,653.0,657.0,663.0,647.0,662.0,665.0,658.0,657.0,671.0,661.0,655.0,646.0,658.0,656.0,655.0,663.0,652.0,657.0,664.0,656.0,649.0,667.0,656.0,663.0,661.0,648.0,661.0,657.0,674.0,659.0,654.0,668.0,660.0,660.0,664.0,660.0,664.0,666.0,665.0,655.0,657.0,659.0,665.0,662.0,656.0,670.0,658.0,659.0,657.0,640.0,653.0,651.0,653.0,649.0,648.0,653.0,655.0,660.0,661.0,655.0,664.0,645.0,680.0,658.0,657.0,675.0,654.0,656.0,669.0,662.0,664.0,661.0,658.0,663.0,661.0,662.0,664.0,675.0,669.0,672.0,663.0,673.0,678.0,672.0,675.0,670.0,665.0,668.0,678.0,673.0,672.0,660.0,654.0,661.0,677.0,667.0,667.0,658.0,654.0,665.0,658.0,655.0,653.0,672.0,674.0,656.0,653.0,663.0,654.0,653.0,669.0,644.0,671.0,671.0,669.0,667.0,676.0,671.0,679.0,658.0,661.0,665.0,655.0,659.0,660.0,653.0,654.0,646.0,656.0,654.0,664.0,652.0,661.0,667.0,659.0,659.0,666.0,646.0,669.0,644.0,658.0,659.0,651.0,654.0,661.0,643.0,674.0,673.0,660.0,676.0,669.0,667.0,649.0,652.0,660,654.0,658.0,645.0,651.0,654.0,652.0,656.0,658.0,648.0,653.0,673.0,659.0,669.0,660.0,662.0,665.0,665.0,661.0,660.0,664.0,652.0,652.0,662.0,649.0,664.0,650.0,643.0,646.0,641.0,641.0,664.0,648.0,648.0,636.0,638.0,644.0,643.0,639.0,635.0,644.0,646.0,648.0,639.0,649.0,639.0,644.0,638.0,629.0,632.0,631.0,638.0,643.0,649.0,636.0,631.0,637.0,645.0,641.0,633.0,645.0,642.0,642.0,641.0,641.0,634.0,631.0,645.0,637.0,649.0,638.0,640.0,642.0,640.0,630.0,637.0,633.0,633.0,645.0,631.0,636.0,640.0,643.0,638.0,650.0,639.0,646.0,653.0,643.0,648.0,637.0,647.0,633.0,638.0,642.0,635.0,630.0,635.0,641.0,633.0,632.0,636.0,648.0,638.0,644.0
662.0,665.0,655.0,660.0,656.0,661.0,654.0,658.0,652.0,651.0,658.0,659.0,655.0,645.0,654.0,658.0,666.0,679.0,664.0,662.0,659.0,659.0,649.0,658.0,652.0,649.0,654.0,656.0,652.0,664.0,654.0,648.0,656.0,655.0,658.0,653.0,649.0,652.0,666.0,653.0,650.0,641.0,659.0,663.0,651.0,645.0,645.0,649.0,652.0,656.0,653.0,658.0,652.0,649.0,644.0,661.0,650.0,653.0,660.0,648.0,647.0,663.0,653.0,651.0,656.0,646.0,657.0,652.0,643.0,652.0,667.0,656.0,658.0,654.0,664.0,658.0,655.0,665.0,670.0,660.0,662.0,664.0,656.0,659.0,675.0,665.0,667.0,674.0,675.0,671.0,667.0,662.0,675.0,657.0,676.0,674.0,655.0,679.0,659.0,675.0,676.0,672.0,679.0,676.0,673.0,669.0,675.0,666.0,684.0,677.0,678.0,674.0,675.0,669.0,671.0,666.0,672.0,680.0,678.0,674.0,679.0,683.0,685.0,677.0,677.0,679.0,681.0,680.0,683.0,676.0,675.0,678.0,677.0,678.0,679.0,679.0,685.0,692.0,690.0,685.0,685.0,676.0,684.0,680.0,684.0,677.0,689.0,670.0,686.0,687.0,683.0,682.0,678.0,686.0,684.0,685.0,684.0,686.0,694.0,691.0,682.0,692.0,689.0,682.0,688.0,690.0,687.0,687.0,699.0,681.0,682.0,683.0,684.0,686.0,681.0,687.0,689.0,690.0,685.0,685.0,679.0,666.0,666.0,669.0,676.0,673.0,674.0,669.0,677.0,684.0,684.0,684.0,685.0,686.0,684.0,697.0,681.0,702.0,695.0,684.0,687.0,697.0,683.0,671.0,684.0,694.0,688.0,691.0,694.0,691.0,702.0,686.0,699.0,694.0,702.0,687.0,690.0,685.0,696.0,695.0,695.0,677.0,689.0,684.0,672.0,679.0,681.0,679.0,691.0,676.0,678.0,684.0,686.0,684.0,681.0,678.0,685.0,675.0,678.0,667.0,671.0,671.0,676.0,682.0,682.0,690.0,695.0,693.0,689.0,691.0,685.0,683.0,678.0,673.0,678.0,675.0,671.0,662.0,673.0,670.0,667.0,671.0,686.0,681.0,690.0,683.0,669.0,667.0,678.0,661.0,682.0,675.0,658.0,682.0,678.0,684.0,691.0,685.0,688.0,688.0,684.0,677.0,673.0,673.0,667,666.0,676.0,681.0,663.0,680.0,675.0,678.0,671.0,663.0,674.0,688.0,680.0,690.0,683.0,682.0,672.0,681.0,675.0,679.0,675.0,681.0,669.0,681.0,668.0,662.0,656.0,658.0,664.0,661.0,653.0,660.0,661.0,657.0,652.0,655.0,662.0,654.0,652.0,654.0,655.0,660.0,662.0,658.0,655.0,659.0,656.0,654.0,654.0,652.0,642.0,651.0,654.0,651.0,653.0,653.0,645.0,648.0,647.0,655.0,649.0,645.0,648.0,655.0,648.0,649.0,650.0,654.0,650.0,649.0,652.0,647.0,652.0,648.0,646.0,650.0,651.0,645.0,650.0,656.0,657.0,657.0,660.0,650.0,657.0,659.0,656.0,652.0,664.0,652.0,653.0,655.0,648.0,659.0,652.0,652.0,649.0,640.0,656.0,650.0,644.0,653.0,657.0,651.0,647.0
657.0,658.0,668.0,650.0,664.0,650.0,661.0,650.0,657.0,650.0,659.0,663.0,650.0,640.0,648.0,660.0,667.0,681.0,660.0,655.0,657.0,658.0,650.0,653.0,655.0,649.0,659.0,650.0,644.0,651.0,663.0,642.0,652.0,654.0,652.0,646.0,652.0,650.0,652.0,653.0,651.0,653.0,638.0,650.0,651.0,658.0,652.0,655.0,646.0,645.0,644.0,640.0,648.0,644.0,644.0,645.0,646.0,655.0,650.0,643.0,647.0,657.0,653.0,645.0,660.0,647.0,650.0,651.0,650.0,654.0,663.0,657.0,652.0,651.0,653.0,658.0,661.0,672.0,663.0,670.0,666.0,662.0,660.0,660.0,664.0,672.0,660.0,679.0,666.0,662.0,666.0,666.0,665.0,667.0,665.0,678.0,657.0,667.0,664.0,673.0,666.0,663.0,672.0,670.0,678.0,670.0,667.0,668.0,676.0,676.0,676.0,670.0,676.0,662.0,675.0,667.0,669.0,683.0,679.0,670.0,674.0,670.0,678.0,685.0,681.0,671.0,675.0,671.0,676.0,681.0,671.0,677.0,681.0,667.0,687.0,693.0,677.0,690.0,696.0,682.0,661.0,669.0,674.0,674.0,674.0,677.0,672.0,671.0,681.0,672.0,680.0,672.0,686.0,675.0,679.0,679.0,689.0,668.0,683.0,674.0,684.0,683.0,683.0,692.0,672.0,691.0,683.0,687.0,698.0,673.0,688.0,677.0,676.0,677.0,683.0,672.0,679.0,681.0,681.0,673.0,667.0,668.0,666.0,673.0,669.0,679.0,684.0,675.0,681.0,681.0,680.0,681.0,696.0,679.0,690.0,691.0,679.0,690.0,683.0,685.0,675.0,677.0,673.0,671.0,685.0,681.0,688.0,678.0,694.0,686.0,687.0,691.0,703.0,694.0,687.0,689.0,699.0,690.0,693.0,699.0,694.0,687.0,681.0,675.0,683.0,680.0,676.0,682.0,678.0,681.0,672.0,680.0,683.0,674.0,670.0,675.0,676.0,680.0,674.0,674.0,687.0,671.0,673.0,678.0,693.0,688.0,681.0,683.0,696.0,683.0,686.0,674.0,672.0,680.0,674.0,670.0,667.0,665.0,660.0,659.0,663.0,662.0,673.0,670.0,678.0,661.0,656.0,660.0,670.0,662.0,673.0,664.0,663.0,675.0,666.0,668.0,685.0,675.0,676.0,676.0,678.0,677.0,672.0,665.0,671,660.0,662.0,670.0,667.0,668.0,661.0,655.0,665.0,673.0,669.0,690.0,669.0,671.0,683.0,673.0,672.0,689.0,672.0,676.0,672.0,680.0,666.0,667.0,665.0,662.0,651.0,653.0,650.0,644.0,646.0,652.0,655.0,653.0,646.0,647.0,652.0,652.0,651.0,654.0,652.0,647.0,651.0,652.0,660.0,653.0,652.0,654.0,651.0,650.0,646.0,652.0,644.0,643.0,644.0,642.0,649.0,646.0,643.0,646.0,655.0,647.0,657.0,668.0,639.0,641.0,643.0,653.0,645.0,651.0,657.0,642.0,655.0,657.0,653.0,642.0,654.0,652.0,646.0,643.0,647.0,648.0,645.0,645.0,643.0,651.0,651.0,645.0,654.0,650.0,661.0,647.0,650.0,656.0,636.0,660.0,643.0,648.0,644.0,641.0,641.0,648.0,643.0,655.0,641.0
663.0,661.0,664.0,653.0,661.0,660.0,645.0,651.0,650.0,652.0,654.0,659.0,660.0,647.0,650.0,660.0,683.0,683.0,675.0,648.0,660.0,655.0,656.0,658.0,658.0,651.0,659.0,660.0,667.0,669.0,663.0,654.0,663.0,668.0,663.0,648.0,665.0,641.0,661.0,656.0,656.0,650.0,646.0,653.0,651.0,646.0,657.0,645.0,650.0,645.0,651.0,651.0,656.0,647.0,654.0,651.0,658.0,656.0,651.0,649.0,655.0,649.0,650.0,648.0,651.0,651.0,654.0,647.0,660.0,650.0,671.0,653.0,662.0,661.0,658.0,657.0,655.0,668.0,674.0,661.0,663.0,658.0,671.0,669.0,672.0,667.0,674.0,679.0,677.0,674.0,676.0,674.0,675.0,675.0,671.0,663.0,664.0,669.0,659.0,662.0,674.0,665.0,663.0,683.0,678.0,668.0,670.0,661.0,673.0,678.0,668.0,678.0,686.0,676.0,659.0,681.0,675.0,684.0,692.0,679.0,686.0,692.0,680.0,686.0,685.0,668.0,675.0,675.0,682.0,670.0,679.0,691.0,678.0,684.0,681.0,673.0,690.0,692.0,695.0,680.0,670.0,682.0,684.0,686.0,683.0,679.0,680.0,685.0,683.0,664.0,672.0,666.0,686.0,679.0,679.0,683.0,689.0,677.0,683.0,693.0,678.0,687.0,680.0,678.0,686.0,692.0,693.0,687.0,689.0,676.0,686.0,676.0,681.0,684.0,677.0,689.0,684.0,684.0,668.0,673.0,656.0,667.0,664.0,687.0,677.0,675.0,675.0,679.0,679.0,691.0,676.0,685.0,703.0,692.0,683.0,698.0,684.0,696.0,667.0,681.0,676.0,683.0,684.0,675.0,685.0,695.0,688.0,682.0,692.0,686.0,691.0,697.0,697.0,691.0,693.0,684.0,689.0,706.0,696.0,714.0,698.0,687.0,682.0,687.0,684.0,678.0,686.0,679.0,684.0,674.0,668.0,682.0,673.0,688.0,686.0,673.0,670.0,694.0,681.0,668.0,676.0,680.0,681.0,680.0,700.0,697.0,695.0,696.0,695.0,692.0,687.0,675.0,674.0,684.0,676.0,680.0,664.0,653.0,674.0,667.0,668.0,671.0,666.0,691.0,686.0,658.0,672.0,656.0,676.0,666.0,661.0,671.0,665.0,674.0,689.0,673.0,699.0,681.0,679.0,691.0,690.0,674.0,691.0,684.0,662,676.0,680.0,679.0,674.0,663.0,672.0,674.0,675.0,682.0,683.0,681.0,672.0,684.0,690.0,688.0,673.0,684.0,675.0,691.0,685.0,676.0,658.0,678.0,673.0,675.0,660.0,662.0,655.0,649.0,653.0,650.0,666.0,656.0,655.0,651.0,657.0,659.0,655.0,665.0,668.0,662.0,658.0,659.0,666.0,647.0,653.0,648.0,651.0,656.0,645.0,659.0,648.0,662.0,656.0,653.0,653.0,650.0,657.0,653.0,666.0,647.0,659.0,665.0,652.0,656.0,655.0,651.0,651.0,654.0,668.0,658.0,654.0,662.0,666.0,660.0,657.0,651.0,670.0,667.0,654.0,657.0,657.0,654.0,672.0,677.0,672.0,669.0,657.0,659.0,672.0,673.0,662.0,661.0,660.0,659.0,660.0,659.0,671.0,666.0,668.0,661.0,672.0,663.0,671.0
633.0,635.0,640.0,638.0,630.0,634.0,636.0,635.0,633.0,626.0,637.0,637.0,631.0,628.0,641.0,631.0,642.0,653.0,650.0,634.0,638.0,636.0,633.0,633.0,634.0,635.0,637.0,625.0,629.0,642.0,634.0,633.0,629.0,637.0,632.0,628.0,632.0,627.0,625.0,623.0,633.0,625.0,623.0,629.0,624.0,625.0,622.0,626.0,623.0,619.0,631.0,626.0,623.0,627.0,624.0,631.0,625.0,621.0,629.0,623.0,625.0,638.0,626.0,630.0,634.0,624.0,625.0,623.0,626.0,627.0,635.0,627.0,632.0,624.0,635.0,629.0,635.0,641.0,639.0,631.0,627.0,629.0,642.0,632.0,632.0,631.0,639.0,645.0,633.0,641.0,637.0,634.0,636.0,633.0,635.0,635.0,626.0,649.0,631.0,643.0,639.0,634.0,632.0,644.0,637.0,637.0,637.0,638.0,635.0,634.0,636.0,641.0,643.0,633.0,641.0,633.0,636.0,640.0,644.0,632.0,630.0,650.0,638.0,639.0,635.0,642.0,638.0,643.0,631.0,641.0,635.0,644.0,642.0,635.0,645.0,643.0,647.0,641.0,638.0,636.0,631.0,641.0,641.0,645.0,637.0,646.0,647.0,635.0,634.0,638.0,634.0,634.0,641.0,641.0,640.0,638.0,642.0,637.0,645.0,650.0,641.0,645.0,642.0,645.0,648.0,647.0,644.0,638.0,645.0,633.0,637.0,633.0,639.0,634.0,639.0,639.0,640.0,638.0,636.0,641.0,634.0,632.0,635.0,636.0,637.0,641.0,637.0,639.0,638.0,646.0,648.0,636.0,642.0,636.0,639.0,638.0,647.0,638.0,644.0,646.0,656.0,644.0,632.0,650.0,635.0,648.0,640.0,647.0,660.0,643.0,650.0,643.0,658.0,647.0,658.0,648.0,652.0,649.0,649.0,651.0,647.0,641.0,642.0,650.0,644.0,647.0,647.0,645.0,645.0,646.0,637.0,649.0,639.0,643.0,644.0,642.0,636.0,639.0,643.0,638.0,637.0,635.0,644.0,637.0,642.0,648.0,644.0,646.0,656.0,646.0,640.0,637.0,646.0,641.0,645.0,642.0,638.0,635.0,635.0,627.0,637.0,633.0,639.0,633.0,639.0,633.0,633.0,629.0,641.0,632.0,642.0,638.0,635.0,644.0,645.0,636.0,651.0,639.0,649.0,641.0,646.0,640.0,641.0,638.0,644,640.0,639.0,644.0,633.0,642.0,638.0,641.0,645.0,643.0,641.0,648.0,641.0,648.0,646.0,649.0,644.0,651.0,645.0,644.0,646.0,642.0,640.0,646.0,636.0,634.0,633.0,636.0,635.0,626.0,632.0,633.0,636.0,634.0,630.0,622.0,634.0,633.0,635.0,633.0,634.0,628.0,637.0,629.0,636.0,629.0,630.0,632.0,622.0,620.0,638.0,632.0,630.0,632.0,631.0,623.0,625.0,625.0,624.0,620.0,635.0,621.0,634.0,625.0,624.0,628.0,623.0,635.0,629.0,635.0,627.0,626.0,633.0,629.0,628.0,630.0,633.0,637.0,625.0,627.0,626.0,625.0,622.0,625.0,627.0,623.0,636.0,633.0,617.0,632.0,628.0,632.0,627.0,628.0,631.0,626.0,630.0,622.0,633.0,628.0,627.0,626.0,625.0,629.0,619.0
647.0,634.0,649.0,644.0,634.0,647.0,643.0,647.0,643.0,642.0,644.0,644.0,647.0,631.0,637.0,643.0,648.0,664.0,665.0,648.0,635.0,642.0,637.0,643.0,635.0,636.0,643.0,636.0,638.0,646.0,640.0,636.0,642.0,638.0,639.0,631.0,636.0,643.0,643.0,638.0,647.0,640.0,634.0,643.0,637.0,649.0,633.0,632.0,643.0,644.0,636.0,632.0,635.0,639.0,637.0,637.0,632.0,631.0,647.0,645.0,634.0,647.0,639.0,637.0,636.0,636.0,632.0,634.0,644.0,640.0,659.0,646.0,642.0,648.0,650.0,642.0,638.0,656.0,647.0,642.0,642.0,646.0,649.0,644.0,645.0,650.0,649.0,657.0,650.0,651.0,652.0,651.0,645.0,654.0,645.0,650.0,651.0,662.0,643.0,659.0,649.0,650.0,650.0,656.0,656.0,653.0,649.0,654.0,664.0,652.0,656.0,653.0,651.0,646.0,657.0,657.0,654.0,665.0,663.0,660.0,650.0,669.0,651.0,656.0,662.0,653.0,656.0,652.0,651.0,668.0,658.0,658.0,658.0,652.0,664.0,658.0,659.0,667.0,671.0,657.0,656.0,654.0,662.0,667.0,656.0,657.0,652.0,653.0,660.0,649.0,655.0,639.0,663.0,668.0,665.0,657.0,660.0,657.0,663.0,664.0,668.0,656.0,658.0,661.0,667.0,663.0,666.0,655.0,667.0,653.0,652.0,656.0,654.0,650.0,664.0,658.0,663.0,661.0,660.0,652.0,661.0,652.0,658.0,650.0,646.0,656.0,651.0,649.0,660.0,664.0,648.0,650.0,674.0,656.0,649.0,661.0,663.0,668.0,659.0,662.0,650.0,663.0,654.0,660.0,658.0,660.0,668.0,662.0,678.0,659.0,658.0,667.0,657.0,669.0,673.0,663.0,671.0,670.0,664.0,659.0,659.0,664.0,662.0,658.0,660.0,659.0,657.0,651.0,650.0,658.0,650.0,660.0,664.0,662.0,657.0,663.0,665.0,661.0,657.0,657.0,654.0,655.0,658.0,655.0,671.0,660.0,664.0,658.0,671.0,663.0,665.0,654.0,652.0,654.0,655.0,651.0,659.0,653.0,651.0,654.0,654.0,657.0,654.0,649.0,663.0,657.0,643.0,653.0,658.0,641.0,663.0,655.0,640.0,657.0,670.0,657.0,668.0,658.0,651.0,654.0,648.0,648.0,661.0,652.0,645,655.0,651.0,658.0,647.0,664.0,649.0,646.0,658.0,657.0,660.0,658.0,654.0,665.0,657.0,647.0,665.0,661.0,650.0,653.0,662.0,658.0,637.0,660.0,643.0,650.0,648.0,639.0,643.0,638.0,647.0,649.0,645.0,640.0,635.0,641.0,640.0,639.0,641.0,648.0,642.0,636.0,638.0,639.0,640.0,638.0,642.0,647.0,635.0,639.0,643.0,641.0,636.0,641.0,644.0,632.0,639.0,638.0,639.0,632.0,647.0,634.0,631.0,632.0,634.0,629.0,638.0,649.0,635.0,638.0,641.0,627.0,640.0,633.0,638.0,642.0,644.0,630.0,629.0,636.0,645.0,645.0,643.0,629.0,640.0,636.0,643.0,654.0,635.0,639.0,641.0,647.0,641.0,646.0,636.0,646.0,640.0,636.0,643.0,636.0,631.0,640.0,643.0,644.0,635.0
640.0,638.0,636.0,637.0,633.0,634.0,633.0,635.0,646.0,625.0,641.0,629.0,634.0,635.0,635.0,643.0,635.0,659.0,650.0,633.0,634.0,633.0,639.0,640.0,637.0,625.0,639.0,632.0,629.0,637.0,635.0,632.0,637.0,636.0,636.0,631.0,634.0,629.0,635.0,628.0,627.0,644.0,633.0,633.0,629.0,632.0,638.0,639.0,635.0,626.0,632.0,629.0,628.0,625.0,632.0,638.0,627.0,626.0,632.0,632.0,626.0,639.0,629.0,630.0,633.0,629.0,624.0,625.0,638.0,626.0,641.0,630.0,632.0,631.0,643.0,635.0,635.0,637.0,646.0,631.0,622.0,632.0,637.0,630.0,634.0,638.0,642.0,644.0,638.0,644.0,641.0,639.0,645.0,640.0,646.0,641.0,632.0,642.0,630.0,646.0,644.0,633.0,635.0,643.0,640.0,641.0,642.0,644.0,640.0,645.0,640.0,638.0,642.0,633.0,637.0,635.0,644.0,639.0,634.0,637.0,632.0,643.0,643.0,641.0,640.0,640.0,645.0,645.0,640.0,639.0,636.0,639.0,654.0,644.0,643.0,643.0,647.0,650.0,649.0,644.0,640.0,641.0,648.0,652.0,639.0,646.0,647.0,643.0,650.0,639.0,655.0,636.0,642.0,650.0,639.0,635.0,650.0,648.0,660.0,646.0,645.0,653.0,649.0,647.0,645.0,647.0,641.0,647.0,653.0,648.0,641.0,641.0,651.0,645.0,641.0,643.0,652.0,642.0,647.0,635.0,636.0,638.0,639.0,636.0,637.0,644.0,644.0,645.0,647.0,645.0,644.0,642.0,656.0,645.0,646.0,649.0,649.0,647.0,646.0,648.0,652.0,654.0,637.0,646.0,631.0,648.0,654.0,644.0,662.0,646.0,655.0,652.0,654.0,646.0,655.0,656.0,654.0,648.0,648.0,646.0,651.0,649.0,650.0,647.0,641.0,646.0,651.0,650.0,661.0,647.0,645.0,641.0,644.0,651.0,651.0,644.0,644.0,646.0,645.0,645.0,651.0,644.0,645.0,650.0,658.0,650.0,658.0,652.0,667.0,648.0,649.0,644.0,639.0,646.0,645.0,639.0,642.0,638.0,647.0,643.0,644.0,640.0,647.0,639.0,650.0,645.0,644.0,638.0,651.0,635.0,650.0,637.0,642.0,644.0,654.0,644.0,657.0,646.0,655.0,644.0,650.0,647.0,650.0,640.0,646,648.0,647.0,645.0,651.0,647.0,651.0,649.0,648.0,641.0,653.0,660.0,649.0,653.0,652.0,658.0,647.0,650.0,650.0,652.0,648.0,639.0,645.0,644.0,638.0,643.0,641.0,631.0,640.0,632.0,631.0,635.0,636.0,638.0,633.0,630.0,642.0,638.0,642.0,639.0,639.0,643.0,645.0,641.0,646.0,626.0,638.0,640.0,634.0,635.0,631.0,638.0,636.0,634.0,639.0,636.0,635.0,640.0,635.0,632.0,634.0,628.0,626.0,633.0,632.0,627.0,635.0,640.0,635.0,638.0,636.0,628.0,641.0,639.0,640.0,635.0,631.0,631.0,636.0,631.0,636.0,639.0,638.0,636.0,634.0,631.0,644.0,643.0,645.0,634.0,645.0,646.0,634.0,641.0,647.0,636.0,630.0,634.0,637.0,644.0,631.0,638.0,643.0,639.0,626.0
644.0,644.0,645.0,648.0,652.0,652.0,636.0,640.0,644.0,644.0,633.0,640.0,648.0,638.0,642.0,643.0,656.0,654.0,662.0,639.0,642.0,646.0,639.0,634.0,630.0,639.0,639.0,641.0,641.0,640.0,633.0,643.0,639.0,641.0,645.0,647.0,630.0,630.0,636.0,633.0,640.0,644.0,638.0,633.0,640.0,639.0,636.0,646.0,639.0,632.0,639.0,643.0,634.0,631.0,643.0,635.0,631.0,637.0,634.0,633.0,635.0,650.0,645.0,638.0,635.0,640.0,636.0,636.0,650.0,631.0,645.0,639.0,641.0,639.0,651.0,643.0,638.0,646.0,647.0,645.0,640.0,640.0,645.0,644.0,637.0,654.0,646.0,659.0,647.0,643.0,649.0,649.0,640.0,641.0,643.0,656.0,637.0,651.0,635.0,654.0,645.0,656.0,642.0,652.0,644.0,643.0,651.0,656.0,648.0,647.0,647.0,650.0,651.0,648.0,667.0,640.0,651.0,654.0,657.0,656.0,643.0,662.0,654.0,654.0,662.0,646.0,646.0,655.0,649.0,658.0,658.0,662.0,654.0,648.0,655.0,658.0,656.0,664.0,664.0,656.0,652.0,653.0,667.0,657.0,650.0,655.0,655.0,647.0,659.0,654.0,660.0,654.0,651.0,656.0,665.0,660.0,666.0,658.0,660.0,652.0,654.0,656.0,655.0,653.0,653.0,663.0,665.0,648.0,658.0,656.0,665.0,659.0,665.0,668.0,661.0,665.0,662.0,667.0,656.0,659.0,642.0,659.0,651.0,650.0,651.0,656.0,656.0,665.0,663.0,662.0,658.0,650.0,673.0,666.0,660.0,661.0,654.0,662.0,659.0,663.0,666.0,673.0,659.0,670.0,653.0,656.0,658.0,664.0,667.0,667.0,671.0,655.0,661.0,658.0,665.0,670.0,668.0,667.0,669.0,658.0,677.0,659.0,656.0,651.0,662.0,669.0,661.0,656.0,667.0,652.0,660.0,653.0,648.0,665.0,662.0,650.0,654.0,649.0,654.0,654.0,656.0,647.0,658.0,666.0,678.0,670.0,674.0,661.0,660.0,667.0,664.0,640.0,662.0,665.0,655.0,654.0,663.0,648.0,664.0,650.0,648.0,648.0,657.0,654.0,662.0,652.0,651.0,648.0,645.0,655.0,653.0,661.0,651.0,665.0,650.0,647.0,672.0,651.0,661.0,657.0,670.0,653.0,653.0,651.0,656,649.0,657.0,646.0,649.0,654.0,660.0,647.0,644.0,657.0,659.0,668.0,653.0,660.0,669.0,668.0,656.0,664.0,656.0,661.0,664.0,653.0,657.0,653.0,640.0,650.0,644.0,648.0,650.0,634.0,639.0,650.0,639.0,640.0,641.0,638.0,650.0,644.0,644.0,652.0,644.0,642.0,643.0,648.0,645.0,637.0,631.0,651.0,639.0,642.0,648.0,644.0,645.0,644.0,648.0,631.0,645.0,647.0,636.0,631.0,642.0,634.0,636.0,640.0,649.0,648.0,642.0,648.0,635.0,635.0,637.0,633.0,653.0,644.0,638.0,643.0,648.0,640.0,647.0,648.0,645.0,645.0,640.0,635.0,650.0,637.0,644.0,647.0,645.0,636.0,649.0,648.0,644.0,643.0,635.0,651.0,645.0,641.0,650.0,637.0,644.0,636.0,643.0,638.0,637.0
652.0,664.0,661.0,655.0,666.0,652.0,661.0,657.0,658.0,668.0,662.0,661.0,655.0,654.0,653.0,652.0,665.0,691.0,671.0,659.0,650.0,669.0,664.0,658.0,660.0,666.0,666.0,649.0,653.0,655.0,655.0,655.0,653.0,656.0,659.0,653.0,659.0,650.0,662.0,648.0,659.0,649.0,650.0,649.0,650.0,658.0,651.0,647.0,654.0,651.0,666.0,657.0,646.0,653.0,660.0,661.0,650.0,654.0,654.0,658.0,658.0,659.0,659.0,652.0,661.0,654.0,654.0,651.0,657.0,646.0,666.0,663.0,662.0,654.0,668.0,657.0,661.0,666.0,668.0,663.0,664.0,674.0,666.0,661.0,675.0,675.0,668.0,680.0,665.0,673.0,667.0,668.0,675.0,670.0,678.0,662.0,662.0,674.0,656.0,666.0,668.0,668.0,675.0,675.0,688.0,682.0,668.0,669.0,674.0,673.0,677.0,676.0,675.0,675.0,686.0,672.0,685.0,686.0,687.0,673.0,678.0,687.0,679.0,692.0,672.0,679.0,687.0,679.0,683.0,681.0,678.0,691.0,684.0,670.0,690.0,686.0,686.0,692.0,693.0,682.0,690.0,683.0,692.0,683.0,681.0,687.0,685.0,688.0,683.0,672.0,692.0,666.0,677.0,686.0,683.0,682.0,684.0,686.0,695.0,694.0,679.0,691.0,687.0,684.0,681.0,693.0,692.0,688.0,698.0,690.0,679.0,683.0,685.0,699.0,686.0,692.0,690.0,689.0,685.0,692.0,667.0,671.0,681.0,673.0,676.0,675.0,679.0,688.0,676.0,673.0,686.0,681.0,710.0,685.0,679.0,709.0,686.0,689.0,680.0,690.0,696.0,678.0,684.0,689.0,682.0,688.0,699.0,692.0,699.0,693.0,688.0,693.0,693.0,693.0,697.0,699.0,702.0,701.0,712.0,700.0,698.0,691.0,691.0,688.0,683.0,679.0,676.0,692.0,686.0,687.0,685.0,684.0,683.0,682.0,684.0,680.0,689.0,680.0,669.0,681.0,684.0,685.0,680.0,678.0,699.0,684.0,695.0,697.0,699.0,690.0,693.0,677.0,680.0,677.0,676.0,681.0,672.0,679.0,677.0,668.0,684.0,671.0,693.0,689.0,686.0,682.0,677.0,670.0,681.0,670.0,680.0,679.0,660.0,683.0,691.0,684.0,692.0,679.0,685.0,680.0,680.0,684.0,680.0,678.0,668,679.0,665.0,677.0,674.0,689.0,669.0,669.0,681.0,675.0,679.0,685.0,681.0,682.0,675.0,679.0,686.0,688.0,679.0,678.0,691.0,671.0,668.0,661.0,664.0,674.0,664.0,668.0,662.0,658.0,659.0,661.0,666.0,652.0,652.0,663.0,665.0,655.0,662.0,659.0,661.0,659.0,650.0,660.0,658.0,652.0,659.0,656.0,664.0,651.0,660.0,660.0,648.0,654.0,660.0,657.0,644.0,658.0,646.0,645.0,651.0,653.0,660.0,654.0,657.0,643.0,659.0,659.0,657.0,655.0,651.0,654.0,652.0,660.0,647.0,646.0,656.0,654.0,649.0,641.0,664.0,654.0,664.0,650.0,668.0,643.0,665.0,663.0,657.0,654.0,654.0,664.0,649.0,653.0,649.0,659.0,657.0,647.0,652.0,647.0,654.0,647.0,654.0,650.0,652.0
633.0,648.0,646.0,641.0,644.0,654.0,649.0,638.0,641.0,637.0,647.0,638.0,636.0,632.0,647.0,642.0,645.0,662.0,654.0,643.0,642.0,643.0,640.0,634.0,636.0,640.0,642.0,639.0,643.0,639.0,636.0,632.0,641.0,640.0,636.0,641.0,646.0,634.0,643.0,634.0,630.0,638.0,631.0,638.0,627.0,633.0,633.0,634.0,640.0,633.0,632.0,634.0,630.0,635.0,640.0,643.0,640.0,632.0,640.0,635.0,642.0,646.0,640.0,631.0,638.0,636.0,634.0,645.0,641.0,634.0,653.0,639.0,641.0,640.0,643.0,643.0,637.0,650.0,650.0,640.0,642.0,640.0,653.0,645.0,651.0,648.0,649.0,662.0,645.0,655.0,639.0,647.0,644.0,648.0,646.0,645.0,635.0,652.0,643.0,655.0,656.0,652.0,659.0,659.0,653.0,648.0,655.0,650.0,651.0,659.0,655.0,646.0,656.0,651.0,658.0,644.0,645.0,654.0,658.0,659.0,652.0,657.0,652.0,663.0,658.0,647.0,655.0,649.0,654.0,654.0,660.0,656.0,651.0,649.0,657.0,652.0,661.0,662.0,659.0,649.0,648.0,647.0,657.0,650.0,660.0,660.0,660.0,650.0,651.0,647.0,658.0,653.0,655.0,661.0,665.0,659.0,652.0,647.0,658.0,657.0,661.0,660.0,668.0,657.0,664.0,658.0,657.0,655.0,668.0,654.0,662.0,654.0,654.0,656.0,663.0,653.0,655.0,661.0,655.0,650.0,646.0,646.0,648.0,646.0,650.0,652.0,639.0,656.0,653.0,662.0,661.0,651.0,668.0,663.0,661.0,668.0,664.0,656.0,655.0,657.0,672.0,661.0,657.0,661.0,647.0,666.0,658.0,653.0,661.0,667.0,671.0,657.0,665.0,660.0,671.0,663.0,673.0,668.0,663.0,655.0,669.0,663.0,669.0,665.0,650.0,664.0,662.0,652.0,662.0,659.0,661.0,664.0,651.0,659.0,658.0,648.0,653.0,659.0,651.0,653.0,653.0,648.0,656.0,658.0,663.0,662.0,664.0,660.0,665.0,661.0,662.0,662.0,656.0,656.0,658.0,651.0,655.0,646.0,647.0,656.0,639.0,640.0,647.0,651.0,653.0,666.0,648.0,644.0,656.0,642.0,643.0,654.0,643.0,659.0,657.0,656.0,665.0,659.0,657.0,665.0,660.0,659.0,649.0,647.0,649,654.0,653.0,647.0,656.0,649.0,647.0,654.0,648.0,660.0,647.0,664.0,657.0,659.0,653.0,656.0,662.0,665.0,656.0,662.0,652.0,656.0,643.0,661.0,640.0,642.0,634.0,639.0,648.0,635.0,647.0,639.0,636.0,639.0,640.0,642.0,646.0,645.0,633.0,661.0,1300.0,714.0,637.0,635.0,643.0,634.0,635.0,644.0,633.0,629.0,637.0,643.0,638.0,640.0,628.0,637.0,639.0,636.0,638.0,630.0,644.0,641.0,645.0,641.0,630.0,642.0,635.0,636.0,637.0,636.0,635.0,632.0,644.0,640.0,640.0,633.0,637.0,632.0,638.0,641.0,639.0,639.0,637.0,636.0,645.0,637.0,640.0,646.0,641.0,644.0,642.0,644.0,644.0,631.0,641.0,638.0,637.0,634.0,635.0,637.0,639.0,641.0,644.0,637.0,636.0
643.0,652.0,644.0,644.0,650.0,637.0,640.0,640.0,645.0,642.0,646.0,643.0,631.0,640.0,641.0,645.0,647.0,663.0,659.0,646.0,643.0,651.0,649.0,641.0,652.0,639.0,658.0,641.0,646.0,645.0,654.0,645.0,631.0,645.0,648.0,642.0,631.0,640.0,644.0,643.0,640.0,641.0,630.0,638.0,632.0,643.0,630.0,638.0,632.0,631.0,632.0,633.0,636.0,643.0,653.0,650.0,643.0,644.0,640.0,650.0,638.0,648.0,641.0,630.0,647.0,631.0,648.0,632.0,646.0,621.0,663.0,652.0,648.0,649.0,641.0,646.0,639.0,666.0,665.0,652.0,644.0,643.0,647.0,657.0,655.0,653.0,651.0,657.0,655.0,655.0,650.0,658.0,648.0,655.0,652.0,648.0,635.0,636.0,643.0,665.0,648.0,661.0,636.0,649.0,657.0,653.0,653.0,649.0,657.0,651.0,658.0,650.0,659.0,656.0,659.0,641.0,649.0,654.0,663.0,651.0,658.0,655.0,652.0,659.0,656.0,659.0,672.0,659.0,667.0,658.0,661.0,666.0,659.0,650.0,664.0,672.0,657.0,685.0,662.0,649.0,674.0,656.0,676.0,660.0,653.0,668.0,663.0,661.0,664.0,652.0,656.0,664.0,654.0,654.0,662.0,673.0,669.0,659.0,668.0,664.0,657.0,680.0,657.0,670.0,658.0,684.0,676.0,654.0,670.0,666.0,648.0,659.0,665.0,670.0,665.0,654.0,671.0,669.0,657.0,648.0,658.0,650.0,659.0,649.0,653.0,651.0,655.0,660.0,661.0,665.0,669.0,660.0,668.0,669.0,666.0,675.0,666.0,665.0,659.0,661.0,675.0,655.0,664.0,665.0,647.0,670.0,668.0,675.0,671.0,670.0,669.0,680.0,695.0,668.0,668.0,669.0,674.0,677.0,678.0,683.0,663.0,684.0,672.0,666.0,656.0,667.0,667.0,666.0,662.0,663.0,670.0,659.0,662.0,678.0,663.0,664.0,657.0,663.0,653.0,664.0,675.0,664.0,659.0,666.0,674.0,669.0,682.0,671.0,668.0,662.0,667.0,664.0,662.0,664.0,661.0,658.0,665.0,656.0,661.0,645.0,656.0,648.0,662.0,669.0,661.0,650.0,648.0,645.0,662.0,640.0,652.0,663.0,651.0,659.0,674.0,661.0,683.0,650.0,667.0,652.0,659.0,662.0,656.0,656.0,654,667.0,653.0,669.0,653.0,655.0,655.0,652.0,657.0,672.0,665.0,661.0,657.0,669.0,665.0,673.0,665.0,670.0,663.0,669.0,674.0,657.0,649.0,654.0,648.0,660.0,644.0,649.0,639.0,655.0,663.0,649.0,648.0,635.0,640.0,655.0,648.0,651.0,640.0,647.0,654.0,649.0,637.0,659.0,647.0,642.0,650.0,644.0,640.0,645.0,644.0,642.0,638.0,642.0,641.0,641.0,644.0,642.0,640.0,639.0,654.0,641.0,642.0,655.0,634.0,647.0,647.0,650.0,637.0,652.0,636.0,640.0,644.0,641.0,646.0,637.0,635.0,646.0,652.0,647.0,635.0,639.0,636.0,638.0,658.0,640.0,646.0,654.0,651.0,643.0,652.0,638.0,642.0,647.0,645.0,652.0,647.0,640.0,649.0,647.0,643.0,645.0,650.0,653.0,644.0
646.0,655.0,652.0,645.0,647.0,645.0,642.0,644.0,643.0,636.0,648.0,648.0,645.0,641.0,644.0,639.0,650.0,661.0,656.0,640.0,648.0,642.0,641.0,644.0,637.0,643.0,644.0,646.0,643.0,653.0,643.0,639.0,653.0,641.0,641.0,634.0,637.0,642.0,654.0,640.0,637.0,635.0,639.0,652.0,641.0,633.0,636.0,642.0,640.0,645.0,645.0,641.0,633.0,639.0,637.0,650.0,638.0,640.0,644.0,637.0,639.0,649.0,643.0,644.0,639.0,640.0,648.0,638.0,637.0,641.0,655.0,643.0,647.0,648.0,648.0,651.0,643.0,654.0,658.0,643.0,645.0,650.0,641.0,648.0,659.0,651.0,651.0,666.0,656.0,654.0,651.0,653.0,659.0,649.0,658.0,660.0,643.0,660.0,652.0,661.0,660.0,657.0,665.0,662.0,664.0,647.0,665.0,657.0,672.0,658.0,657.0,661.0,659.0,659.0,661.0,653.0,669.0,668.0,659.0,654.0,659.0,672.0,670.0,665.0,656.0,666.0,664.0,663.0,661.0,661.0,662.0,668.0,668.0,659.0,664.0,661.0,670.0,668.0,671.0,668.0,664.0,656.0,671.0,667.0,665.0,661.0,669.0,661.0,665.0,662.0,665.0,653.0,668.0,662.0,669.0,668.0,667.0,671.0,664.0,678.0,667.0,668.0,673.0,669.0,675.0,671.0,670.0,667.0,683.0,673.0,665.0,665.0,670.0,666.0,660.0,667.0,675.0,664.0,666.0,665.0,666.0,654.0,649.0,649.0,655.0,660.0,666.0,661.0,660.0,666.0,670.0,655.0,674.0,671.0,671.0,669.0,677.0,673.0,668.0,666.0,674.0,667.0,662.0,663.0,665.0,670.0,668.0,670.0,679.0,682.0,679.0,674.0,680.0,674.0,679.0,672.0,675.0,678.0,685.0,673.0,681.0,665.0,676.0,671.0,655.0,661.0,666.0,664.0,676.0,664.0,659.0,661.0,664.0,662.0,665.0,662.0,668.0,655.0,667.0,656.0,667.0,659.0,654.0,668.0,663.0,674.0,671.0,678.0,673.0,674.0,662.0,664.0,664.0,664.0,662.0,666.0,656.0,652.0,662.0,661.0,648.0,659.0,672.0,662.0,672.0,671.0,651.0,647.0,670.0,651.0,667.0,659.0,649.0,665.0,666.0,661.0,682.0,665.0,671.0,668.0,658.0,653.0,667.0,658.0,657,654.0,663.0,661.0,658.0,668.0,658.0,658.0,658.0,659.0,669.0,681.0,660.0,672.0,663.0,669.0,663.0,665.0,660.0,666.0,665.0,663.0,653.0,658.0,656.0,653.0,648.0,650.0,646.0,639.0,644.0,654.0,641.0,655.0,636.0,646.0,650.0,645.0,640.0,639.0,646.0,645.0,650.0,645.0,648.0,639.0,649.0,641.0,641.0,641.0,637.0,641.0,645.0,644.0,643.0,640.0,642.0,649.0,643.0,642.0,644.0,636.0,634.0,643.0,646.0,639.0,638.0,646.0,639.0,636.0,643.0,633.0,651.0,646.0,640.0,636.0,632.0,642.0,643.0,645.0,643.0,645.0,647.0,640.0,639.0,645.0,642.0,644.0,647.0,639.0,636.0,640.0,640.0,647.0,635.0,642.0,634.0,638.0,643.0,634.0,636.0,639.0,644.0,638.0,635.0
654.0,652.0,662.0,645.0,655.0,649.0,655.0,643.0,643.0,638.0,654.0,649.0,650.0,636.0,643.0,656.0,664.0,679.0,659.0,644.0,656.0,653.0,645.0,651.0,648.0,643.0,647.0,644.0,645.0,645.0,651.0,639.0,648.0,647.0,644.0,651.0,638.0,640.0,649.0,649.0,640.0,648.0,632.0,646.0,645.0,649.0,637.0,641.0,636.0,637.0,641.0,638.0,640.0,637.0,641.0,635.0,634.0,642.0,643.0,639.0,647.0,649.0,647.0,637.0,646.0,647.0,644.0,644.0,637.0,639.0,649.0,652.0,650.0,644.0,644.0,642.0,642.0,669.0,651.0,662.0,644.0,657.0,650.0,654.0,651.0,654.0,660.0,669.0,657.0,660.0,653.0,657.0,649.0,653.0,654.0,658.0,649.0,667.0,645.0,668.0,657.0,652.0,662.0,663.0,670.0,664.0,658.0,655.0,655.0,663.0,660.0,655.0,662.0,663.0,665.0,649.0,655.0,666.0,664.0,663.0,652.0,654.0,661.0,661.0,666.0,651.0,656.0,662.0,660.0,665.0,670.0,661.0,669.0,659.0,660.0,664.0,668.0,673.0,671.0,667.0,648.0,658.0,675.0,662.0,661.0,667.0,665.0,653.0,667.0,649.0,667.0,649.0,666.0,663.0,665.0,660.0,676.0,655.0,680.0,659.0,670.0,666.0,673.0,669.0,666.0,674.0,672.0,680.0,677.0,658.0,666.0,661.0,666.0,669.0,664.0,667.0,668.0,659.0,668.0,661.0,654.0,656.0,667.0,650.0,656.0,660.0,668.0,668.0,658.0,664.0,668.0,661.0,672.0,661.0,669.0,678.0,671.0,678.0,674.0,672.0,666.0,673.0,663.0,655.0,670.0,670.0,678.0,662.0,673.0,670.0,681.0,673.0,676.0,673.0,679.0,668.0,678.0,666.0,686.0,673.0,673.0,667.0,677.0,668.0,669.0,671.0,666.0,662.0,676.0,666.0,672.0,671.0,668.0,670.0,657.0,668.0,663.0,670.0,663.0,667.0,667.0,664.0,670.0,668.0,674.0,674.0,682.0,676.0,680.0,667.0,675.0,659.0,661.0,663.0,663.0,657.0,665.0,655.0,649.0,647.0,651.0,652.0,658.0,657.0,659.0,660.0,655.0,636.0,654.0,645.0,661.0,650.0,656.0,666.0,665.0,655.0,674.0,662.0,666.0,659.0,669.0,661.0,652.0,658.0,663,655.0,655.0,653.0,665.0,660.0,652.0,641.0,654.0,662.0,673.0,677.0,668.0,658.0,666.0,664.0,666.0,675.0,659.0,667.0,668.0,662.0,653.0,659.0,651.0,659.0,647.0,653.0,643.0,646.0,642.0,645.0,645.0,650.0,641.0,639.0,651.0,647.0,647.0,648.0,646.0,648.0,639.0,647.0,659.0,632.0,649.0,644.0,645.0,641.0,638.0,637.0,644.0,643.0,633.0,625.0,635.0,643.0,636.0,633.0,646.0,634.0,642.0,647.0,643.0,638.0,632.0,647.0,643.0,638.0,646.0,628.0,644.0,646.0,639.0,639.0,644.0,638.0,634.0,630.0,638.0,642.0,650.0,640.0,645.0,640.0,639.0,646.0,637.0,638.0,642.0,637.0,633.0,640.0,629.0,643.0,633.0,639.0,636.0,640.0,641.0,637.0,643.0,642.0,642.0
637.0,642.0,640.0,638.0,642.0,635.0,626.0,638.0,633.0,634.0,643.0,637.0,626.0,637.0,635.0,634.0,645.0,657.0,653.0,638.0,634.0,639.0,631.0,631.0,634.0,639.0,640.0,628.0,632.0,644.0,635.0,629.0,633.0,637.0,641.0,629.0,646.0,631.0,638.0,632.0,637.0,636.0,626.0,629.0,631.0,634.0,628.0,635.0,623.0,629.0,630.0,625.0,632.0,624.0,638.0,632.0,622.0,633.0,636.0,626.0,627.0,628.0,634.0,629.0,623.0,639.0,630.0,630.0,629.0,621.0,637.0,622.0,639.0,630.0,646.0,634.0,630.0,645.0,640.0,644.0,635.0,633.0,631.0,632.0,635.0,641.0,638.0,646.0,645.0,633.0,647.0,646.0,638.0,637.0,642.0,641.0,628.0,655.0,633.0,639.0,644.0,640.0,630.0,652.0,637.0,643.0,643.0,631.0,641.0,643.0,654.0,640.0,645.0,639.0,648.0,633.0,641.0,653.0,643.0,641.0,640.0,652.0,648.0,644.0,636.0,650.0,633.0,647.0,641.0,647.0,641.0,646.0,638.0,643.0,644.0,648.0,644.0,652.0,642.0,655.0,648.0,643.0,654.0,648.0,643.0,652.0,648.0,637.0,636.0,640.0,654.0,639.0,646.0,650.0,654.0,643.0,648.0,657.0,648.0,644.0,644.0,650.0,648.0,649.0,646.0,652.0,643.0,655.0,657.0,651.0,647.0,646.0,643.0,649.0,649.0,636.0,651.0,646.0,635.0,641.0,638.0,643.0,650.0,650.0,640.0,643.0,639.0,641.0,650.0,639.0,654.0,642.0,662.0,659.0,642.0,658.0,641.0,653.0,662.0,648.0,652.0,649.0,653.0,646.0,644.0,661.0,645.0,639.0,657.0,650.0,659.0,656.0,649.0,657.0,654.0,643.0,656.0,657.0,655.0,649.0,660.0,650.0,641.0,646.0,644.0,644.0,651.0,654.0,660.0,646.0,650.0,664.0,637.0,646.0,646.0,651.0,640.0,649.0,640.0,644.0,649.0,656.0,649.0,653.0,652.0,659.0,661.0,658.0,663.0,651.0,655.0,646.0,648.0,645.0,647.0,646.0,640.0,639.0,642.0,652.0,629.0,632.0,636.0,644.0,649.0,630.0,642.0,629.0,652.0,641.0,645.0,648.0,639.0,646.0,647.0,644.0,662.0,644.0,650.0,654.0,657.0,650.0,650.0,643.0,641,647.0,642.0,650.0,643.0,638.0,642.0,644.0,645.0,660.0,650.0,656.0,635.0,651.0,646.0,645.0,643.0,661.0,635.0,662.0,659.0,642.0,635.0,643.0,636.0,640.0,644.0,639.0,636.0,630.0,640.0,633.0,643.0,635.0,629.0,632.0,644.0,620.0,630.0,633.0,627.0,638.0,638.0,637.0,649.0,636.0,632.0,631.0,635.0,638.0,638.0,634.0,632.0,629.0,631.0,635.0,631.0,631.0,626.0,626.0,633.0,635.0,632.0,633.0,618.0,627.0,630.0,627.0,627.0,638.0,637.0,621.0,629.0,633.0,633.0,633.0,634.0,634.0,628.0,626.0,629.0,625.0,633.0,630.0,631.0,637.0,629.0,637.0,628.0,628.0,635.0,638.0,629.0,632.0,638.0,633.0,638.0,630.0,637.0,633.0,632.0,633.0,631.0,631.0,634.0
636.0,638.0,641.0,641.0,626.0,638.0,631.0,626.0,635.0,621.0,638.0,636.0,632.0,624.0,636.0,636.0,645.0,646.0,648.0,637.0,637.0,639.0,639.0,638.0,635.0,636.0,638.0,625.0,627.0,634.0,634.0,634.0,628.0,629.0,632.0,627.0,631.0,630.0,625.0,629.0,622.0,627.0,623.0,629.0,623.0,626.0,624.0,627.0,623.0,627.0,630.0,626.0,624.0,625.0,623.0,633.0,625.0,620.0,629.0,619.0,625.0,633.0,624.0,626.0,636.0,626.0,628.0,628.0,624.0,627.0,636.0,631.0,633.0,627.0,626.0,630.0,631.0,641.0,637.0,634.0,627.0,634.0,639.0,631.0,631.0,630.0,635.0,646.0,632.0,638.0,635.0,637.0,634.0,634.0,644.0,638.0,626.0,641.0,633.0,642.0,645.0,634.0,641.0,643.0,635.0,637.0,639.0,635.0,633.0,634.0,640.0,639.0,639.0,635.0,641.0,637.0,632.0,643.0,644.0,633.0,630.0,646.0,640.0,642.0,638.0,643.0,637.0,651.0,638.0,634.0,642.0,645.0,641.0,632.0,637.0,649.0,644.0,642.0,644.0,635.0,632.0,644.0,647.0,645.0,633.0,645.0,643.0,634.0,643.0,646.0,634.0,630.0,641.0,649.0,639.0,645.0,639.0,640.0,645.0,646.0,644.0,648.0,634.0,648.0,650.0,644.0,648.0,638.0,642.0,635.0,637.0,634.0,640.0,640.0,638.0,640.0,642.0,648.0,634.0,632.0,633.0,633.0,637.0,630.0,638.0,639.0,639.0,642.0,642.0,642.0,641.0,643.0,646.0,644.0,640.0,650.0,645.0,646.0,644.0,650.0,647.0,643.0,643.0,648.0,635.0,656.0,643.0,645.0,651.0,649.0,651.0,646.0,655.0,644.0,652.0,642.0,646.0,650.0,645.0,653.0,647.0,646.0,646.0,650.0,642.0,644.0,640.0,638.0,641.0,650.0,645.0,645.0,648.0,642.0,646.0,641.0,635.0,642.0,641.0,632.0,642.0,637.0,639.0,636.0,647.0,641.0,652.0,650.0,653.0,644.0,640.0,638.0,649.0,642.0,642.0,648.0,633.0,636.0,631.0,636.0,634.0,632.0,646.0,634.0,638.0,639.0,635.0,631.0,634.0,633.0,638.0,636.0,630.0,648.0,641.0,637.0,648.0,646.0,643.0,638.0,648.0,640.0,637.0,639.0,645,640.0,638.0,641.0,642.0,636.0,632.0,641.0,641.0,643.0,640.0,646.0,637.0,643.0,650.0,644.0,643.0,647.0,641.0,649.0,647.0,639.0,635.0,650.0,631.0,638.0,632.0,627.0,641.0,628.0,629.0,631.0,639.0,635.0,633.0,618.0,635.0,632.0,632.0,632.0,635.0,624.0,629.0,633.0,630.0,627.0,633.0,637.0,633.0,626.0,631.0,638.0,631.0,635.0,631.0,631.0,629.0,629.0,626.0,619.0,633.0,624.0,628.0,626.0,630.0,631.0,626.0,639.0,630.0,633.0,627.0,625.0,633.0,628.0,633.0,629.0,629.0,634.0,628.0,625.0,625.0,627.0,629.0,623.0,635.0,626.0,642.0,633.0,627.0,629.0,634.0,634.0,628.0,625.0,630.0,623.0,633.0,623.0,636.0,629.0,624.0,625.0,622.0,623.0,618.0
648.0,647.0,655.0,657.0,649.0,656.0,650.0,659.0,649.0,643.0,650.0,647.0,643.0,638.0,644.0,641.0,665.0,670.0,671.0,656.0,643.0,649.0,644.0,642.0,646.0,653.0,646.0,639.0,637.0,650.0,643.0,645.0,644.0,632.0,641.0,639.0,639.0,640.0,644.0,648.0,644.0,630.0,639.0,644.0,640.0,651.0,636.0,639.0,643.0,638.0,646.0,638.0,642.0,649.0,643.0,646.0,631.0,641.0,638.0,636.0,637.0,647.0,643.0,637.0,645.0,643.0,645.0,643.0,645.0,649.0,649.0,663.0,648.0,636.0,641.0,654.0,646.0,663.0,651.0,650.0,643.0,652.0,651.0,659.0,655.0,650.0,663.0,652.0,653.0,662.0,663.0,648.0,653.0,662.0,646.0,656.0,645.0,658.0,649.0,652.0,656.0,661.0,659.0,672.0,659.0,658.0,659.0,656.0,650.0,658.0,654.0,652.0,654.0,650.0,671.0,658.0,655.0,667.0,660.0,667.0,655.0,658.0,658.0,658.0,672.0,671.0,665.0,659.0,673.0,666.0,657.0,657.0,665.0,669.0,658.0,666.0,663.0,676.0,670.0,657.0,660.0,665.0,669.0,666.0,646.0,664.0,662.0,656.0,662.0,676.0,668.0,648.0,668.0,670.0,668.0,657.0,674.0,663.0,664.0,667.0,667.0,664.0,670.0,659.0,668.0,671.0,667.0,664.0,673.0,670.0,661.0,661.0,674.0,662.0,658.0,665.0,673.0,673.0,663.0,656.0,662.0,654.0,654.0,660.0,661.0,654.0,660.0,657.0,660.0,670.0,654.0,665.0,680.0,659.0,664.0,674.0,669.0,674.0,663.0,665.0,675.0,656.0,658.0,663.0,659.0,674.0,670.0,664.0,680.0,673.0,675.0,671.0,669.0,685.0,675.0,676.0,667.0,679.0,670.0,665.0,675.0,663.0,666.0,669.0,666.0,670.0,657.0,653.0,676.0,660.0,658.0,673.0,653.0,665.0,657.0,656.0,677.0,671.0,668.0,665.0,665.0,665.0,657.0,659.0,670.0,668.0,665.0,670.0,679.0,665.0,673.0,665.0,667.0,662.0,658.0,658.0,656.0,659.0,653.0,657.0,658.0,653.0,658.0,662.0,666.0,656.0,649.0,648.0,657.0,642.0,659.0,659.0,649.0,659.0,659.0,661.0,680.0,661.0,654.0,656.0,669.0,669.0,657.0,656.0,659,658.0,654.0,669.0,660.0,673.0,660.0,663.0,654.0,660.0,657.0,657.0,653.0,666.0,663.0,674.0,659.0,659.0,658.0,660.0,664.0,651.0,641.0,664.0,653.0,651.0,646.0,656.0,661.0,635.0,647.0,649.0,642.0,649.0,642.0,644.0,644.0,648.0,650.0,647.0,644.0,646.0,641.0,642.0,650.0,648.0,645.0,654.0,642.0,636.0,645.0,639.0,638.0,642.0,647.0,633.0,636.0,642.0,646.0,637.0,646.0,641.0,642.0,633.0,638.0,638.0,636.0,646.0,641.0,643.0,642.0,642.0,652.0,635.0,637.0,633.0,638.0,634.0,640.0,640.0,644.0,641.0,648.0,635.0,644.0,637.0,638.0,650.0,647.0,638.0,635.0,645.0,639.0,645.0,634.0,636.0,637.0,633.0,641.0,638.0,637.0,637.0,644.0,640.0,637.0
638.0,632.0,626.0,637.0,630.0,637.0,636.0,635.0,638.0,634.0,638.0,639.0,637.0,633.0,622.0,637.0,636.0,655.0,641.0,627.0,640.0,635.0,629.0,634.0,626.0,625.0,631.0,631.0,638.0,637.0,640.0,620.0,629.0,638.0,629.0,631.0,630.0,627.0,629.0,625.0,631.0,631.0,631.0,637.0,628.0,628.0,622.0,637.0,630.0,630.0,626.0,633.0,629.0,630.0,632.0,635.0,631.0,621.0,630.0,628.0,630.0,630.0,626.0,625.0,633.0,626.0,634.0,628.0,627.0,626.0,643.0,627.0,634.0,630.0,631.0,636.0,631.0,639.0,638.0,630.0,632.0,631.0,638.0,629.0,634.0,639.0,637.0,641.0,626.0,638.0,633.0,630.0,639.0,631.0,639.0,647.0,635.0,634.0,625.0,643.0,648.0,635.0,638.0,649.0,642.0,641.0,641.0,644.0,646.0,643.0,638.0,639.0,639.0,633.0,648.0,633.0,635.0,639.0,639.0,645.0,633.0,646.0,642.0,645.0,651.0,639.0,643.0,641.0,632.0,638.0,637.0,648.0,654.0,642.0,647.0,635.0,652.0,651.0,649.0,645.0,638.0,634.0,641.0,651.0,646.0,644.0,645.0,638.0,642.0,637.0,648.0,633.0,646.0,648.0,646.0,639.0,646.0,642.0,647.0,646.0,642.0,653.0,646.0,655.0,640.0,646.0,644.0,640.0,646.0,642.0,646.0,641.0,650.0,641.0,637.0,649.0,642.0,641.0,647.0,635.0,640.0,643.0,634.0,638.0,645.0,643.0,637.0,641.0,638.0,651.0,641.0,637.0,651.0,645.0,639.0,650.0,640.0,647.0,641.0,637.0,644.0,643.0,647.0,651.0,639.0,656.0,648.0,635.0,652.0,644.0,642.0,646.0,662.0,650.0,652.0,648.0,649.0,659.0,647.0,655.0,652.0,650.0,653.0,644.0,636.0,652.0,651.0,649.0,658.0,647.0,651.0,653.0,646.0,655.0,648.0,645.0,641.0,647.0,643.0,651.0,650.0,647.0,650.0,648.0,652.0,645.0,650.0,642.0,660.0,650.0,652.0,645.0,643.0,642.0,647.0,638.0,650.0,627.0,639.0,640.0,650.0,638.0,645.0,639.0,648.0,644.0,639.0,635.0,653.0,639.0,644.0,639.0,646.0,649.0,651.0,648.0,656.0,645.0,640.0,645.0,652.0,647.0,641.0,636.0,640,653.0,646.0,646.0,651.0,641.0,650.0,645.0,645.0,645.0,649.0,657.0,640.0,654.0,641.0,654.0,652.0,651.0,642.0,653.0,652.0,641.0,642.0,652.0,640.0,643.0,635.0,631.0,639.0,639.0,638.0,643.0,645.0,640.0,633.0,630.0,640.0,638.0,640.0,635.0,645.0,642.0,643.0,647.0,648.0,640.0,638.0,639.0,635.0,636.0,638.0,634.0,641.0,640.0,634.0,632.0,636.0,639.0,633.0,639.0,639.0,632.0,635.0,639.0,644.0,636.0,639.0,644.0,639.0,642.0,643.0,637.0,642.0,636.0,642.0,646.0,639.0,634.0,637.0,637.0,644.0,645.0,648.0,629.0,637.0,647.0,656.0,644.0,640.0,646.0,646.0,650.0,636.0,637.0,645.0,643.0,635.0,633.0,637.0,640.0,634.0,637.0,644.0,646.0,636.0
656.0,658.0,658.0,649.0,662.0,658.0,654.0,649.0,652.0,658.0,655.0,656.0,653.0,649.0,667.0,638.0,676.0,657.0,660.0,650.0,660.0,646.0,658.0,640.0,660.0,648.0,665.0,652.0,660.0,651.0,662.0,648.0,648.0,653.0,659.0,650.0,646.0,638.0,649.0,646.0,652.0,645.0,647.0,648.0,649.0,650.0,639.0,653.0,640.0,647.0,652.0,655.0,654.0,651.0,652.0,659.0,656.0,649.0,651.0,643.0,650.0,661.0,653.0,658.0,652.0,659.0,654.0,665.0,654.0,656.0,659.0,661.0,663.0,652.0,665.0,655.0,663.0,669.0,674.0,665.0,658.0,658.0,654.0,666.0,659.0,668.0,667.0,681.0,670.0,674.0,670.0,667.0,671.0,669.0,674.0,676.0,662.0,672.0,667.0,667.0,673.0,663.0,669.0,679.0,672.0,675.0,680.0,672.0,668.0,660.0,675.0,681.0,674.0,682.0,679.0,673.0,679.0,681.0,675.0,669.0,673.0,665.0,683.0,679.0,674.0,681.0,672.0,683.0,677.0,673.0,678.0,690.0,679.0,663.0,679.0,684.0,684.0,686.0,680.0,688.0,673.0,681.0,670.0,680.0,686.0,683.0,675.0,671.0,666.0,692.0,689.0,671.0,695.0,678.0,680.0,684.0,688.0,692.0,695.0,676.0,689.0,687.0,692.0,680.0,682.0,691.0,694.0,688.0,681.0,685.0,677.0,669.0,699.0,685.0,691.0,693.0,687.0,685.0,688.0,673.0,663.0,673.0,685.0,673.0,687.0,683.0,678.0,690.0,689.0,692.0,691.0,692.0,705.0,679.0,687.0,696.0,690.0,696.0,692.0,690.0,686.0,687.0,693.0,697.0,692.0,689.0,692.0,693.0,694.0,696.0,690.0,691.0,701.0,701.0,685.0,691.0,684.0,700.0,703.0,681.0,689.0,692.0,691.0,689.0,690.0,692.0,695.0,680.0,691.0,675.0,672.0,680.0,686.0,694.0,676.0,678.0,674.0,680.0,678.0,694.0,674.0,677.0,685.0,682.0,692.0,687.0,696.0,687.0,696.0,686.0,686.0,672.0,678.0,687.0,679.0,679.0,670.0,674.0,678.0,688.0,675.0,680.0,692.0,683.0,699.0,687.0,672.0,663.0,686.0,664.0,689.0,684.0,678.0,681.0,682.0,690.0,692.0,681.0,680.0,691.0,690.0,671.0,681.0,689.0,679,679.0,675.0,683.0,681.0,677.0,679.0,676.0,671.0,677.0,679.0,697.0,682.0,682.0,693.0,684.0,672.0,694.0,680.0,691.0,683.0,664.0,669.0,677.0,668.0,678.0,670.0,672.0,675.0,668.0,668.0,671.0,659.0,668.0,654.0,659.0,667.0,664.0,667.0,676.0,666.0,670.0,662.0,673.0,661.0,665.0,649.0,662.0,655.0,656.0,659.0,670.0,666.0,654.0,662.0,662.0,660.0,656.0,670.0,656.0,676.0,654.0,668.0,654.0,658.0,660.0,663.0,667.0,668.0,649.0,653.0,661.0,672.0,668.0,675.0,660.0,655.0,663.0,663.0,664.0,671.0,656.0,670.0,658.0,665.0,661.0,666.0,672.0,675.0,658.0,663.0,684.0,667.0,671.0,671.0,664.0,664.0,653.0,662.0,664.0,662.0,669.0,663.0,665.0,664.0
649.0,647.0,646.0,649.0,647.0,652.0,646.0,648.0,647.0,648.0,657.0,644.0,645.0,642.0,639.0,640.0,649.0,668.0,664.0,646.0,636.0,647.0,650.0,643.0,651.0,645.0,651.0,635.0,640.0,655.0,646.0,641.0,644.0,641.0,647.0,640.0,645.0,643.0,645.0,639.0,646.0,631.0,643.0,648.0,640.0,640.0,641.0,640.0,641.0,638.0,643.0,648.0,640.0,645.0,644.0,647.0,641.0,638.0,645.0,642.0,647.0,646.0,646.0,649.0,641.0,644.0,640.0,639.0,644.0,632.0,653.0,656.0,650.0,646.0,659.0,642.0,651.0,653.0,666.0,645.0,655.0,647.0,654.0,647.0,658.0,654.0,651.0,665.0,653.0,661.0,649.0,659.0,655.0,657.0,642.0,655.0,641.0,658.0,647.0,654.0,655.0,648.0,664.0,663.0,669.0,665.0,655.0,655.0,655.0,653.0,651.0,657.0,661.0,660.0,662.0,647.0,663.0,663.0,671.0,667.0,667.0,680.0,670.0,1318.0,681.0,668.0,666.0,664.0,668.0,666.0,659.0,661.0,667.0,666.0,684.0,674.0,661.0,682.0,679.0,661.0,667.0,666.0,675.0,666.0,663.0,664.0,666.0,659.0,672.0,664.0,666.0,659.0,670.0,660.0,668.0,671.0,680.0,666.0,679.0,668.0,674.0,684.0,668.0,671.0,664.0,675.0,666.0,674.0,668.0,670.0,668.0,663.0,674.0,676.0,683.0,674.0,678.0,677.0,662.0,668.0,653.0,664.0,658.0,659.0,668.0,657.0,665.0,669.0,654.0,660.0,671.0,663.0,694.0,674.0,670.0,681.0,674.0,677.0,665.0,670.0,676.0,665.0,662.0,672.0,662.0,674.0,667.0,682.0,677.0,675.0,680.0,677.0,671.0,671.0,674.0,681.0,678.0,688.0,685.0,683.0,676.0,670.0,676.0,675.0,664.0,666.0,665.0,659.0,668.0,667.0,660.0,668.0,666.0,669.0,670.0,665.0,669.0,665.0,658.0,666.0,668.0,651.0,671.0,675.0,676.0,669.0,682.0,677.0,679.0,677.0,670.0,675.0,660.0,658.0,668.0,668.0,670.0,659.0,664.0,655.0,664.0,654.0,669.0,671.0,672.0,675.0,654.0,651.0,668.0,659.0,669.0,665.0,651.0,661.0,677.0,666.0,672.0,666.0,671.0,666.0,669.0,659.0,669.0,660.0,661,670.0,664.0,657.0,654.0,665.0,652.0,651.0,658.0,671.0,659.0,666.0,657.0,670.0,662.0,669.0,664.0,672.0,656.0,670.0,673.0,655.0,644.0,651.0,647.0,657.0,644.0,654.0,650.0,647.0,651.0,646.0,654.0,645.0,645.0,646.0,649.0,641.0,643.0,645.0,652.0,636.0,638.0,643.0,664.0,643.0,655.0,653.0,645.0,641.0,645.0,645.0,644.0,646.0,648.0,634.0,643.0,648.0,639.0,632.0,647.0,643.0,644.0,646.0,643.0,637.0,647.0,642.0,642.0,651.0,642.0,637.0,652.0,642.0,642.0,641.0,643.0,641.0,644.0,646.0,647.0,647.0,649.0,642.0,653.0,643.0,649.0,648.0,647.0,652.0,645.0,651.0,637.0,642.0,644.0,650.0,649.0,643.0,643.0,640.0,652.0,637.0,643.0,643.0,646.0
642.0,648.0,653.0,655.0,645.0,658.0,646.0,649.0,648.0,635.0,644.0,650.0,641.0,643.0,650.0,645.0,651.0,675.0,657.0,647.0,646.0,644.0,645.0,644.0,639.0,648.0,647.0,641.0,649.0,655.0,638.0,644.0,641.0,641.0,648.0,647.0,649.0,632.0,646.0,643.0,634.0,645.0,639.0,639.0,631.0,641.0,637.0,641.0,643.0,640.0,639.0,635.0,633.0,640.0,646.0,648.0,640.0,636.0,649.0,646.0,652.0,651.0,647.0,637.0,649.0,647.0,649.0,650.0,647.0,637.0,653.0,645.0,644.0,632.0,653.0,642.0,657.0,660.0,657.0,643.0,656.0,650.0,660.0,652.0,660.0,655.0,664.0,670.0,654.0,660.0,654.0,660.0,657.0,656.0,651.0,658.0,648.0,663.0,648.0,658.0,669.0,658.0,661.0,667.0,661.0,659.0,659.0,659.0,652.0,668.0,667.0,651.0,664.0,663.0,658.0,651.0,658.0,664.0,671.0,665.0,655.0,670.0,660.0,674.0,663.0,653.0,669.0,663.0,669.0,667.0,665.0,660.0,661.0,651.0,666.0,670.0,671.0,681.0,673.0,662.0,660.0,661.0,672.0,659.0,667.0,674.0,666.0,664.0,654.0,662.0,667.0,659.0,668.0,671.0,669.0,671.0,670.0,659.0,667.0,670.0,676.0,677.0,669.0,671.0,664.0,670.0,673.0,660.0,672.0,667.0,671.0,676.0,669.0,661.0,678.0,661.0,662.0,668.0,671.0,660.0,662.0,653.0,668.0,651.0,660.0,655.0,647.0,662.0,666.0,668.0,673.0,655.0,678.0,664.0,673.0,682.0,683.0,667.0,665.0,662.0,678.0,669.0,662.0,674.0,664.0,671.0,667.0,669.0,676.0,678.0,691.0,681.0,682.0,669.0,677.0,675.0,681.0,682.0,674.0,673.0,681.0,680.0,684.0,679.0,660.0,674.0,663.0,670.0,677.0,670.0,676.0,673.0,664.0,665.0,667.0,657.0,659.0,668.0,662.0,665.0,662.0,659.0,663.0,666.0,676.0,669.0,672.0,678.0,683.0,679.0,685.0,671.0,658.0,667.0,671.0,666.0,662.0,657.0,658.0,663.0,661.0,654.0,657.0,662.0,665.0,673.0,655.0,649.0,663.0,645.0,655.0,666.0,648.0,676.0,668.0,668.0,682.0,674.0,671.0,673.0,678.0,671.0,665.0,658.0,651,662.0,664.0,661.0,659.0,655.0,662.0,662.0,658.0,668.0,660.0,664.0,661.0,669.0,657.0,668.0,675.0,676.0,661.0,673.0,666.0,662.0,649.0,672.0,646.0,652.0,648.0,649.0,652.0,642.0,656.0,643.0,647.0,649.0,648.0,643.0,654.0,649.0,641.0,652.0,645.0,651.0,652.0,644.0,651.0,640.0,655.0,649.0,641.0,636.0,641.0,645.0,642.0,640.0,631.0,641.0,631.0,643.0,643.0,635.0,647.0,644.0,647.0,646.0,639.0,648.0,644.0,646.0,639.0,646.0,635.0,638.0,652.0,650.0,641.0,643.0,641.0,639.0,637.0,646.0,646.0,640.0,650.0,640.0,646.0,638.0,646.0,651.0,641.0,651.0,648.0,645.0,645.0,640.0,643.0,647.0,648.0,640.0,645.0,641.0,639.0,649.0,640.0,647.0,645.0
656.0,663.0,668.0,670.0,654.0,653.0,657.0,654.0,668.0,657.0,667.0,670.0,658.0,659.0,655.0,658.0,670.0,682.0,668.0,657.0,656.0,662.0,658.0,657.0,666.0,659.0,664.0,656.0,650.0,661.0,654.0,648.0,661.0,664.0,649.0,657.0,651.0,661.0,661.0,650.0,650.0,661.0,657.0,657.0,655.0,654.0,657.0,665.0,651.0,659.0,651.0,651.0,656.0,660.0,661.0,665.0,652.0,652.0,666.0,651.0,666.0,669.0,669.0,656.0,659.0,661.0,654.0,653.0,650.0,660.0,663.0,660.0,674.0,658.0,666.0,662.0,672.0,676.0,674.0,666.0,664.0,674.0,665.0,681.0,680.0,666.0,680.0,682.0,684.0,688.0,676.0,682.0,677.0,667.0,693.0,690.0,662.0,684.0,664.0,684.0,674.0,683.0,684.0,694.0,692.0,689.0,688.0,672.0,665.0,688.0,692.0,678.0,685.0,683.0,692.0,673.0,690.0,681.0,668.0,689.0,685.0,689.0,674.0,687.0,700.0,675.0,695.0,695.0,679.0,691.0,682.0,698.0,694.0,696.0,683.0,694.0,684.0,706.0,690.0,695.0,674.0,678.0,697.0,677.0,684.0,684.0,677.0,679.0,678.0,690.0,687.0,674.0,689.0,681.0,691.0,690.0,697.0,693.0,689.0,699.0,702.0,686.0,702.0,687.0,702.0,695.0,710.0,693.0,703.0,685.0,690.0,682.0,691.0,687.0,681.0,696.0,695.0,677.0,681.0,677.0,672.0,671.0,684.0,683.0,678.0,690.0,681.0,683.0,687.0,698.0,693.0,690.0,710.0,691.0,690.0,692.0,690.0,689.0,696.0,696.0,699.0,701.0,681.0,692.0,680.0,699.0,697.0,698.0,701.0,703.0,696.0,706.0,703.0,702.0,710.0,694.0,697.0,708.0,700.0,698.0,700.0,684.0,687.0,695.0,691.0,694.0,686.0,701.0,685.0,696.0,691.0,697.0,679.0,692.0,685.0,682.0,676.0,678.0,677.0,688.0,687.0,680.0,689.0,689.0,697.0,694.0,706.0,695.0,717.0,697.0,673.0,698.0,679.0,690.0,668.0,679.0,684.0,656.0,668.0,660.0,667.0,682.0,674.0,676.0,675.0,677.0,672.0,671.0,680.0,674.0,680.0,678.0,688.0,667.0,678.0,677.0,701.0,686.0,698.0,694.0,690.0,683.0,685.0,665.0,681,683.0,683.0,677.0,682.0,693.0,674.0,679.0,676.0,687.0,668.0,676.0,685.0,698.0,681.0,696.0,696.0,690.0,685.0,689.0,674.0,690.0,665.0,672.0,669.0,667.0,665.0,658.0,666.0,659.0,669.0,666.0,673.0,665.0,662.0,655.0,660.0,667.0,657.0,665.0,663.0,657.0,666.0,666.0,668.0,663.0,652.0,658.0,666.0,652.0,654.0,672.0,654.0,655.0,654.0,647.0,644.0,653.0,643.0,651.0,682.0,646.0,655.0,657.0,650.0,653.0,654.0,659.0,641.0,656.0,652.0,653.0,654.0,659.0,660.0,651.0,655.0,652.0,652.0,653.0,653.0,663.0,668.0,646.0,654.0,660.0,664.0,655.0,665.0,663.0,662.0,659.0,661.0,655.0,646.0,658.0,658.0,650.0,665.0,665.0,654.0,653.0,660.0,656.0,663.0
644.0,651.0,656.0,653.0,639.0,649.0,644.0,649.0,646.0,644.0,644.0,651.0,646.0,638.0,646.0,639.0,655.0,665.0,658.0,642.0,652.0,647.0,647.0,648.0,643.0,647.0,656.0,645.0,651.0,657.0,658.0,644.0,648.0,647.0,648.0,647.0,641.0,646.0,654.0,645.0,641.0,642.0,639.0,645.0,642.0,646.0,641.0,645.0,642.0,646.0,648.0,645.0,639.0,641.0,642.0,644.0,646.0,641.0,647.0,639.0,648.0,648.0,643.0,651.0,650.0,649.0,648.0,641.0,650.0,637.0,653.0,645.0,652.0,655.0,647.0,650.0,655.0,663.0,668.0,653.0,650.0,651.0,650.0,651.0,656.0,661.0,665.0,663.0,659.0,659.0,653.0,655.0,658.0,662.0,661.0,658.0,656.0,668.0,655.0,664.0,666.0,658.0,667.0,673.0,662.0,659.0,669.0,660.0,668.0,663.0,657.0,667.0,669.0,668.0,672.0,648.0,672.0,672.0,672.0,656.0,670.0,682.0,673.0,663.0,657.0,670.0,672.0,673.0,674.0,664.0,671.0,672.0,684.0,668.0,679.0,675.0,673.0,677.0,686.0,677.0,671.0,667.0,679.0,666.0,668.0,678.0,678.0,666.0,662.0,661.0,676.0,664.0,672.0,664.0,670.0,675.0,670.0,669.0,677.0,675.0,673.0,672.0,673.0,673.0,674.0,678.0,680.0,674.0,691.0,677.0,675.0,668.0,688.0,674.0,676.0,675.0,678.0,677.0,670.0,669.0,669.0,660.0,660.0,666.0,665.0,671.0,670.0,677.0,667.0,671.0,672.0,657.0,689.0,670.0,671.0,679.0,672.0,683.0,671.0,676.0,676.0,677.0,669.0,685.0,664.0,683.0,676.0,672.0,686.0,681.0,677.0,686.0,690.0,681.0,682.0,691.0,692.0,688.0,684.0,678.0,687.0,681.0,685.0,679.0,668.0,668.0,673.0,675.0,675.0,675.0,676.0,672.0,669.0,667.0,682.0,672.0,674.0,671.0,670.0,666.0,673.0,666.0,673.0,672.0,674.0,685.0,672.0,676.0,692.0,670.0,671.0,662.0,673.0,665.0,662.0,670.0,664.0,661.0,660.0,659.0,657.0,664.0,675.0,671.0,673.0,674.0,661.0,657.0,669.0,652.0,667.0,658.0,651.0,672.0,666.0,663.0,682.0,670.0,675.0,677.0,666.0,661.0,672.0,659.0,656,669.0,668.0,663.0,673.0,672.0,665.0,667.0,665.0,663.0,669.0,679.0,662.0,674.0,674.0,675.0,665.0,672.0,665.0,663.0,665.0,659.0,654.0,665.0,658.0,651.0,660.0,659.0,652.0,646.0,650.0,657.0,646.0,656.0,650.0,646.0,656.0,655.0,645.0,651.0,644.0,636.0,646.0,647.0,660.0,638.0,650.0,647.0,645.0,641.0,644.0,643.0,644.0,648.0,644.0,644.0,643.0,651.0,647.0,642.0,650.0,645.0,644.0,642.0,646.0,639.0,638.0,646.0,642.0,645.0,646.0,643.0,654.0,647.0,643.0,648.0,637.0,648.0,652.0,641.0,650.0,646.0,647.0,646.0,649.0,647.0,652.0,654.0,640.0,640.0,643.0,642.0,648.0,646.0,642.0,652.0,640.0,638.0,649.0,641.0,648.0,644.0,650.0,646.0,636.0
639.0,633.0,643.0,633.0,637.0,634.0,641.0,640.0,632.0,637.0,642.0,627.0,638.0,631.0,636.0,638.0,632.0,658.0,656.0,634.0,637.0,634.0,634.0,627.0,632.0,633.0,636.0,634.0,631.0,636.0,635.0,634.0,638.0,637.0,635.0,636.0,629.0,632.0,633.0,641.0,627.0,637.0,623.0,628.0,628.0,634.0,628.0,633.0,626.0,629.0,630.0,623.0,633.0,624.0,625.0,628.0,626.0,627.0,633.0,631.0,630.0,639.0,636.0,630.0,637.0,630.0,629.0,633.0,631.0,624.0,636.0,625.0,632.0,629.0,628.0,626.0,636.0,639.0,638.0,629.0,633.0,633.0,637.0,634.0,638.0,634.0,638.0,641.0,637.0,631.0,631.0,634.0,637.0,633.0,635.0,639.0,628.0,648.0,634.0,645.0,634.0,634.0,642.0,645.0,642.0,634.0,641.0,636.0,644.0,643.0,639.0,637.0,641.0,638.0,646.0,630.0,642.0,638.0,644.0,648.0,638.0,636.0,642.0,648.0,641.0,640.0,645.0,647.0,641.0,641.0,639.0,644.0,650.0,633.0,642.0,645.0,637.0,646.0,644.0,641.0,648.0,642.0,646.0,641.0,637.0,646.0,644.0,642.0,640.0,641.0,643.0,631.0,655.0,644.0,641.0,645.0,656.0,637.0,655.0,648.0,649.0,644.0,651.0,645.0,646.0,646.0,646.0,645.0,650.0,638.0,645.0,643.0,643.0,645.0,641.0,645.0,646.0,638.0,644.0,634.0,638.0,638.0,644.0,634.0,650.0,639.0,639.0,639.0,638.0,640.0,640.0,643.0,652.0,644.0,640.0,648.0,649.0,657.0,644.0,655.0,650.0,644.0,653.0,644.0,646.0,653.0,650.0,647.0,660.0,649.0,654.0,655.0,648.0,658.0,653.0,646.0,651.0,657.0,658.0,660.0,656.0,647.0,648.0,643.0,648.0,651.0,644.0,638.0,651.0,646.0,646.0,648.0,647.0,648.0,647.0,638.0,643.0,635.0,637.0,645.0,643.0,647.0,644.0,650.0,657.0,644.0,649.0,648.0,660.0,653.0,648.0,640.0,647.0,637.0,642.0,640.0,641.0,640.0,637.0,638.0,649.0,640.0,640.0,645.0,633.0,646.0,641.0,627.0,646.0,631.0,646.0,641.0,631.0,646.0,653.0,641.0,645.0,648.0,652.0,645.0,643.0,648.0,633.0,634.0,638,644.0,644.0,642.0,642.0,642.0,643.0,635.0,636.0,647.0,652.0,644.0,643.0,656.0,636.0,651.0,643.0,652.0,644.0,645.0,651.0,634.0,629.0,647.0,634.0,641.0,636.0,643.0,634.0,634.0,631.0,639.0,630.0,636.0,633.0,626.0,633.0,628.0,633.0,626.0,631.0,635.0,626.0,634.0,639.0,630.0,633.0,630.0,635.0,630.0,624.0,628.0,626.0,633.0,627.0,624.0,624.0,628.0,618.0,624.0,636.0,631.0,627.0,627.0,624.0,624.0,626.0,634.0,628.0,627.0,630.0,625.0,635.0,630.0,621.0,632.0,637.0,636.0,625.0,623.0,626.0,631.0,630.0,630.0,632.0,624.0,630.0,639.0,621.0,633.0,629.0,632.0,631.0,635.0,619.0,628.0,625.0,630.0,631.0,631.0,623.0,627.0,630.0,629.0,631.0
620.0,624.0,628.0,622.0,631.0,623.0,625.0,621.0,625.0,614.0,622.0,628.0,609.0,615.0,622.0,621.0,630.0,646.0,633.0,619.0,623.0,627.0,623.0,630.0,615.0,627.0,618.0,618.0,610.0,616.0,620.0,621.0,616.0,618.0,613.0,619.0,622.0,612.0,624.0,617.0,617.0,606.0,605.0,617.0,616.0,617.0,602.0,624.0,615.0,611.0,615.0,613.0,619.0,614.0,618.0,624.0,619.0,621.0,617.0,609.0,609.0,619.0,624.0,614.0,619.0,617.0,610.0,620.0,619.0,610.0,626.0,612.0,615.0,617.0,614.0,622.0,614.0,622.0,622.0,616.0,614.0,615.0,618.0,616.0,622.0,609.0,623.0,624.0,610.0,611.0,621.0,625.0,618.0,616.0,616.0,616.0,615.0,623.0,612.0,618.0,620.0,611.0,611.0,618.0,614.0,619.0,615.0,618.0,620.0,621.0,621.0,615.0,618.0,617.0,611.0,611.0,624.0,619.0,631.0,620.0,617.0,636.0,619.0,622.0,614.0,622.0,613.0,621.0,616.0,619.0,617.0,620.0,621.0,616.0,626.0,625.0,621.0,631.0,619.0,617.0,618.0,624.0,626.0,618.0,622.0,626.0,614.0,611.0,623.0,621.0,626.0,608.0,621.0,629.0,622.0,618.0,632.0,620.0,632.0,626.0,617.0,622.0,625.0,620.0,620.0,633.0,622.0,622.0,623.0,611.0,625.0,614.0,623.0,621.0,626.0,625.0,624.0,624.0,625.0,620.0,617.0,624.0,633.0,623.0,608.0,615.0,622.0,629.0,621.0,617.0,625.0,619.0,625.0,629.0,622.0,626.0,622.0,630.0,619.0,624.0,631.0,625.0,630.0,624.0,626.0,628.0,631.0,616.0,632.0,625.0,629.0,623.0,639.0,627.0,627.0,623.0,630.0,627.0,623.0,629.0,632.0,628.0,623.0,626.0,622.0,620.0,612.0,630.0,618.0,625.0,629.0,627.0,628.0,624.0,624.0,628.0,625.0,625.0,619.0,617.0,628.0,627.0,627.0,623.0,633.0,624.0,632.0,619.0,629.0,634.0,622.0,624.0,633.0,626.0,628.0,621.0,628.0,617.0,619.0,629.0,630.0,619.0,628.0,628.0,632.0,625.0,620.0,612.0,638.0,614.0,628.0,632.0,619.0,630.0,626.0,620.0,635.0,629.0,625.0,629.0,621.0,629.0,623.0,625.0,623,626.0,627.0,626.0,634.0,618.0,618.0,622.0,630.0,629.0,616.0,635.0,614.0,631.0,628.0,628.0,622.0,631.0,612.0,631.0,630.0,614.0,614.0,638.0,618.0,620.0,625.0,623.0,621.0,621.0,621.0,631.0,623.0,624.0,616.0,620.0,626.0,618.0,627.0,618.0,624.0,635.0,618.0,628.0,629.0,620.0,616.0,626.0,612.0,624.0,610.0,621.0,618.0,624.0,625.0,625.0,623.0,615.0,628.0,621.0,618.0,615.0,626.0,613.0,616.0,624.0,613.0,620.0,619.0,613.0,624.0,619.0,623.0,619.0,615.0,618.0,620.0,614.0,616.0,620.0,621.0,612.0,619.0,621.0,627.0,613.0,618.0,625.0,620.0,623.0,623.0,620.0,623.0,630.0,616.0,624.0,618.0,613.0,616.0,620.0,614.0,619.0,618.0,619.0,613.0
636.0,642.0,640.0,639.0,635.0,638.0,631.0,630.0,642.0,625.0,642.0,641.0,639.0,628.0,634.0,635.0,644.0,657.0,645.0,632.0,639.0,641.0,642.0,640.0,636.0,637.0,639.0,634.0,634.0,633.0,637.0,627.0,632.0,633.0,631.0,626.0,631.0,630.0,636.0,633.0,620.0,632.0,628.0,632.0,631.0,635.0,629.0,632.0,629.0,627.0,629.0,628.0,627.0,621.0,625.0,631.0,623.0,625.0,634.0,624.0,625.0,633.0,624.0,631.0,636.0,630.0,627.0,627.0,628.0,627.0,639.0,632.0,638.0,623.0,632.0,632.0,634.0,642.0,637.0,640.0,633.0,632.0,636.0,638.0,630.0,630.0,632.0,640.0,636.0,635.0,632.0,638.0,634.0,633.0,640.0,638.0,629.0,638.0,631.0,640.0,641.0,631.0,648.0,644.0,642.0,647.0,637.0,639.0,636.0,637.0,640.0,637.0,639.0,641.0,640.0,639.0,630.0,644.0,643.0,635.0,635.0,650.0,638.0,648.0,644.0,643.0,638.0,644.0,648.0,643.0,643.0,650.0,644.0,632.0,642.0,648.0,645.0,648.0,649.0,635.0,636.0,639.0,647.0,647.0,638.0,643.0,639.0,637.0,642.0,650.0,637.0,633.0,645.0,643.0,643.0,646.0,646.0,635.0,643.0,643.0,646.0,652.0,643.0,649.0,645.0,643.0,648.0,641.0,645.0,643.0,648.0,641.0,645.0,645.0,642.0,652.0,645.0,649.0,643.0,638.0,643.0,640.0,642.0,630.0,641.0,637.0,638.0,643.0,638.0,645.0,635.0,642.0,647.0,648.0,638.0,655.0,644.0,648.0,645.0,644.0,645.0,643.0,650.0,644.0,646.0,651.0,648.0,646.0,656.0,647.0,647.0,649.0,658.0,650.0,649.0,646.0,643.0,656.0,655.0,656.0,651.0,646.0,653.0,657.0,646.0,645.0,642.0,641.0,639.0,649.0,645.0,638.0,654.0,648.0,652.0,639.0,638.0,648.0,640.0,639.0,648.0,642.0,641.0,637.0,651.0,640.0,654.0,655.0,654.0,643.0,647.0,642.0,643.0,642.0,641.0,645.0,639.0,637.0,636.0,639.0,637.0,629.0,642.0,634.0,645.0,644.0,637.0,637.0,640.0,636.0,642.0,634.0,629.0,650.0,637.0,638.0,650.0,654.0,640.0,641.0,646.0,647.0,637.0,638.0,644,648.0,637.0,642.0,642.0,638.0,639.0,639.0,637.0,640.0,642.0,646.0,643.0,645.0,648.0,649.0,647.0,654.0,643.0,652.0,642.0,646.0,636.0,653.0,638.0,638.0,636.0,630.0,633.0,634.0,630.0,632.0,638.0,632.0,634.0,622.0,631.0,630.0,634.0,629.0,636.0,629.0,630.0,632.0,631.0,628.0,636.0,633.0,634.0,631.0,632.0,633.0,634.0,637.0,630.0,633.0,630.0,625.0,625.0,624.0,630.0,629.0,628.0,624.0,627.0,631.0,630.0,634.0,627.0,625.0,632.0,630.0,630.0,626.0,632.0,625.0,628.0,632.0,627.0,624.0,629.0,632.0,630.0,621.0,637.0,629.0,645.0,639.0,635.0,621.0,636.0,630.0,628.0,629.0,628.0,622.0,631.0,622.0,638.0,628.0,624.0,626.0,620.0,622.0,625.0
656.0,647.0,670.0,659.0,656.0,669.0,662.0,652.0,655.0,646.0,656.0,663.0,652.0,641.0,653.0,655.0,660.0,682.0,680.0,658.0,656.0,652.0,652.0,647.0,655.0,654.0,661.0,651.0,650.0,658.0,658.0,644.0,654.0,650.0,644.0,654.0,649.0,649.0,653.0,651.0,652.0,651.0,648.0,644.0,650.0,647.0,652.0,647.0,647.0,646.0,641.0,647.0,646.0,657.0,644.0,652.0,640.0,651.0,649.0,651.0,652.0,664.0,650.0,658.0,657.0,655.0,652.0,648.0,656.0,660.0,650.0,659.0,663.0,651.0,659.0,662.0,665.0,670.0,671.0,663.0,655.0,667.0,663.0,655.0,656.0,667.0,676.0,680.0,668.0,671.0,687.0,658.0,663.0,673.0,655.0,671.0,666.0,676.0,650.0,667.0,683.0,676.0,683.0,683.0,667.0,677.0,670.0,670.0,676.0,671.0,670.0,673.0,669.0,668.0,683.0,664.0,680.0,681.0,673.0,672.0,658.0,682.0,674.0,685.0,679.0,681.0,677.0,684.0,679.0,679.0,678.0,680.0,673.0,674.0,681.0,675.0,683.0,690.0,688.0,667.0,679.0,681.0,686.0,673.0,674.0,678.0,677.0,680.0,675.0,680.0,676.0,670.0,693.0,680.0,675.0,679.0,692.0,679.0,692.0,685.0,690.0,684.0,689.0,690.0,696.0,691.0,694.0,681.0,678.0,685.0,686.0,680.0,684.0,673.0,680.0,696.0,685.0,676.0,672.0,670.0,666.0,671.0,667.0,672.0,677.0,668.0,675.0,675.0,686.0,674.0,675.0,672.0,678.0,678.0,682.0,684.0,685.0,691.0,677.0,685.0,682.0,671.0,681.0,680.0,678.0,681.0,683.0,677.0,695.0,684.0,702.0,697.0,697.0,682.0,693.0,690.0,688.0,691.0,684.0,691.0,683.0,675.0,688.0,686.0,669.0,666.0,683.0,673.0,679.0,681.0,687.0,685.0,676.0,693.0,686.0,669.0,687.0,678.0,680.0,678.0,668.0,675.0,669.0,674.0,689.0,691.0,697.0,683.0,705.0,692.0,682.0,670.0,677.0,666.0,670.0,671.0,663.0,665.0,664.0,667.0,669.0,659.0,680.0,679.0,672.0,672.0,671.0,652.0,669.0,657.0,667.0,660.0,668.0,670.0,676.0,678.0,689.0,690.0,674.0,687.0,678.0,683.0,674.0,667.0,672,682.0,670.0,681.0,663.0,674.0,685.0,670.0,669.0,676.0,675.0,684.0,675.0,678.0,672.0,694.0,677.0,681.0,677.0,668.0,675.0,667.0,651.0,666.0,663.0,664.0,653.0,662.0,658.0,642.0,663.0,667.0,659.0,658.0,655.0,652.0,655.0,651.0,651.0,650.0,656.0,661.0,652.0,649.0,677.0,644.0,649.0,655.0,648.0,643.0,654.0,662.0,652.0,655.0,654.0,640.0,641.0,651.0,648.0,646.0,644.0,653.0,648.0,641.0,650.0,651.0,656.0,658.0,644.0,648.0,652.0,649.0,659.0,665.0,647.0,645.0,656.0,654.0,649.0,658.0,658.0,653.0,652.0,652.0,658.0,650.0,666.0,651.0,657.0,641.0,658.0,661.0,656.0,651.0,649.0,661.0,650.0,654.0,649.0,649.0,644.0,650.0,660.0,651.0,646.0
651.0,661.0,645.0,664.0,645.0,657.0,645.0,651.0,644.0,635.0,661.0,651.0,660.0,645.0,652.0,646.0,654.0,666.0,660.0,644.0,641.0,654.0,639.0,649.0,635.0,645.0,639.0,644.0,647.0,651.0,644.0,650.0,645.0,652.0,648.0,648.0,646.0,638.0,643.0,648.0,648.0,645.0,652.0,653.0,643.0,644.0,636.0,644.0,639.0,646.0,641.0,650.0,644.0,645.0,650.0,647.0,647.0,640.0,647.0,644.0,650.0,646.0,649.0,647.0,648.0,641.0,643.0,639.0,645.0,647.0,659.0,656.0,648.0,649.0,649.0,647.0,647.0,660.0,659.0,648.0,655.0,652.0,651.0,647.0,647.0,645.0,666.0,652.0,647.0,654.0,644.0,664.0,659.0,665.0,657.0,655.0,649.0,662.0,651.0,663.0,664.0,652.0,665.0,665.0,667.0,662.0,655.0,651.0,663.0,661.0,659.0,651.0,662.0,652.0,677.0,656.0,666.0,667.0,674.0,674.0,654.0,663.0,666.0,661.0,673.0,661.0,678.0,663.0,648.0,676.0,670.0,681.0,668.0,662.0,667.0,666.0,680.0,671.0,685.0,681.0,668.0,670.0,673.0,675.0,667.0,678.0,664.0,660.0,667.0,665.0,674.0,660.0,670.0,670.0,665.0,665.0,676.0,661.0,664.0,676.0,672.0,674.0,671.0,674.0,667.0,673.0,675.0,674.0,665.0,665.0,661.0,662.0,670.0,671.0,667.0,672.0,673.0,672.0,663.0,660.0,658.0,675.0,657.0,660.0,675.0,664.0,661.0,661.0,657.0,671.0,671.0,667.0,688.0,679.0,670.0,680.0,673.0,679.0,666.0,671.0,679.0,667.0,668.0,670.0,673.0,682.0,681.0,667.0,679.0,681.0,680.0,672.0,682.0,690.0,688.0,686.0,678.0,681.0,677.0,689.0,679.0,671.0,673.0,677.0,673.0,675.0,669.0,670.0,682.0,664.0,674.0,681.0,667.0,681.0,669.0,674.0,660.0,666.0,671.0,662.0,670.0,674.0,665.0,677.0,671.0,677.0,679.0,684.0,688.0,672.0,671.0,666.0,667.0,671.0,671.0,661.0,673.0,647.0,661.0,652.0,664.0,655.0,669.0,665.0,664.0,662.0,664.0,652.0,674.0,655.0,671.0,652.0,654.0,679.0,662.0,661.0,674.0,672.0,672.0,676.0,672.0,672.0,665.0,658.0,659,654.0,671.0,670.0,663.0,657.0,670.0,664.0,658.0,657.0,662.0,673.0,654.0,674.0,671.0,670.0,663.0,673.0,669.0,668.0,667.0,664.0,658.0,662.0,656.0,660.0,651.0,655.0,657.0,643.0,649.0,650.0,655.0,648.0,652.0,646.0,655.0,648.0,647.0,655.0,655.0,654.0,648.0,655.0,656.0,646.0,654.0,652.0,648.0,642.0,656.0,646.0,650.0,657.0,645.0,646.0,644.0,645.0,644.0,645.0,653.0,645.0,649.0,648.0,637.0,650.0,651.0,647.0,645.0,656.0,648.0,648.0,658.0,655.0,644.0,651.0,650.0,647.0,649.0,644.0,644.0,646.0,659.0,643.0,645.0,658.0,657.0,652.0,650.0,653.0,654.0,658.0,643.0,647.0,648.0,650.0,644.0,648.0,645.0,657.0,643.0,646.0,657.0,644.0,639.0
677.0,676.0,669.0,663.0,668.0,677.0,662.0,650.0,674.0,660.0,661.0,671.0,670.0,660.0,664.0,662.0,674.0,674.0,683.0,667.0,660.0,665.0,674.0,678.0,658.0,669.0,666.0,664.0,665.0,667.0,678.0,658.0,667.0,670.0,666.0,666.0,666.0,668.0,674.0,652.0,669.0,672.0,660.0,661.0,665.0,659.0,661.0,666.0,658.0,661.0,662.0,653.0,669.0,659.0,660.0,657.0,663.0,663.0,666.0,667.0,673.0,663.0,655.0,669.0,657.0,671.0,670.0,672.0,666.0,660.0,668.0,678.0,665.0,678.0,685.0,658.0,681.0,670.0,685.0,669.0,677.0,664.0,672.0,668.0,680.0,689.0,692.0,682.0,685.0,681.0,691.0,675.0,684.0,695.0,688.0,681.0,674.0,690.0,672.0,686.0,685.0,690.0,686.0,678.0,683.0,693.0,682.0,689.0,680.0,687.0,687.0,692.0,697.0,692.0,686.0,683.0,682.0,698.0,691.0,684.0,692.0,689.0,700.0,689.0,697.0,705.0,691.0,706.0,694.0,701.0,689.0,696.0,683.0,693.0,710.0,709.0,703.0,715.0,703.0,700.0,690.0,697.0,703.0,689.0,694.0,707.0,699.0,698.0,700.0,704.0,705.0,695.0,697.0,697.0,696.0,711.0,707.0,699.0,701.0,709.0,705.0,696.0,715.0,690.0,696.0,706.0,717.0,700.0,695.0,702.0,714.0,695.0,709.0,699.0,717.0,721.0,717.0,698.0,706.0,691.0,681.0,696.0,703.0,699.0,706.0,693.0,700.0,702.0,708.0,703.0,697.0,699.0,717.0,702.0,697.0,707.0,712.0,715.0,710.0,707.0,703.0,707.0,709.0,707.0,698.0,700.0,705.0,704.0,717.0,711.0,731.0,708.0,718.0,717.0,701.0,703.0,713.0,722.0,718.0,715.0,711.0,708.0,699.0,705.0,702.0,713.0,711.0,703.0,704.0,701.0,705.0,694.0,703.0,714.0,701.0,695.0,688.0,698.0,700.0,704.0,696.0,687.0,708.0,708.0,712.0,710.0,719.0,705.0,708.0,704.0,701.0,691.0,706.0,702.0,700.0,689.0,694.0,688.0,691.0,692.0,697.0,695.0,712.0,710.0,714.0,697.0,703.0,681.0,698.0,693.0,695.0,706.0,695.0,696.0,707.0,695.0,704.0,708.0,709.0,701.0,698.0,693.0,686.0,687.0,691,696.0,685.0,690.0,696.0,697.0,690.0,686.0,679.0,701.0,692.0,699.0,687.0,707.0,702.0,703.0,693.0,700.0,699.0,693.0,692.0,684.0,685.0,694.0,680.0,694.0,683.0,676.0,679.0,673.0,690.0,675.0,673.0,682.0,675.0,681.0,675.0,674.0,675.0,685.0,677.0,672.0,671.0,684.0,682.0,670.0,674.0,662.0,673.0,669.0,673.0,680.0,679.0,676.0,675.0,659.0,675.0,668.0,660.0,670.0,679.0,681.0,678.0,667.0,670.0,669.0,674.0,681.0,683.0,667.0,666.0,668.0,679.0,680.0,677.0,672.0,679.0,674.0,677.0,687.0,681.0,674.0,673.0,663.0,678.0,678.0,682.0,690.0,686.0,676.0,686.0,668.0,669.0,671.0,672.0,691.0,675.0,676.0,685.0,680.0,677.0,673.0,677.0,676.0,676.0
624.0,625.0,619.0,626.0,620.0,633.0,627.0,626.0,621.0,618.0,632.0,626.0,620.0,622.0,621.0,619.0,631.0,638.0,638.0,625.0,620.0,620.0,626.0,617.0,620.0,627.0,628.0,621.0,618.0,631.0,622.0,626.0,624.0,618.0,623.0,615.0,629.0,613.0,627.0,616.0,619.0,618.0,617.0,620.0,618.0,622.0,621.0,619.0,620.0,614.0,619.0,615.0,615.0,617.0,618.0,626.0,621.0,613.0,625.0,623.0,616.0,623.0,621.0,617.0,624.0,623.0,616.0,621.0,624.0,611.0,629.0,625.0,622.0,618.0,619.0,619.0,617.0,631.0,625.0,630.0,626.0,614.0,622.0,627.0,622.0,623.0,621.0,631.0,624.0,624.0,629.0,630.0,620.0,624.0,620.0,619.0,611.0,630.0,614.0,627.0,630.0,622.0,633.0,628.0,628.0,629.0,629.0,623.0,622.0,626.0,631.0,619.0,626.0,628.0,625.0,619.0,625.0,629.0,631.0,638.0,623.0,631.0,624.0,834.0,639.0,628.0,631.0,628.0,629.0,635.0,624.0,631.0,633.0,626.0,643.0,633.0,622.0,634.0,634.0,629.0,628.0,625.0,631.0,630.0,624.0,629.0,623.0,619.0,623.0,628.0,628.0,626.0,636.0,632.0,631.0,630.0,632.0,625.0,636.0,636.0,625.0,637.0,627.0,636.0,627.0,631.0,637.0,632.0,636.0,628.0,624.0,622.0,637.0,628.0,639.0,631.0,631.0,630.0,631.0,629.0,618.0,629.0,626.0,624.0,631.0,626.0,625.0,627.0,630.0,628.0,635.0,624.0,647.0,631.0,627.0,637.0,630.0,634.0,630.0,629.0,635.0,630.0,631.0,629.0,626.0,640.0,638.0,638.0,636.0,637.0,637.0,636.0,640.0,635.0,637.0,634.0,645.0,631.0,639.0,633.0,638.0,632.0,630.0,640.0,630.0,629.0,632.0,630.0,639.0,629.0,628.0,634.0,632.0,635.0,631.0,633.0,631.0,630.0,633.0,626.0,626.0,623.0,634.0,633.0,635.0,634.0,641.0,633.0,645.0,639.0,629.0,635.0,633.0,629.0,633.0,624.0,627.0,624.0,629.0,624.0,631.0,623.0,628.0,630.0,634.0,636.0,623.0,617.0,633.0,625.0,628.0,629.0,626.0,636.0,636.0,628.0,646.0,635.0,637.0,629.0,637.0,632.0,636.0,627.0,635,632.0,630.0,619.0,634.0,625.0,629.0,625.0,632.0,630.0,626.0,633.0,628.0,635.0,630.0,636.0,635.0,638.0,627.0,644.0,632.0,632.0,620.0,635.0,624.0,632.0,621.0,622.0,623.0,623.0,624.0,628.0,627.0,624.0,621.0,619.0,622.0,623.0,618.0,620.0,629.0,615.0,624.0,623.0,634.0,622.0,627.0,626.0,620.0,625.0,621.0,619.0,620.0,628.0,625.0,619.0,624.0,620.0,626.0,615.0,623.0,619.0,621.0,619.0,622.0,615.0,623.0,623.0,622.0,627.0,619.0,609.0,635.0,619.0,622.0,621.0,620.0,626.0,625.0,625.0,624.0,623.0,624.0,621.0,623.0,621.0,620.0,630.0,627.0,631.0,626.0,620.0,611.0,622.0,617.0,621.0,622.0,622.0,623.0,617.0,621.0,612.0,619.0,622.0,618.0
656.0,648.0,663.0,665.0,650.0,656.0,657.0,660.0,656.0,649.0,650.0,656.0,656.0,647.0,655.0,647.0,665.0,681.0,670.0,655.0,650.0,648.0,652.0,648.0,652.0,661.0,657.0,649.0,653.0,666.0,640.0,654.0,649.0,647.0,651.0,647.0,658.0,644.0,645.0,649.0,643.0,653.0,646.0,651.0,645.0,644.0,641.0,650.0,645.0,651.0,643.0,645.0,645.0,649.0,648.0,650.0,643.0,645.0,657.0,646.0,647.0,653.0,656.0,647.0,654.0,653.0,651.0,648.0,652.0,647.0,659.0,656.0,653.0,639.0,654.0,654.0,659.0,666.0,659.0,656.0,665.0,658.0,661.0,656.0,659.0,663.0,665.0,668.0,652.0,661.0,661.0,668.0,668.0,660.0,653.0,666.0,648.0,669.0,656.0,658.0,666.0,657.0,663.0,671.0,665.0,666.0,660.0,660.0,664.0,670.0,667.0,661.0,671.0,661.0,666.0,659.0,662.0,671.0,675.0,668.0,661.0,676.0,668.0,678.0,665.0,665.0,679.0,675.0,671.0,669.0,670.0,670.0,672.0,666.0,666.0,679.0,674.0,690.0,673.0,664.0,663.0,669.0,675.0,670.0,676.0,671.0,676.0,673.0,668.0,669.0,673.0,665.0,671.0,679.0,676.0,673.0,683.0,670.0,680.0,681.0,677.0,673.0,671.0,678.0,670.0,675.0,676.0,675.0,671.0,672.0,674.0,673.0,675.0,676.0,676.0,672.0,673.0,668.0,679.0,672.0,671.0,665.0,666.0,653.0,660.0,660.0,672.0,668.0,670.0,673.0,669.0,661.0,688.0,669.0,678.0,684.0,679.0,675.0,683.0,677.0,682.0,682.0,673.0,685.0,673.0,686.0,675.0,675.0,679.0,686.0,696.0,692.0,683.0,673.0,691.0,678.0,687.0,690.0,684.0,681.0,686.0,683.0,684.0,679.0,673.0,682.0,675.0,678.0,678.0,671.0,680.0,676.0,677.0,668.0,677.0,670.0,664.0,674.0,672.0,663.0,670.0,669.0,674.0,672.0,696.0,682.0,680.0,686.0,694.0,688.0,683.0,672.0,670.0,668.0,670.0,671.0,665.0,665.0,657.0,664.0,666.0,664.0,667.0,667.0,673.0,673.0,664.0,664.0,671.0,645.0,665.0,666.0,646.0,668.0,674.0,664.0,686.0,675.0,682.0,675.0,674.0,664.0,674.0,662.0,658,666.0,662.0,674.0,663.0,667.0,664.0,663.0,667.0,672.0,674.0,671.0,668.0,676.0,670.0,681.0,681.0,675.0,666.0,670.0,677.0,665.0,658.0,674.0,659.0,652.0,658.0,659.0,659.0,647.0,655.0,655.0,649.0,646.0,656.0,643.0,653.0,650.0,649.0,653.0,657.0,652.0,658.0,664.0,653.0,654.0,663.0,654.0,649.0,642.0,645.0,650.0,640.0,648.0,647.0,645.0,638.0,650.0,645.0,639.0,653.0,647.0,643.0,649.0,644.0,653.0,638.0,658.0,643.0,649.0,639.0,645.0,657.0,653.0,646.0,648.0,643.0,644.0,643.0,643.0,659.0,643.0,657.0,649.0,649.0,651.0,662.0,656.0,643.0,648.0,653.0,651.0,642.0,651.0,642.0,653.0,652.0,636.0,652.0,645.0,644.0,650.0,647.0,650.0,652.0
653.0,666.0,665.0,655.0,655.0,660.0,661.0,657.0,664.0,661.0,662.0,650.0,667.0,646.0,658.0,653.0,671.0,681.0,660.0,661.0,659.0,666.0,667.0,655.0,646.0,666.0,664.0,658.0,652.0,660.0,664.0,658.0,661.0,659.0,658.0,654.0,663.0,650.0,650.0,655.0,652.0,651.0,646.0,661.0,639.0,653.0,648.0,653.0,646.0,653.0,651.0,646.0,648.0,668.0,662.0,661.0,660.0,650.0,659.0,651.0,655.0,662.0,653.0,653.0,646.0,654.0,648.0,653.0,650.0,650.0,664.0,653.0,660.0,652.0,664.0,665.0,676.0,687.0,675.0,665.0,665.0,672.0,665.0,675.0,670.0,672.0,664.0,880.0,881.0,684.0,650.0,664.0,669.0,680.0,671.0,679.0,658.0,677.0,663.0,683.0,666.0,669.0,661.0,666.0,682.0,675.0,695.0,684.0,673.0,689.0,667.0,672.0,675.0,679.0,669.0,681.0,681.0,676.0,671.0,669.0,669.0,698.0,673.0,680.0,682.0,685.0,694.0,684.0,673.0,683.0,697.0,691.0,688.0,672.0,693.0,676.0,699.0,692.0,695.0,684.0,688.0,691.0,685.0,692.0,685.0,698.0,682.0,696.0,678.0,662.0,685.0,679.0,706.0,679.0,687.0,678.0,699.0,677.0,694.0,703.0,683.0,698.0,680.0,683.0,684.0,686.0,692.0,707.0,696.0,696.0,683.0,695.0,698.0,686.0,710.0,704.0,697.0,705.0,687.0,682.0,671.0,678.0,685.0,674.0,676.0,682.0,671.0,693.0,687.0,680.0,684.0,691.0,684.0,690.0,681.0,693.0,679.0,689.0,680.0,690.0,687.0,680.0,689.0,685.0,677.0,694.0,698.0,699.0,697.0,692.0,696.0,699.0,693.0,707.0,688.0,694.0,695.0,686.0,700.0,694.0,694.0,694.0,687.0,698.0,691.0,699.0,680.0,691.0,686.0,680.0,682.0,691.0,673.0,696.0,680.0,682.0,673.0,679.0,676.0,677.0,690.0,683.0,688.0,688.0,691.0,693.0,691.0,700.0,706.0,687.0,690.0,693.0,683.0,682.0,676.0,682.0,686.0,678.0,682.0,674.0,676.0,689.0,685.0,703.0,688.0,688.0,674.0,689.0,687.0,668.0,680.0,677.0,673.0,684.0,693.0,676.0,707.0,678.0,697.0,693.0,685.0,682.0,677.0,678.0,679,672.0,685.0,682.0,673.0,669.0,673.0,670.0,673.0,666.0,681.0,688.0,671.0,691.0,681.0,675.0,692.0,683.0,678.0,679.0,681.0,666.0,665.0,679.0,657.0,675.0,665.0,662.0,656.0,654.0,672.0,663.0,668.0,662.0,668.0,656.0,668.0,666.0,661.0,658.0,661.0,658.0,669.0,671.0,666.0,661.0,643.0,661.0,662.0,649.0,667.0,652.0,647.0,655.0,645.0,658.0,654.0,658.0,644.0,646.0,661.0,653.0,662.0,663.0,650.0,650.0,649.0,669.0,645.0,654.0,661.0,648.0,662.0,661.0,659.0,650.0,656.0,650.0,644.0,663.0,649.0,645.0,651.0,651.0,650.0,654.0,664.0,654.0,647.0,652.0,663.0,654.0,653.0,653.0,648.0,670.0,653.0,652.0,662.0,658.0,638.0,649.0,651.0,648.0,655.0
647.0,649.0,657.0,655.0,648.0,659.0,656.0,657.0,648.0,647.0,650.0,660.0,653.0,641.0,656.0,647.0,666.0,677.0,664.0,648.0,651.0,655.0,653.0,652.0,657.0,648.0,656.0,648.0,652.0,656.0,658.0,652.0,648.0,654.0,659.0,650.0,647.0,649.0,655.0,653.0,646.0,648.0,650.0,653.0,643.0,652.0,642.0,645.0,647.0,643.0,648.0,645.0,648.0,648.0,645.0,651.0,649.0,644.0,655.0,642.0,658.0,650.0,651.0,659.0,661.0,656.0,647.0,646.0,649.0,639.0,652.0,649.0,658.0,661.0,654.0,653.0,657.0,660.0,668.0,661.0,659.0,657.0,657.0,659.0,660.0,661.0,668.0,660.0,659.0,661.0,664.0,662.0,670.0,664.0,671.0,664.0,661.0,680.0,659.0,669.0,665.0,661.0,661.0,674.0,667.0,669.0,665.0,665.0,666.0,665.0,660.0,668.0,665.0,668.0,669.0,658.0,668.0,679.0,678.0,677.0,671.0,681.0,674.0,678.0,666.0,678.0,673.0,677.0,676.0,673.0,674.0,677.0,680.0,676.0,676.0,678.0,680.0,690.0,697.0,680.0,676.0,674.0,687.0,669.0,677.0,680.0,672.0,665.0,670.0,671.0,673.0,678.0,685.0,674.0,675.0,679.0,682.0,668.0,686.0,682.0,681.0,683.0,685.0,681.0,684.0,683.0,688.0,680.0,683.0,682.0,679.0,678.0,682.0,679.0,685.0,678.0,688.0,684.0,679.0,667.0,669.0,664.0,669.0,682.0,672.0,669.0,670.0,682.0,675.0,681.0,675.0,670.0,689.0,675.0,681.0,689.0,671.0,688.0,682.0,681.0,675.0,677.0,683.0,677.0,669.0,690.0,682.0,679.0,691.0,686.0,684.0,697.0,708.0,684.0,685.0,691.0,690.0,687.0,690.0,691.0,686.0,686.0,684.0,674.0,673.0,678.0,678.0,674.0,675.0,679.0,677.0,682.0,676.0,676.0,676.0,680.0,680.0,675.0,668.0,678.0,669.0,671.0,675.0,675.0,679.0,687.0,684.0,689.0,698.0,676.0,674.0,667.0,679.0,664.0,673.0,671.0,674.0,655.0,666.0,655.0,665.0,668.0,671.0,672.0,685.0,671.0,662.0,665.0,671.0,659.0,668.0,665.0,649.0,676.0,674.0,666.0,683.0,673.0,679.0,680.0,671.0,671.0,666.0,666.0,657,678.0,668.0,669.0,677.0,672.0,670.0,671.0,670.0,666.0,665.0,681.0,672.0,679.0,683.0,679.0,673.0,676.0,674.0,673.0,669.0,665.0,660.0,665.0,660.0,657.0,665.0,656.0,660.0,647.0,657.0,660.0,656.0,652.0,654.0,655.0,658.0,656.0,653.0,660.0,652.0,650.0,651.0,653.0,663.0,658.0,650.0,652.0,656.0,645.0,646.0,647.0,645.0,649.0,654.0,650.0,647.0,654.0,649.0,642.0,648.0,646.0,651.0,646.0,644.0,642.0,641.0,648.0,651.0,653.0,647.0,645.0,655.0,651.0,640.0,653.0,646.0,652.0,653.0,644.0,651.0,641.0,646.0,649.0,657.0,652.0,651.0,652.0,653.0,643.0,650.0,650.0,651.0,650.0,648.0,646.0,643.0,633.0,653.0,650.0,651.0,651.0,653.0,647.0,643.0
642.0,641.0,646.0,640.0,640.0,639.0,640.0,638.0,637.0,647.0,641.0,637.0,637.0,635.0,636.0,641.0,638.0,655.0,653.0,644.0,640.0,638.0,648.0,633.0,639.0,645.0,643.0,645.0,631.0,641.0,644.0,637.0,639.0,643.0,640.0,633.0,635.0,633.0,637.0,639.0,632.0,637.0,627.0,638.0,639.0,630.0,636.0,634.0,641.0,629.0,639.0,625.0,635.0,629.0,626.0,639.0,630.0,629.0,635.0,641.0,631.0,639.0,639.0,635.0,640.0,637.0,636.0,639.0,636.0,627.0,647.0,637.0,641.0,637.0,638.0,635.0,645.0,648.0,636.0,638.0,634.0,637.0,645.0,641.0,645.0,640.0,645.0,653.0,643.0,642.0,638.0,643.0,647.0,646.0,643.0,642.0,631.0,653.0,647.0,660.0,644.0,645.0,649.0,650.0,650.0,643.0,644.0,646.0,647.0,649.0,648.0,646.0,650.0,646.0,650.0,646.0,649.0,652.0,650.0,656.0,650.0,654.0,647.0,653.0,646.0,656.0,659.0,657.0,654.0,656.0,649.0,655.0,652.0,644.0,650.0,654.0,640.0,662.0,658.0,644.0,655.0,644.0,662.0,645.0,645.0,654.0,655.0,645.0,652.0,662.0,653.0,640.0,652.0,650.0,651.0,653.0,661.0,656.0,657.0,655.0,656.0,656.0,655.0,657.0,660.0,654.0,657.0,651.0,664.0,656.0,658.0,655.0,653.0,643.0,657.0,664.0,667.0,653.0,656.0,649.0,647.0,649.0,656.0,657.0,654.0,650.0,653.0,657.0,654.0,653.0,654.0,655.0,662.0,659.0,654.0,661.0,659.0,666.0,651.0,660.0,658.0,655.0,663.0,659.0,655.0,660.0,659.0,652.0,671.0,660.0,667.0,659.0,665.0,673.0,663.0,658.0,662.0,674.0,665.0,657.0,670.0,657.0,657.0,659.0,649.0,662.0,651.0,652.0,659.0,654.0,654.0,652.0,660.0,655.0,663.0,656.0,648.0,653.0,652.0,653.0,653.0,654.0,652.0,665.0,666.0,662.0,660.0,659.0,672.0,670.0,661.0,652.0,663.0,650.0,643.0,646.0,653.0,643.0,643.0,644.0,656.0,649.0,657.0,657.0,650.0,658.0,648.0,644.0,651.0,639.0,656.0,651.0,637.0,646.0,658.0,648.0,657.0,658.0,652.0,651.0,650.0,658.0,642.0,651.0,657,656.0,657.0,652.0,648.0,647.0,648.0,645.0,646.0,663.0,654.0,658.0,646.0,657.0,650.0,655.0,646.0,663.0,655.0,656.0,655.0,650.0,633.0,651.0,633.0,650.0,636.0,639.0,639.0,638.0,646.0,644.0,647.0,633.0,642.0,636.0,647.0,642.0,640.0,638.0,637.0,636.0,641.0,639.0,638.0,643.0,636.0,633.0,638.0,640.0,634.0,637.0,630.0,640.0,639.0,638.0,635.0,627.0,633.0,636.0,641.0,625.0,639.0,625.0,620.0,631.0,635.0,639.0,631.0,636.0,633.0,627.0,645.0,632.0,630.0,639.0,646.0,634.0,637.0,639.0,627.0,642.0,626.0,640.0,637.0,637.0,640.0,640.0,640.0,635.0,633.0,643.0,635.0,645.0,631.0,640.0,633.0,632.0,639.0,637.0,629.0,640.0,636.0,634.0,634.0
647.0,647.0,641.0,634.0,640.0,637.0,642.0,641.0,636.0,636.0,644.0,644.0,634.0,633.0,643.0,641.0,640.0,673.0,655.0,630.0,643.0,643.0,640.0,646.0,636.0,627.0,644.0,627.0,633.0,634.0,637.0,632.0,637.0,636.0,639.0,632.0,621.0,632.0,642.0,630.0,636.0,635.0,633.0,632.0,623.0,636.0,634.0,634.0,625.0,628.0,636.0,628.0,634.0,624.0,629.0,637.0,629.0,630.0,635.0,632.0,630.0,629.0,644.0,637.0,634.0,631.0,625.0,636.0,632.0,630.0,650.0,636.0,634.0,645.0,643.0,629.0,638.0,647.0,637.0,636.0,637.0,639.0,629.0,645.0,638.0,639.0,638.0,643.0,639.0,646.0,632.0,648.0,631.0,652.0,638.0,647.0,636.0,643.0,632.0,640.0,640.0,634.0,642.0,640.0,638.0,639.0,632.0,638.0,645.0,635.0,640.0,639.0,646.0,639.0,643.0,634.0,647.0,656.0,656.0,642.0,638.0,647.0,654.0,647.0,647.0,645.0,644.0,635.0,650.0,643.0,648.0,642.0,651.0,638.0,651.0,646.0,653.0,646.0,641.0,648.0,641.0,641.0,650.0,645.0,643.0,647.0,643.0,640.0,639.0,652.0,654.0,641.0,648.0,637.0,639.0,638.0,659.0,644.0,647.0,652.0,651.0,646.0,655.0,646.0,654.0,651.0,659.0,643.0,649.0,642.0,647.0,648.0,641.0,647.0,636.0,651.0,643.0,640.0,654.0,645.0,643.0,639.0,650.0,643.0,646.0,646.0,639.0,642.0,646.0,642.0,656.0,649.0,646.0,646.0,648.0,658.0,645.0,657.0,654.0,664.0,666.0,643.0,641.0,647.0,647.0,659.0,639.0,647.0,658.0,653.0,662.0,650.0,653.0,674.0,659.0,654.0,647.0,659.0,654.0,669.0,654.0,647.0,660.0,654.0,635.0,657.0,632.0,660.0,646.0,656.0,650.0,661.0,648.0,640.0,643.0,649.0,645.0,653.0,646.0,638.0,646.0,654.0,654.0,640.0,654.0,661.0,646.0,645.0,665.0,657.0,653.0,646.0,656.0,641.0,652.0,642.0,635.0,644.0,641.0,635.0,646.0,648.0,652.0,643.0,661.0,649.0,648.0,630.0,648.0,632.0,638.0,638.0,642.0,647.0,646.0,647.0,659.0,655.0,657.0,651.0,644.0,652.0,645.0,640.0,637,645.0,640.0,640.0,650.0,654.0,639.0,649.0,640.0,648.0,642.0,646.0,645.0,654.0,644.0,655.0,643.0,653.0,648.0,655.0,644.0,652.0,639.0,655.0,649.0,638.0,635.0,635.0,636.0,642.0,638.0,640.0,637.0,626.0,633.0,632.0,635.0,635.0,635.0,635.0,641.0,645.0,633.0,629.0,643.0,643.0,640.0,632.0,639.0,645.0,638.0,641.0,632.0,637.0,639.0,635.0,633.0,631.0,630.0,629.0,632.0,637.0,644.0,630.0,623.0,632.0,633.0,631.0,633.0,643.0,639.0,636.0,633.0,629.0,632.0,639.0,639.0,632.0,631.0,630.0,636.0,631.0,652.0,635.0,637.0,643.0,633.0,641.0,643.0,639.0,633.0,644.0,637.0,631.0,630.0,642.0,635.0,632.0,630.0,646.0,625.0,631.0,633.0,632.0,625.0
647.0,649.0,657.0,656.0,654.0,651.0,650.0,653.0,655.0,640.0,658.0,651.0,655.0,645.0,651.0,651.0,656.0,682.0,665.0,643.0,655.0,657.0,658.0,648.0,650.0,653.0,646.0,651.0,651.0,653.0,648.0,641.0,649.0,645.0,641.0,647.0,642.0,643.0,646.0,645.0,641.0,646.0,644.0,650.0,651.0,647.0,640.0,649.0,648.0,630.0,648.0,644.0,641.0,644.0,641.0,647.0,645.0,640.0,652.0,649.0,645.0,653.0,642.0,645.0,647.0,646.0,639.0,641.0,645.0,640.0,659.0,655.0,662.0,647.0,649.0,645.0,652.0,655.0,654.0,654.0,654.0,652.0,660.0,658.0,652.0,654.0,659.0,658.0,654.0,656.0,652.0,660.0,664.0,658.0,654.0,663.0,649.0,664.0,650.0,653.0,658.0,656.0,659.0,668.0,668.0,672.0,664.0,658.0,663.0,662.0,661.0,660.0,669.0,666.0,658.0,654.0,662.0,669.0,665.0,661.0,658.0,664.0,659.0,668.0,670.0,666.0,667.0,660.0,672.0,667.0,663.0,684.0,669.0,655.0,669.0,660.0,667.0,678.0,673.0,657.0,661.0,663.0,668.0,665.0,660.0,671.0,667.0,661.0,671.0,664.0,666.0,661.0,671.0,666.0,669.0,671.0,682.0,658.0,668.0,670.0,670.0,675.0,671.0,674.0,667.0,664.0,676.0,671.0,672.0,664.0,676.0,676.0,665.0,667.0,665.0,681.0,671.0,673.0,671.0,671.0,668.0,667.0,662.0,659.0,670.0,659.0,665.0,672.0,668.0,670.0,669.0,660.0,683.0,676.0,661.0,675.0,673.0,679.0,669.0,666.0,673.0,674.0,667.0,668.0,673.0,667.0,677.0,675.0,688.0,671.0,682.0,689.0,682.0,682.0,680.0,680.0,671.0,685.0,685.0,682.0,674.0,673.0,672.0,683.0,674.0,669.0,671.0,671.0,669.0,672.0,667.0,666.0,670.0,669.0,667.0,664.0,657.0,669.0,674.0,673.0,669.0,662.0,668.0,661.0,678.0,674.0,680.0,676.0,691.0,676.0,672.0,665.0,661.0,663.0,661.0,659.0,662.0,656.0,661.0,661.0,657.0,650.0,660.0,664.0,673.0,665.0,659.0,651.0,661.0,661.0,666.0,657.0,656.0,663.0,666.0,658.0,680.0,670.0,674.0,669.0,670.0,671.0,659.0,659.0,671,666.0,654.0,672.0,658.0,660.0,671.0,662.0,656.0,664.0,663.0,665.0,666.0,674.0,666.0,679.0,669.0,681.0,667.0,669.0,662.0,670.0,655.0,665.0,656.0,648.0,649.0,649.0,644.0,651.0,646.0,650.0,644.0,643.0,639.0,637.0,648.0,648.0,653.0,642.0,650.0,647.0,656.0,643.0,649.0,637.0,650.0,644.0,646.0,649.0,642.0,640.0,649.0,646.0,641.0,638.0,641.0,637.0,635.0,642.0,643.0,643.0,644.0,635.0,636.0,644.0,646.0,641.0,639.0,642.0,645.0,644.0,641.0,643.0,640.0,640.0,637.0,648.0,645.0,647.0,646.0,642.0,643.0,642.0,648.0,647.0,654.0,654.0,642.0,639.0,644.0,645.0,646.0,644.0,643.0,640.0,636.0,639.0,643.0,638.0,635.0,640.0,633.0,639.0,644.0
645.0,642.0,637.0,640.0,639.0,642.0,639.0,640.0,629.0,635.0,638.0,641.0,641.0,630.0,644.0,638.0,641.0,660.0,644.0,633.0,639.0,641.0,637.0,632.0,634.0,644.0,653.0,631.0,633.0,640.0,642.0,629.0,633.0,646.0,636.0,645.0,630.0,636.0,644.0,639.0,640.0,639.0,627.0,629.0,630.0,632.0,634.0,634.0,641.0,636.0,628.0,637.0,629.0,630.0,636.0,642.0,629.0,635.0,634.0,639.0,630.0,641.0,635.0,638.0,633.0,640.0,638.0,645.0,648.0,632.0,640.0,639.0,640.0,639.0,643.0,647.0,641.0,646.0,648.0,650.0,633.0,638.0,644.0,638.0,645.0,641.0,650.0,650.0,639.0,646.0,644.0,640.0,644.0,650.0,648.0,651.0,634.0,657.0,641.0,660.0,652.0,651.0,641.0,647.0,646.0,666.0,651.0,649.0,649.0,655.0,642.0,653.0,654.0,653.0,653.0,634.0,646.0,659.0,646.0,650.0,646.0,661.0,649.0,665.0,653.0,661.0,654.0,666.0,656.0,655.0,649.0,662.0,659.0,647.0,650.0,658.0,649.0,658.0,662.0,651.0,649.0,651.0,665.0,649.0,650.0,653.0,659.0,650.0,653.0,651.0,657.0,641.0,661.0,658.0,660.0,650.0,653.0,648.0,667.0,655.0,661.0,645.0,659.0,663.0,659.0,664.0,661.0,661.0,667.0,657.0,657.0,659.0,661.0,670.0,662.0,658.0,657.0,650.0,648.0,656.0,654.0,650.0,647.0,651.0,654.0,644.0,649.0,652.0,647.0,651.0,656.0,656.0,661.0,658.0,659.0,656.0,656.0,667.0,661.0,668.0,664.0,654.0,654.0,661.0,644.0,658.0,660.0,655.0,684.0,659.0,668.0,662.0,671.0,670.0,665.0,666.0,677.0,660.0,670.0,661.0,668.0,654.0,661.0,662.0,654.0,652.0,658.0,649.0,641.0,650.0,668.0,656.0,653.0,666.0,660.0,652.0,648.0,664.0,667.0,650.0,662.0,657.0,663.0,651.0,662.0,656.0,664.0,665.0,665.0,662.0,663.0,653.0,665.0,655.0,649.0,659.0,649.0,640.0,653.0,645.0,654.0,655.0,658.0,661.0,664.0,658.0,651.0,645.0,658.0,643.0,655.0,642.0,636.0,651.0,655.0,646.0,660.0,661.0,653.0,666.0,663.0,657.0,649.0,656.0,663,659.0,652.0,647.0,652.0,655.0,654.0,652.0,645.0,652.0,657.0,656.0,647.0,657.0,663.0,655.0,657.0,657.0,645.0,654.0,661.0,646.0,654.0,650.0,641.0,645.0,640.0,646.0,645.0,633.0,650.0,648.0,643.0,638.0,642.0,641.0,647.0,641.0,638.0,642.0,638.0,635.0,641.0,641.0,648.0,633.0,637.0,638.0,628.0,635.0,648.0,645.0,640.0,645.0,635.0,626.0,640.0,642.0,634.0,641.0,639.0,633.0,638.0,633.0,626.0,640.0,644.0,640.0,632.0,635.0,634.0,629.0,640.0,634.0,635.0,640.0,645.0,634.0,638.0,641.0,635.0,634.0,645.0,639.0,643.0,638.0,644.0,632.0,651.0,637.0,638.0,644.0,641.0,630.0,632.0,648.0,634.0,638.0,642.0,636.0,629.0,634.0,642.0,642.0,639.0
646.0,655.0,638.0,643.0,650.0,641.0,643.0,639.0,637.0,637.0,644.0,645.0,647.0,639.0,644.0,637.0,648.0,653.0,659.0,636.0,638.0,642.0,636.0,637.0,633.0,638.0,639.0,637.0,636.0,651.0,638.0,638.0,638.0,643.0,636.0,642.0,634.0,633.0,637.0,648.0,641.0,636.0,644.0,633.0,634.0,634.0,634.0,634.0,635.0,637.0,639.0,644.0,624.0,636.0,639.0,633.0,632.0,636.0,641.0,637.0,630.0,647.0,645.0,639.0,642.0,637.0,631.0,631.0,635.0,641.0,651.0,648.0,641.0,643.0,645.0,642.0,640.0,658.0,655.0,646.0,639.0,646.0,647.0,640.0,641.0,644.0,653.0,657.0,635.0,636.0,640.0,649.0,649.0,650.0,639.0,645.0,642.0,648.0,644.0,651.0,647.0,634.0,646.0,654.0,643.0,646.0,652.0,653.0,652.0,647.0,658.0,645.0,655.0,646.0,659.0,647.0,653.0,647.0,658.0,657.0,650.0,657.0,646.0,650.0,654.0,643.0,662.0,650.0,659.0,652.0,650.0,661.0,646.0,646.0,657.0,657.0,665.0,666.0,668.0,661.0,656.0,658.0,661.0,664.0,653.0,653.0,656.0,656.0,660.0,645.0,662.0,646.0,655.0,654.0,657.0,649.0,666.0,662.0,657.0,653.0,658.0,661.0,661.0,654.0,651.0,658.0,659.0,657.0,657.0,648.0,656.0,651.0,660.0,652.0,657.0,659.0,658.0,655.0,660.0,657.0,651.0,663.0,650.0,642.0,648.0,648.0,655.0,651.0,648.0,661.0,656.0,650.0,674.0,673.0,648.0,669.0,662.0,666.0,656.0,670.0,664.0,652.0,659.0,653.0,656.0,657.0,659.0,653.0,668.0,658.0,660.0,658.0,667.0,667.0,664.0,669.0,656.0,672.0,661.0,671.0,664.0,661.0,664.0,656.0,661.0,651.0,660.0,655.0,656.0,652.0,664.0,662.0,662.0,663.0,654.0,652.0,657.0,649.0,658.0,657.0,656.0,657.0,647.0,654.0,656.0,665.0,664.0,667.0,663.0,662.0,662.0,647.0,658.0,662.0,653.0,656.0,659.0,647.0,652.0,648.0,651.0,643.0,647.0,644.0,653.0,650.0,647.0,643.0,651.0,638.0,657.0,643.0,651.0,658.0,654.0,650.0,662.0,656.0,655.0,667.0,657.0,662.0,660.0,641.0,657,649.0,650.0,653.0,647.0,652.0,652.0,648.0,651.0,648.0,658.0,666.0,639.0,657.0,655.0,652.0,650.0,666.0,657.0,653.0,657.0,659.0,640.0,653.0,640.0,648.0,654.0,648.0,645.0,636.0,652.0,637.0,644.0,644.0,640.0,635.0,640.0,640.0,637.0,647.0,654.0,647.0,633.0,646.0,647.0,639.0,642.0,642.0,638.0,634.0,641.0,634.0,646.0,638.0,644.0,640.0,641.0,643.0,635.0,629.0,639.0,636.0,638.0,642.0,633.0,635.0,641.0,638.0,634.0,641.0,639.0,632.0,648.0,634.0,633.0,641.0,630.0,644.0,639.0,643.0,640.0,642.0,642.0,641.0,642.0,634.0,649.0,636.0,643.0,637.0,642.0,646.0,641.0,645.0,639.0,641.0,641.0,635.0,645.0,652.0,640.0,641.0,639.0,639.0,644.0
658.0,663.0,654.0,661.0,667.0,666.0,662.0,663.0,658.0,639.0,656.0,652.0,652.0,653.0,650.0,657.0,655.0,672.0,666.0,652.0,648.0,666.0,658.0,656.0,650.0,649.0,655.0,653.0,657.0,655.0,655.0,653.0,668.0,649.0,658.0,657.0,659.0,642.0,653.0,658.0,658.0,645.0,642.0,656.0,647.0,640.0,649.0,653.0,657.0,651.0,650.0,642.0,661.0,648.0,646.0,651.0,661.0,647.0,657.0,661.0,650.0,648.0,656.0,652.0,649.0,655.0,656.0,645.0,660.0,646.0,661.0,655.0,658.0,670.0,660.0,663.0,654.0,675.0,670.0,653.0,662.0,662.0,658.0,662.0,665.0,660.0,677.0,684.0,672.0,663.0,664.0,669.0,661.0,668.0,670.0,667.0,654.0,680.0,660.0,659.0,670.0,665.0,676.0,674.0,664.0,678.0,691.0,667.0,665.0,684.0,672.0,677.0,665.0,671.0,667.0,660.0,663.0,685.0,675.0,684.0,679.0,675.0,682.0,681.0,674.0,686.0,689.0,690.0,675.0,677.0,675.0,689.0,667.0,677.0,683.0,684.0,676.0,693.0,682.0,682.0,687.0,680.0,685.0,684.0,681.0,680.0,689.0,683.0,680.0,677.0,677.0,668.0,684.0,679.0,684.0,664.0,682.0,676.0,690.0,698.0,685.0,687.0,682.0,679.0,704.0,684.0,698.0,685.0,696.0,683.0,691.0,686.0,694.0,698.0,704.0,700.0,698.0,687.0,690.0,677.0,671.0,665.0,682.0,678.0,694.0,665.0,673.0,677.0,689.0,679.0,680.0,681.0,690.0,677.0,677.0,687.0,678.0,678.0,691.0,690.0,684.0,682.0,690.0,690.0,676.0,683.0,679.0,685.0,696.0,678.0,698.0,692.0,700.0,689.0,687.0,690.0,692.0,690.0,693.0,688.0,688.0,694.0,678.0,687.0,689.0,680.0,678.0,685.0,683.0,691.0,691.0,680.0,687.0,691.0,689.0,684.0,686.0,686.0,681.0,687.0,677.0,682.0,681.0,694.0,683.0,696.0,693.0,685.0,692.0,699.0,691.0,686.0,685.0,669.0,681.0,685.0,674.0,674.0,683.0,686.0,673.0,668.0,690.0,701.0,699.0,684.0,687.0,675.0,687.0,663.0,681.0,684.0,671.0,682.0,698.0,673.0,703.0,687.0,688.0,685.0,700.0,684.0,684.0,674.0,681,676.0,684.0,684.0,676.0,675.0,683.0,671.0,676.0,686.0,682.0,697.0,674.0,691.0,673.0,677.0,694.0,684.0,665.0,680.0,680.0,683.0,658.0,695.0,673.0,672.0,660.0,662.0,668.0,659.0,673.0,672.0,673.0,657.0,661.0,662.0,679.0,670.0,666.0,657.0,666.0,659.0,667.0,670.0,669.0,662.0,664.0,668.0,671.0,665.0,663.0,669.0,658.0,673.0,662.0,651.0,669.0,665.0,663.0,668.0,670.0,669.0,656.0,670.0,661.0,664.0,681.0,669.0,679.0,663.0,663.0,663.0,674.0,672.0,664.0,669.0,662.0,662.0,675.0,665.0,674.0,665.0,666.0,670.0,671.0,671.0,683.0,675.0,670.0,671.0,685.0,667.0,666.0,676.0,663.0,683.0,676.0,675.0,676.0,678.0,666.0,668.0,679.0,680.0,672.0
649.0,644.0,639.0,651.0,656.0,650.0,649.0,645.0,642.0,637.0,649.0,638.0,641.0,644.0,651.0,641.0,654.0,670.0,664.0,643.0,635.0,643.0,649.0,641.0,640.0,643.0,656.0,647.0,643.0,641.0,642.0,644.0,649.0,645.0,646.0,639.0,654.0,636.0,645.0,636.0,642.0,635.0,634.0,641.0,637.0,643.0,642.0,642.0,638.0,639.0,642.0,640.0,641.0,636.0,646.0,642.0,642.0,636.0,650.0,639.0,635.0,650.0,639.0,638.0,637.0,637.0,652.0,637.0,651.0,631.0,647.0,647.0,655.0,660.0,1433.0,1416.0,659.0,653.0,655.0,646.0,653.0,645.0,644.0,646.0,645.0,657.0,656.0,659.0,650.0,654.0,656.0,656.0,658.0,657.0,654.0,651.0,644.0,662.0,646.0,656.0,661.0,653.0,654.0,666.0,664.0,653.0,662.0,656.0,653.0,667.0,658.0,654.0,655.0,652.0,655.0,650.0,667.0,670.0,669.0,667.0,653.0,655.0,664.0,659.0,658.0,657.0,654.0,659.0,661.0,664.0,652.0,662.0,660.0,666.0,670.0,666.0,669.0,663.0,666.0,658.0,657.0,654.0,660.0,666.0,662.0,660.0,667.0,660.0,664.0,664.0,663.0,653.0,668.0,674.0,663.0,655.0,659.0,670.0,665.0,669.0,663.0,676.0,663.0,663.0,668.0,668.0,669.0,668.0,669.0,662.0,673.0,659.0,674.0,669.0,668.0,670.0,657.0,680.0,666.0,660.0,658.0,656.0,653.0,652.0,663.0,653.0,654.0,663.0,662.0,664.0,668.0,666.0,673.0,665.0,658.0,674.0,663.0,664.0,670.0,668.0,674.0,664.0,657.0,671.0,656.0,673.0,663.0,674.0,690.0,670.0,668.0,667.0,674.0,682.0,664.0,674.0,672.0,672.0,685.0,677.0,674.0,664.0,664.0,666.0,667.0,671.0,660.0,663.0,671.0,660.0,665.0,666.0,658.0,667.0,663.0,662.0,658.0,659.0,669.0,664.0,659.0,663.0,663.0,672.0,673.0,677.0,673.0,671.0,681.0,677.0,655.0,656.0,669.0,660.0,672.0,659.0,659.0,649.0,657.0,658.0,652.0,658.0,660.0,662.0,671.0,661.0,640.0,651.0,661.0,654.0,654.0,662.0,652.0,655.0,664.0,657.0,672.0,664.0,669.0,656.0,668.0,669.0,654.0,662.0,673,659.0,654.0,659.0,666.0,662.0,660.0,653.0,656.0,654.0,658.0,662.0,663.0,673.0,658.0,677.0,666.0,664.0,660.0,664.0,663.0,656.0,651.0,663.0,659.0,647.0,637.0,647.0,649.0,632.0,641.0,650.0,643.0,646.0,638.0,635.0,646.0,644.0,646.0,643.0,656.0,654.0,648.0,646.0,641.0,644.0,644.0,649.0,641.0,640.0,639.0,635.0,639.0,647.0,641.0,633.0,640.0,639.0,644.0,636.0,643.0,640.0,647.0,639.0,649.0,639.0,648.0,646.0,643.0,643.0,644.0,639.0,655.0,641.0,647.0,639.0,639.0,639.0,649.0,635.0,643.0,650.0,655.0,639.0,649.0,642.0,645.0,651.0,651.0,659.0,640.0,640.0,632.0,640.0,642.0,647.0,641.0,646.0,639.0,645.0,640.0,650.0,641.0,642.0,632.0
659.0,657.0,661.0,663.0,658.0,653.0,660.0,658.0,658.0,657.0,667.0,651.0,663.0,647.0,656.0,650.0,673.0,681.0,672.0,652.0,654.0,652.0,653.0,649.0,656.0,662.0,662.0,652.0,649.0,659.0,641.0,656.0,652.0,654.0,646.0,643.0,658.0,650.0,647.0,662.0,652.0,656.0,640.0,652.0,652.0,650.0,649.0,649.0,646.0,647.0,651.0,653.0,658.0,652.0,655.0,650.0,637.0,642.0,654.0,647.0,648.0,654.0,654.0,655.0,647.0,653.0,650.0,657.0,650.0,651.0,658.0,653.0,652.0,649.0,656.0,660.0,643.0,668.0,670.0,671.0,661.0,661.0,654.0,659.0,659.0,658.0,661.0,678.0,651.0,659.0,657.0,673.0,669.0,663.0,659.0,667.0,654.0,669.0,665.0,658.0,663.0,655.0,671.0,673.0,664.0,674.0,663.0,665.0,667.0,670.0,667.0,661.0,671.0,663.0,676.0,660.0,663.0,675.0,676.0,669.0,668.0,676.0,670.0,680.0,666.0,674.0,678.0,679.0,665.0,672.0,678.0,674.0,684.0,675.0,669.0,683.0,679.0,679.0,678.0,671.0,667.0,672.0,680.0,672.0,679.0,671.0,668.0,672.0,672.0,668.0,676.0,672.0,669.0,673.0,675.0,672.0,678.0,668.0,689.0,679.0,684.0,670.0,676.0,672.0,671.0,680.0,675.0,677.0,680.0,679.0,686.0,667.0,680.0,681.0,673.0,677.0,672.0,676.0,672.0,674.0,668.0,669.0,659.0,667.0,661.0,666.0,680.0,672.0,677.0,670.0,669.0,669.0,689.0,678.0,673.0,687.0,669.0,680.0,680.0,682.0,690.0,686.0,681.0,678.0,676.0,685.0,678.0,664.0,684.0,683.0,691.0,690.0,688.0,679.0,696.0,677.0,683.0,685.0,695.0,689.0,693.0,679.0,679.0,681.0,677.0,679.0,686.0,679.0,677.0,671.0,676.0,678.0,681.0,665.0,673.0,678.0,666.0,670.0,675.0,669.0,679.0,665.0,672.0,670.0,683.0,694.0,685.0,686.0,688.0,681.0,678.0,677.0,676.0,673.0,672.0,672.0,660.0,662.0,656.0,667.0,664.0,664.0,664.0,667.0,674.0,666.0,667.0,666.0,673.0,654.0,663.0,661.0,656.0,668.0,681.0,669.0,686.0,675.0,685.0,680.0,672.0,661.0,668.0,669.0,665,668.0,670.0,672.0,667.0,671.0,665.0,666.0,661.0,669.0,670.0,673.0,672.0,677.0,672.0,688.0,683.0,672.0,675.0,671.0,679.0,663.0,664.0,669.0,662.0,658.0,668.0,659.0,655.0,648.0,657.0,654.0,650.0,640.0,652.0,650.0,645.0,654.0,656.0,662.0,660.0,653.0,659.0,660.0,651.0,657.0,652.0,650.0,648.0,644.0,646.0,656.0,648.0,652.0,653.0,643.0,649.0,656.0,641.0,639.0,654.0,646.0,646.0,649.0,644.0,650.0,635.0,655.0,646.0,647.0,651.0,643.0,654.0,656.0,648.0,643.0,648.0,645.0,647.0,647.0,658.0,646.0,650.0,646.0,651.0,654.0,653.0,657.0,649.0,649.0,656.0,653.0,644.0,655.0,648.0,653.0,646.0,641.0,653.0,645.0,649.0,650.0,649.0,651.0,648.0
651.0,654.0,665.0,658.0,653.0,653.0,658.0,646.0,650.0,646.0,656.0,649.0,649.0,650.0,651.0,649.0,653.0,683.0,672.0,643.0,646.0,656.0,654.0,639.0,643.0,645.0,658.0,641.0,652.0,650.0,648.0,646.0,646.0,641.0,644.0,654.0,644.0,639.0,640.0,632.0,639.0,651.0,645.0,643.0,646.0,639.0,640.0,647.0,640.0,650.0,643.0,642.0,635.0,643.0,645.0,645.0,637.0,645.0,644.0,638.0,641.0,658.0,647.0,636.0,640.0,645.0,642.0,636.0,643.0,639.0,650.0,632.0,648.0,636.0,658.0,645.0,646.0,653.0,659.0,645.0,649.0,641.0,644.0,640.0,647.0,647.0,643.0,655.0,642.0,645.0,652.0,658.0,652.0,654.0,648.0,652.0,630.0,657.0,652.0,651.0,654.0,649.0,652.0,661.0,651.0,661.0,651.0,642.0,648.0,648.0,647.0,646.0,645.0,649.0,660.0,649.0,646.0,658.0,654.0,656.0,658.0,659.0,651.0,655.0,659.0,662.0,654.0,656.0,654.0,658.0,649.0,651.0,658.0,654.0,662.0,664.0,654.0,665.0,665.0,649.0,644.0,648.0,664.0,659.0,665.0,667.0,663.0,649.0,656.0,660.0,653.0,647.0,667.0,658.0,654.0,656.0,671.0,654.0,675.0,663.0,660.0,663.0,656.0,647.0,658.0,662.0,665.0,660.0,665.0,653.0,652.0,668.0,660.0,656.0,646.0,660.0,667.0,647.0,657.0,652.0,647.0,662.0,654.0,661.0,651.0,657.0,653.0,647.0,655.0,662.0,648.0,649.0,676.0,656.0,654.0,659.0,659.0,665.0,668.0,667.0,664.0,661.0,661.0,662.0,650.0,644.0,651.0,659.0,673.0,671.0,659.0,673.0,672.0,666.0,691.0,669.0,680.0,667.0,657.0,659.0,666.0,671.0,652.0,677.0,659.0,658.0,658.0,657.0,656.0,658.0,658.0,668.0,660.0,670.0,654.0,674.0,655.0,652.0,659.0,650.0,663.0,660.0,663.0,657.0,665.0,663.0,669.0,669.0,673.0,657.0,664.0,657.0,655.0,650.0,657.0,665.0,648.0,644.0,652.0,643.0,655.0,647.0,660.0,659.0,660.0,650.0,647.0,645.0,651.0,657.0,658.0,658.0,639.0,660.0,655.0,650.0,672.0,662.0,655.0,655.0,653.0,650.0,650.0,651.0,653,655.0,658.0,655.0,652.0,655.0,659.0,655.0,651.0,665.0,652.0,666.0,657.0,669.0,667.0,657.0,663.0,673.0,648.0,653.0,660.0,651.0,650.0,637.0,654.0,658.0,645.0,651.0,641.0,648.0,649.0,652.0,643.0,647.0,634.0,642.0,646.0,633.0,642.0,635.0,650.0,657.0,642.0,650.0,651.0,648.0,640.0,641.0,640.0,633.0,642.0,644.0,640.0,648.0,636.0,631.0,627.0,636.0,631.0,634.0,641.0,634.0,644.0,639.0,634.0,639.0,628.0,640.0,646.0,637.0,645.0,633.0,641.0,640.0,635.0,632.0,645.0,636.0,650.0,634.0,630.0,634.0,642.0,641.0,647.0,643.0,640.0,638.0,638.0,636.0,646.0,638.0,634.0,645.0,642.0,639.0,627.0,646.0,646.0,643.0,644.0,643.0,639.0,633.0,636.0
648.0,649.0,651.0,647.0,641.0,648.0,650.0,637.0,650.0,637.0,645.0,640.0,649.0,641.0,651.0,640.0,651.0,676.0,657.0,641.0,641.0,644.0,655.0,650.0,648.0,648.0,640.0,643.0,640.0,646.0,648.0,640.0,642.0,641.0,659.0,638.0,646.0,634.0,645.0,641.0,638.0,641.0,641.0,647.0,626.0,642.0,635.0,640.0,637.0,636.0,640.0,637.0,645.0,646.0,639.0,647.0,639.0,634.0,645.0,637.0,646.0,644.0,647.0,644.0,648.0,642.0,639.0,636.0,638.0,639.0,648.0,645.0,647.0,645.0,648.0,648.0,638.0,644.0,653.0,659.0,652.0,646.0,644.0,653.0,646.0,652.0,657.0,658.0,644.0,651.0,649.0,653.0,661.0,649.0,661.0,658.0,648.0,663.0,652.0,653.0,651.0,653.0,651.0,665.0,656.0,657.0,658.0,657.0,650.0,657.0,654.0,657.0,659.0,651.0,662.0,648.0,652.0,661.0,661.0,662.0,656.0,662.0,666.0,669.0,662.0,660.0,660.0,663.0,660.0,662.0,664.0,671.0,655.0,660.0,661.0,663.0,674.0,674.0,678.0,670.0,663.0,659.0,664.0,655.0,662.0,663.0,659.0,652.0,663.0,660.0,653.0,659.0,664.0,662.0,657.0,666.0,668.0,662.0,671.0,668.0,672.0,677.0,671.0,663.0,676.0,661.0,673.0,667.0,667.0,676.0,662.0,666.0,661.0,662.0,672.0,669.0,677.0,667.0,668.0,660.0,654.0,657.0,654.0,663.0,666.0,658.0,653.0,667.0,664.0,668.0,663.0,658.0,669.0,664.0,667.0,679.0,657.0,670.0,667.0,664.0,668.0,664.0,670.0,666.0,657.0,678.0,670.0,670.0,674.0,673.0,676.0,676.0,688.0,665.0,671.0,674.0,670.0,683.0,683.0,684.0,673.0,675.0,666.0,667.0,659.0,669.0,665.0,666.0,669.0,661.0,661.0,663.0,663.0,668.0,658.0,663.0,666.0,659.0,663.0,660.0,661.0,657.0,658.0,660.0,674.0,666.0,674.0,669.0,676.0,669.0,666.0,659.0,675.0,658.0,670.0,667.0,662.0,651.0,654.0,651.0,649.0,667.0,662.0,661.0,667.0,660.0,658.0,650.0,661.0,644.0,657.0,660.0,646.0,661.0,654.0,657.0,673.0,667.0,667.0,663.0,650.0,662.0,655.0,656.0,659,658.0,663.0,658.0,662.0,657.0,658.0,652.0,659.0,662.0,653.0,668.0,659.0,669.0,677.0,667.0,663.0,665.0,660.0,664.0,659.0,649.0,647.0,659.0,646.0,656.0,648.0,650.0,651.0,640.0,652.0,647.0,646.0,645.0,639.0,646.0,646.0,640.0,648.0,651.0,650.0,656.0,647.0,643.0,652.0,649.0,646.0,643.0,646.0,640.0,642.0,642.0,640.0,645.0,641.0,642.0,644.0,639.0,638.0,632.0,647.0,636.0,639.0,642.0,642.0,646.0,637.0,638.0,641.0,643.0,641.0,636.0,645.0,638.0,638.0,644.0,644.0,642.0,644.0,636.0,636.0,640.0,640.0,640.0,647.0,636.0,649.0,641.0,651.0,643.0,644.0,643.0,645.0,646.0,646.0,635.0,634.0,630.0,647.0,645.0,642.0,637.0,642.0,637.0,636.0
651.0,652.0,659.0,663.0,654.0,646.0,646.0,653.0,650.0,649.0,645.0,649.0,648.0,655.0,647.0,650.0,663.0,667.0,660.0,649.0,651.0,647.0,659.0,644.0,642.0,649.0,647.0,649.0,640.0,650.0,644.0,645.0,651.0,650.0,646.0,649.0,650.0,641.0,653.0,651.0,638.0,640.0,644.0,647.0,654.0,651.0,647.0,636.0,645.0,638.0,645.0,645.0,644.0,654.0,635.0,655.0,649.0,636.0,649.0,643.0,641.0,653.0,652.0,642.0,650.0,648.0,639.0,650.0,647.0,644.0,661.0,656.0,661.0,651.0,645.0,655.0,655.0,657.0,660.0,657.0,651.0,646.0,654.0,657.0,659.0,659.0,667.0,666.0,645.0,660.0,655.0,658.0,652.0,661.0,655.0,658.0,647.0,663.0,658.0,667.0,670.0,660.0,665.0,669.0,661.0,664.0,668.0,663.0,662.0,665.0,658.0,670.0,663.0,662.0,667.0,650.0,661.0,670.0,670.0,667.0,666.0,674.0,671.0,670.0,668.0,663.0,668.0,676.0,661.0,675.0,671.0,671.0,662.0,666.0,673.0,676.0,678.0,688.0,686.0,676.0,676.0,669.0,674.0,666.0,663.0,677.0,665.0,660.0,668.0,672.0,675.0,668.0,672.0,673.0,675.0,666.0,682.0,668.0,674.0,682.0,674.0,673.0,676.0,678.0,679.0,670.0,679.0,677.0,686.0,673.0,677.0,681.0,680.0,685.0,681.0,678.0,691.0,671.0,693.0,670.0,666.0,655.0,669.0,670.0,672.0,672.0,672.0,681.0,672.0,670.0,681.0,661.0,686.0,672.0,674.0,687.0,670.0,687.0,675.0,677.0,680.0,678.0,669.0,674.0,684.0,686.0,675.0,677.0,684.0,678.0,680.0,671.0,685.0,691.0,686.0,682.0,682.0,691.0,680.0,686.0,692.0,674.0,681.0,684.0,667.0,675.0,675.0,690.0,675.0,675.0,678.0,674.0,668.0,675.0,678.0,676.0,684.0,677.0,675.0,659.0,665.0,665.0,673.0,685.0,687.0,693.0,684.0,686.0,698.0,675.0,682.0,674.0,679.0,665.0,678.0,668.0,674.0,669.0,673.0,670.0,680.0,679.0,683.0,681.0,681.0,682.0,678.0,667.0,681.0,658.0,673.0,670.0,658.0,679.0,681.0,680.0,684.0,686.0,681.0,677.0,671.0,681.0,680.0,674.0,684,679.0,678.0,675.0,683.0,675.0,676.0,675.0,678.0,681.0,673.0,686.0,679.0,687.0,687.0,686.0,681.0,687.0,674.0,692.0,679.0,674.0,668.0,676.0,673.0,674.0,670.0,656.0,658.0,660.0,678.0,672.0,667.0,675.0,668.0,665.0,671.0,669.0,659.0,668.0,662.0,662.0,669.0,663.0,669.0,664.0,665.0,657.0,661.0,660.0,660.0,669.0,653.0,666.0,669.0,664.0,665.0,657.0,666.0,656.0,666.0,653.0,659.0,652.0,654.0,662.0,656.0,663.0,661.0,660.0,658.0,656.0,666.0,667.0,667.0,662.0,674.0,654.0,674.0,667.0,656.0,670.0,662.0,660.0,661.0,660.0,669.0,660.0,662.0,663.0,664.0,667.0,661.0,677.0,664.0,660.0,675.0,660.0,668.0,658.0,659.0,661.0,668.0,668.0,661.0
643.0,652.0,647.0,656.0,649.0,646.0,651.0,637.0,649.0,644.0,645.0,653.0,644.0,644.0,648.0,644.0,650.0,668.0,665.0,637.0,642.0,655.0,640.0,641.0,639.0,637.0,652.0,646.0,638.0,650.0,650.0,643.0,644.0,641.0,644.0,642.0,644.0,638.0,646.0,640.0,647.0,643.0,640.0,641.0,632.0,634.0,632.0,636.0,635.0,640.0,643.0,641.0,644.0,635.0,641.0,639.0,644.0,631.0,646.0,635.0,643.0,639.0,639.0,641.0,639.0,641.0,633.0,638.0,650.0,627.0,651.0,651.0,641.0,649.0,643.0,645.0,654.0,646.0,648.0,653.0,645.0,649.0,638.0,654.0,659.0,653.0,659.0,659.0,641.0,655.0,650.0,648.0,641.0,650.0,658.0,668.0,646.0,664.0,636.0,646.0,653.0,654.0,650.0,656.0,653.0,646.0,653.0,650.0,661.0,663.0,658.0,670.0,658.0,655.0,664.0,657.0,653.0,666.0,670.0,654.0,655.0,665.0,666.0,665.0,666.0,673.0,656.0,661.0,662.0,649.0,662.0,657.0,669.0,666.0,655.0,660.0,661.0,674.0,669.0,671.0,663.0,661.0,669.0,656.0,661.0,665.0,660.0,662.0,666.0,660.0,671.0,661.0,661.0,657.0,666.0,658.0,673.0,658.0,675.0,658.0,671.0,675.0,677.0,667.0,667.0,654.0,672.0,664.0,683.0,658.0,657.0,657.0,664.0,666.0,657.0,665.0,653.0,658.0,660.0,656.0,656.0,650.0,659.0,662.0,661.0,660.0,649.0,658.0,664.0,665.0,657.0,666.0,675.0,672.0,664.0,668.0,660.0,668.0,665.0,673.0,675.0,659.0,666.0,662.0,665.0,679.0,665.0,660.0,667.0,664.0,683.0,670.0,664.0,677.0,668.0,671.0,672.0,679.0,690.0,675.0,674.0,662.0,667.0,667.0,660.0,665.0,656.0,678.0,664.0,661.0,665.0,677.0,658.0,666.0,664.0,656.0,660.0,670.0,665.0,661.0,660.0,665.0,662.0,661.0,676.0,666.0,672.0,672.0,677.0,671.0,677.0,662.0,669.0,665.0,649.0,664.0,651.0,654.0,653.0,654.0,643.0,658.0,652.0,653.0,659.0,655.0,653.0,642.0,659.0,642.0,664.0,646.0,654.0,661.0,670.0,661.0,670.0,667.0,674.0,685.0,667.0,656.0,663.0,661.0,665,666.0,655.0,678.0,668.0,659.0,669.0,660.0,650.0,653.0,657.0,677.0,651.0,667.0,662.0,674.0,667.0,681.0,670.0,674.0,664.0,660.0,654.0,660.0,653.0,651.0,652.0,652.0,650.0,644.0,645.0,655.0,654.0,644.0,643.0,646.0,659.0,643.0,645.0,653.0,655.0,654.0,643.0,653.0,663.0,657.0,649.0,648.0,640.0,649.0,654.0,652.0,648.0,641.0,639.0,647.0,644.0,652.0,646.0,654.0,636.0,641.0,654.0,646.0,637.0,645.0,655.0,651.0,638.0,646.0,650.0,653.0,642.0,654.0,636.0,658.0,632.0,630.0,648.0,655.0,649.0,634.0,641.0,644.0,646.0,658.0,654.0,645.0,639.0,644.0,650.0,653.0,653.0,645.0,651.0,657.0,647.0,642.0,649.0,652.0,645.0,656.0,657.0,641.0,646.0
653.0,652.0,665.0,670.0,662.0,657.0,661.0,655.0,657.0,647.0,664.0,649.0,666.0,656.0,656.0,655.0,662.0,687.0,672.0,652.0,659.0,666.0,662.0,657.0,649.0,658.0,651.0,654.0,652.0,659.0,655.0,645.0,651.0,645.0,652.0,654.0,652.0,648.0,655.0,653.0,651.0,649.0,654.0,651.0,652.0,648.0,649.0,653.0,651.0,638.0,656.0,653.0,648.0,658.0,652.0,656.0,654.0,645.0,656.0,658.0,656.0,663.0,651.0,651.0,653.0,652.0,650.0,652.0,660.0,642.0,668.0,662.0,664.0,659.0,654.0,657.0,657.0,664.0,666.0,662.0,660.0,659.0,661.0,665.0,667.0,666.0,674.0,673.0,664.0,666.0,663.0,667.0,677.0,670.0,664.0,669.0,660.0,673.0,661.0,663.0,670.0,664.0,664.0,676.0,679.0,676.0,678.0,663.0,675.0,672.0,665.0,672.0,689.0,675.0,666.0,667.0,677.0,678.0,677.0,671.0,664.0,666.0,665.0,676.0,674.0,677.0,682.0,674.0,676.0,674.0,681.0,692.0,677.0,664.0,678.0,669.0,679.0,686.0,682.0,672.0,672.0,677.0,679.0,680.0,670.0,678.0,671.0,671.0,684.0,675.0,680.0,672.0,675.0,678.0,682.0,682.0,686.0,674.0,686.0,685.0,684.0,681.0,677.0,682.0,679.0,681.0,692.0,680.0,689.0,667.0,682.0,687.0,680.0,686.0,669.0,686.0,691.0,686.0,675.0,675.0,682.0,674.0,671.0,668.0,678.0,670.0,670.0,683.0,687.0,679.0,686.0,673.0,686.0,692.0,673.0,687.0,686.0,699.0,678.0,680.0,682.0,688.0,672.0,683.0,676.0,685.0,687.0,681.0,689.0,686.0,701.0,695.0,696.0,700.0,686.0,698.0,691.0,698.0,690.0,690.0,690.0,691.0,683.0,688.0,683.0,677.0,674.0,680.0,683.0,681.0,679.0,680.0,671.0,679.0,669.0,678.0,668.0,679.0,682.0,682.0,679.0,674.0,685.0,681.0,684.0,690.0,692.0,690.0,700.0,690.0,677.0,675.0,674.0,676.0,671.0,665.0,672.0,669.0,672.0,670.0,672.0,667.0,678.0,677.0,682.0,679.0,669.0,657.0,672.0,671.0,669.0,669.0,675.0,673.0,690.0,673.0,692.0,676.0,683.0,676.0,680.0,681.0,673.0,667.0,677,673.0,671.0,677.0,678.0,670.0,676.0,672.0,668.0,682.0,664.0,680.0,677.0,687.0,678.0,689.0,686.0,688.0,672.0,678.0,675.0,675.0,666.0,669.0,660.0,661.0,662.0,662.0,657.0,655.0,654.0,670.0,647.0,659.0,653.0,657.0,660.0,656.0,657.0,653.0,649.0,654.0,663.0,653.0,664.0,650.0,653.0,662.0,657.0,662.0,651.0,649.0,650.0,651.0,655.0,652.0,651.0,654.0,652.0,651.0,653.0,652.0,658.0,647.0,653.0,656.0,657.0,654.0,659.0,658.0,653.0,651.0,654.0,662.0,656.0,657.0,651.0,658.0,657.0,659.0,655.0,655.0,655.0,654.0,663.0,664.0,661.0,661.0,649.0,661.0,658.0,664.0,655.0,661.0,661.0,656.0,650.0,653.0,652.0,655.0,656.0,656.0,655.0,654.0,655.0
660.0,657.0,666.0,654.0,660.0,667.0,654.0,651.0,653.0,646.0,656.0,658.0,665.0,646.0,647.0,659.0,665.0,673.0,674.0,650.0,656.0,658.0,647.0,659.0,652.0,657.0,658.0,663.0,662.0,659.0,655.0,655.0,651.0,658.0,652.0,643.0,648.0,652.0,659.0,657.0,650.0,656.0,653.0,655.0,659.0,648.0,637.0,646.0,656.0,646.0,649.0,651.0,648.0,643.0,656.0,649.0,644.0,653.0,653.0,652.0,652.0,651.0,646.0,652.0,652.0,660.0,658.0,647.0,656.0,653.0,656.0,662.0,664.0,664.0,661.0,655.0,657.0,664.0,664.0,661.0,656.0,658.0,662.0,664.0,661.0,652.0,669.0,671.0,663.0,672.0,658.0,670.0,664.0,659.0,675.0,666.0,663.0,669.0,658.0,673.0,683.0,655.0,673.0,677.0,669.0,677.0,670.0,666.0,676.0,671.0,664.0,683.0,669.0,672.0,681.0,673.0,672.0,690.0,673.0,681.0,662.0,679.0,669.0,676.0,673.0,673.0,671.0,680.0,680.0,682.0,676.0,677.0,679.0,663.0,679.0,672.0,678.0,689.0,691.0,681.0,672.0,677.0,683.0,687.0,671.0,677.0,682.0,676.0,682.0,669.0,679.0,679.0,682.0,674.0,677.0,679.0,691.0,683.0,697.0,692.0,697.0,678.0,682.0,683.0,685.0,685.0,687.0,684.0,687.0,687.0,678.0,672.0,693.0,693.0,691.0,684.0,673.0,674.0,687.0,670.0,666.0,674.0,669.0,668.0,673.0,677.0,682.0,687.0,672.0,671.0,683.0,687.0,691.0,686.0,672.0,687.0,682.0,688.0,680.0,683.0,683.0,676.0,675.0,675.0,681.0,694.0,684.0,690.0,696.0,690.0,702.0,681.0,699.0,695.0,699.0,692.0,701.0,711.0,691.0,701.0,683.0,689.0,693.0,682.0,681.0,691.0,687.0,685.0,677.0,687.0,690.0,687.0,678.0,682.0,679.0,671.0,679.0,683.0,674.0,666.0,679.0,681.0,691.0,683.0,682.0,686.0,689.0,698.0,695.0,686.0,691.0,676.0,687.0,673.0,669.0,667.0,691.0,663.0,675.0,659.0,671.0,671.0,683.0,684.0,679.0,676.0,672.0,657.0,674.0,671.0,670.0,666.0,664.0,683.0,681.0,672.0,684.0,676.0,676.0,693.0,682.0,677.0,673.0,683.0,674,673.0,671.0,676.0,672.0,670.0,676.0,673.0,674.0,674.0,671.0,690.0,677.0,696.0,683.0,687.0,684.0,682.0,682.0,680.0,685.0,671.0,681.0,686.0,653.0,670.0,664.0,660.0,664.0,654.0,665.0,667.0,664.0,656.0,667.0,663.0,673.0,664.0,657.0,661.0,653.0,653.0,660.0,657.0,672.0,658.0,658.0,652.0,650.0,657.0,665.0,664.0,655.0,659.0,665.0,653.0,655.0,658.0,658.0,660.0,655.0,657.0,663.0,651.0,649.0,660.0,657.0,661.0,662.0,660.0,664.0,652.0,679.0,660.0,652.0,654.0,665.0,664.0,660.0,661.0,662.0,666.0,669.0,657.0,671.0,669.0,678.0,670.0,663.0,668.0,654.0,662.0,658.0,664.0,662.0,671.0,662.0,660.0,663.0,667.0,661.0,670.0,676.0,665.0,684.0
666.0,661.0,667.0,664.0,662.0,656.0,671.0,662.0,660.0,657.0,670.0,669.0,658.0,659.0,662.0,662.0,674.0,675.0,676.0,655.0,657.0,666.0,645.0,655.0,659.0,654.0,660.0,664.0,662.0,671.0,661.0,655.0,658.0,661.0,660.0,666.0,670.0,674.0,685.0,675.0,652.0,667.0,664.0,667.0,665.0,664.0,674.0,670.0,673.0,664.0,654.0,674.0,661.0,667.0,662.0,667.0,659.0,667.0,667.0,673.0,670.0,657.0,659.0,663.0,673.0,667.0,658.0,652.0,659.0,659.0,671.0,667.0,668.0,676.0,672.0,663.0,666.0,675.0,685.0,666.0,669.0,672.0,675.0,667.0,675.0,686.0,677.0,677.0,658.0,665.0,669.0,678.0,668.0,666.0,682.0,679.0,663.0,679.0,667.0,668.0,676.0,679.0,666.0,685.0,674.0,680.0,676.0,678.0,678.0,671.0,669.0,672.0,680.0,681.0,681.0,667.0,680.0,683.0,688.0,687.0,681.0,681.0,675.0,685.0,680.0,672.0,679.0,677.0,682.0,681.0,687.0,683.0,676.0,677.0,689.0,688.0,682.0,687.0,698.0,688.0,674.0,688.0,688.0,672.0,683.0,687.0,683.0,685.0,677.0,676.0,686.0,675.0,693.0,694.0,690.0,685.0,700.0,694.0,694.0,680.0,686.0,695.0,705.0,709.0,694.0,698.0,699.0,701.0,702.0,692.0,704.0,705.0,718.0,705.0,710.0,711.0,721.0,714.0,718.0,726.0,730.0,760.0,750.0,734.0,718.0,711.0,710.0,712.0,705.0,694.0,694.0,689.0,705.0,702.0,702.0,702.0,719.0,720.0,723.0,725.0,693.0,690.0,699.0,690.0,693.0,698.0,704.0,685.0,719.0,711.0,705.0,707.0,713.0,707.0,715.0,721.0,742.0,750.0,767.0,784.0,812.0,771.0,743.0,724.0,726.0,715.0,729.0,764.0,800.0,837.0,907.0,940.0,940.0,875.0,775.0,742.0,722.0,719.0,712.0,701.0,712.0,722.0,717.0,734.0,752.0,737.0,737.0,726.0,723.0,716.0,713.0,691.0,706.0,705.0,692.0,699.0,710.0,698.0,702.0,693.0,689.0,696.0,708.0,684.0,698.0,703.0,696.0,688.0,692.0,686.0,700.0,696.0,695.0,709.0,699.0,701.0,726.0,715.0,704.0,712.0,705.0,714.0,716.0,701.0,708,717.0,708.0,713.0,711.0,702.0,697.0,697.0,707.0,702.0,709.0,715.0,693.0,713.0,713.0,711.0,704.0,721.0,704.0,710.0,709.0,715.0,688.0,708.0,697.0,695.0,700.0,701.0,701.0,696.0,696.0,686.0,698.0,704.0,687.0,685.0,685.0,699.0,695.0,690.0,702.0,689.0,689.0,693.0,705.0,690.0,689.0,680.0,694.0,694.0,693.0,686.0,696.0,692.0,698.0,685.0,700.0,698.0,690.0,681.0,692.0,690.0,691.0,690.0,690.0,692.0,695.0,704.0,688.0,702.0,691.0,681.0,696.0,693.0,691.0,696.0,687.0,700.0,690.0,689.0,697.0,695.0,692.0,694.0,694.0,698.0,693.0,697.0,700.0,688.0,695.0,698.0,700.0,700.0,691.0,697.0,692.0,695.0,691.0,687.0,695.0,700.0,696.0,701.0,698.0
659.0,653.0,649.0,657.0,667.0,660.0,658.0,666.0,645.0,640.0,646.0,665.0,660.0,642.0,669.0,656.0,664.0,681.0,670.0,661.0,658.0,663.0,659.0,653.0,656.0,650.0,656.0,646.0,644.0,655.0,659.0,642.0,654.0,647.0,648.0,660.0,658.0,643.0,653.0,656.0,654.0,650.0,648.0,642.0,639.0,647.0,642.0,647.0,651.0,648.0,656.0,648.0,650.0,649.0,647.0,652.0,643.0,652.0,652.0,648.0,658.0,654.0,663.0,662.0,652.0,657.0,644.0,654.0,648.0,637.0,656.0,652.0,660.0,657.0,668.0,653.0,669.0,669.0,658.0,663.0,653.0,656.0,654.0,666.0,655.0,671.0,667.0,666.0,653.0,669.0,666.0,668.0,671.0,672.0,667.0,673.0,653.0,680.0,659.0,669.0,663.0,674.0,659.0,674.0,663.0,678.0,665.0,669.0,664.0,664.0,664.0,668.0,663.0,666.0,669.0,664.0,677.0,677.0,681.0,666.0,670.0,672.0,679.0,676.0,662.0,671.0,682.0,679.0,681.0,671.0,684.0,680.0,666.0,677.0,676.0,678.0,677.0,691.0,690.0,680.0,677.0,684.0,691.0,679.0,667.0,684.0,672.0,670.0,683.0,671.0,678.0,675.0,684.0,671.0,676.0,673.0,689.0,683.0,688.0,682.0,690.0,677.0,683.0,686.0,671.0,678.0,688.0,677.0,689.0,684.0,680.0,673.0,690.0,687.0,693.0,694.0,691.0,681.0,678.0,677.0,660.0,669.0,670.0,674.0,683.0,679.0,674.0,675.0,680.0,684.0,677.0,671.0,696.0,685.0,679.0,676.0,674.0,686.0,666.0,672.0,688.0,686.0,686.0,678.0,684.0,674.0,675.0,683.0,690.0,678.0,690.0,683.0,686.0,679.0,687.0,687.0,685.0,683.0,693.0,694.0,688.0,682.0,679.0,687.0,672.0,682.0,680.0,681.0,679.0,671.0,676.0,682.0,675.0,675.0,663.0,686.0,673.0,676.0,662.0,673.0,674.0,681.0,683.0,686.0,686.0,687.0,694.0,680.0,688.0,686.0,688.0,669.0,679.0,676.0,677.0,677.0,671.0,672.0,676.0,673.0,672.0,676.0,693.0,684.0,692.0,688.0,670.0,684.0,678.0,661.0,676.0,675.0,662.0,685.0,681.0,676.0,697.0,677.0,695.0,673.0,683.0,679.0,667.0,663.0,672,673.0,672.0,677.0,681.0,678.0,670.0,668.0,678.0,682.0,663.0,684.0,670.0,677.0,683.0,683.0,673.0,682.0,674.0,673.0,676.0,675.0,666.0,683.0,668.0,669.0,664.0,663.0,661.0,656.0,661.0,657.0,653.0,654.0,658.0,661.0,659.0,658.0,651.0,665.0,668.0,660.0,656.0,665.0,665.0,658.0,657.0,667.0,668.0,663.0,653.0,653.0,658.0,654.0,655.0,659.0,651.0,656.0,659.0,653.0,655.0,661.0,660.0,652.0,660.0,662.0,647.0,671.0,652.0,655.0,654.0,653.0,672.0,662.0,660.0,656.0,653.0,647.0,656.0,665.0,661.0,657.0,660.0,657.0,653.0,655.0,666.0,668.0,656.0,655.0,659.0,660.0,664.0,661.0,657.0,670.0,656.0,665.0,659.0,657.0,671.0,660.0,655.0,651.0,655.0
658.0,667.0,662.0,665.0,667.0,657.0,666.0,665.0,650.0,654.0,659.0,650.0,653.0,649.0,650.0,653.0,662.0,678.0,670.0,656.0,664.0,654.0,668.0,661.0,656.0,654.0,667.0,661.0,658.0,649.0,660.0,655.0,651.0,653.0,659.0,658.0,652.0,649.0,663.0,660.0,661.0,653.0,654.0,657.0,646.0,655.0,648.0,649.0,652.0,657.0,650.0,648.0,657.0,658.0,658.0,657.0,657.0,657.0,658.0,650.0,664.0,664.0,653.0,656.0,654.0,657.0,666.0,644.0,659.0,647.0,659.0,658.0,667.0,663.0,937.0,917.0,669.0,672.0,679.0,673.0,676.0,668.0,668.0,672.0,679.0,672.0,666.0,674.0,671.0,679.0,667.0,670.0,671.0,677.0,667.0,671.0,659.0,672.0,666.0,671.0,676.0,675.0,669.0,683.0,684.0,672.0,674.0,672.0,668.0,687.0,679.0,673.0,676.0,674.0,677.0,665.0,690.0,680.0,694.0,688.0,673.0,685.0,683.0,690.0,678.0,689.0,685.0,683.0,683.0,690.0,684.0,686.0,682.0,685.0,697.0,684.0,687.0,694.0,694.0,687.0,682.0,682.0,698.0,678.0,679.0,683.0,692.0,685.0,691.0,673.0,685.0,676.0,701.0,690.0,688.0,683.0,687.0,693.0,693.0,698.0,687.0,699.0,686.0,702.0,696.0,695.0,702.0,703.0,691.0,694.0,689.0,679.0,703.0,698.0,698.0,699.0,694.0,701.0,685.0,686.0,682.0,683.0,681.0,676.0,681.0,673.0,683.0,684.0,684.0,684.0,687.0,691.0,692.0,693.0,687.0,691.0,687.0,696.0,694.0,689.0,690.0,679.0,679.0,695.0,689.0,700.0,698.0,688.0,705.0,686.0,697.0,693.0,694.0,701.0,697.0,695.0,707.0,700.0,710.0,698.0,692.0,692.0,697.0,692.0,703.0,688.0,695.0,678.0,685.0,676.0,684.0,685.0,687.0,696.0,681.0,675.0,687.0,689.0,686.0,692.0,676.0,685.0,684.0,687.0,704.0,698.0,689.0,692.0,697.0,700.0,687.0,678.0,686.0,675.0,682.0,676.0,682.0,681.0,669.0,675.0,675.0,682.0,689.0,689.0,692.0,689.0,674.0,667.0,690.0,669.0,671.0,679.0,677.0,680.0,695.0,679.0,686.0,689.0,697.0,691.0,683.0,681.0,675.0,679.0,685,674.0,680.0,678.0,675.0,682.0,674.0,667.0,668.0,685.0,673.0,685.0,681.0,695.0,687.0,682.0,686.0,694.0,679.0,678.0,685.0,670.0,666.0,684.0,679.0,677.0,666.0,664.0,663.0,651.0,669.0,671.0,669.0,655.0,657.0,660.0,667.0,663.0,658.0,659.0,663.0,660.0,662.0,673.0,673.0,654.0,662.0,664.0,666.0,659.0,654.0,659.0,654.0,669.0,659.0,647.0,656.0,657.0,668.0,655.0,664.0,644.0,665.0,655.0,656.0,655.0,655.0,668.0,654.0,662.0,665.0,652.0,663.0,655.0,662.0,656.0,662.0,652.0,666.0,653.0,657.0,666.0,658.0,658.0,658.0,656.0,663.0,651.0,662.0,659.0,662.0,655.0,655.0,665.0,653.0,660.0,662.0,658.0,661.0,657.0,652.0,666.0,662.0,650.0,657.0
648.0,654.0,645.0,656.0,647.0,649.0,652.0,640.0,657.0,646.0,652.0,645.0,647.0,637.0,651.0,646.0,655.0,668.0,663.0,633.0,657.0,650.0,642.0,640.0,642.0,644.0,654.0,644.0,641.0,648.0,634.0,645.0,644.0,647.0,645.0,646.0,645.0,639.0,641.0,651.0,647.0,650.0,636.0,641.0,641.0,652.0,643.0,647.0,636.0,640.0,653.0,645.0,645.0,645.0,644.0,647.0,632.0,638.0,645.0,650.0,640.0,645.0,645.0,640.0,642.0,644.0,643.0,649.0,640.0,644.0,653.0,646.0,645.0,644.0,649.0,652.0,643.0,651.0,665.0,662.0,652.0,652.0,650.0,656.0,646.0,647.0,657.0,665.0,648.0,655.0,647.0,665.0,652.0,662.0,653.0,657.0,651.0,663.0,656.0,659.0,661.0,653.0,663.0,668.0,651.0,664.0,657.0,663.0,651.0,665.0,662.0,658.0,666.0,652.0,670.0,655.0,657.0,667.0,661.0,665.0,656.0,668.0,657.0,668.0,665.0,659.0,666.0,659.0,660.0,666.0,670.0,662.0,667.0,666.0,666.0,670.0,664.0,676.0,674.0,665.0,673.0,666.0,671.0,669.0,656.0,664.0,662.0,658.0,662.0,659.0,667.0,664.0,667.0,670.0,659.0,658.0,673.0,663.0,677.0,671.0,672.0,665.0,671.0,662.0,673.0,675.0,671.0,670.0,671.0,672.0,671.0,653.0,674.0,669.0,667.0,672.0,676.0,673.0,662.0,659.0,662.0,659.0,658.0,668.0,664.0,666.0,663.0,672.0,667.0,665.0,660.0,669.0,684.0,670.0,671.0,679.0,666.0,674.0,662.0,671.0,682.0,675.0,666.0,674.0,665.0,670.0,663.0,659.0,679.0,673.0,679.0,667.0,685.0,678.0,673.0,677.0,674.0,681.0,688.0,684.0,682.0,670.0,663.0,676.0,668.0,664.0,672.0,670.0,679.0,664.0,663.0,669.0,670.0,670.0,665.0,670.0,670.0,660.0,667.0,671.0,672.0,663.0,668.0,671.0,670.0,679.0,679.0,670.0,682.0,677.0,673.0,667.0,669.0,671.0,671.0,666.0,658.0,653.0,656.0,658.0,656.0,658.0,660.0,661.0,663.0,666.0,657.0,658.0,674.0,657.0,667.0,659.0,654.0,672.0,669.0,663.0,678.0,672.0,672.0,675.0,671.0,670.0,658.0,655.0,660,663.0,672.0,663.0,662.0,664.0,662.0,658.0,658.0,664.0,667.0,669.0,663.0,667.0,672.0,682.0,667.0,673.0,666.0,670.0,669.0,665.0,654.0,665.0,657.0,659.0,660.0,652.0,646.0,647.0,652.0,649.0,650.0,648.0,648.0,650.0,644.0,650.0,658.0,654.0,659.0,648.0,660.0,647.0,649.0,658.0,648.0,645.0,647.0,648.0,648.0,650.0,646.0,654.0,650.0,639.0,652.0,651.0,649.0,642.0,652.0,650.0,644.0,647.0,643.0,647.0,642.0,652.0,641.0,642.0,650.0,642.0,661.0,651.0,646.0,647.0,654.0,644.0,653.0,643.0,650.0,642.0,650.0,644.0,650.0,647.0,654.0,657.0,657.0,654.0,648.0,646.0,646.0,651.0,651.0,656.0,650.0,649.0,646.0,645.0,644.0,647.0,650.0,657.0,644.0
652.0,647.0,658.0,647.0,649.0,650.0,650.0,641.0,637.0,640.0,638.0,647.0,644.0,641.0,641.0,642.0,654.0,676.0,660.0,638.0,638.0,650.0,655.0,628.0,643.0,649.0,642.0,637.0,638.0,640.0,641.0,645.0,639.0,636.0,636.0,641.0,640.0,638.0,635.0,634.0,644.0,632.0,637.0,639.0,646.0,640.0,639.0,643.0,636.0,637.0,642.0,636.0,646.0,638.0,645.0,636.0,636.0,629.0,635.0,639.0,647.0,637.0,631.0,641.0,631.0,637.0,637.0,645.0,633.0,633.0,653.0,636.0,646.0,644.0,637.0,643.0,633.0,649.0,650.0,653.0,646.0,640.0,637.0,648.0,643.0,644.0,646.0,653.0,642.0,657.0,642.0,640.0,649.0,651.0,647.0,646.0,643.0,654.0,646.0,655.0,658.0,651.0,654.0,657.0,657.0,658.0,666.0,654.0,643.0,656.0,663.0,645.0,644.0,653.0,650.0,643.0,650.0,653.0,659.0,659.0,642.0,657.0,655.0,663.0,652.0,661.0,669.0,648.0,648.0,658.0,646.0,652.0,666.0,648.0,658.0,658.0,665.0,664.0,671.0,653.0,651.0,655.0,662.0,663.0,654.0,658.0,662.0,654.0,661.0,660.0,659.0,657.0,661.0,662.0,654.0,670.0,667.0,653.0,658.0,671.0,659.0,657.0,665.0,664.0,663.0,660.0,656.0,666.0,657.0,658.0,654.0,647.0,658.0,660.0,660.0,663.0,664.0,660.0,668.0,651.0,647.0,647.0,669.0,654.0,657.0,656.0,661.0,651.0,647.0,650.0,663.0,656.0,675.0,655.0,650.0,669.0,661.0,659.0,662.0,659.0,662.0,650.0,663.0,668.0,657.0,668.0,660.0,655.0,674.0,661.0,651.0,667.0,673.0,665.0,668.0,667.0,672.0,663.0,667.0,661.0,660.0,668.0,655.0,660.0,656.0,665.0,660.0,655.0,656.0,657.0,662.0,656.0,664.0,664.0,663.0,665.0,658.0,666.0,663.0,659.0,652.0,645.0,661.0,655.0,670.0,674.0,671.0,658.0,688.0,660.0,664.0,657.0,661.0,665.0,658.0,663.0,656.0,637.0,657.0,662.0,656.0,653.0,658.0,667.0,663.0,664.0,654.0,647.0,661.0,657.0,646.0,657.0,649.0,660.0,666.0,655.0,678.0,654.0,659.0,667.0,668.0,645.0,654.0,655.0,645,654.0,658.0,660.0,660.0,650.0,662.0,662.0,651.0,649.0,660.0,672.0,652.0,653.0,674.0,673.0,664.0,658.0,644.0,660.0,660.0,651.0,644.0,655.0,653.0,659.0,650.0,650.0,652.0,641.0,651.0,639.0,647.0,641.0,640.0,652.0,647.0,639.0,645.0,644.0,649.0,650.0,648.0,649.0,643.0,649.0,643.0,649.0,640.0,655.0,640.0,649.0,636.0,647.0,648.0,642.0,642.0,640.0,641.0,632.0,648.0,641.0,654.0,640.0,633.0,654.0,627.0,653.0,642.0,644.0,652.0,643.0,641.0,646.0,646.0,643.0,636.0,644.0,641.0,643.0,644.0,646.0,639.0,646.0,645.0,643.0,640.0,658.0,643.0,639.0,640.0,655.0,632.0,639.0,637.0,640.0,637.0,646.0,644.0,651.0,649.0,644.0,643.0,647.0,647.0
641.0,645.0,649.0,643.0,640.0,645.0,642.0,637.0,643.0,636.0,634.0,634.0,645.0,638.0,645.0,632.0,647.0,670.0,653.0,639.0,640.0,645.0,649.0,644.0,643.0,643.0,642.0,640.0,640.0,640.0,646.0,635.0,639.0,626.0,637.0,636.0,646.0,634.0,634.0,636.0,635.0,639.0,639.0,635.0,624.0,639.0,634.0,639.0,633.0,633.0,641.0,636.0,634.0,637.0,642.0,640.0,635.0,627.0,640.0,634.0,643.0,643.0,644.0,636.0,642.0,639.0,632.0,637.0,637.0,632.0,643.0,643.0,641.0,642.0,644.0,640.0,637.0,639.0,641.0,647.0,647.0,639.0,646.0,654.0,647.0,644.0,649.0,654.0,644.0,654.0,653.0,649.0,652.0,649.0,652.0,649.0,640.0,653.0,643.0,649.0,647.0,647.0,649.0,662.0,643.0,649.0,648.0,646.0,644.0,646.0,656.0,650.0,656.0,654.0,655.0,646.0,648.0,659.0,656.0,650.0,651.0,655.0,653.0,658.0,659.0,650.0,659.0,658.0,661.0,654.0,660.0,661.0,658.0,649.0,654.0,657.0,672.0,658.0,673.0,663.0,655.0,649.0,663.0,652.0,661.0,657.0,659.0,646.0,654.0,653.0,648.0,649.0,659.0,649.0,654.0,660.0,654.0,652.0,666.0,661.0,658.0,664.0,655.0,654.0,663.0,660.0,664.0,650.0,668.0,664.0,648.0,659.0,661.0,649.0,656.0,658.0,671.0,662.0,658.0,658.0,651.0,648.0,646.0,653.0,658.0,661.0,648.0,652.0,659.0,659.0,652.0,661.0,662.0,659.0,664.0,669.0,657.0,664.0,660.0,652.0,667.0,662.0,658.0,654.0,651.0,667.0,662.0,658.0,679.0,673.0,669.0,665.0,677.0,663.0,664.0,667.0,664.0,684.0,667.0,670.0,666.0,662.0,660.0,664.0,661.0,663.0,666.0,663.0,661.0,661.0,657.0,659.0,664.0,660.0,659.0,658.0,660.0,659.0,655.0,657.0,656.0,647.0,649.0,656.0,671.0,666.0,669.0,660.0,671.0,667.0,665.0,652.0,661.0,660.0,666.0,661.0,653.0,648.0,649.0,651.0,646.0,659.0,651.0,656.0,660.0,656.0,658.0,642.0,658.0,637.0,656.0,661.0,641.0,661.0,653.0,656.0,667.0,669.0,660.0,664.0,647.0,660.0,655.0,651.0,656,650.0,655.0,652.0,667.0,651.0,653.0,650.0,653.0,661.0,650.0,666.0,653.0,663.0,670.0,659.0,663.0,663.0,664.0,659.0,662.0,644.0,648.0,668.0,655.0,651.0,635.0,643.0,653.0,641.0,644.0,650.0,645.0,642.0,635.0,636.0,646.0,635.0,647.0,647.0,648.0,649.0,637.0,645.0,648.0,639.0,641.0,640.0,636.0,645.0,641.0,641.0,641.0,645.0,636.0,638.0,636.0,638.0,639.0,632.0,654.0,640.0,638.0,639.0,636.0,650.0,640.0,650.0,638.0,635.0,640.0,639.0,638.0,640.0,641.0,640.0,642.0,640.0,644.0,642.0,645.0,645.0,643.0,645.0,647.0,634.0,649.0,650.0,645.0,647.0,646.0,646.0,642.0,645.0,648.0,637.0,638.0,641.0,651.0,651.0,652.0,638.0,648.0,649.0,641.0
656.0,658.0,666.0,660.0,660.0,657.0,657.0,655.0,648.0,648.0,656.0,655.0,654.0,657.0,657.0,658.0,674.0,674.0,664.0,658.0,662.0,661.0,651.0,658.0,654.0,658.0,655.0,652.0,647.0,665.0,648.0,651.0,654.0,658.0,647.0,663.0,660.0,658.0,668.0,659.0,655.0,647.0,655.0,655.0,657.0,656.0,647.0,652.0,651.0,650.0,646.0,659.0,654.0,654.0,658.0,664.0,653.0,647.0,660.0,659.0,646.0,662.0,650.0,641.0,653.0,667.0,656.0,655.0,641.0,658.0,674.0,665.0,666.0,658.0,661.0,654.0,654.0,667.0,671.0,667.0,670.0,668.0,671.0,668.0,671.0,673.0,679.0,679.0,664.0,672.0,676.0,666.0,677.0,675.0,664.0,675.0,665.0,673.0,663.0,678.0,686.0,667.0,674.0,686.0,670.0,682.0,676.0,666.0,674.0,684.0,664.0,682.0,666.0,679.0,682.0,672.0,682.0,679.0,675.0,683.0,676.0,682.0,679.0,681.0,683.0,686.0,682.0,687.0,674.0,685.0,685.0,684.0,678.0,681.0,681.0,683.0,687.0,703.0,681.0,690.0,678.0,681.0,691.0,688.0,685.0,692.0,685.0,686.0,683.0,669.0,686.0,679.0,687.0,682.0,691.0,679.0,690.0,687.0,696.0,690.0,693.0,688.0,686.0,691.0,684.0,687.0,700.0,695.0,697.0,691.0,701.0,689.0,699.0,700.0,700.0,693.0,695.0,688.0,690.0,683.0,694.0,672.0,679.0,687.0,685.0,691.0,682.0,683.0,683.0,686.0,688.0,675.0,710.0,688.0,696.0,696.0,692.0,705.0,691.0,693.0,695.0,690.0,685.0,693.0,694.0,710.0,701.0,694.0,714.0,698.0,706.0,705.0,708.0,717.0,714.0,708.0,705.0,708.0,706.0,699.0,715.0,696.0,713.0,709.0,699.0,703.0,694.0,701.0,709.0,701.0,706.0,701.0,704.0,703.0,698.0,697.0,710.0,698.0,705.0,698.0,703.0,696.0,705.0,714.0,709.0,721.0,724.0,717.0,726.0,709.0,716.0,710.0,697.0,697.0,706.0,716.0,704.0,698.0,706.0,707.0,696.0,706.0,711.0,721.0,721.0,720.0,708.0,703.0,718.0,717.0,712.0,709.0,698.0,725.0,729.0,726.0,734.0,737.0,743.0,741.0,725.0,737.0,736.0,735.0,734,726.0,735.0,741.0,739.0,734.0,735.0,748.0,748.0,747.0,750.0,758.0,750.0,763.0,763.0,762.0,759.0,766.0,764.0,767.0,763.0,769.0,758.0,774.0,768.0,771.0,766.0,759.0,767.0,768.0,781.0,774.0,784.0,769.0,765.0,784.0,788.0,781.0,780.0,789.0,785.0,795.0,803.0,790.0,806.0,814.0,809.0,796.0,808.0,807.0,824.0,824.0,811.0,817.0,834.0,838.0,839.0,838.0,841.0,830.0,845.0,841.0,849.0,842.0,860.0,871.0,866.0,868.0,864.0,871.0,858.0,872.0,876.0,886.0,878.0,887.0,900.0,884.0,908.0,902.0,891.0,916.0,909.0,911.0,916.0,900.0,927.0,915.0,919.0,924.0,935.0,946.0,934.0,955.0,941.0,944.0,954.0,937.0,960.0,939.0,956.0,948.0,962.0,950.0,961.0
666.0,675.0,660.0,663.0,673.0,681.0,671.0,659.0,678.0,665.0,667.0,663.0,678.0,662.0,676.0,671.0,681.0,679.0,691.0,674.0,667.0,672.0,670.0,659.0,670.0,677.0,684.0,678.0,665.0,674.0,678.0,667.0,672.0,663.0,672.0,674.0,678.0,657.0,662.0,670.0,658.0,664.0,664.0,664.0,660.0,669.0,661.0,658.0,670.0,664.0,679.0,673.0,665.0,659.0,664.0,669.0,658.0,669.0,662.0,671.0,677.0,675.0,669.0,657.0,670.0,662.0,669.0,665.0,672.0,674.0,675.0,685.0,661.0,668.0,687.0,680.0,684.0,690.0,687.0,685.0,680.0,682.0,685.0,689.0,690.0,682.0,686.0,700.0,690.0,682.0,679.0,683.0,688.0,680.0,696.0,692.0,670.0,692.0,682.0,698.0,684.0,693.0,683.0,699.0,691.0,687.0,694.0,676.0,693.0,697.0,683.0,707.0,698.0,701.0,704.0,683.0,693.0,697.0,696.0,702.0,709.0,696.0,688.0,706.0,714.0,702.0,708.0,702.0,701.0,702.0,710.0,696.0,709.0,698.0,702.0,701.0,718.0,713.0,710.0,703.0,692.0,690.0,699.0,698.0,701.0,707.0,704.0,695.0,710.0,704.0,718.0,690.0,722.0,691.0,707.0,698.0,704.0,700.0,721.0,710.0,715.0,703.0,709.0,708.0,711.0,704.0,716.0,712.0,714.0,699.0,710.0,690.0,704.0,705.0,707.0,710.0,703.0,710.0,701.0,696.0,695.0,689.0,700.0,691.0,699.0,694.0,696.0,709.0,704.0,709.0,705.0,710.0,715.0,706.0,708.0,723.0,717.0,712.0,707.0,710.0,713.0,697.0,701.0,702.0,697.0,712.0,718.0,693.0,724.0,718.0,721.0,732.0,740.0,740.0,718.0,725.0,723.0,734.0,745.0,734.0,731.0,723.0,715.0,729.0,713.0,716.0,712.0,710.0,705.0,716.0,704.0,709.0,708.0,711.0,705.0,704.0,705.0,715.0,711.0,703.0,707.0,709.0,708.0,716.0,731.0,714.0,713.0,721.0,742.0,720.0,707.0,709.0,702.0,701.0,717.0,696.0,698.0,694.0,695.0,683.0,687.0,695.0,697.0,688.0,700.0,707.0,693.0,689.0,694.0,680.0,694.0,689.0,688.0,699.0,707.0,710.0,715.0,720.0,727.0,728.0,730.0,719.0,710.0,698.0,706,706.0,712.0,699.0,695.0,705.0,710.0,711.0,701.0,700.0,714.0,733.0,718.0,708.0,719.0,719.0,712.0,734.0,715.0,715.0,708.0,706.0,714.0,704.0,705.0,704.0,704.0,705.0,702.0,696.0,696.0,681.0,694.0,697.0,695.0,697.0,699.0,691.0,700.0,700.0,697.0,708.0,699.0,693.0,713.0,687.0,698.0,696.0,700.0,693.0,715.0,703.0,706.0,713.0,709.0,691.0,701.0,698.0,713.0,707.0,714.0,711.0,718.0,721.0,702.0,707.0,723.0,729.0,718.0,729.0,738.0,733.0,733.0,744.0,729.0,734.0,747.0,727.0,731.0,748.0,746.0,750.0,742.0,730.0,756.0,750.0,741.0,757.0,747.0,749.0,770.0,764.0,756.0,759.0,756.0,757.0,773.0,764.0,787.0,755.0,784.0,752.0,773.0,771.0,766.0
672.0,678.0,682.0,686.0,682.0,680.0,680.0,666.0,685.0,670.0,677.0,669.0,684.0,673.0,680.0,668.0,687.0,697.0,689.0,673.0,679.0,687.0,676.0,678.0,669.0,678.0,670.0,673.0,673.0,682.0,672.0,665.0,672.0,673.0,674.0,675.0,675.0,671.0,680.0,673.0,669.0,671.0,678.0,667.0,664.0,671.0,669.0,672.0,664.0,670.0,677.0,674.0,669.0,669.0,672.0,676.0,676.0,662.0,672.0,684.0,676.0,681.0,676.0,673.0,678.0,670.0,674.0,674.0,688.0,667.0,688.0,674.0,689.0,681.0,684.0,682.0,684.0,697.0,707.0,690.0,681.0,687.0,684.0,694.0,690.0,699.0,710.0,706.0,690.0,692.0,689.0,690.0,695.0,695.0,696.0,698.0,690.0,703.0,686.0,697.0,697.0,696.0,698.0,714.0,706.0,706.0,706.0,701.0,701.0,707.0,701.0,698.0,706.0,707.0,703.0,701.0,712.0,709.0,709.0,711.0,703.0,706.0,703.0,709.0,705.0,714.0,714.0,709.0,706.0,714.0,710.0,722.0,702.0,701.0,716.0,710.0,714.0,715.0,729.0,709.0,710.0,711.0,712.0,713.0,706.0,709.0,705.0,709.0,715.0,714.0,715.0,709.0,713.0,709.0,716.0,716.0,715.0,720.0,727.0,719.0,728.0,717.0,710.0,717.0,715.0,718.0,738.0,728.0,729.0,708.0,722.0,715.0,725.0,725.0,720.0,722.0,729.0,717.0,702.0,711.0,704.0,703.0,704.0,697.0,706.0,702.0,701.0,713.0,713.0,721.0,721.0,720.0,713.0,721.0,721.0,739.0,719.0,725.0,714.0,724.0,719.0,720.0,717.0,722.0,714.0,730.0,732.0,716.0,728.0,729.0,743.0,734.0,737.0,741.0,740.0,739.0,737.0,736.0,735.0,730.0,740.0,732.0,722.0,726.0,708.0,714.0,715.0,711.0,718.0,708.0,713.0,714.0,715.0,728.0,709.0,712.0,706.0,706.0,714.0,712.0,720.0,712.0,720.0,720.0,726.0,728.0,733.0,729.0,735.0,722.0,717.0,714.0,715.0,711.0,704.0,700.0,703.0,697.0,696.0,690.0,705.0,701.0,714.0,704.0,715.0,709.0,702.0,695.0,714.0,698.0,691.0,695.0,707.0,708.0,719.0,709.0,722.0,714.0,712.0,719.0,707.0,714.0,714.0,698.0,703,711.0,712.0,700.0,720.0,700.0,696.0,702.0,703.0,707.0,696.0,714.0,704.0,716.0,711.0,722.0,723.0,713.0,703.0,713.0,708.0,692.0,710.0,707.0,686.0,692.0,689.0,685.0,674.0,684.0,683.0,685.0,679.0,677.0,683.0,692.0,681.0,677.0,672.0,678.0,687.0,669.0,680.0,675.0,687.0,675.0,667.0,681.0,677.0,683.0,672.0,670.0,666.0,674.0,676.0,678.0,677.0,675.0,678.0,678.0,681.0,673.0,682.0,668.0,675.0,678.0,666.0,678.0,689.0,672.0,668.0,674.0,681.0,679.0,677.0,673.0,678.0,669.0,674.0,673.0,677.0,678.0,682.0,679.0,684.0,677.0,683.0,686.0,670.0,682.0,680.0,681.0,671.0,682.0,684.0,676.0,679.0,671.0,679.0,677.0,682.0,688.0,682.0,674.0,672.0
682.0,687.0,695.0,688.0,682.0,694.0,686.0,680.0,690.0,683.0,687.0,690.0,678.0,671.0,669.0,677.0,675.0,690.0,701.0,671.0,685.0,687.0,687.0,686.0,685.0,670.0,688.0,691.0,677.0,690.0,668.0,684.0,674.0,677.0,684.0,680.0,672.0,683.0,689.0,675.0,677.0,683.0,671.0,677.0,687.0,683.0,670.0,676.0,677.0,675.0,672.0,684.0,675.0,682.0,689.0,676.0,673.0,687.0,687.0,685.0,693.0,686.0,685.0,685.0,664.0,686.0,686.0,685.0,687.0,689.0,692.0,695.0,691.0,698.0,695.0,685.0,686.0,704.0,702.0,698.0,690.0,692.0,692.0,696.0,695.0,695.0,695.0,706.0,696.0,698.0,706.0,693.0,705.0,691.0,696.0,700.0,707.0,701.0,687.0,710.0,715.0,691.0,698.0,714.0,712.0,709.0,704.0,720.0,705.0,699.0,696.0,711.0,712.0,720.0,727.0,713.0,720.0,713.0,708.0,723.0,713.0,722.0,711.0,701.0,708.0,710.0,728.0,721.0,718.0,710.0,725.0,717.0,714.0,700.0,714.0,724.0,712.0,736.0,731.0,722.0,707.0,708.0,714.0,711.0,709.0,718.0,714.0,726.0,708.0,709.0,713.0,719.0,717.0,715.0,721.0,717.0,730.0,718.0,728.0,719.0,742.0,734.0,716.0,723.0,733.0,721.0,729.0,726.0,741.0,724.0,727.0,723.0,709.0,717.0,739.0,719.0,736.0,730.0,718.0,718.0,718.0,709.0,703.0,708.0,707.0,724.0,715.0,715.0,713.0,715.0,717.0,720.0,747.0,732.0,708.0,730.0,733.0,725.0,739.0,721.0,746.0,730.0,707.0,724.0,720.0,742.0,729.0,730.0,734.0,731.0,755.0,737.0,759.0,739.0,734.0,745.0,741.0,742.0,745.0,733.0,738.0,727.0,730.0,723.0,726.0,729.0,721.0,722.0,733.0,723.0,718.0,731.0,720.0,728.0,715.0,727.0,731.0,707.0,718.0,715.0,725.0,712.0,722.0,725.0,738.0,737.0,731.0,739.0,736.0,728.0,740.0,724.0,733.0,714.0,720.0,720.0,734.0,701.0,720.0,717.0,714.0,705.0,713.0,719.0,722.0,725.0,705.0,696.0,715.0,708.0,721.0,716.0,707.0,710.0,715.0,725.0,729.0,727.0,734.0,731.0,733.0,714.0,721.0,719.0,720,724.0,713.0,725.0,710.0,718.0,720.0,711.0,723.0,719.0,719.0,724.0,714.0,741.0,729.0,727.0,744.0,733.0,721.0,738.0,716.0,702.0,709.0,719.0,705.0,703.0,697.0,705.0,716.0,694.0,710.0,710.0,705.0,694.0,705.0,702.0,708.0,711.0,695.0,701.0,714.0,702.0,702.0,701.0,700.0,699.0,702.0,698.0,704.0,691.0,700.0,712.0,699.0,704.0,708.0,704.0,693.0,717.0,711.0,709.0,702.0,705.0,711.0,698.0,701.0,714.0,720.0,697.0,727.0,717.0,720.0,710.0,714.0,719.0,717.0,710.0,712.0,711.0,714.0,710.0,715.0,720.0,723.0,725.0,736.0,708.0,737.0,720.0,718.0,707.0,706.0,724.0,711.0,717.0,727.0,715.0,722.0,720.0,714.0,731.0,718.0,736.0,737.0,723.0,716.0
664.0,665.0,662.0,661.0,660.0,660.0,662.0,659.0,662.0,652.0,664.0,666.0,660.0,662.0,666.0,659.0,666.0,683.0,680.0,659.0,663.0,658.0,665.0,653.0,657.0,657.0,660.0,666.0,661.0,669.0,664.0,655.0,660.0,659.0,665.0,674.0,660.0,672.0,671.0,669.0,657.0,665.0,662.0,674.0,664.0,660.0,659.0,667.0,662.0,648.0,655.0,665.0,656.0,655.0,664.0,676.0,652.0,666.0,662.0,666.0,665.0,671.0,670.0,659.0,677.0,667.0,660.0,665.0,661.0,653.0,669.0,672.0,678.0,674.0,674.0,670.0,667.0,698.0,692.0,678.0,679.0,669.0,671.0,684.0,688.0,686.0,681.0,684.0,673.0,679.0,676.0,683.0,678.0,685.0,687.0,687.0,675.0,683.0,673.0,679.0,690.0,684.0,678.0,692.0,702.0,693.0,684.0,688.0,683.0,689.0,684.0,678.0,690.0,691.0,692.0,686.0,686.0,691.0,686.0,703.0,688.0,690.0,692.0,697.0,686.0,692.0,701.0,687.0,695.0,700.0,697.0,687.0,698.0,691.0,692.0,699.0,698.0,695.0,701.0,699.0,687.0,692.0,683.0,685.0,704.0,688.0,693.0,689.0,687.0,687.0,703.0,698.0,699.0,696.0,709.0,689.0,713.0,697.0,705.0,710.0,706.0,707.0,703.0,708.0,701.0,702.0,707.0,702.0,710.0,708.0,693.0,700.0,710.0,705.0,700.0,716.0,716.0,701.0,719.0,701.0,701.0,711.0,716.0,697.0,710.0,702.0,691.0,696.0,706.0,695.0,702.0,699.0,711.0,711.0,707.0,708.0,709.0,723.0,714.0,718.0,707.0,706.0,687.0,707.0,694.0,696.0,701.0,697.0,718.0,710.0,716.0,718.0,719.0,722.0,724.0,720.0,728.0,720.0,738.0,736.0,746.0,727.0,724.0,727.0,711.0,721.0,712.0,734.0,739.0,750.0,757.0,781.0,777.0,757.0,735.0,714.0,701.0,704.0,712.0,701.0,708.0,700.0,702.0,722.0,725.0,728.0,725.0,713.0,724.0,710.0,711.0,705.0,705.0,701.0,695.0,695.0,703.0,695.0,692.0,692.0,688.0,693.0,690.0,689.0,710.0,701.0,693.0,685.0,698.0,688.0,702.0,708.0,691.0,708.0,705.0,711.0,716.0,721.0,698.0,707.0,714.0,711.0,708.0,702.0,697,705.0,705.0,700.0,705.0,699.0,697.0,698.0,697.0,701.0,716.0,708.0,698.0,719.0,707.0,712.0,709.0,713.0,703.0,708.0,713.0,704.0,692.0,701.0,691.0,695.0,702.0,691.0,692.0,685.0,688.0,682.0,692.0,692.0,693.0,684.0,678.0,682.0,691.0,683.0,694.0,677.0,686.0,676.0,693.0,687.0,701.0,681.0,683.0,688.0,678.0,681.0,682.0,684.0,689.0,677.0,685.0,689.0,682.0,676.0,687.0,686.0,683.0,694.0,687.0,686.0,702.0,693.0,675.0,690.0,689.0,681.0,699.0,685.0,693.0,682.0,690.0,683.0,698.0,693.0,691.0,695.0,683.0,688.0,697.0,700.0,687.0,699.0,689.0,696.0,703.0,702.0,699.0,695.0,694.0,708.0,695.0,692.0,701.0,688.0,700.0,702.0,699.0,697.0,700.0
649.0,661.0,662.0,657.0,644.0,655.0,644.0,640.0,657.0,650.0,651.0,650.0,653.0,643.0,663.0,653.0,674.0,670.0,661.0,648.0,657.0,662.0,643.0,652.0,646.0,655.0,664.0,654.0,650.0,659.0,657.0,657.0,645.0,644.0,649.0,665.0,648.0,650.0,644.0,648.0,655.0,657.0,640.0,649.0,654.0,655.0,647.0,643.0,651.0,648.0,647.0,649.0,649.0,649.0,654.0,649.0,651.0,645.0,654.0,647.0,656.0,650.0,658.0,660.0,658.0,651.0,658.0,662.0,652.0,637.0,655.0,669.0,655.0,647.0,653.0,651.0,663.0,674.0,673.0,679.0,655.0,660.0,652.0,662.0,657.0,678.0,670.0,685.0,651.0,660.0,665.0,670.0,664.0,672.0,675.0,660.0,659.0,677.0,663.0,685.0,668.0,670.0,671.0,683.0,683.0,678.0,674.0,675.0,661.0,675.0,674.0,663.0,673.0,681.0,673.0,670.0,675.0,684.0,665.0,687.0,667.0,683.0,685.0,685.0,678.0,691.0,680.0,690.0,685.0,684.0,681.0,692.0,677.0,662.0,685.0,690.0,684.0,689.0,697.0,686.0,674.0,687.0,693.0,697.0,672.0,686.0,692.0,677.0,684.0,680.0,691.0,686.0,688.0,678.0,686.0,677.0,677.0,683.0,690.0,698.0,695.0,704.0,683.0,690.0,681.0,690.0,698.0,684.0,687.0,692.0,691.0,685.0,703.0,705.0,710.0,702.0,698.0,690.0,686.0,680.0,680.0,671.0,678.0,670.0,679.0,672.0,674.0,685.0,671.0,689.0,679.0,681.0,696.0,683.0,681.0,676.0,677.0,680.0,680.0,690.0,693.0,676.0,680.0,683.0,682.0,683.0,686.0,683.0,693.0,688.0,685.0,694.0,686.0,689.0,703.0,691.0,687.0,693.0,706.0,691.0,692.0,688.0,684.0,686.0,684.0,680.0,689.0,690.0,668.0,686.0,686.0,681.0,679.0,687.0,677.0,685.0,679.0,676.0,687.0,670.0,683.0,676.0,682.0,680.0,690.0,692.0,700.0,685.0,688.0,688.0,693.0,683.0,686.0,677.0,671.0,668.0,669.0,674.0,686.0,679.0,682.0,686.0,693.0,689.0,693.0,698.0,688.0,688.0,688.0,666.0,689.0,681.0,680.0,683.0,693.0,673.0,694.0,683.0,686.0,679.0,688.0,684.0,683.0,681.0,690,668.0,669.0,677.0,682.0,683.0,681.0,668.0,667.0,674.0,680.0,686.0,679.0,688.0,688.0,681.0,678.0,696.0,671.0,678.0,691.0,679.0,672.0,684.0,666.0,655.0,672.0,664.0,660.0,659.0,670.0,659.0,662.0,654.0,661.0,655.0,662.0,659.0,660.0,662.0,662.0,660.0,659.0,663.0,667.0,659.0,657.0,662.0,658.0,654.0,652.0,659.0,654.0,660.0,654.0,658.0,651.0,660.0,661.0,656.0,661.0,652.0,661.0,659.0,657.0,659.0,656.0,653.0,661.0,652.0,659.0,654.0,667.0,658.0,654.0,664.0,658.0,655.0,664.0,650.0,650.0,661.0,652.0,644.0,658.0,656.0,661.0,665.0,662.0,660.0,664.0,656.0,648.0,654.0,653.0,652.0,661.0,653.0,658.0,656.0,652.0,652.0,656.0,649.0,658.0
667.0,659.0,658.0,662.0,665.0,662.0,665.0,658.0,655.0,657.0,660.0,650.0,657.0,647.0,658.0,661.0,663.0,681.0,683.0,658.0,663.0,661.0,650.0,658.0,664.0,653.0,664.0,656.0,654.0,664.0,657.0,654.0,657.0,665.0,645.0,650.0,657.0,649.0,662.0,654.0,665.0,659.0,653.0,652.0,644.0,657.0,649.0,660.0,647.0,644.0,652.0,650.0,659.0,655.0,657.0,649.0,649.0,649.0,660.0,658.0,654.0,660.0,653.0,658.0,661.0,655.0,661.0,664.0,656.0,655.0,663.0,655.0,661.0,659.0,670.0,655.0,660.0,676.0,680.0,670.0,674.0,668.0,668.0,668.0,658.0,673.0,679.0,678.0,669.0,677.0,676.0,681.0,671.0,681.0,667.0,674.0,667.0,682.0,671.0,687.0,683.0,672.0,678.0,683.0,678.0,677.0,683.0,674.0,680.0,678.0,682.0,684.0,681.0,688.0,681.0,675.0,680.0,683.0,692.0,688.0,681.0,681.0,686.0,697.0,703.0,689.0,687.0,684.0,688.0,694.0,678.0,684.0,684.0,684.0,700.0,685.0,690.0,690.0,691.0,691.0,685.0,688.0,697.0,690.0,674.0,683.0,678.0,685.0,686.0,677.0,690.0,686.0,707.0,691.0,685.0,690.0,697.0,690.0,703.0,700.0,697.0,695.0,690.0,693.0,697.0,693.0,699.0,701.0,696.0,689.0,688.0,692.0,697.0,692.0,706.0,689.0,699.0,714.0,692.0,693.0,683.0,686.0,678.0,689.0,677.0,689.0,683.0,693.0,692.0,692.0,689.0,690.0,696.0,698.0,690.0,700.0,692.0,707.0,692.0,695.0,692.0,682.0,685.0,685.0,685.0,699.0,701.0,681.0,711.0,692.0,702.0,710.0,711.0,699.0,701.0,696.0,707.0,698.0,704.0,704.0,698.0,688.0,694.0,695.0,691.0,696.0,694.0,696.0,695.0,683.0,682.0,689.0,693.0,699.0,685.0,678.0,681.0,695.0,692.0,692.0,685.0,679.0,684.0,692.0,699.0,693.0,688.0,691.0,704.0,688.0,692.0,690.0,691.0,680.0,677.0,676.0,685.0,678.0,670.0,680.0,677.0,675.0,686.0,688.0,690.0,677.0,684.0,665.0,690.0,670.0,677.0,679.0,683.0,683.0,687.0,683.0,699.0,685.0,699.0,690.0,690.0,685.0,682.0,683.0,680,676.0,682.0,682.0,679.0,676.0,676.0,675.0,677.0,689.0,675.0,680.0,674.0,689.0,695.0,685.0,686.0,696.0,684.0,684.0,684.0,679.0,665.0,682.0,667.0,667.0,674.0,654.0,664.0,658.0,669.0,664.0,663.0,667.0,660.0,668.0,667.0,667.0,662.0,661.0,663.0,660.0,662.0,664.0,671.0,660.0,670.0,661.0,663.0,655.0,654.0,659.0,651.0,655.0,656.0,653.0,651.0,658.0,655.0,653.0,662.0,651.0,658.0,660.0,646.0,653.0,652.0,673.0,656.0,657.0,652.0,656.0,666.0,652.0,664.0,657.0,661.0,653.0,654.0,648.0,659.0,658.0,663.0,654.0,655.0,651.0,659.0,651.0,651.0,663.0,661.0,656.0,653.0,665.0,657.0,655.0,659.0,654.0,653.0,656.0,654.0,653.0,654.0,649.0,650.0
654.0,661.0,653.0,658.0,648.0,655.0,661.0,642.0,663.0,649.0,652.0,653.0,649.0,645.0,648.0,653.0,659.0,677.0,668.0,645.0,658.0,651.0,655.0,650.0,650.0,658.0,652.0,647.0,647.0,655.0,643.0,644.0,654.0,659.0,649.0,653.0,654.0,642.0,651.0,652.0,653.0,648.0,645.0,648.0,653.0,658.0,648.0,652.0,648.0,649.0,648.0,642.0,645.0,649.0,646.0,657.0,644.0,649.0,657.0,652.0,649.0,654.0,654.0,646.0,650.0,647.0,658.0,649.0,650.0,648.0,660.0,662.0,661.0,651.0,667.0,655.0,657.0,663.0,669.0,667.0,661.0,660.0,660.0,659.0,657.0,666.0,670.0,677.0,659.0,668.0,658.0,662.0,661.0,681.0,665.0,665.0,661.0,673.0,658.0,671.0,668.0,665.0,674.0,685.0,666.0,676.0,675.0,677.0,666.0,673.0,673.0,677.0,673.0,667.0,671.0,672.0,675.0,684.0,677.0,684.0,675.0,691.0,672.0,681.0,675.0,672.0,678.0,679.0,675.0,684.0,685.0,685.0,671.0,675.0,687.0,692.0,680.0,697.0,692.0,686.0,677.0,672.0,681.0,688.0,672.0,681.0,677.0,666.0,676.0,667.0,686.0,670.0,680.0,685.0,676.0,677.0,682.0,682.0,690.0,684.0,683.0,681.0,685.0,675.0,687.0,686.0,688.0,693.0,690.0,686.0,681.0,670.0,680.0,689.0,682.0,685.0,700.0,683.0,680.0,662.0,672.0,665.0,671.0,678.0,679.0,678.0,677.0,676.0,667.0,678.0,683.0,677.0,696.0,682.0,680.0,690.0,678.0,690.0,679.0,676.0,689.0,687.0,675.0,688.0,675.0,683.0,681.0,678.0,697.0,693.0,703.0,675.0,694.0,691.0,690.0,692.0,687.0,695.0,699.0,693.0,687.0,683.0,678.0,691.0,674.0,679.0,678.0,675.0,695.0,677.0,675.0,681.0,675.0,683.0,671.0,679.0,689.0,680.0,678.0,675.0,679.0,680.0,678.0,687.0,688.0,694.0,692.0,686.0,695.0,699.0,689.0,681.0,678.0,679.0,678.0,679.0,683.0,668.0,669.0,672.0,666.0,676.0,669.0,678.0,676.0,680.0,676.0,667.0,684.0,675.0,679.0,665.0,657.0,684.0,670.0,673.0,682.0,692.0,696.0,677.0,677.0,683.0,671.0,674.0,671,677.0,673.0,677.0,674.0,679.0,673.0,670.0,670.0,679.0,685.0,682.0,676.0,683.0,685.0,686.0,678.0,685.0,683.0,678.0,674.0,681.0,663.0,670.0,665.0,678.0,666.0,658.0,656.0,658.0,658.0,667.0,656.0,664.0,653.0,655.0,660.0,654.0,662.0,657.0,665.0,663.0,667.0,654.0,664.0,663.0,656.0,658.0,651.0,650.0,659.0,658.0,661.0,659.0,657.0,646.0,660.0,656.0,657.0,653.0,665.0,661.0,650.0,660.0,654.0,655.0,658.0,657.0,654.0,656.0,654.0,657.0,671.0,652.0,655.0,658.0,662.0,658.0,662.0,653.0,656.0,654.0,661.0,658.0,660.0,663.0,669.0,670.0,669.0,673.0,657.0,654.0,663.0,661.0,667.0,657.0,660.0,660.0,656.0,658.0,647.0,658.0,653.0,663.0,660.0
650.0,633.0,629.0,641.0,640.0,640.0,634.0,634.0,635.0,640.0,650.0,641.0,633.0,628.0,642.0,642.0,649.0,655.0,657.0,638.0,641.0,643.0,636.0,634.0,641.0,649.0,640.0,637.0,619.0,651.0,637.0,643.0,639.0,636.0,636.0,640.0,634.0,642.0,635.0,633.0,639.0,639.0,637.0,633.0,638.0,630.0,638.0,647.0,630.0,638.0,623.0,639.0,630.0,629.0,642.0,638.0,634.0,637.0,647.0,635.0,639.0,630.0,632.0,637.0,642.0,637.0,629.0,635.0,647.0,633.0,648.0,642.0,630.0,642.0,647.0,641.0,633.0,652.0,649.0,644.0,636.0,635.0,649.0,645.0,643.0,648.0,649.0,649.0,649.0,643.0,644.0,628.0,649.0,650.0,643.0,652.0,642.0,649.0,640.0,650.0,658.0,645.0,649.0,652.0,649.0,637.0,637.0,645.0,642.0,651.0,647.0,643.0,652.0,642.0,640.0,647.0,648.0,648.0,650.0,659.0,641.0,655.0,639.0,645.0,643.0,643.0,650.0,649.0,648.0,643.0,643.0,650.0,657.0,648.0,658.0,647.0,658.0,663.0,671.0,659.0,658.0,643.0,647.0,650.0,642.0,647.0,661.0,641.0,657.0,641.0,659.0,640.0,652.0,656.0,655.0,648.0,655.0,645.0,665.0,655.0,646.0,660.0,659.0,654.0,665.0,660.0,653.0,659.0,656.0,664.0,651.0,647.0,662.0,664.0,657.0,663.0,666.0,656.0,647.0,651.0,654.0,652.0,652.0,645.0,662.0,653.0,652.0,659.0,651.0,656.0,647.0,655.0,675.0,654.0,656.0,654.0,657.0,668.0,648.0,665.0,667.0,653.0,663.0,663.0,662.0,667.0,663.0,664.0,650.0,665.0,668.0,668.0,672.0,664.0,663.0,658.0,672.0,666.0,667.0,675.0,667.0,665.0,659.0,660.0,643.0,653.0,650.0,662.0,670.0,665.0,675.0,687.0,674.0,673.0,662.0,662.0,654.0,667.0,662.0,657.0,654.0,659.0,653.0,662.0,671.0,667.0,666.0,664.0,670.0,665.0,666.0,643.0,661.0,654.0,653.0,639.0,646.0,646.0,656.0,649.0,654.0,654.0,653.0,667.0,668.0,663.0,654.0,642.0,655.0,643.0,658.0,640.0,646.0,660.0,671.0,650.0,666.0,656.0,659.0,662.0,658.0,658.0,659.0,658.0,651,654.0,645.0,651.0,656.0,662.0,662.0,655.0,644.0,642.0,653.0,660.0,644.0,663.0,663.0,655.0,651.0,658.0,666.0,657.0,662.0,651.0,646.0,648.0,660.0,652.0,650.0,636.0,642.0,634.0,643.0,651.0,645.0,639.0,649.0,640.0,655.0,642.0,642.0,639.0,649.0,644.0,648.0,649.0,653.0,655.0,645.0,648.0,645.0,642.0,640.0,646.0,642.0,641.0,638.0,640.0,640.0,636.0,646.0,645.0,647.0,641.0,644.0,640.0,647.0,629.0,640.0,642.0,635.0,641.0,646.0,646.0,655.0,646.0,641.0,635.0,646.0,645.0,650.0,653.0,650.0,633.0,639.0,641.0,649.0,647.0,649.0,659.0,646.0,645.0,640.0,654.0,638.0,641.0,641.0,640.0,650.0,651.0,655.0,651.0,643.0,647.0,659.0,642.0,642.0
658.0,658.0,664.0,653.0,656.0,661.0,655.0,658.0,651.0,646.0,650.0,656.0,656.0,652.0,654.0,652.0,659.0,670.0,667.0,658.0,655.0,662.0,661.0,650.0,660.0,654.0,658.0,660.0,657.0,660.0,661.0,643.0,653.0,657.0,661.0,659.0,653.0,649.0,646.0,649.0,648.0,651.0,652.0,650.0,647.0,647.0,653.0,652.0,657.0,652.0,657.0,654.0,645.0,665.0,662.0,650.0,648.0,638.0,656.0,652.0,656.0,666.0,662.0,658.0,661.0,655.0,648.0,657.0,655.0,647.0,665.0,649.0,650.0,655.0,667.0,663.0,668.0,673.0,663.0,666.0,662.0,658.0,664.0,674.0,657.0,672.0,669.0,682.0,659.0,670.0,680.0,672.0,668.0,668.0,673.0,668.0,661.0,680.0,658.0,672.0,670.0,663.0,672.0,683.0,668.0,674.0,675.0,677.0,669.0,669.0,683.0,675.0,668.0,675.0,686.0,665.0,679.0,685.0,686.0,678.0,678.0,675.0,680.0,681.0,672.0,677.0,686.0,681.0,685.0,675.0,680.0,690.0,686.0,676.0,683.0,682.0,689.0,703.0,692.0,691.0,681.0,680.0,688.0,684.0,682.0,693.0,681.0,671.0,676.0,678.0,687.0,677.0,693.0,671.0,672.0,685.0,682.0,674.0,693.0,687.0,681.0,682.0,687.0,678.0,685.0,680.0,694.0,685.0,704.0,687.0,684.0,677.0,685.0,686.0,687.0,679.0,699.0,684.0,690.0,680.0,684.0,676.0,675.0,672.0,680.0,676.0,680.0,685.0,679.0,684.0,681.0,684.0,695.0,688.0,689.0,693.0,688.0,701.0,688.0,681.0,698.0,693.0,684.0,678.0,683.0,698.0,687.0,682.0,704.0,692.0,698.0,697.0,702.0,693.0,695.0,700.0,688.0,717.0,695.0,701.0,701.0,681.0,677.0,695.0,689.0,682.0,688.0,692.0,683.0,693.0,692.0,693.0,688.0,683.0,680.0,681.0,681.0,688.0,679.0,692.0,684.0,679.0,680.0,693.0,707.0,692.0,700.0,697.0,703.0,697.0,693.0,681.0,680.0,682.0,686.0,689.0,684.0,671.0,681.0,669.0,677.0,677.0,686.0,689.0,693.0,693.0,695.0,676.0,684.0,668.0,676.0,677.0,669.0,686.0,682.0,674.0,695.0,688.0,685.0,695.0,674.0,684.0,687.0,674.0,679,679.0,675.0,679.0,681.0,679.0,672.0,682.0,678.0,687.0,676.0,690.0,684.0,688.0,684.0,690.0,689.0,693.0,695.0,682.0,690.0,676.0,668.0,687.0,681.0,675.0,672.0,669.0,673.0,663.0,667.0,668.0,663.0,661.0,662.0,660.0,659.0,660.0,670.0,662.0,669.0,662.0,659.0,674.0,675.0,658.0,663.0,664.0,649.0,670.0,662.0,673.0,662.0,673.0,663.0,664.0,661.0,665.0,667.0,665.0,665.0,663.0,671.0,655.0,661.0,665.0,662.0,679.0,659.0,662.0,671.0,660.0,659.0,669.0,663.0,666.0,660.0,661.0,669.0,665.0,674.0,671.0,658.0,666.0,673.0,667.0,671.0,677.0,670.0,657.0,669.0,675.0,673.0,676.0,673.0,665.0,663.0,674.0,685.0,679.0,674.0,667.0,674.0,676.0,675.0
661.0,659.0,674.0,675.0,667.0,672.0,671.0,669.0,665.0,671.0,670.0,668.0,669.0,661.0,675.0,672.0,675.0,685.0,668.0,664.0,668.0,668.0,674.0,675.0,675.0,666.0,669.0,673.0,661.0,677.0,672.0,662.0,676.0,676.0,657.0,676.0,675.0,668.0,667.0,675.0,672.0,668.0,669.0,667.0,671.0,658.0,661.0,674.0,666.0,664.0,667.0,670.0,670.0,677.0,673.0,678.0,669.0,665.0,669.0,671.0,665.0,677.0,673.0,656.0,664.0,672.0,666.0,672.0,667.0,673.0,678.0,683.0,682.0,671.0,684.0,680.0,673.0,689.0,682.0,681.0,689.0,681.0,686.0,679.0,687.0,691.0,690.0,699.0,692.0,679.0,692.0,693.0,697.0,686.0,688.0,694.0,676.0,688.0,679.0,693.0,688.0,687.0,695.0,711.0,688.0,704.0,692.0,693.0,693.0,686.0,689.0,680.0,690.0,690.0,696.0,686.0,706.0,688.0,686.0,693.0,699.0,706.0,695.0,699.0,699.0,712.0,693.0,703.0,691.0,702.0,696.0,695.0,697.0,697.0,691.0,698.0,695.0,709.0,697.0,697.0,692.0,688.0,705.0,705.0,706.0,706.0,706.0,697.0,699.0,689.0,703.0,698.0,716.0,698.0,697.0,697.0,696.0,688.0,704.0,703.0,706.0,713.0,703.0,706.0,708.0,707.0,713.0,711.0,719.0,702.0,705.0,699.0,698.0,719.0,714.0,711.0,711.0,701.0,700.0,699.0,708.0,701.0,706.0,708.0,713.0,695.0,689.0,702.0,700.0,707.0,702.0,702.0,733.0,719.0,714.0,721.0,715.0,717.0,712.0,710.0,723.0,705.0,713.0,717.0,705.0,719.0,717.0,716.0,738.0,717.0,729.0,730.0,744.0,738.0,727.0,737.0,739.0,751.0,738.0,739.0,747.0,726.0,733.0,725.0,727.0,733.0,726.0,737.0,730.0,716.0,731.0,737.0,730.0,722.0,731.0,729.0,726.0,722.0,732.0,736.0,731.0,728.0,730.0,746.0,740.0,747.0,755.0,745.0,757.0,759.0,754.0,744.0,734.0,739.0,748.0,736.0,737.0,731.0,731.0,742.0,739.0,737.0,748.0,761.0,755.0,752.0,739.0,739.0,761.0,747.0,757.0,756.0,736.0,771.0,775.0,779.0,789.0,777.0,779.0,798.0,786.0,780.0,786.0,786.0,791,786.0,794.0,801.0,804.0,801.0,794.0,810.0,816.0,819.0,815.0,832.0,816.0,837.0,817.0,835.0,839.0,854.0,853.0,843.0,850.0,863.0,851.0,880.0,864.0,866.0,880.0,876.0,881.0,882.0,899.0,898.0,902.0,881.0,894.0,930.0,926.0,918.0,939.0,938.0,934.0,946.0,959.0,941.0,996.0,985.0,999.0,994.0,1016.0,1000.0,1029.0,1025.0,1036.0,1034.0,1047.0,1065.0,1057.0,1072.0,1087.0,1076.0,1090.0,1105.0,1104.0,1115.0,1121.0,1166.0,1155.0,1152.0,1169.0,1162.0,1191.0,1192.0,1175.0,1197.0,1212.0,1263.0,1229.0,1239.0,1251.0,1263.0,1249.0,1286.0,1286.0,1290.0,1295.0,1298.0,1335.0,1330.0,1329.0,1333.0,1348.0,1368.0,1336.0,1392.0,1377.0,1403.0,1393.0,1354.0,1409.0,1400.0,1423.0,1410.0,1446.0,1383.0,1436.0
662.0,671.0,675.0,674.0,667.0,669.0,679.0,674.0,674.0,670.0,665.0,658.0,670.0,663.0,674.0,665.0,677.0,685.0,672.0,659.0,667.0,667.0,661.0,662.0,654.0,673.0,681.0,674.0,661.0,668.0,667.0,674.0,675.0,667.0,674.0,676.0,676.0,667.0,672.0,670.0,667.0,668.0,668.0,659.0,665.0,659.0,668.0,675.0,669.0,659.0,661.0,662.0,650.0,668.0,671.0,673.0,657.0,670.0,669.0,669.0,681.0,680.0,665.0,670.0,677.0,667.0,670.0,659.0,666.0,661.0,686.0,682.0,669.0,679.0,689.0,677.0,681.0,688.0,699.0,683.0,674.0,682.0,676.0,681.0,671.0,679.0,704.0,701.0,680.0,691.0,695.0,687.0,685.0,686.0,693.0,695.0,680.0,688.0,680.0,692.0,692.0,690.0,673.0,697.0,687.0,685.0,693.0,681.0,697.0,694.0,694.0,702.0,704.0,701.0,696.0,694.0,698.0,705.0,701.0,701.0,707.0,707.0,699.0,717.0,700.0,704.0,723.0,711.0,696.0,708.0,704.0,709.0,707.0,688.0,709.0,703.0,711.0,726.0,708.0,707.0,698.0,707.0,708.0,703.0,716.0,700.0,704.0,709.0,715.0,698.0,711.0,708.0,722.0,717.0,703.0,713.0,727.0,701.0,712.0,721.0,703.0,739.0,716.0,713.0,717.0,715.0,720.0,726.0,720.0,708.0,717.0,718.0,724.0,724.0,729.0,723.0,733.0,715.0,717.0,706.0,721.0,701.0,718.0,714.0,718.0,708.0,720.0,712.0,723.0,728.0,722.0,717.0,724.0,731.0,742.0,750.0,735.0,741.0,726.0,727.0,720.0,734.0,733.0,731.0,730.0,743.0,749.0,734.0,761.0,749.0,748.0,756.0,756.0,769.0,744.0,763.0,750.0,765.0,776.0,769.0,767.0,754.0,747.0,756.0,767.0,737.0,747.0,749.0,756.0,750.0,745.0,764.0,760.0,749.0,761.0,757.0,756.0,780.0,777.0,767.0,776.0,756.0,770.0,767.0,775.0,788.0,789.0,793.0,794.0,803.0,809.0,810.0,799.0,807.0,808.0,796.0,790.0,794.0,793.0,795.0,809.0,801.0,811.0,821.0,828.0,838.0,828.0,836.0,852.0,844.0,834.0,849.0,856.0,877.0,860.0,874.0,894.0,909.0,895.0,915.0,914.0,910.0,911.0,900.0,921,932.0,928.0,955.0,945.0,953.0,971.0,983.0,967.0,954.0,965.0,1017.0,1002.0,993.0,1016.0,1012.0,1014.0,1049.0,1018.0,1053.0,1070.0,1079.0,1049.0,1070.0,1089.0,1068.0,1092.0,1065.0,1077.0,1092.0,1097.0,1082.0,1098.0,1093.0,1109.0,1123.0,1143.0,1108.0,1117.0,1113.0,1131.0,1140.0,1134.0,1125.0,1150.0,1167.0,1123.0,1145.0,1139.0,1137.0,1151.0,1125.0,1157.0,1155.0,1152.0,1159.0,1162.0,1138.0,1146.0,1132.0,1129.0,1127.0,1160.0,1154.0,1128.0,1167.0,1159.0,1156.0,1140.0,1154.0,1136.0,1112.0,1116.0,1129.0,1125.0,1126.0,1125.0,1146.0,1115.0,1109.0,1112.0,1110.0,1121.0,1117.0,1106.0,1121.0,1090.0,1093.0,1104.0,1105.0,1116.0,1106.0,1101.0,1095.0,1098.0,1089.0,1082.0,1097.0,1093.0,1094.0,1079.0,1069.0,1102.0,1075.0,1079.0
680.0,684.0,683.0,683.0,684.0,686.0,683.0,675.0,687.0,677.0,680.0,682.0,683.0,676.0,688.0,676.0,691.0,697.0,691.0,678.0,683.0,689.0,680.0,680.0,679.0,679.0,673.0,674.0,679.0,687.0,677.0,681.0,678.0,677.0,682.0,682.0,680.0,678.0,682.0,674.0,679.0,676.0,682.0,675.0,675.0,677.0,673.0,683.0,675.0,677.0,681.0,675.0,677.0,678.0,668.0,682.0,685.0,668.0,676.0,689.0,676.0,682.0,690.0,676.0,679.0,675.0,679.0,682.0,694.0,680.0,694.0,682.0,696.0,691.0,696.0,696.0,694.0,708.0,711.0,702.0,694.0,700.0,703.0,702.0,701.0,709.0,718.0,719.0,693.0,715.0,700.0,704.0,709.0,705.0,708.0,712.0,697.0,713.0,696.0,707.0,716.0,713.0,707.0,728.0,716.0,723.0,717.0,715.0,705.0,721.0,726.0,708.0,711.0,718.0,724.0,712.0,727.0,721.0,718.0,727.0,715.0,725.0,722.0,719.0,729.0,731.0,724.0,718.0,719.0,732.0,715.0,736.0,724.0,714.0,727.0,723.0,726.0,730.0,746.0,726.0,725.0,727.0,723.0,723.0,719.0,727.0,727.0,726.0,729.0,720.0,721.0,719.0,738.0,720.0,725.0,727.0,733.0,735.0,732.0,729.0,738.0,733.0,732.0,725.0,735.0,727.0,755.0,748.0,749.0,729.0,733.0,721.0,736.0,730.0,742.0,732.0,736.0,725.0,726.0,727.0,713.0,715.0,717.0,709.0,715.0,725.0,722.0,730.0,722.0,736.0,729.0,730.0,739.0,731.0,740.0,753.0,730.0,734.0,734.0,735.0,734.0,735.0,731.0,736.0,730.0,741.0,744.0,727.0,752.0,749.0,752.0,754.0,746.0,751.0,759.0,750.0,748.0,745.0,748.0,745.0,752.0,740.0,728.0,744.0,717.0,725.0,732.0,728.0,733.0,720.0,731.0,731.0,730.0,734.0,724.0,722.0,720.0,719.0,735.0,722.0,723.0,722.0,719.0,731.0,739.0,738.0,744.0,741.0,748.0,742.0,732.0,726.0,732.0,726.0,719.0,714.0,712.0,699.0,699.0,694.0,712.0,706.0,716.0,716.0,725.0,712.0,716.0,697.0,721.0,699.0,700.0,707.0,706.0,717.0,724.0,713.0,735.0,728.0,720.0,735.0,719.0,720.0,718.0,706.0,713,720.0,717.0,713.0,731.0,714.0,708.0,710.0,716.0,706.0,705.0,721.0,709.0,719.0,726.0,728.0,722.0,721.0,710.0,727.0,721.0,703.0,714.0,717.0,690.0,691.0,684.0,687.0,682.0,688.0,694.0,684.0,691.0,675.0,680.0,693.0,686.0,685.0,683.0,688.0,702.0,672.0,683.0,683.0,684.0,677.0,677.0,677.0,684.0,682.0,677.0,680.0,667.0,680.0,672.0,671.0,688.0,674.0,677.0,681.0,684.0,668.0,680.0,674.0,675.0,681.0,664.0,683.0,689.0,671.0,673.0,678.0,691.0,678.0,673.0,673.0,679.0,669.0,678.0,675.0,675.0,678.0,685.0,681.0,689.0,680.0,685.0,688.0,673.0,675.0,675.0,682.0,669.0,687.0,680.0,681.0,680.0,678.0,684.0,677.0,686.0,689.0,678.0,676.0,677.0
679.0,691.0,690.0,692.0,674.0,686.0,677.0,679.0,684.0,673.0,684.0,682.0,684.0,672.0,680.0,683.0,680.0,709.0,682.0,677.0,680.0,691.0,673.0,675.0,673.0,677.0,677.0,687.0,678.0,672.0,686.0,670.0,672.0,682.0,677.0,682.0,679.0,672.0,678.0,668.0,669.0,678.0,672.0,666.0,671.0,671.0,662.0,668.0,677.0,670.0,679.0,670.0,665.0,670.0,686.0,687.0,674.0,667.0,676.0,672.0,682.0,686.0,675.0,671.0,672.0,677.0,683.0,678.0,680.0,682.0,689.0,691.0,702.0,691.0,687.0,694.0,694.0,704.0,703.0,703.0,685.0,682.0,693.0,687.0,691.0,699.0,699.0,718.0,699.0,701.0,706.0,688.0,709.0,699.0,707.0,695.0,704.0,696.0,694.0,706.0,700.0,704.0,702.0,718.0,720.0,716.0,714.0,706.0,697.0,723.0,706.0,701.0,720.0,723.0,707.0,712.0,710.0,721.0,719.0,712.0,700.0,725.0,712.0,717.0,721.0,713.0,713.0,721.0,721.0,717.0,728.0,706.0,710.0,708.0,711.0,723.0,716.0,737.0,727.0,727.0,705.0,723.0,705.0,713.0,710.0,717.0,720.0,713.0,718.0,714.0,730.0,709.0,717.0,713.0,713.0,719.0,723.0,716.0,719.0,717.0,729.0,720.0,723.0,716.0,735.0,722.0,731.0,732.0,745.0,722.0,713.0,722.0,722.0,735.0,723.0,716.0,723.0,724.0,722.0,717.0,706.0,699.0,705.0,707.0,707.0,715.0,715.0,723.0,708.0,733.0,719.0,728.0,729.0,720.0,723.0,732.0,728.0,735.0,723.0,730.0,734.0,725.0,727.0,730.0,708.0,742.0,728.0,731.0,738.0,728.0,747.0,743.0,749.0,723.0,738.0,743.0,732.0,741.0,751.0,737.0,729.0,734.0,732.0,720.0,717.0,725.0,717.0,730.0,739.0,719.0,710.0,720.0,711.0,727.0,721.0,719.0,720.0,716.0,719.0,725.0,710.0,713.0,725.0,732.0,751.0,728.0,728.0,738.0,729.0,733.0,715.0,721.0,707.0,722.0,710.0,710.0,710.0,700.0,704.0,699.0,699.0,699.0,707.0,713.0,723.0,716.0,712.0,700.0,701.0,696.0,710.0,710.0,700.0,712.0,711.0,725.0,718.0,722.0,726.0,717.0,719.0,711.0,700.0,711.0,715,715.0,715.0,719.0,715.0,719.0,711.0,712.0,702.0,715.0,718.0,721.0,716.0,723.0,725.0,728.0,716.0,723.0,712.0,715.0,723.0,716.0,701.0,710.0,706.0,699.0,699.0,691.0,694.0,676.0,680.0,688.0,683.0,688.0,687.0,678.0,693.0,693.0,677.0,688.0,690.0,689.0,691.0,687.0,687.0,682.0,687.0,691.0,681.0,684.0,688.0,685.0,679.0,692.0,682.0,681.0,680.0,692.0,678.0,676.0,695.0,686.0,698.0,675.0,678.0,686.0,696.0,681.0,686.0,699.0,691.0,688.0,685.0,695.0,692.0,693.0,687.0,686.0,686.0,687.0,690.0,685.0,685.0,692.0,710.0,693.0,704.0,689.0,700.0,698.0,700.0,707.0,708.0,700.0,693.0,711.0,695.0,704.0,701.0,692.0,703.0,706.0,703.0,708.0,700.0
674.0,679.0,673.0,678.0,678.0,672.0,667.0,669.0,677.0,664.0,668.0,667.0,669.0,662.0,672.0,675.0,686.0,698.0,683.0,669.0,668.0,679.0,681.0,669.0,675.0,674.0,688.0,678.0,673.0,676.0,677.0,672.0,665.0,669.0,681.0,674.0,677.0,673.0,667.0,669.0,673.0,668.0,675.0,678.0,676.0,677.0,677.0,662.0,664.0,671.0,676.0,668.0,665.0,659.0,666.0,684.0,663.0,670.0,681.0,676.0,664.0,681.0,688.0,664.0,679.0,672.0,683.0,664.0,687.0,673.0,688.0,686.0,685.0,683.0,683.0,683.0,686.0,715.0,705.0,689.0,689.0,694.0,686.0,690.0,701.0,695.0,708.0,695.0,689.0,690.0,694.0,696.0,694.0,709.0,694.0,707.0,682.0,702.0,691.0,695.0,699.0,700.0,708.0,713.0,712.0,696.0,703.0,700.0,700.0,701.0,704.0,699.0,704.0,708.0,703.0,703.0,696.0,707.0,715.0,718.0,710.0,711.0,720.0,717.0,718.0,715.0,714.0,702.0,712.0,720.0,717.0,712.0,714.0,708.0,708.0,717.0,710.0,721.0,746.0,724.0,709.0,710.0,710.0,714.0,714.0,716.0,716.0,705.0,700.0,709.0,709.0,709.0,721.0,729.0,728.0,699.0,731.0,712.0,724.0,734.0,726.0,725.0,717.0,726.0,737.0,715.0,726.0,723.0,720.0,718.0,708.0,721.0,721.0,728.0,723.0,722.0,726.0,717.0,722.0,706.0,700.0,705.0,708.0,699.0,709.0,703.0,701.0,704.0,704.0,717.0,717.0,721.0,728.0,736.0,728.0,729.0,725.0,740.0,721.0,726.0,729.0,719.0,726.0,723.0,717.0,719.0,715.0,727.0,737.0,733.0,749.0,741.0,746.0,739.0,749.0,726.0,748.0,744.0,753.0,742.0,739.0,733.0,730.0,727.0,725.0,732.0,717.0,734.0,726.0,735.0,720.0,726.0,712.0,713.0,727.0,716.0,718.0,717.0,726.0,726.0,733.0,714.0,728.0,753.0,738.0,740.0,743.0,731.0,742.0,725.0,734.0,724.0,722.0,714.0,718.0,727.0,718.0,702.0,713.0,706.0,709.0,720.0,714.0,730.0,732.0,736.0,720.0,708.0,737.0,699.0,730.0,719.0,719.0,740.0,748.0,749.0,751.0,740.0,746.0,743.0,753.0,744.0,732.0,739.0,731,726.0,739.0,729.0,732.0,724.0,739.0,733.0,726.0,736.0,736.0,732.0,729.0,756.0,736.0,745.0,741.0,760.0,743.0,752.0,739.0,730.0,731.0,737.0,722.0,719.0,721.0,723.0,729.0,718.0,723.0,716.0,712.0,720.0,724.0,730.0,727.0,722.0,718.0,721.0,721.0,720.0,717.0,723.0,727.0,724.0,728.0,726.0,710.0,714.0,715.0,715.0,721.0,720.0,704.0,718.0,723.0,726.0,720.0,717.0,724.0,722.0,728.0,730.0,718.0,725.0,745.0,731.0,732.0,733.0,728.0,733.0,743.0,736.0,730.0,735.0,729.0,736.0,748.0,737.0,737.0,738.0,735.0,737.0,746.0,752.0,735.0,743.0,744.0,743.0,753.0,748.0,749.0,758.0,757.0,750.0,771.0,752.0,759.0,756.0,744.0,756.0,753.0,746.0,756.0
644.0,650.0,656.0,659.0,649.0,657.0,648.0,659.0,660.0,636.0,648.0,648.0,650.0,645.0,656.0,640.0,658.0,668.0,659.0,655.0,646.0,651.0,640.0,654.0,642.0,647.0,649.0,651.0,641.0,660.0,652.0,649.0,641.0,640.0,647.0,648.0,638.0,646.0,652.0,648.0,640.0,645.0,640.0,647.0,646.0,645.0,646.0,645.0,640.0,654.0,648.0,647.0,650.0,636.0,649.0,649.0,639.0,645.0,648.0,651.0,645.0,647.0,653.0,651.0,652.0,654.0,647.0,650.0,648.0,648.0,653.0,648.0,650.0,644.0,649.0,648.0,653.0,661.0,659.0,660.0,653.0,645.0,649.0,653.0,652.0,664.0,658.0,657.0,648.0,665.0,654.0,668.0,651.0,666.0,668.0,651.0,659.0,662.0,660.0,661.0,664.0,652.0,657.0,666.0,666.0,671.0,661.0,660.0,656.0,659.0,659.0,661.0,672.0,670.0,670.0,659.0,669.0,669.0,661.0,664.0,658.0,662.0,670.0,667.0,666.0,663.0,668.0,665.0,664.0,666.0,666.0,673.0,668.0,663.0,674.0,667.0,675.0,678.0,679.0,671.0,678.0,664.0,674.0,671.0,663.0,669.0,670.0,679.0,665.0,671.0,686.0,662.0,666.0,664.0,663.0,661.0,676.0,673.0,669.0,672.0,685.0,672.0,676.0,673.0,682.0,674.0,672.0,680.0,667.0,674.0,690.0,674.0,677.0,681.0,684.0,682.0,677.0,682.0,680.0,663.0,678.0,674.0,668.0,661.0,660.0,659.0,677.0,668.0,667.0,677.0,669.0,670.0,675.0,674.0,660.0,675.0,672.0,683.0,667.0,674.0,677.0,662.0,669.0,670.0,677.0,666.0,676.0,672.0,690.0,673.0,677.0,677.0,686.0,677.0,677.0,674.0,675.0,686.0,685.0,679.0,690.0,668.0,671.0,672.0,672.0,678.0,680.0,671.0,686.0,668.0,681.0,673.0,668.0,677.0,682.0,682.0,674.0,681.0,671.0,661.0,677.0,667.0,672.0,668.0,677.0,694.0,684.0,690.0,689.0,681.0,686.0,681.0,663.0,671.0,662.0,663.0,670.0,652.0,665.0,660.0,669.0,669.0,681.0,674.0,696.0,678.0,672.0,672.0,667.0,655.0,667.0,672.0,663.0,669.0,678.0,664.0,683.0,675.0,680.0,667.0,673.0,673.0,665.0,662.0,666,665.0,661.0,670.0,659.0,666.0,673.0,669.0,658.0,671.0,668.0,687.0,669.0,679.0,673.0,677.0,664.0,679.0,661.0,678.0,658.0,668.0,661.0,669.0,658.0,668.0,655.0,646.0,658.0,646.0,658.0,646.0,658.0,658.0,658.0,650.0,653.0,643.0,649.0,654.0,653.0,654.0,649.0,648.0,659.0,644.0,650.0,657.0,641.0,646.0,645.0,650.0,647.0,652.0,646.0,649.0,648.0,647.0,645.0,643.0,654.0,645.0,649.0,642.0,640.0,647.0,648.0,646.0,650.0,646.0,653.0,645.0,651.0,653.0,649.0,638.0,651.0,642.0,653.0,641.0,647.0,644.0,643.0,636.0,646.0,650.0,659.0,653.0,646.0,644.0,646.0,654.0,640.0,648.0,645.0,644.0,648.0,652.0,649.0,652.0,640.0,654.0,647.0,649.0,642.0
656.0,656.0,654.0,649.0,650.0,660.0,649.0,654.0,648.0,645.0,651.0,656.0,654.0,638.0,660.0,654.0,651.0,670.0,659.0,647.0,650.0,655.0,652.0,638.0,643.0,646.0,652.0,644.0,649.0,651.0,652.0,638.0,656.0,650.0,643.0,639.0,653.0,651.0,647.0,646.0,656.0,644.0,645.0,646.0,647.0,644.0,640.0,652.0,635.0,639.0,647.0,642.0,641.0,638.0,648.0,651.0,641.0,636.0,648.0,638.0,644.0,651.0,647.0,650.0,643.0,642.0,643.0,648.0,652.0,642.0,659.0,645.0,646.0,655.0,656.0,640.0,649.0,667.0,667.0,655.0,658.0,643.0,649.0,657.0,647.0,662.0,659.0,659.0,648.0,674.0,668.0,664.0,666.0,658.0,647.0,663.0,651.0,682.0,652.0,670.0,665.0,665.0,653.0,677.0,661.0,662.0,659.0,665.0,658.0,667.0,660.0,664.0,661.0,669.0,668.0,662.0,657.0,676.0,671.0,676.0,661.0,676.0,664.0,664.0,685.0,665.0,678.0,670.0,669.0,676.0,661.0,674.0,670.0,664.0,668.0,664.0,670.0,670.0,671.0,667.0,667.0,672.0,682.0,667.0,658.0,673.0,660.0,670.0,675.0,665.0,674.0,669.0,672.0,678.0,674.0,659.0,678.0,666.0,671.0,676.0,679.0,676.0,672.0,666.0,680.0,666.0,675.0,676.0,682.0,672.0,683.0,667.0,662.0,675.0,667.0,662.0,679.0,680.0,671.0,661.0,666.0,661.0,660.0,656.0,655.0,671.0,667.0,678.0,666.0,671.0,667.0,666.0,676.0,682.0,674.0,689.0,679.0,681.0,682.0,686.0,679.0,671.0,673.0,670.0,664.0,685.0,682.0,673.0,692.0,671.0,687.0,692.0,682.0,675.0,690.0,679.0,690.0,688.0,681.0,682.0,680.0,674.0,671.0,681.0,686.0,678.0,678.0,679.0,679.0,674.0,669.0,664.0,667.0,681.0,677.0,679.0,685.0,669.0,671.0,665.0,674.0,663.0,664.0,676.0,678.0,677.0,675.0,673.0,684.0,685.0,685.0,662.0,664.0,664.0,668.0,664.0,663.0,652.0,659.0,655.0,659.0,656.0,662.0,661.0,661.0,658.0,656.0,653.0,662.0,657.0,667.0,663.0,657.0,666.0,671.0,662.0,681.0,668.0,674.0,672.0,678.0,669.0,668.0,653.0,662,663.0,659.0,660.0,664.0,666.0,662.0,658.0,659.0,668.0,668.0,669.0,665.0,676.0,672.0,662.0,668.0,670.0,665.0,678.0,670.0,667.0,662.0,667.0,648.0,648.0,657.0,643.0,644.0,648.0,646.0,645.0,652.0,651.0,645.0,650.0,646.0,645.0,652.0,644.0,647.0,655.0,641.0,647.0,648.0,651.0,649.0,645.0,647.0,645.0,648.0,642.0,631.0,640.0,631.0,643.0,640.0,645.0,634.0,638.0,646.0,633.0,646.0,636.0,641.0,645.0,637.0,647.0,639.0,643.0,640.0,639.0,648.0,636.0,643.0,639.0,647.0,637.0,643.0,636.0,644.0,643.0,648.0,642.0,649.0,646.0,648.0,643.0,644.0,646.0,648.0,633.0,636.0,646.0,648.0,646.0,646.0,646.0,643.0,643.0,642.0,634.0,640.0,631.0,634.0
656.0,659.0,656.0,655.0,651.0,654.0,653.0,647.0,653.0,650.0,652.0,649.0,647.0,649.0,649.0,652.0,654.0,677.0,659.0,646.0,647.0,648.0,646.0,653.0,654.0,657.0,647.0,641.0,651.0,652.0,649.0,640.0,656.0,656.0,647.0,646.0,652.0,647.0,654.0,658.0,646.0,649.0,648.0,648.0,654.0,652.0,652.0,656.0,646.0,645.0,642.0,643.0,642.0,651.0,649.0,651.0,643.0,647.0,652.0,651.0,643.0,654.0,650.0,649.0,652.0,642.0,651.0,640.0,653.0,646.0,656.0,662.0,664.0,651.0,659.0,653.0,657.0,664.0,662.0,658.0,657.0,651.0,657.0,656.0,656.0,667.0,664.0,682.0,650.0,660.0,662.0,660.0,672.0,676.0,668.0,661.0,650.0,665.0,652.0,661.0,662.0,666.0,659.0,680.0,668.0,668.0,675.0,668.0,664.0,669.0,667.0,668.0,664.0,664.0,667.0,664.0,671.0,684.0,679.0,671.0,671.0,685.0,674.0,675.0,659.0,673.0,675.0,677.0,668.0,674.0,672.0,682.0,664.0,665.0,681.0,674.0,673.0,681.0,681.0,683.0,669.0,663.0,678.0,675.0,670.0,679.0,682.0,667.0,673.0,668.0,673.0,663.0,677.0,670.0,675.0,677.0,672.0,673.0,684.0,681.0,679.0,680.0,680.0,672.0,677.0,685.0,681.0,677.0,681.0,677.0,682.0,673.0,670.0,676.0,670.0,679.0,690.0,680.0,681.0,666.0,668.0,665.0,674.0,670.0,670.0,665.0,669.0,678.0,666.0,673.0,674.0,667.0,685.0,683.0,670.0,680.0,667.0,686.0,679.0,680.0,677.0,680.0,678.0,682.0,672.0,672.0,680.0,676.0,691.0,690.0,699.0,675.0,685.0,686.0,685.0,680.0,677.0,693.0,688.0,690.0,681.0,681.0,671.0,688.0,673.0,674.0,673.0,675.0,686.0,677.0,672.0,683.0,667.0,674.0,669.0,668.0,676.0,678.0,666.0,668.0,677.0,674.0,673.0,680.0,677.0,689.0,685.0,688.0,689.0,682.0,688.0,680.0,679.0,665.0,670.0,667.0,676.0,656.0,661.0,661.0,668.0,670.0,668.0,666.0,682.0,668.0,666.0,653.0,674.0,668.0,660.0,657.0,655.0,671.0,673.0,667.0,680.0,679.0,685.0,673.0,676.0,666.0,671.0,677.0,670,669.0,652.0,669.0,669.0,670.0,674.0,667.0,660.0,682.0,667.0,674.0,671.0,683.0,676.0,686.0,673.0,672.0,674.0,668.0,674.0,664.0,661.0,664.0,665.0,665.0,660.0,648.0,664.0,647.0,649.0,661.0,643.0,657.0,649.0,644.0,662.0,652.0,650.0,651.0,654.0,649.0,661.0,651.0,659.0,647.0,652.0,650.0,645.0,645.0,642.0,660.0,654.0,655.0,646.0,641.0,648.0,651.0,642.0,642.0,650.0,647.0,651.0,643.0,648.0,651.0,645.0,647.0,647.0,647.0,649.0,647.0,653.0,645.0,649.0,646.0,652.0,656.0,656.0,649.0,651.0,648.0,648.0,654.0,651.0,654.0,648.0,652.0,652.0,657.0,651.0,648.0,651.0,653.0,655.0,648.0,651.0,647.0,654.0,652.0,646.0,650.0,648.0,648.0,650.0
654.0,649.0,653.0,645.0,648.0,647.0,653.0,640.0,645.0,633.0,648.0,657.0,638.0,647.0,650.0,644.0,654.0,672.0,657.0,637.0,642.0,652.0,641.0,642.0,646.0,645.0,641.0,643.0,639.0,643.0,645.0,640.0,639.0,639.0,652.0,634.0,651.0,643.0,662.0,659.0,653.0,644.0,652.0,637.0,636.0,639.0,634.0,636.0,642.0,641.0,631.0,643.0,633.0,642.0,641.0,645.0,641.0,632.0,640.0,644.0,640.0,646.0,640.0,643.0,642.0,629.0,636.0,634.0,640.0,645.0,648.0,643.0,644.0,643.0,639.0,643.0,647.0,641.0,642.0,641.0,641.0,635.0,648.0,645.0,650.0,651.0,647.0,655.0,653.0,647.0,652.0,650.0,651.0,648.0,661.0,651.0,646.0,651.0,645.0,651.0,651.0,641.0,643.0,667.0,653.0,666.0,661.0,646.0,660.0,650.0,652.0,654.0,655.0,639.0,642.0,645.0,651.0,657.0,673.0,652.0,646.0,653.0,650.0,651.0,643.0,654.0,653.0,651.0,666.0,647.0,655.0,658.0,651.0,650.0,658.0,659.0,657.0,672.0,664.0,647.0,656.0,648.0,657.0,651.0,661.0,651.0,652.0,658.0,658.0,654.0,652.0,658.0,661.0,653.0,656.0,651.0,670.0,655.0,662.0,663.0,662.0,654.0,668.0,654.0,662.0,657.0,661.0,658.0,674.0,653.0,660.0,658.0,659.0,667.0,663.0,669.0,667.0,677.0,670.0,661.0,669.0,667.0,657.0,674.0,660.0,661.0,652.0,668.0,664.0,661.0,660.0,648.0,685.0,663.0,662.0,674.0,666.0,671.0,673.0,671.0,668.0,665.0,666.0,671.0,656.0,667.0,662.0,658.0,674.0,692.0,684.0,677.0,668.0,672.0,666.0,681.0,691.0,686.0,683.0,673.0,688.0,690.0,680.0,676.0,669.0,664.0,682.0,674.0,705.0,696.0,716.0,724.0,715.0,703.0,685.0,683.0,668.0,673.0,672.0,666.0,657.0,664.0,676.0,664.0,679.0,680.0,679.0,693.0,681.0,667.0,663.0,671.0,658.0,672.0,669.0,674.0,657.0,655.0,642.0,653.0,660.0,643.0,655.0,656.0,660.0,663.0,647.0,647.0,661.0,646.0,648.0,663.0,643.0,660.0,660.0,656.0,680.0,656.0,674.0,653.0,672.0,664.0,652.0,657.0,673,664.0,656.0,663.0,652.0,668.0,668.0,664.0,661.0,653.0,664.0,669.0,656.0,671.0,663.0,666.0,673.0,665.0,654.0,657.0,663.0,669.0,652.0,657.0,649.0,654.0,652.0,649.0,653.0,649.0,659.0,649.0,648.0,639.0,648.0,639.0,647.0,648.0,649.0,651.0,648.0,652.0,641.0,655.0,646.0,647.0,642.0,635.0,646.0,646.0,639.0,642.0,634.0,647.0,643.0,639.0,643.0,645.0,645.0,630.0,647.0,636.0,636.0,642.0,636.0,649.0,648.0,655.0,644.0,650.0,646.0,633.0,649.0,650.0,646.0,641.0,634.0,638.0,641.0,635.0,644.0,646.0,640.0,651.0,650.0,652.0,649.0,645.0,643.0,642.0,649.0,653.0,642.0,647.0,654.0,639.0,653.0,657.0,648.0,647.0,646.0,643.0,659.0,642.0,647.0
666.0,662.0,669.0,660.0,672.0,669.0,655.0,657.0,657.0,660.0,665.0,663.0,654.0,661.0,658.0,654.0,663.0,669.0,667.0,660.0,663.0,675.0,659.0,659.0,660.0,664.0,661.0,658.0,654.0,667.0,660.0,656.0,658.0,659.0,672.0,668.0,658.0,653.0,658.0,654.0,658.0,649.0,653.0,659.0,652.0,648.0,647.0,657.0,664.0,660.0,658.0,660.0,657.0,662.0,659.0,660.0,665.0,651.0,657.0,660.0,656.0,670.0,668.0,671.0,662.0,658.0,659.0,666.0,661.0,652.0,676.0,662.0,670.0,669.0,677.0,672.0,670.0,684.0,686.0,679.0,679.0,666.0,671.0,675.0,676.0,687.0,686.0,690.0,666.0,681.0,679.0,688.0,677.0,677.0,675.0,672.0,667.0,695.0,670.0,677.0,683.0,677.0,675.0,695.0,687.0,683.0,689.0,688.0,685.0,682.0,689.0,681.0,679.0,684.0,702.0,677.0,689.0,689.0,692.0,689.0,685.0,692.0,683.0,692.0,692.0,694.0,694.0,693.0,693.0,692.0,694.0,702.0,696.0,683.0,699.0,693.0,691.0,722.0,701.0,695.0,692.0,694.0,694.0,698.0,690.0,709.0,694.0,685.0,691.0,690.0,709.0,697.0,703.0,684.0,694.0,700.0,697.0,690.0,703.0,702.0,698.0,697.0,698.0,700.0,689.0,694.0,707.0,699.0,715.0,695.0,693.0,697.0,701.0,695.0,703.0,703.0,704.0,683.0,701.0,680.0,695.0,691.0,687.0,679.0,689.0,687.0,696.0,697.0,685.0,689.0,699.0,694.0,708.0,700.0,704.0,713.0,695.0,713.0,700.0,703.0,708.0,699.0,688.0,693.0,701.0,704.0,708.0,709.0,722.0,711.0,714.0,714.0,709.0,714.0,709.0,723.0,715.0,718.0,718.0,725.0,718.0,693.0,704.0,706.0,688.0,695.0,690.0,715.0,695.0,700.0,706.0,700.0,693.0,699.0,690.0,693.0,695.0,694.0,702.0,700.0,701.0,696.0,702.0,710.0,725.0,710.0,711.0,712.0,723.0,705.0,706.0,694.0,696.0,691.0,696.0,692.0,699.0,681.0,683.0,672.0,689.0,689.0,700.0,695.0,705.0,714.0,715.0,694.0,692.0,682.0,680.0,687.0,679.0,690.0,689.0,680.0,703.0,698.0,699.0,702.0,694.0,691.0,692.0,688.0,691,696.0,682.0,692.0,683.0,684.0,675.0,686.0,691.0,701.0,685.0,693.0,692.0,700.0,694.0,696.0,692.0,700.0,699.0,690.0,687.0,696.0,671.0,684.0,680.0,682.0,681.0,671.0,672.0,668.0,668.0,671.0,665.0,670.0,657.0,667.0,661.0,665.0,668.0,666.0,663.0,674.0,657.0,666.0,676.0,666.0,660.0,663.0,660.0,664.0,660.0,668.0,662.0,665.0,668.0,664.0,663.0,666.0,665.0,663.0,660.0,652.0,666.0,660.0,656.0,663.0,652.0,672.0,664.0,667.0,662.0,659.0,666.0,663.0,662.0,664.0,660.0,663.0,668.0,659.0,663.0,668.0,668.0,662.0,669.0,661.0,671.0,671.0,664.0,655.0,667.0,667.0,671.0,671.0,662.0,665.0,663.0,667.0,675.0,673.0,669.0,663.0,673.0,668.0,666.0
654.0,666.0,666.0,676.0,664.0,672.0,665.0,669.0,666.0,667.0,661.0,658.0,658.0,653.0,666.0,668.0,664.0,678.0,660.0,660.0,660.0,666.0,672.0,666.0,667.0,662.0,665.0,663.0,664.0,666.0,666.0,658.0,668.0,663.0,658.0,659.0,661.0,650.0,663.0,665.0,654.0,662.0,665.0,655.0,660.0,658.0,661.0,660.0,657.0,658.0,661.0,660.0,666.0,660.0,655.0,672.0,658.0,649.0,654.0,667.0,662.0,671.0,657.0,665.0,665.0,669.0,655.0,659.0,661.0,655.0,669.0,674.0,667.0,653.0,669.0,666.0,669.0,678.0,676.0,659.0,665.0,664.0,673.0,675.0,678.0,690.0,682.0,685.0,673.0,676.0,683.0,675.0,671.0,674.0,679.0,673.0,658.0,675.0,665.0,669.0,687.0,676.0,679.0,689.0,688.0,684.0,677.0,675.0,676.0,677.0,685.0,677.0,678.0,678.0,679.0,663.0,682.0,687.0,675.0,681.0,683.0,687.0,679.0,685.0,685.0,691.0,678.0,682.0,673.0,683.0,679.0,672.0,683.0,674.0,683.0,686.0,689.0,691.0,694.0,684.0,675.0,679.0,685.0,685.0,681.0,684.0,685.0,681.0,684.0,673.0,683.0,681.0,685.0,678.0,684.0,693.0,687.0,681.0,698.0,692.0,682.0,704.0,685.0,686.0,691.0,689.0,692.0,692.0,694.0,690.0,676.0,684.0,690.0,692.0,689.0,690.0,686.0,693.0,685.0,681.0,688.0,677.0,680.0,673.0,678.0,688.0,683.0,684.0,681.0,681.0,682.0,688.0,708.0,686.0,700.0,686.0,681.0,701.0,689.0,697.0,701.0,673.0,685.0,695.0,687.0,689.0,691.0,694.0,711.0,688.0,709.0,707.0,714.0,706.0,696.0,704.0,696.0,707.0,700.0,701.0,694.0,698.0,697.0,690.0,699.0,694.0,686.0,695.0,686.0,684.0,689.0,690.0,699.0,697.0,688.0,691.0,680.0,703.0,687.0,685.0,687.0,678.0,684.0,691.0,696.0,698.0,696.0,701.0,707.0,693.0,689.0,673.0,692.0,684.0,680.0,681.0,683.0,679.0,673.0,681.0,671.0,691.0,683.0,686.0,685.0,683.0,672.0,668.0,675.0,668.0,683.0,683.0,671.0,681.0,682.0,679.0,701.0,686.0,683.0,689.0,687.0,686.0,696.0,678.0,695,685.0,684.0,687.0,690.0,683.0,676.0,689.0,683.0,675.0,679.0,680.0,682.0,702.0,682.0,695.0,685.0,692.0,679.0,691.0,683.0,684.0,674.0,681.0,674.0,677.0,666.0,672.0,670.0,670.0,669.0,669.0,667.0,670.0,668.0,672.0,664.0,657.0,667.0,666.0,670.0,671.0,662.0,666.0,667.0,662.0,665.0,676.0,666.0,667.0,661.0,674.0,665.0,672.0,675.0,674.0,664.0,666.0,669.0,668.0,675.0,661.0,662.0,661.0,669.0,675.0,684.0,681.0,652.0,669.0,672.0,669.0,671.0,663.0,672.0,673.0,672.0,669.0,674.0,672.0,674.0,666.0,669.0,673.0,683.0,662.0,679.0,684.0,680.0,669.0,675.0,678.0,673.0,675.0,675.0,667.0,685.0,677.0,670.0,680.0,663.0,670.0,675.0,664.0,664.0
659.0,657.0,656.0,656.0,661.0,660.0,665.0,660.0,658.0,665.0,655.0,658.0,659.0,650.0,653.0,652.0,661.0,667.0,671.0,662.0,653.0,669.0,653.0,657.0,658.0,659.0,683.0,655.0,659.0,665.0,663.0,657.0,656.0,665.0,658.0,657.0,660.0,660.0,654.0,656.0,665.0,649.0,654.0,649.0,655.0,653.0,653.0,655.0,654.0,642.0,646.0,654.0,647.0,652.0,663.0,667.0,653.0,660.0,656.0,654.0,657.0,661.0,654.0,658.0,666.0,653.0,650.0,648.0,678.0,657.0,668.0,670.0,674.0,658.0,675.0,664.0,664.0,673.0,680.0,669.0,661.0,668.0,655.0,671.0,664.0,670.0,679.0,687.0,671.0,671.0,676.0,680.0,680.0,672.0,682.0,688.0,665.0,675.0,667.0,665.0,684.0,675.0,668.0,691.0,684.0,681.0,679.0,675.0,668.0,679.0,692.0,690.0,678.0,686.0,686.0,675.0,674.0,687.0,690.0,680.0,672.0,691.0,684.0,679.0,682.0,681.0,689.0,689.0,674.0,688.0,681.0,683.0,685.0,676.0,688.0,689.0,689.0,683.0,676.0,675.0,689.0,675.0,689.0,680.0,675.0,692.0,676.0,682.0,683.0,677.0,677.0,693.0,686.0,680.0,685.0,687.0,689.0,682.0,694.0,699.0,692.0,702.0,689.0,700.0,677.0,695.0,694.0,693.0,689.0,681.0,689.0,683.0,696.0,692.0,685.0,683.0,679.0,677.0,685.0,666.0,680.0,682.0,673.0,666.0,685.0,681.0,677.0,697.0,674.0,685.0,692.0,689.0,708.0,706.0,710.0,710.0,708.0,697.0,701.0,697.0,684.0,695.0,687.0,689.0,696.0,698.0,698.0,704.0,704.0,711.0,717.0,715.0,712.0,700.0,715.0,715.0,723.0,713.0,713.0,719.0,714.0,703.0,690.0,706.0,699.0,705.0,709.0,701.0,705.0,698.0,696.0,691.0,708.0,700.0,691.0,686.0,702.0,698.0,705.0,696.0,694.0,695.0,694.0,704.0,715.0,710.0,711.0,712.0,719.0,701.0,707.0,701.0,714.0,712.0,704.0,709.0,687.0,682.0,675.0,685.0,687.0,687.0,688.0,694.0,700.0,689.0,683.0,691.0,705.0,684.0,686.0,705.0,698.0,702.0,701.0,701.0,719.0,719.0,700.0,708.0,717.0,708.0,702.0,705.0,715,719.0,713.0,718.0,714.0,709.0,735.0,719.0,721.0,723.0,721.0,729.0,718.0,730.0,731.0,735.0,735.0,739.0,721.0,750.0,726.0,734.0,734.0,738.0,725.0,726.0,718.0,710.0,720.0,721.0,725.0,727.0,726.0,719.0,721.0,713.0,729.0,719.0,722.0,725.0,723.0,726.0,717.0,725.0,725.0,722.0,723.0,721.0,725.0,719.0,718.0,719.0,721.0,725.0,722.0,730.0,739.0,718.0,721.0,717.0,720.0,718.0,719.0,726.0,724.0,734.0,728.0,731.0,724.0,725.0,723.0,719.0,734.0,740.0,719.0,717.0,721.0,748.0,717.0,732.0,722.0,717.0,727.0,738.0,735.0,721.0,727.0,723.0,730.0,727.0,725.0,737.0,727.0,720.0,728.0,735.0,727.0,722.0,714.0,728.0,722.0,721.0,733.0,731.0,731.0
654.0,660.0,664.0,656.0,662.0,660.0,656.0,657.0,653.0,650.0,656.0,656.0,656.0,653.0,658.0,652.0,656.0,675.0,667.0,645.0,660.0,663.0,650.0,654.0,649.0,642.0,657.0,648.0,649.0,655.0,658.0,657.0,657.0,658.0,657.0,654.0,662.0,652.0,655.0,653.0,655.0,645.0,654.0,649.0,653.0,653.0,653.0,654.0,654.0,650.0,656.0,653.0,648.0,657.0,640.0,655.0,645.0,649.0,657.0,662.0,650.0,663.0,664.0,648.0,660.0,652.0,654.0,653.0,665.0,657.0,669.0,661.0,656.0,654.0,662.0,667.0,663.0,678.0,665.0,669.0,672.0,666.0,672.0,667.0,669.0,668.0,672.0,681.0,668.0,685.0,671.0,675.0,678.0,676.0,675.0,671.0,665.0,675.0,676.0,673.0,687.0,677.0,677.0,688.0,686.0,681.0,668.0,677.0,670.0,683.0,688.0,677.0,687.0,675.0,688.0,671.0,695.0,681.0,680.0,688.0,674.0,688.0,677.0,686.0,689.0,690.0,687.0,681.0,688.0,694.0,683.0,686.0,694.0,676.0,693.0,682.0,696.0,692.0,697.0,689.0,678.0,689.0,689.0,697.0,685.0,694.0,692.0,687.0,689.0,683.0,683.0,684.0,696.0,682.0,689.0,686.0,693.0,697.0,692.0,693.0,695.0,697.0,708.0,682.0,699.0,689.0,701.0,693.0,705.0,698.0,686.0,681.0,687.0,690.0,696.0,692.0,692.0,690.0,698.0,683.0,689.0,687.0,690.0,684.0,679.0,693.0,688.0,696.0,686.0,697.0,690.0,689.0,706.0,696.0,699.0,697.0,693.0,705.0,698.0,689.0,701.0,704.0,691.0,700.0,701.0,706.0,695.0,693.0,712.0,703.0,706.0,707.0,711.0,711.0,708.0,710.0,705.0,704.0,708.0,710.0,705.0,706.0,698.0,706.0,697.0,692.0,701.0,703.0,705.0,703.0,700.0,705.0,690.0,689.0,695.0,686.0,686.0,700.0,703.0,699.0,689.0,694.0,691.0,706.0,707.0,699.0,703.0,702.0,713.0,712.0,703.0,690.0,692.0,699.0,698.0,679.0,683.0,681.0,673.0,674.0,687.0,679.0,674.0,686.0,700.0,680.0,691.0,671.0,691.0,672.0,679.0,678.0,674.0,695.0,699.0,680.0,701.0,690.0,689.0,700.0,694.0,692.0,685.0,686.0,685,684.0,686.0,687.0,693.0,694.0,691.0,682.0,685.0,680.0,679.0,695.0,685.0,688.0,699.0,696.0,694.0,690.0,681.0,696.0,690.0,687.0,677.0,696.0,671.0,671.0,664.0,679.0,673.0,663.0,672.0,677.0,669.0,668.0,663.0,672.0,670.0,667.0,669.0,667.0,677.0,660.0,666.0,671.0,665.0,660.0,668.0,669.0,665.0,668.0,661.0,665.0,658.0,674.0,661.0,658.0,676.0,664.0,660.0,660.0,664.0,650.0,664.0,660.0,667.0,662.0,662.0,670.0,674.0,662.0,663.0,661.0,672.0,671.0,658.0,659.0,666.0,664.0,662.0,658.0,661.0,665.0,663.0,661.0,676.0,668.0,661.0,663.0,662.0,655.0,656.0,673.0,654.0,671.0,661.0,662.0,661.0,663.0,667.0,664.0,670.0,661.0,668.0,668.0,664.0
696.0,711.0,710.0,708.0,707.0,703.0,711.0,704.0,707.0,700.0,707.0,712.0,708.0,706.0,694.0,716.0,710.0,738.0,715.0,715.0,716.0,720.0,694.0,700.0,701.0,701.0,708.0,705.0,707.0,702.0,713.0,713.0,703.0,706.0,701.0,718.0,708.0,699.0,699.0,708.0,700.0,706.0,706.0,703.0,696.0,710.0,694.0,707.0,707.0,707.0,702.0,702.0,705.0,714.0,708.0,710.0,702.0,708.0,715.0,695.0,704.0,719.0,711.0,716.0,716.0,719.0,708.0,713.0,706.0,702.0,718.0,716.0,724.0,726.0,724.0,725.0,722.0,717.0,732.0,740.0,725.0,726.0,725.0,721.0,728.0,733.0,734.0,746.0,723.0,737.0,725.0,728.0,726.0,743.0,734.0,731.0,734.0,739.0,726.0,736.0,739.0,737.0,735.0,755.0,741.0,732.0,750.0,732.0,739.0,747.0,744.0,748.0,734.0,740.0,747.0,739.0,740.0,752.0,756.0,751.0,749.0,749.0,747.0,754.0,739.0,750.0,753.0,752.0,750.0,754.0,748.0,761.0,732.0,756.0,761.0,753.0,763.0,772.0,755.0,774.0,748.0,745.0,761.0,753.0,746.0,758.0,753.0,743.0,757.0,749.0,745.0,741.0,752.0,752.0,757.0,752.0,750.0,752.0,756.0,768.0,762.0,760.0,749.0,760.0,772.0,765.0,778.0,763.0,769.0,761.0,759.0,770.0,749.0,765.0,769.0,770.0,771.0,753.0,759.0,749.0,748.0,757.0,746.0,738.0,733.0,757.0,763.0,770.0,752.0,763.0,761.0,767.0,770.0,767.0,770.0,769.0,763.0,777.0,772.0,776.0,774.0,760.0,759.0,765.0,763.0,775.0,779.0,779.0,804.0,777.0,793.0,776.0,793.0,778.0,776.0,788.0,789.0,777.0,793.0,796.0,787.0,789.0,781.0,771.0,774.0,782.0,775.0,769.0,778.0,776.0,760.0,774.0,774.0,760.0,787.0,788.0,758.0,772.0,787.0,774.0,776.0,761.0,783.0,771.0,795.0,772.0,778.0,781.0,798.0,801.0,777.0,775.0,776.0,769.0,775.0,776.0,757.0,765.0,758.0,745.0,761.0,762.0,776.0,773.0,788.0,766.0,768.0,746.0,759.0,760.0,776.0,763.0,770.0,773.0,778.0,777.0,793.0,792.0,782.0,796.0,795.0,766.0,773.0,768.0,764,773.0,775.0,770.0,784.0,776.0,764.0,763.0,772.0,781.0,776.0,785.0,773.0,802.0,785.0,784.0,774.0,796.0,790.0,788.0,792.0,785.0,784.0,789.0,762.0,771.0,756.0,759.0,755.0,741.0,765.0,769.0,766.0,770.0,763.0,754.0,776.0,765.0,755.0,760.0,760.0,756.0,765.0,780.0,783.0,776.0,759.0,754.0,756.0,759.0,765.0,769.0,764.0,769.0,773.0,779.0,769.0,772.0,759.0,762.0,775.0,767.0,767.0,769.0,769.0,783.0,776.0,783.0,776.0,777.0,793.0,770.0,783.0,782.0,778.0,786.0,770.0,781.0,774.0,791.0,790.0,768.0,794.0,787.0,791.0,785.0,771.0,790.0,797.0,786.0,795.0,791.0,786.0,798.0,786.0,803.0,789.0,791.0,794.0,787.0,783.0,801.0,807.0,786.0,797.0
670.0,659.0,671.0,663.0,673.0,664.0,662.0,653.0,670.0,661.0,660.0,652.0,670.0,652.0,664.0,660.0,675.0,679.0,680.0,669.0,654.0,666.0,660.0,667.0,662.0,659.0,668.0,667.0,660.0,664.0,666.0,667.0,665.0,658.0,665.0,671.0,660.0,666.0,662.0,656.0,660.0,649.0,661.0,649.0,660.0,659.0,658.0,658.0,656.0,654.0,663.0,655.0,657.0,648.0,664.0,659.0,653.0,657.0,667.0,656.0,655.0,666.0,672.0,658.0,666.0,662.0,667.0,664.0,665.0,663.0,672.0,666.0,676.0,663.0,666.0,678.0,674.0,678.0,691.0,680.0,681.0,673.0,678.0,674.0,684.0,685.0,699.0,684.0,678.0,668.0,681.0,680.0,677.0,687.0,679.0,689.0,663.0,687.0,666.0,695.0,689.0,693.0,688.0,698.0,689.0,678.0,678.0,676.0,696.0,691.0,689.0,689.0,684.0,701.0,690.0,680.0,697.0,697.0,703.0,689.0,682.0,710.0,702.0,702.0,705.0,700.0,697.0,700.0,689.0,698.0,691.0,691.0,697.0,691.0,690.0,702.0,703.0,709.0,714.0,702.0,697.0,692.0,704.0,704.0,686.0,702.0,694.0,689.0,689.0,692.0,698.0,700.0,700.0,703.0,700.0,680.0,700.0,696.0,709.0,715.0,707.0,720.0,704.0,706.0,713.0,692.0,713.0,704.0,705.0,704.0,697.0,693.0,712.0,692.0,706.0,700.0,705.0,695.0,695.0,690.0,686.0,690.0,689.0,685.0,687.0,685.0,700.0,695.0,694.0,698.0,689.0,697.0,720.0,720.0,702.0,709.0,705.0,711.0,706.0,708.0,703.0,708.0,703.0,712.0,701.0,707.0,693.0,706.0,717.0,721.0,729.0,725.0,722.0,730.0,729.0,711.0,718.0,729.0,721.0,725.0,722.0,716.0,705.0,718.0,706.0,702.0,710.0,706.0,705.0,709.0,707.0,707.0,692.0,700.0,700.0,690.0,703.0,690.0,701.0,703.0,708.0,703.0,705.0,720.0,721.0,724.0,720.0,719.0,726.0,711.0,710.0,708.0,705.0,700.0,697.0,706.0,695.0,681.0,686.0,681.0,684.0,681.0,685.0,697.0,704.0,703.0,700.0,676.0,703.0,680.0,692.0,686.0,687.0,700.0,703.0,708.0,713.0,712.0,707.0,708.0,707.0,704.0,707.0,703.0,698,706.0,699.0,697.0,706.0,685.0,695.0,705.0,697.0,700.0,707.0,704.0,706.0,717.0,714.0,715.0,712.0,728.0,702.0,712.0,699.0,703.0,698.0,704.0,685.0,687.0,681.0,682.0,676.0,677.0,675.0,676.0,671.0,674.0,676.0,680.0,685.0,669.0,668.0,681.0,679.0,674.0,670.0,688.0,682.0,669.0,683.0,679.0,670.0,673.0,669.0,674.0,669.0,669.0,674.0,665.0,685.0,670.0,665.0,673.0,679.0,674.0,680.0,681.0,671.0,671.0,679.0,689.0,679.0,675.0,673.0,670.0,684.0,679.0,676.0,668.0,677.0,683.0,690.0,687.0,678.0,676.0,680.0,682.0,686.0,688.0,685.0,685.0,686.0,684.0,696.0,689.0,687.0,685.0,697.0,690.0,687.0,684.0,689.0,704.0,685.0,684.0,686.0,686.0,687.0
687.0,682.0,678.0,676.0,693.0,686.0,675.0,683.0,687.0,677.0,684.0,690.0,678.0,687.0,694.0,679.0,701.0,716.0,688.0,687.0,683.0,677.0,679.0,680.0,686.0,691.0,683.0,685.0,683.0,683.0,684.0,682.0,682.0,678.0,676.0,686.0,679.0,683.0,688.0,677.0,675.0,662.0,673.0,680.0,673.0,683.0,668.0,669.0,668.0,680.0,681.0,685.0,671.0,674.0,684.0,687.0,677.0,681.0,676.0,671.0,675.0,683.0,684.0,683.0,676.0,678.0,689.0,688.0,677.0,670.0,696.0,674.0,695.0,681.0,686.0,686.0,690.0,697.0,695.0,689.0,693.0,696.0,684.0,694.0,695.0,690.0,694.0,701.0,680.0,680.0,694.0,707.0,690.0,693.0,689.0,697.0,687.0,688.0,692.0,707.0,684.0,690.0,701.0,707.0,705.0,705.0,704.0,703.0,697.0,701.0,704.0,693.0,709.0,696.0,705.0,695.0,705.0,720.0,691.0,720.0,710.0,707.0,706.0,703.0,711.0,709.0,710.0,711.0,703.0,712.0,705.0,711.0,722.0,697.0,725.0,725.0,720.0,733.0,730.0,725.0,706.0,703.0,716.0,707.0,717.0,709.0,714.0,700.0,694.0,721.0,719.0,711.0,712.0,702.0,705.0,717.0,723.0,715.0,720.0,710.0,715.0,710.0,713.0,711.0,716.0,724.0,717.0,724.0,744.0,724.0,738.0,732.0,743.0,760.0,759.0,770.0,757.0,727.0,722.0,722.0,715.0,707.0,709.0,709.0,724.0,711.0,728.0,705.0,707.0,728.0,717.0,718.0,722.0,726.0,703.0,728.0,716.0,724.0,735.0,719.0,727.0,717.0,719.0,738.0,729.0,726.0,718.0,724.0,731.0,733.0,736.0,721.0,722.0,731.0,737.0,715.0,713.0,731.0,738.0,720.0,731.0,714.0,724.0,724.0,700.0,713.0,724.0,700.0,710.0,719.0,719.0,708.0,706.0,714.0,716.0,705.0,715.0,706.0,716.0,711.0,713.0,699.0,728.0,716.0,731.0,726.0,734.0,732.0,730.0,720.0,723.0,715.0,729.0,720.0,720.0,714.0,728.0,709.0,728.0,719.0,735.0,726.0,755.0,765.0,775.0,774.0,744.0,731.0,741.0,710.0,711.0,719.0,714.0,715.0,727.0,709.0,730.0,722.0,724.0,723.0,722.0,717.0,724.0,707.0,701,716.0,714.0,707.0,702.0,704.0,714.0,705.0,721.0,699.0,705.0,716.0,723.0,722.0,720.0,710.0,708.0,722.0,709.0,713.0,708.0,697.0,712.0,708.0,695.0,707.0,696.0,682.0,691.0,677.0,692.0,689.0,685.0,692.0,690.0,691.0,704.0,696.0,692.0,681.0,700.0,685.0,686.0,685.0,695.0,679.0,682.0,687.0,677.0,681.0,664.0,689.0,675.0,668.0,680.0,680.0,691.0,684.0,691.0,676.0,693.0,693.0,687.0,681.0,678.0,689.0,699.0,693.0,686.0,682.0,689.0,677.0,687.0,688.0,678.0,670.0,687.0,677.0,678.0,684.0,685.0,684.0,691.0,676.0,688.0,679.0,692.0,682.0,685.0,688.0,683.0,689.0,679.0,677.0,680.0,693.0,686.0,686.0,700.0,675.0,690.0,692.0,693.0,685.0,686.0
684.0,679.0,685.0,676.0,671.0,685.0,671.0,668.0,675.0,666.0,673.0,681.0,686.0,666.0,684.0,690.0,680.0,690.0,682.0,681.0,674.0,676.0,678.0,671.0,660.0,683.0,668.0,662.0,671.0,670.0,677.0,668.0,678.0,673.0,668.0,676.0,665.0,669.0,669.0,672.0,679.0,674.0,656.0,671.0,671.0,663.0,659.0,658.0,670.0,666.0,675.0,668.0,656.0,670.0,665.0,678.0,673.0,660.0,676.0,668.0,675.0,673.0,671.0,671.0,666.0,674.0,671.0,670.0,676.0,670.0,674.0,684.0,672.0,679.0,683.0,668.0,677.0,681.0,691.0,674.0,669.0,674.0,669.0,678.0,675.0,691.0,685.0,685.0,673.0,691.0,687.0,682.0,689.0,672.0,683.0,684.0,675.0,695.0,681.0,693.0,694.0,680.0,678.0,702.0,696.0,695.0,682.0,693.0,687.0,694.0,683.0,690.0,691.0,689.0,712.0,686.0,688.0,706.0,693.0,692.0,678.0,701.0,690.0,692.0,691.0,695.0,701.0,700.0,702.0,701.0,684.0,707.0,688.0,690.0,691.0,695.0,712.0,709.0,724.0,703.0,708.0,711.0,713.0,700.0,695.0,704.0,705.0,688.0,694.0,700.0,697.0,693.0,703.0,704.0,699.0,696.0,708.0,688.0,711.0,699.0,712.0,707.0,699.0,704.0,707.0,711.0,710.0,714.0,717.0,717.0,713.0,730.0,732.0,740.0,748.0,744.0,735.0,725.0,725.0,703.0,714.0,687.0,699.0,694.0,710.0,711.0,707.0,699.0,707.0,706.0,690.0,700.0,712.0,707.0,712.0,712.0,707.0,709.0,706.0,704.0,714.0,704.0,712.0,712.0,705.0,708.0,713.0,704.0,716.0,710.0,717.0,716.0,707.0,706.0,708.0,724.0,705.0,718.0,706.0,711.0,714.0,701.0,703.0,701.0,709.0,697.0,699.0,705.0,711.0,699.0,708.0,706.0,697.0,698.0,699.0,711.0,699.0,706.0,692.0,709.0,702.0,682.0,688.0,700.0,703.0,720.0,718.0,701.0,710.0,711.0,709.0,702.0,699.0,697.0,714.0,689.0,695.0,696.0,702.0,706.0,717.0,722.0,730.0,744.0,737.0,746.0,730.0,708.0,700.0,692.0,703.0,710.0,689.0,703.0,699.0,700.0,713.0,699.0,694.0,706.0,703.0,709.0,692.0,687.0,699,698.0,685.0,703.0,709.0,695.0,690.0,708.0,691.0,696.0,702.0,706.0,693.0,708.0,698.0,704.0,700.0,701.0,702.0,705.0,697.0,685.0,686.0,707.0,679.0,691.0,687.0,689.0,691.0,684.0,682.0,683.0,676.0,678.0,677.0,677.0,683.0,680.0,681.0,677.0,684.0,687.0,667.0,683.0,690.0,687.0,682.0,674.0,679.0,673.0,677.0,673.0,673.0,681.0,673.0,675.0,676.0,678.0,664.0,669.0,684.0,668.0,676.0,671.0,678.0,675.0,677.0,680.0,673.0,675.0,675.0,673.0,689.0,675.0,678.0,681.0,681.0,677.0,680.0,670.0,681.0,673.0,673.0,679.0,690.0,674.0,678.0,691.0,679.0,669.0,681.0,687.0,676.0,682.0,685.0,690.0,673.0,671.0,693.0,679.0,684.0,663.0,683.0,668.0,669.0
659.0,660.0,661.0,660.0,652.0,664.0,653.0,652.0,654.0,655.0,662.0,654.0,655.0,653.0,658.0,653.0,657.0,672.0,664.0,656.0,648.0,663.0,658.0,659.0,655.0,659.0,658.0,650.0,649.0,656.0,653.0,652.0,659.0,658.0,650.0,651.0,655.0,652.0,654.0,660.0,650.0,654.0,655.0,657.0,653.0,654.0,653.0,653.0,653.0,653.0,652.0,649.0,651.0,654.0,659.0,654.0,657.0,649.0,655.0,654.0,647.0,651.0,659.0,651.0,655.0,650.0,658.0,651.0,654.0,654.0,663.0,664.0,664.0,667.0,664.0,662.0,666.0,671.0,672.0,666.0,671.0,659.0,663.0,665.0,665.0,678.0,668.0,679.0,661.0,655.0,671.0,670.0,681.0,669.0,672.0,673.0,657.0,681.0,660.0,663.0,675.0,675.0,661.0,679.0,677.0,672.0,673.0,673.0,672.0,666.0,671.0,676.0,668.0,661.0,677.0,667.0,671.0,685.0,675.0,668.0,674.0,680.0,680.0,678.0,671.0,681.0,679.0,682.0,675.0,671.0,673.0,686.0,680.0,673.0,679.0,678.0,683.0,682.0,682.0,683.0,680.0,680.0,678.0,679.0,674.0,683.0,679.0,677.0,676.0,670.0,678.0,674.0,689.0,677.0,680.0,678.0,680.0,677.0,692.0,691.0,679.0,685.0,691.0,675.0,684.0,678.0,686.0,684.0,688.0,675.0,693.0,676.0,681.0,682.0,678.0,700.0,696.0,680.0,689.0,682.0,676.0,674.0,673.0,673.0,669.0,662.0,679.0,688.0,676.0,678.0,677.0,682.0,693.0,695.0,675.0,688.0,682.0,693.0,688.0,682.0,680.0,697.0,686.0,688.0,682.0,688.0,681.0,674.0,692.0,698.0,690.0,685.0,693.0,697.0,688.0,687.0,688.0,694.0,695.0,696.0,690.0,690.0,684.0,695.0,690.0,685.0,680.0,684.0,688.0,691.0,683.0,686.0,680.0,685.0,676.0,674.0,679.0,686.0,674.0,676.0,686.0,673.0,678.0,684.0,688.0,686.0,690.0,688.0,694.0,687.0,690.0,686.0,690.0,673.0,684.0,669.0,674.0,662.0,669.0,666.0,675.0,666.0,686.0,677.0,685.0,681.0,674.0,662.0,682.0,670.0,665.0,669.0,667.0,682.0,694.0,673.0,685.0,685.0,683.0,683.0,682.0,670.0,674.0,672.0,670,680.0,664.0,677.0,675.0,670.0,673.0,672.0,670.0,681.0,669.0,679.0,667.0,691.0,685.0,690.0,682.0,673.0,679.0,674.0,682.0,672.0,661.0,671.0,671.0,664.0,665.0,655.0,665.0,652.0,664.0,658.0,654.0,658.0,661.0,651.0,671.0,657.0,655.0,658.0,664.0,656.0,662.0,657.0,658.0,659.0,655.0,653.0,657.0,659.0,647.0,659.0,658.0,662.0,648.0,650.0,648.0,655.0,640.0,653.0,649.0,649.0,659.0,646.0,648.0,655.0,651.0,656.0,645.0,648.0,653.0,651.0,657.0,658.0,653.0,656.0,656.0,651.0,658.0,650.0,654.0,654.0,653.0,647.0,653.0,655.0,652.0,649.0,655.0,659.0,651.0,663.0,656.0,661.0,659.0,658.0,652.0,648.0,665.0,659.0,661.0,654.0,663.0,650.0,643.0
681.0,679.0,685.0,683.0,683.0,676.0,687.0,676.0,689.0,678.0,676.0,680.0,674.0,678.0,676.0,667.0,685.0,712.0,686.0,671.0,684.0,676.0,668.0,674.0,675.0,676.0,681.0,674.0,669.0,672.0,685.0,665.0,669.0,673.0,667.0,673.0,676.0,668.0,672.0,668.0,669.0,680.0,668.0,659.0,670.0,665.0,662.0,679.0,668.0,677.0,675.0,662.0,663.0,668.0,677.0,678.0,672.0,675.0,685.0,664.0,678.0,682.0,669.0,672.0,681.0,674.0,671.0,677.0,665.0,667.0,676.0,667.0,673.0,678.0,672.0,666.0,685.0,687.0,679.0,688.0,682.0,679.0,676.0,674.0,683.0,679.0,680.0,697.0,678.0,677.0,686.0,688.0,686.0,671.0,685.0,694.0,682.0,686.0,671.0,687.0,698.0,686.0,678.0,692.0,694.0,690.0,681.0,682.0,695.0,702.0,686.0,683.0,695.0,686.0,689.0,702.0,693.0,686.0,707.0,675.0,692.0,690.0,690.0,705.0,701.0,703.0,682.0,689.0,690.0,696.0,687.0,698.0,698.0,681.0,693.0,706.0,692.0,713.0,711.0,710.0,709.0,691.0,713.0,698.0,693.0,705.0,695.0,698.0,686.0,704.0,697.0,694.0,697.0,703.0,690.0,696.0,700.0,706.0,717.0,707.0,716.0,701.0,696.0,711.0,695.0,695.0,713.0,710.0,712.0,701.0,721.0,714.0,711.0,716.0,717.0,732.0,731.0,716.0,707.0,699.0,700.0,707.0,697.0,697.0,691.0,709.0,692.0,705.0,695.0,701.0,704.0,717.0,709.0,715.0,699.0,715.0,704.0,702.0,719.0,697.0,696.0,706.0,700.0,711.0,700.0,706.0,713.0,698.0,720.0,703.0,716.0,705.0,718.0,711.0,708.0,714.0,713.0,716.0,716.0,727.0,716.0,720.0,711.0,707.0,697.0,707.0,706.0,722.0,715.0,705.0,702.0,705.0,705.0,711.0,697.0,705.0,694.0,693.0,703.0,698.0,702.0,710.0,692.0,700.0,697.0,723.0,719.0,726.0,712.0,709.0,703.0,698.0,706.0,705.0,697.0,698.0,702.0,686.0,710.0,693.0,703.0,696.0,721.0,726.0,726.0,715.0,729.0,699.0,706.0,690.0,699.0,703.0,702.0,704.0,704.0,701.0,723.0,715.0,700.0,701.0,710.0,710.0,710.0,694.0,698,702.0,718.0,695.0,702.0,700.0,711.0,702.0,695.0,696.0,713.0,713.0,705.0,712.0,704.0,711.0,702.0,708.0,704.0,717.0,705.0,701.0,685.0,698.0,696.0,698.0,683.0,692.0,688.0,676.0,691.0,688.0,690.0,682.0,680.0,682.0,694.0,686.0,681.0,683.0,696.0,691.0,694.0,680.0,697.0,686.0,684.0,694.0,688.0,675.0,676.0,689.0,686.0,707.0,683.0,689.0,691.0,692.0,685.0,685.0,700.0,700.0,683.0,688.0,671.0,683.0,684.0,686.0,693.0,709.0,699.0,693.0,695.0,689.0,696.0,697.0,696.0,685.0,690.0,701.0,708.0,699.0,703.0,688.0,700.0,702.0,703.0,703.0,682.0,698.0,704.0,697.0,695.0,711.0,706.0,706.0,719.0,707.0,708.0,704.0,698.0,713.0,706.0,698.0,706.0
674.0,675.0,674.0,673.0,685.0,677.0,672.0,667.0,660.0,671.0,663.0,671.0,662.0,669.0,672.0,661.0,669.0,688.0,680.0,664.0,674.0,671.0,672.0,667.0,659.0,675.0,676.0,665.0,662.0,677.0,670.0,665.0,668.0,669.0,670.0,661.0,664.0,669.0,675.0,670.0,667.0,662.0,662.0,677.0,661.0,662.0,657.0,672.0,661.0,668.0,666.0,670.0,663.0,659.0,656.0,676.0,673.0,666.0,666.0,675.0,668.0,673.0,671.0,672.0,674.0,662.0,664.0,678.0,682.0,664.0,678.0,679.0,688.0,675.0,681.0,683.0,683.0,693.0,694.0,671.0,684.0,669.0,681.0,680.0,689.0,685.0,688.0,682.0,682.0,690.0,685.0,693.0,684.0,687.0,685.0,679.0,674.0,701.0,687.0,685.0,695.0,689.0,689.0,698.0,692.0,693.0,687.0,695.0,697.0,695.0,693.0,692.0,698.0,696.0,703.0,686.0,700.0,701.0,704.0,701.0,698.0,700.0,699.0,695.0,711.0,710.0,703.0,704.0,706.0,698.0,700.0,706.0,706.0,699.0,708.0,708.0,697.0,709.0,714.0,705.0,708.0,703.0,695.0,708.0,700.0,707.0,697.0,690.0,710.0,695.0,712.0,703.0,711.0,708.0,704.0,701.0,708.0,707.0,722.0,710.0,718.0,707.0,709.0,712.0,699.0,711.0,703.0,708.0,720.0,702.0,704.0,704.0,718.0,714.0,715.0,715.0,723.0,709.0,706.0,694.0,703.0,701.0,694.0,695.0,693.0,707.0,706.0,704.0,702.0,697.0,702.0,706.0,714.0,707.0,706.0,722.0,700.0,716.0,711.0,713.0,705.0,701.0,700.0,710.0,712.0,712.0,704.0,716.0,721.0,716.0,722.0,721.0,716.0,723.0,721.0,722.0,721.0,732.0,736.0,730.0,719.0,703.0,726.0,715.0,697.0,701.0,701.0,709.0,707.0,701.0,706.0,713.0,703.0,715.0,710.0,700.0,709.0,698.0,699.0,698.0,703.0,703.0,712.0,711.0,726.0,718.0,720.0,715.0,729.0,712.0,713.0,709.0,703.0,695.0,714.0,696.0,704.0,694.0,697.0,686.0,700.0,712.0,715.0,718.0,713.0,722.0,717.0,701.0,700.0,703.0,696.0,694.0,689.0,702.0,707.0,704.0,715.0,714.0,714.0,707.0,707.0,706.0,699.0,689.0,696,705.0,695.0,702.0,694.0,690.0,700.0,700.0,696.0,695.0,694.0,695.0,701.0,705.0,706.0,705.0,701.0,702.0,695.0,702.0,685.0,708.0,674.0,687.0,678.0,688.0,680.0,675.0,680.0,678.0,670.0,678.0,670.0,684.0,671.0,678.0,673.0,671.0,670.0,675.0,675.0,679.0,673.0,676.0,679.0,675.0,669.0,668.0,673.0,675.0,665.0,674.0,670.0,667.0,677.0,671.0,672.0,664.0,669.0,677.0,668.0,660.0,669.0,674.0,661.0,668.0,659.0,676.0,675.0,672.0,666.0,672.0,684.0,676.0,674.0,666.0,669.0,666.0,678.0,673.0,670.0,666.0,678.0,659.0,676.0,669.0,673.0,681.0,673.0,670.0,683.0,677.0,671.0,670.0,667.0,678.0,672.0,668.0,669.0,666.0,676.0,673.0,671.0,672.0,662.0
660.0,676.0,670.0,675.0,669.0,667.0,668.0,672.0,674.0,656.0,665.0,670.0,665.0,668.0,666.0,672.0,671.0,686.0,668.0,675.0,661.0,670.0,672.0,659.0,668.0,669.0,658.0,677.0,656.0,676.0,670.0,660.0,675.0,674.0,670.0,658.0,671.0,657.0,664.0,666.0,663.0,663.0,659.0,661.0,665.0,659.0,662.0,663.0,662.0,670.0,663.0,670.0,663.0,664.0,666.0,672.0,662.0,659.0,666.0,671.0,668.0,669.0,663.0,667.0,682.0,671.0,668.0,665.0,668.0,661.0,682.0,677.0,680.0,665.0,676.0,663.0,667.0,677.0,683.0,671.0,677.0,678.0,677.0,686.0,688.0,691.0,680.0,681.0,675.0,682.0,689.0,676.0,686.0,684.0,678.0,681.0,668.0,687.0,667.0,678.0,693.0,678.0,684.0,694.0,689.0,684.0,678.0,680.0,675.0,692.0,680.0,686.0,683.0,684.0,679.0,678.0,687.0,689.0,688.0,690.0,692.0,698.0,692.0,692.0,684.0,695.0,691.0,688.0,694.0,696.0,694.0,697.0,691.0,680.0,699.0,697.0,698.0,705.0,701.0,690.0,691.0,691.0,702.0,683.0,684.0,697.0,707.0,694.0,696.0,684.0,688.0,680.0,693.0,694.0,699.0,693.0,705.0,698.0,707.0,696.0,702.0,713.0,691.0,698.0,694.0,703.0,693.0,699.0,707.0,702.0,689.0,700.0,699.0,696.0,711.0,700.0,704.0,712.0,696.0,689.0,694.0,675.0,682.0,681.0,690.0,694.0,701.0,693.0,685.0,691.0,693.0,699.0,707.0,701.0,698.0,701.0,696.0,714.0,693.0,706.0,711.0,690.0,696.0,703.0,688.0,700.0,700.0,703.0,711.0,702.0,707.0,711.0,710.0,718.0,710.0,709.0,715.0,707.0,710.0,716.0,703.0,704.0,695.0,699.0,704.0,700.0,693.0,690.0,685.0,692.0,698.0,697.0,702.0,690.0,684.0,697.0,692.0,714.0,705.0,690.0,694.0,688.0,698.0,697.0,702.0,711.0,699.0,704.0,716.0,709.0,703.0,680.0,700.0,694.0,685.0,693.0,691.0,680.0,689.0,693.0,680.0,684.0,704.0,692.0,705.0,705.0,691.0,676.0,691.0,672.0,688.0,686.0,684.0,686.0,696.0,688.0,708.0,702.0,698.0,697.0,701.0,696.0,701.0,682.0,679,690.0,686.0,677.0,691.0,686.0,681.0,690.0,691.0,685.0,688.0,695.0,681.0,696.0,691.0,696.0,694.0,695.0,685.0,694.0,696.0,683.0,676.0,678.0,671.0,686.0,675.0,666.0,674.0,662.0,666.0,671.0,665.0,668.0,676.0,667.0,668.0,660.0,672.0,680.0,678.0,682.0,669.0,671.0,669.0,671.0,677.0,675.0,666.0,665.0,667.0,671.0,670.0,667.0,670.0,675.0,670.0,670.0,671.0,672.0,688.0,672.0,669.0,662.0,673.0,670.0,680.0,685.0,670.0,680.0,672.0,668.0,681.0,680.0,686.0,677.0,675.0,668.0,679.0,681.0,672.0,687.0,672.0,674.0,684.0,683.0,669.0,691.0,687.0,675.0,678.0,680.0,681.0,679.0,679.0,674.0,688.0,682.0,680.0,683.0,682.0,687.0,685.0,679.0,677.0
685.0,689.0,682.0,682.0,683.0,679.0,685.0,683.0,692.0,678.0,681.0,678.0,678.0,675.0,686.0,677.0,682.0,707.0,701.0,689.0,685.0,684.0,680.0,675.0,688.0,688.0,684.0,686.0,683.0,694.0,692.0,670.0,674.0,689.0,696.0,690.0,687.0,685.0,681.0,688.0,684.0,678.0,673.0,677.0,682.0,670.0,675.0,674.0,681.0,673.0,685.0,677.0,666.0,683.0,690.0,687.0,678.0,672.0,687.0,681.0,684.0,693.0,681.0,671.0,675.0,685.0,674.0,676.0,689.0,676.0,686.0,686.0,684.0,680.0,679.0,683.0,670.0,703.0,700.0,695.0,695.0,698.0,697.0,705.0,699.0,699.0,703.0,711.0,699.0,709.0,703.0,707.0,704.0,710.0,699.0,706.0,674.0,713.0,702.0,702.0,703.0,696.0,696.0,724.0,697.0,704.0,706.0,701.0,700.0,698.0,702.0,695.0,692.0,708.0,693.0,696.0,707.0,712.0,719.0,703.0,712.0,719.0,697.0,711.0,715.0,698.0,710.0,698.0,723.0,710.0,704.0,719.0,717.0,712.0,725.0,720.0,728.0,724.0,723.0,724.0,720.0,717.0,716.0,717.0,703.0,708.0,696.0,718.0,711.0,723.0,713.0,717.0,712.0,718.0,699.0,715.0,711.0,706.0,725.0,732.0,712.0,710.0,712.0,725.0,733.0,726.0,715.0,717.0,721.0,722.0,725.0,724.0,718.0,734.0,736.0,731.0,728.0,731.0,708.0,721.0,720.0,711.0,713.0,712.0,716.0,709.0,724.0,708.0,727.0,733.0,724.0,714.0,718.0,719.0,718.0,732.0,727.0,719.0,718.0,718.0,723.0,730.0,717.0,729.0,714.0,716.0,725.0,739.0,731.0,719.0,735.0,746.0,735.0,732.0,733.0,741.0,738.0,731.0,737.0,736.0,723.0,722.0,736.0,725.0,718.0,712.0,723.0,731.0,708.0,718.0,722.0,720.0,713.0,711.0,730.0,717.0,718.0,701.0,712.0,702.0,719.0,706.0,732.0,724.0,735.0,733.0,723.0,730.0,740.0,715.0,724.0,720.0,718.0,723.0,726.0,716.0,704.0,715.0,715.0,706.0,711.0,717.0,723.0,733.0,722.0,720.0,714.0,708.0,710.0,695.0,706.0,718.0,710.0,707.0,720.0,717.0,721.0,714.0,715.0,735.0,719.0,707.0,710.0,712.0,722,706.0,698.0,716.0,704.0,719.0,709.0,703.0,712.0,719.0,715.0,712.0,712.0,720.0,708.0,717.0,715.0,720.0,704.0,724.0,710.0,711.0,700.0,720.0,696.0,704.0,699.0,708.0,685.0,699.0,693.0,701.0,695.0,691.0,691.0,678.0,700.0,688.0,691.0,680.0,690.0,680.0,693.0,693.0,686.0,688.0,691.0,695.0,685.0,683.0,679.0,697.0,686.0,678.0,683.0,686.0,695.0,686.0,700.0,682.0,688.0,686.0,684.0,670.0,689.0,695.0,686.0,703.0,697.0,692.0,688.0,681.0,712.0,684.0,687.0,679.0,694.0,697.0,693.0,697.0,705.0,700.0,696.0,694.0,698.0,690.0,688.0,689.0,701.0,690.0,694.0,704.0,707.0,703.0,691.0,706.0,702.0,690.0,700.0,705.0,697.0,684.0,688.0,704.0,696.0
655.0,661.0,666.0,657.0,660.0,659.0,652.0,649.0,659.0,649.0,654.0,655.0,658.0,656.0,656.0,648.0,661.0,685.0,673.0,644.0,664.0,662.0,650.0,663.0,651.0,645.0,660.0,649.0,648.0,653.0,656.0,655.0,659.0,659.0,652.0,650.0,664.0,653.0,656.0,653.0,651.0,644.0,656.0,646.0,648.0,655.0,654.0,651.0,656.0,650.0,656.0,658.0,645.0,651.0,643.0,655.0,645.0,653.0,664.0,657.0,651.0,666.0,666.0,647.0,666.0,657.0,654.0,652.0,658.0,658.0,669.0,663.0,651.0,650.0,658.0,658.0,661.0,673.0,665.0,664.0,663.0,661.0,666.0,661.0,661.0,663.0,666.0,666.0,675.0,669.0,664.0,662.0,671.0,672.0,668.0,659.0,661.0,673.0,668.0,666.0,672.0,671.0,678.0,678.0,680.0,663.0,663.0,670.0,667.0,676.0,676.0,672.0,679.0,670.0,673.0,660.0,681.0,673.0,680.0,672.0,667.0,681.0,674.0,682.0,675.0,678.0,678.0,680.0,690.0,683.0,687.0,679.0,680.0,673.0,687.0,673.0,693.0,684.0,688.0,684.0,672.0,684.0,687.0,684.0,681.0,685.0,685.0,677.0,683.0,684.0,679.0,676.0,686.0,674.0,686.0,674.0,682.0,696.0,683.0,686.0,686.0,690.0,690.0,679.0,681.0,680.0,692.0,678.0,692.0,695.0,686.0,687.0,691.0,694.0,699.0,706.0,691.0,700.0,692.0,679.0,681.0,683.0,687.0,683.0,680.0,683.0,679.0,683.0,679.0,695.0,684.0,678.0,698.0,690.0,684.0,691.0,684.0,694.0,682.0,680.0,697.0,686.0,683.0,690.0,689.0,702.0,689.0,693.0,698.0,687.0,699.0,694.0,701.0,704.0,692.0,700.0,697.0,697.0,699.0,695.0,695.0,692.0,691.0,698.0,696.0,690.0,690.0,687.0,694.0,695.0,693.0,695.0,683.0,688.0,691.0,678.0,680.0,690.0,694.0,694.0,693.0,689.0,697.0,692.0,707.0,699.0,693.0,693.0,699.0,696.0,693.0,688.0,685.0,687.0,689.0,675.0,681.0,692.0,679.0,683.0,684.0,693.0,685.0,691.0,709.0,698.0,696.0,686.0,698.0,679.0,684.0,676.0,678.0,690.0,693.0,681.0,694.0,683.0,693.0,694.0,692.0,689.0,685.0,689.0,683,678.0,686.0,681.0,686.0,690.0,688.0,678.0,680.0,686.0,681.0,689.0,687.0,685.0,689.0,691.0,700.0,689.0,679.0,689.0,689.0,676.0,676.0,695.0,676.0,683.0,670.0,680.0,671.0,670.0,671.0,677.0,671.0,673.0,670.0,674.0,673.0,669.0,667.0,665.0,681.0,672.0,670.0,666.0,679.0,665.0,682.0,677.0,665.0,675.0,664.0,668.0,668.0,676.0,663.0,669.0,677.0,670.0,663.0,658.0,678.0,657.0,672.0,666.0,668.0,670.0,668.0,675.0,667.0,677.0,667.0,667.0,672.0,674.0,665.0,660.0,674.0,677.0,665.0,661.0,667.0,666.0,674.0,665.0,673.0,669.0,663.0,663.0,664.0,662.0,663.0,673.0,664.0,670.0,675.0,661.0,665.0,669.0,669.0,676.0,671.0,662.0,678.0,673.0,668.0
824.0,827.0,843.0,833.0,842.0,830.0,838.0,832.0,839.0,836.0,822.0,835.0,842.0,851.0,826.0,841.0,843.0,853.0,849.0,846.0,835.0,845.0,831.0,842.0,855.0,846.0,863.0,841.0,859.0,854.0,858.0,845.0,844.0,844.0,855.0,864.0,850.0,838.0,854.0,858.0,842.0,853.0,846.0,836.0,846.0,848.0,850.0,853.0,843.0,850.0,863.0,854.0,855.0,847.0,868.0,861.0,859.0,866.0,856.0,836.0,842.0,868.0,877.0,853.0,861.0,839.0,847.0,858.0,860.0,860.0,871.0,875.0,878.0,874.0,882.0,869.0,864.0,877.0,886.0,890.0,885.0,884.0,887.0,872.0,867.0,880.0,893.0,894.0,881.0,864.0,896.0,870.0,887.0,896.0,876.0,897.0,868.0,906.0,894.0,882.0,889.0,882.0,894.0,911.0,894.0,885.0,909.0,894.0,898.0,908.0,918.0,897.0,886.0,883.0,896.0,874.0,897.0,912.0,896.0,919.0,914.0,909.0,902.0,914.0,905.0,916.0,933.0,920.0,931.0,920.0,913.0,924.0,914.0,938.0,936.0,918.0,946.0,945.0,949.0,920.0,933.0,929.0,936.0,944.0,925.0,946.0,940.0,916.0,935.0,938.0,942.0,921.0,927.0,930.0,944.0,934.0,943.0,928.0,949.0,948.0,947.0,948.0,944.0,943.0,937.0,939.0,957.0,949.0,964.0,955.0,943.0,946.0,962.0,965.0,974.0,974.0,997.0,962.0,970.0,945.0,943.0,932.0,969.0,948.0,966.0,972.0,946.0,965.0,964.0,965.0,969.0,971.0,974.0,988.0,972.0,986.0,990.0,991.0,985.0,967.0,979.0,989.0,979.0,986.0,967.0,994.0,1001.0,977.0,992.0,1008.0,1006.0,997.0,1029.0,1002.0,1000.0,1010.0,991.0,1016.0,1020.0,1024.0,1002.0,994.0,992.0,998.0,987.0,987.0,1008.0,1014.0,1000.0,978.0,997.0,1006.0,999.0,988.0,1008.0,988.0,986.0,987.0,1008.0,981.0,981.0,1000.0,1013.0,1016.0,1016.0,997.0,1018.0,1024.0,1036.0,1034.0,1014.0,1009.0,1008.0,1008.0,1024.0,1019.0,1017.0,990.0,1020.0,990.0,1020.0,1019.0,1048.0,1031.0,1017.0,1031.0,1019.0,996.0,1013.0,1019.0,1024.0,1022.0,1020.0,1003.0,1025.0,1026.0,1044.0,1014.0,1013.0,1050.0,1042.0,1007.0,1037.0,1002.0,1022,1019.0,1012.0,1026.0,1026.0,1017.0,1008.0,999.0,1017.0,1038.0,1026.0,1022.0,1018.0,1032.0,1065.0,1036.0,1008.0,1057.0,1043.0,1051.0,1040.0,1022.0,1047.0,1046.0,1028.0,1023.0,1009.0,993.0,1012.0,991.0,1007.0,1032.0,1015.0,1038.0,1024.0,1001.0,1039.0,1040.0,1015.0,1016.0,1030.0,1021.0,1043.0,1050.0,1049.0,1018.0,1021.0,1044.0,1021.0,1016.0,1023.0,1039.0,1021.0,1038.0,1071.0,1020.0,1017.0,1036.0,1027.0,1021.0,1039.0,1045.0,1046.0,1025.0,1039.0,1024.0,1032.0,1031.0,1049.0,1057.0,1045.0,1007.0,1057.0,1041.0,1036.0,1030.0,1052.0,1064.0,1047.0,1071.0,1081.0,1045.0,1023.0,1058.0,1049.0,1062.0,1054.0,1070.0,1079.0,1060.0,1041.0,1083.0,1047.0,1060.0,1047.0,1073.0,1067.0,1054.0,1062.0,1079.0,1045.0,1070.0,1058.0,1074.0,1083.0
655.0,655.0,667.0,667.0,648.0,658.0,658.0,662.0,661.0,646.0,657.0,649.0,658.0,648.0,669.0,659.0,666.0,678.0,669.0,659.0,650.0,657.0,658.0,655.0,653.0,655.0,664.0,659.0,659.0,663.0,668.0,666.0,658.0,657.0,657.0,650.0,659.0,650.0,660.0,654.0,657.0,649.0,641.0,645.0,663.0,653.0,645.0,653.0,653.0,646.0,653.0,652.0,645.0,647.0,662.0,647.0,644.0,650.0,663.0,656.0,649.0,654.0,657.0,649.0,654.0,661.0,647.0,657.0,649.0,654.0,662.0,657.0,663.0,659.0,666.0,671.0,661.0,673.0,678.0,667.0,665.0,664.0,668.0,665.0,683.0,691.0,690.0,680.0,668.0,676.0,684.0,667.0,676.0,663.0,676.0,672.0,648.0,680.0,658.0,673.0,678.0,679.0,675.0,677.0,682.0,676.0,674.0,661.0,671.0,683.0,680.0,667.0,675.0,676.0,678.0,667.0,686.0,689.0,679.0,675.0,677.0,710.0,687.0,689.0,675.0,685.0,691.0,693.0,686.0,689.0,679.0,677.0,678.0,680.0,691.0,689.0,697.0,688.0,694.0,688.0,675.0,684.0,698.0,689.0,684.0,688.0,674.0,680.0,687.0,681.0,688.0,673.0,696.0,691.0,689.0,688.0,697.0,690.0,706.0,691.0,690.0,700.0,688.0,682.0,687.0,701.0,695.0,689.0,700.0,679.0,675.0,682.0,683.0,682.0,682.0,687.0,688.0,681.0,682.0,677.0,682.0,673.0,672.0,679.0,675.0,683.0,681.0,684.0,684.0,695.0,679.0,685.0,687.0,693.0,692.0,695.0,694.0,702.0,715.0,701.0,704.0,706.0,692.0,700.0,696.0,713.0,695.0,690.0,705.0,703.0,704.0,722.0,714.0,715.0,717.0,716.0,712.0,717.0,715.0,709.0,707.0,701.0,701.0,706.0,692.0,697.0,697.0,688.0,703.0,695.0,681.0,699.0,689.0,695.0,694.0,682.0,696.0,686.0,696.0,690.0,693.0,689.0,696.0,695.0,710.0,702.0,707.0,708.0,720.0,704.0,696.0,687.0,689.0,679.0,685.0,689.0,679.0,670.0,666.0,668.0,675.0,665.0,681.0,677.0,694.0,677.0,671.0,664.0,682.0,666.0,680.0,678.0,670.0,681.0,683.0,687.0,692.0,696.0,685.0,685.0,691.0,683.0,693.0,675.0,673,692.0,691.0,680.0,690.0,674.0,686.0,688.0,682.0,679.0,683.0,700.0,691.0,697.0,697.0,696.0,695.0,693.0,691.0,697.0,680.0,681.0,686.0,680.0,666.0,671.0,670.0,660.0,654.0,662.0,650.0,664.0,650.0,657.0,650.0,653.0,664.0,646.0,654.0,651.0,652.0,660.0,647.0,661.0,660.0,652.0,656.0,659.0,654.0,660.0,649.0,654.0,648.0,653.0,660.0,641.0,654.0,657.0,650.0,658.0,665.0,649.0,654.0,660.0,654.0,658.0,650.0,656.0,641.0,645.0,651.0,649.0,661.0,646.0,658.0,655.0,652.0,653.0,650.0,656.0,659.0,656.0,664.0,656.0,658.0,662.0,663.0,658.0,660.0,663.0,660.0,658.0,652.0,664.0,658.0,661.0,651.0,651.0,663.0,663.0,652.0,655.0,656.0,653.0,656.0
