402.1287,406.6808,411.2303,415.7773,420.3218,424.8639,429.4034,433.9404,438.4749,443.0069,447.5365,452.0635,456.5881,461.1101,465.6297,470.1469,474.6615,479.1736,483.6833,488.1905,492.6953,497.1975,501.6973,506.1946,510.6895,515.1819,519.6719,524.1594,528.6445,533.1271,537.6072,542.085,546.5602,551.033,555.5034,559.9714,564.4369,568.9,573.3607,577.8188,582.2747,586.728,591.179,595.6276,600.0737,604.5174,608.9587,613.3976,617.834,622.2681,626.6998,631.129,635.5559,639.9803,644.4024,648.8221,653.2394,657.6543,662.0668,666.4769,670.8846,675.29,679.693,684.0936,688.4918,692.8877,697.2812,701.6723,706.061,710.4474,714.8315,719.2131,723.5925,727.9694,732.3441,736.7163,741.0862,745.4538,749.819,754.1819,758.5424,762.9006,767.2565,771.61,775.9612,780.3101,784.6566,789.0008,793.3427,797.6823,802.0195,806.3544,810.687,815.0173,819.3453,823.671,827.9944,832.3154,836.6342,840.9507,845.2648,849.5767,853.8863,858.1935,862.4985,866.8013,871.1017,875.3998,879.6956,883.9892,888.2805,892.5695,896.8563,901.1407,905.4229,909.7028,913.9805,918.2559,922.529,926.7999,931.0685,935.3348,939.5989,943.8608,948.1204,952.3777,956.6329,960.8857,965.1364,969.3847,973.6309,977.8748,982.1164,986.3558,990.5931,994.8281,999.0608,1003.291,1007.52,1011.746,1015.97,1020.191,1024.411,1028.628,1032.843,1037.056,1041.266,1045.475,1049.681,1053.885,1058.087,1062.286,1066.484,1070.679,1074.872,1079.063,1083.251,1087.438,1091.622,1095.804,1099.984,1104.162,1108.337,1112.51,1116.682,1120.851,1125.018,1129.182,1133.345,1137.505,1141.663,1145.819,1149.973,1154.125,1158.275,1162.422,1166.567,1170.71,1174.851,1178.99,1183.127,1187.261,1191.394,1195.524,1199.652,1203.778,1207.902,1212.024,1216.144,1220.261,1224.377,1228.49,1232.601,1236.71,1240.817,1244.922,1249.024,1253.125,1257.223,1261.32,1265.414,1269.506,1273.596,1277.684,1281.77,1285.854,1289.935,1294.015,1298.092,1302.168,1306.241,1310.312,1314.381,1318.448,1322.513,1326.576,1330.637,1334.696,1338.753,1342.807,1346.86,1350.91,1354.959,1359.005,1363.049,1367.091,1371.132,1375.17,1379.206,1383.24,1387.272,1391.302,1395.329,1399.355,1403.379,1407.401,1411.42,1415.438,1419.454,1423.467,1427.479,1431.488,1435.496,1439.501,1443.505,1447.506,1451.505,1455.503,1459.498,1463.491,1467.483,1471.472,1475.459,1479.444,1483.428,1487.409,1491.388,1495.365,1499.341,1503.314,1507.285,1511.255,1515.222,1519.187,1523.15,1527.112,1531.071,1535.028,1538.983,1542.937,1546.888,1550.838,1554.785,1558.73,1562.674,1566.615,1570.555,1574.492,1578.428,1582.361,1586.293,1590.223,1594.15,1598.076,1602,1605.922,1609.842,1613.76,1617.676,1621.59,1625.502,1629.412,1633.32,1637.226,1641.131,1645.033,1648.933,1652.832,1656.729,1660.623,1664.516,1668.407,1672.295,1676.182,1680.067,1683.95,1687.832,1691.711,1695.588,1699.463,1703.337,1707.208,1711.078,1714.946,1718.812,1722.676,1726.538,1730.398,1734.256,1738.112,1741.967,1745.819,1749.67,1753.519,1757.365,1761.21,1765.053,1768.895,1772.734,1776.571,1780.407,1784.24,1788.072,1791.902,1795.73,1799.556,1803.38,1807.203,1811.023,1814.842,1818.659,1822.474,1826.287,1830.098,1833.907,1837.715,1841.52,1845.324,1849.126,1852.926,1856.724,1860.521,1864.315,1868.108,1871.899,1875.688,1879.475,1883.26,1887.043,1890.825,1894.605,1898.383,1902.159,1905.933,1909.705,1913.476,1917.245,1921.012,1924.777,1928.54,1932.302,1936.061,1939.819,1943.575,1947.33,1951.082,1954.833,1958.581,1962.328,1966.073,1969.817,1973.558,1977.298,1981.036,1984.772,1988.507,1992.239,1995.97,1999.699
911.0,927.0,892.0,903.0,920.0,894.0,898.0,903.0,864.0,896.0,879.0,889.0,879.0,867.0,862.0,883.0,899.0,909.0,891.0,874.0,891.0,895.0,903.0,881.0,897.0,897.0,912.0,905.0,912.0,906.0,895.0,904.0,890.0,916.0,904.0,919.0,890.0,892.0,895.0,893.0,886.0,884.0,873.0,882.0,891.0,864.0,862.0,867.0,890.0,890.0,900.0,898.0,898.0,900.0,903.0,933.0,897.0,895.0,925.0,928.0,934.0,954.0,937.0,940.0,925.0,907.0,945.0,937.0,963.0,936.0,970.0,1006.0,1004.0,1020.0,1021.0,1012.0,1079.0,1097.0,1070.0,1060.0,1023.0,1022.0,999.0,1013.0,1056.0,1079.0,1107.0,1095.0,1048.0,1059.0,1053.0,1044.0,1098.0,1077.0,1080.0,1089.0,1075.0,1076.0,1075.0,1092.0,1109.0,1119.0,1143.0,1139.0,1139.0,1116.0,1116.0,1135.0,1136.0,1155.0,1156.0,1174.0,1145.0,1180.0,1164.0,1136.0,1153.0,1177.0,1156.0,1178.0,1177.0,1200.0,1197.0,1183.0,1179.0,1214.0,1193.0,1196.0,1193.0,1195.0,1177.0,1222.0,1198.0,1197.0,1238.0,1246.0,1272.0,1316.0,1294.0,1231.0,1211.0,1188.0,1191.0,1195.0,1210.0,1241.0,1210.0,1220.0,1199.0,1182.0,1224.0,1223.0,1191.0,1219.0,1251.0,1232.0,1231.0,1256.0,1288.0,1280.0,1256.0,1241.0,1228.0,1229.0,1227.0,1251.0,1293.0,1311.0,1241.0,1210.0,1163.0,1150.0,1189.0,1188.0,1192.0,1205.0,1169.0,1176.0,1156.0,1133.0,1112.0,1090.0,1089.0,1085.0,1126.0,1158.0,1162.0,1205.0,1185.0,1193.0,1207.0,1240.0,1279.0,1249.0,1264.0,1261.0,1277.0,1259.0,1252.0,1247.0,1243.0,1237.0,1221.0,1243.0,1227.0,1237.0,1224.0,1282.0,1282.0,1322.0,1355.0,1360.0,1361.0,1330.0,1321.0,1335.0,1342.0,1359.0,1351.0,1345.0,1279.0,1228.0,1270.0,1248.0,1237.0,1193.0,1171.0,1201.0,1196.0,1166.0,1178.0,1187.0,1143.0,1176.0,1146.0,1161.0,1166.0,1149.0,1151.0,1143.0,1143.0,1181.0,1182.0,1224.0,1272.0,1275.0,1284.0,1291.0,1277.0,1224.0,1186.0,1158.0,1147.0,1099.0,1084.0,1064.0,1056.0,1015.0,1000.0,985.0,988.0,1001.0,1019.0,1011.0,1042.0,1025.0,1012.0,983.0,1032.0,1010.0,1047.0,1067.0,1057.0,1077.0,1119.0,1120.0,1168.0,1161.0,1171.0,1176.0,1179.0,1134.0,1090.0,1054.0,1084,1097.0,1057.0,1086.0,1081.0,1061.0,1072.0,1059.0,1069.0,1071.0,1097.0,1094.0,1115.0,1169.0,1172.0,1165.0,1146.0,1143.0,1149.0,1101.0,1088.0,1062.0,1008.0,992.0,974.0,955.0,920.0,914.0,892.0,886.0,885.0,871.0,866.0,853.0,879.0,854.0,850.0,855.0,858.0,833.0,831.0,858.0,826.0,848.0,823.0,844.0,840.0,818.0,824.0,841.0,834.0,834.0,845.0,828.0,853.0,813.0,835.0,841.0,843.0,814.0,836.0,829.0,826.0,813.0,833.0,830.0,840.0,831.0,819.0,840.0,825.0,839.0,848.0,855.0,838.0,832.0,852.0,848.0,830.0,852.0,856.0,846.0,837.0,840.0,866.0,843.0,827.0,848.0,847.0,846.0,838.0,843.0,845.0,863.0,825.0,854.0,849.0,841.0,853.0,846.0,855.0,842.0,855.0,843.0,846.0
821.0,798.0,816.0,806.0,817.0,791.0,803.0,790.0,790.0,800.0,799.0,785.0,781.0,766.0,796.0,789.0,795.0,795.0,794.0,781.0,783.0,806.0,807.0,780.0,799.0,808.0,796.0,820.0,788.0,832.0,801.0,802.0,815.0,808.0,812.0,807.0,795.0,778.0,797.0,806.0,786.0,783.0,783.0,797.0,780.0,793.0,789.0,809.0,804.0,790.0,795.0,801.0,785.0,811.0,801.0,803.0,797.0,810.0,811.0,814.0,816.0,826.0,813.0,818.0,818.0,825.0,834.0,821.0,828.0,827.0,846.0,858.0,854.0,872.0,867.0,897.0,916.0,992.0,961.0,922.0,881.0,891.0,878.0,898.0,928.0,964.0,922.0,922.0,905.0,903.0,914.0,912.0,912.0,911.0,908.0,915.0,918.0,911.0,929.0,951.0,935.0,958.0,942.0,985.0,970.0,942.0,947.0,953.0,959.0,953.0,985.0,990.0,985.0,983.0,977.0,982.0,984.0,985.0,992.0,1004.0,1002.0,1021.0,996.0,1016.0,1011.0,1015.0,1012.0,1019.0,1028.0,979.0,1031.0,1014.0,1003.0,1017.0,1015.0,1037.0,1066.0,1070.0,1049.0,1011.0,1014.0,986.0,1007.0,1020.0,1022.0,1014.0,1016.0,1023.0,1008.0,1005.0,1027.0,1022.0,1023.0,1020.0,1020.0,1023.0,1046.0,1014.0,1037.0,1039.0,1041.0,1040.0,1020.0,1017.0,1035.0,1070.0,1096.0,1098.0,1042.0,996.0,974.0,973.0,979.0,985.0,984.0,990.0,987.0,997.0,955.0,942.0,931.0,920.0,911.0,921.0,938.0,977.0,960.0,963.0,962.0,984.0,982.0,1002.0,1040.0,1023.0,1019.0,1025.0,1032.0,1028.0,1006.0,1056.0,1025.0,989.0,997.0,1010.0,1023.0,1031.0,1022.0,1041.0,1089.0,1072.0,1110.0,1104.0,1108.0,1101.0,1075.0,1071.0,1079.0,1101.0,1086.0,1092.0,1052.0,1024.0,1034.0,1023.0,1027.0,1018.0,999.0,1014.0,1001.0,988.0,990.0,1006.0,1011.0,990.0,993.0,969.0,964.0,980.0,983.0,984.0,964.0,979.0,1006.0,1015.0,1060.0,1068.0,1075.0,1053.0,1052.0,1010.0,995.0,951.0,934.0,920.0,901.0,900.0,878.0,866.0,851.0,849.0,843.0,854.0,853.0,858.0,873.0,870.0,856.0,876.0,893.0,881.0,901.0,917.0,913.0,942.0,946.0,970.0,974.0,1014.0,978.0,1005.0,990.0,976.0,948.0,921.0,928,934.0,937.0,926.0,909.0,908.0,916.0,913.0,901.0,913.0,924.0,921.0,945.0,974.0,974.0,984.0,931.0,928.0,940.0,930.0,898.0,885.0,854.0,855.0,834.0,806.0,801.0,787.0,786.0,784.0,770.0,788.0,768.0,763.0,777.0,756.0,770.0,763.0,764.0,761.0,756.0,770.0,757.0,753.0,764.0,761.0,750.0,748.0,748.0,745.0,755.0,750.0,749.0,760.0,753.0,758.0,751.0,757.0,758.0,737.0,748.0,752.0,744.0,748.0,748.0,749.0,747.0,771.0,744.0,765.0,757.0,753.0,765.0,756.0,747.0,749.0,753.0,757.0,758.0,768.0,757.0,764.0,768.0,750.0,758.0,763.0,772.0,773.0,766.0,772.0,783.0,776.0,748.0,772.0,760.0,765.0,750.0,770.0,763.0,777.0,768.0,775.0,764.0,783.0,754.0
859.0,845.0,847.0,851.0,841.0,832.0,839.0,823.0,840.0,825.0,826.0,826.0,831.0,827.0,812.0,819.0,839.0,844.0,826.0,832.0,817.0,822.0,822.0,843.0,831.0,836.0,841.0,843.0,849.0,872.0,860.0,854.0,859.0,837.0,852.0,864.0,836.0,817.0,824.0,839.0,833.0,809.0,824.0,830.0,825.0,817.0,808.0,823.0,818.0,841.0,831.0,838.0,815.0,843.0,853.0,835.0,820.0,832.0,850.0,859.0,867.0,857.0,856.0,836.0,847.0,855.0,847.0,849.0,869.0,859.0,902.0,896.0,903.0,908.0,914.0,919.0,958.0,1004.0,992.0,938.0,931.0,925.0,915.0,920.0,967.0,1019.0,999.0,979.0,957.0,944.0,939.0,938.0,951.0,956.0,962.0,973.0,955.0,966.0,952.0,987.0,994.0,1014.0,1018.0,1011.0,1009.0,993.0,987.0,1014.0,1010.0,1006.0,1038.0,1036.0,1035.0,1044.0,1028.0,1031.0,1026.0,1034.0,1037.0,1044.0,1049.0,1050.0,1070.0,1061.0,1067.0,1071.0,1072.0,1063.0,1079.0,1067.0,1059.0,1067.0,1061.0,1054.0,1070.0,1077.0,1135.0,1172.0,1108.0,1064.0,1013.0,1042.0,1055.0,1059.0,1053.0,1060.0,1051.0,1057.0,1057.0,1049.0,1064.0,1048.0,1089.0,1083.0,1067.0,1083.0,1096.0,1100.0,1106.0,1101.0,1101.0,1077.0,1098.0,1080.0,1059.0,1106.0,1113.0,1135.0,1109.0,1040.0,1034.0,1031.0,1019.0,1022.0,1017.0,1013.0,1023.0,1032.0,1007.0,988.0,989.0,969.0,949.0,969.0,997.0,1001.0,1031.0,1024.0,1032.0,1055.0,1060.0,1074.0,1095.0,1088.0,1123.0,1128.0,1103.0,1104.0,1088.0,1084.0,1094.0,1106.0,1088.0,1097.0,1075.0,1091.0,1107.0,1122.0,1161.0,1184.0,1193.0,1194.0,1194.0,1174.0,1187.0,1199.0,1207.0,1221.0,1204.0,1199.0,1153.0,1124.0,1123.0,1116.0,1098.0,1093.0,1092.0,1081.0,1083.0,1071.0,1078.0,1074.0,1096.0,1065.0,1064.0,1062.0,1053.0,1058.0,1071.0,1048.0,1036.0,1062.0,1104.0,1124.0,1158.0,1184.0,1200.0,1201.0,1165.0,1119.0,1074.0,1021.0,1014.0,988.0,986.0,962.0,936.0,899.0,895.0,912.0,882.0,891.0,898.0,903.0,901.0,886.0,893.0,902.0,941.0,942.0,953.0,979.0,970.0,981.0,1004.0,1028.0,1044.0,1060.0,1061.0,1063.0,1065.0,1030.0,1007.0,1002.0,997,998.0,1005.0,982.0,1000.0,997.0,978.0,975.0,970.0,972.0,982.0,1017.0,1022.0,1048.0,1037.0,1045.0,1036.0,1040.0,1003.0,993.0,960.0,959.0,914.0,897.0,873.0,863.0,831.0,842.0,817.0,818.0,817.0,809.0,794.0,774.0,790.0,789.0,789.0,783.0,780.0,784.0,780.0,769.0,784.0,780.0,777.0,773.0,762.0,770.0,768.0,755.0,757.0,764.0,772.0,757.0,756.0,764.0,771.0,773.0,765.0,752.0,766.0,771.0,774.0,764.0,764.0,760.0,777.0,772.0,774.0,769.0,774.0,775.0,776.0,787.0,771.0,769.0,784.0,773.0,765.0,778.0,780.0,768.0,776.0,765.0,777.0,781.0,791.0,771.0,773.0,777.0,784.0,766.0,777.0,780.0,781.0,784.0,784.0,775.0,786.0,781.0,777.0,767.0,776.0,773.0,787.0
780.0,797.0,777.0,776.0,775.0,794.0,789.0,770.0,768.0,778.0,773.0,773.0,764.0,754.0,767.0,765.0,773.0,791.0,782.0,766.0,777.0,789.0,798.0,774.0,775.0,776.0,783.0,799.0,778.0,805.0,808.0,774.0,788.0,777.0,777.0,789.0,784.0,783.0,772.0,769.0,768.0,772.0,759.0,777.0,775.0,772.0,776.0,762.0,752.0,766.0,773.0,789.0,778.0,777.0,774.0,788.0,755.0,781.0,786.0,780.0,806.0,787.0,790.0,796.0,778.0,793.0,783.0,782.0,801.0,800.0,840.0,814.0,846.0,836.0,831.0,851.0,882.0,903.0,907.0,874.0,855.0,849.0,846.0,859.0,900.0,903.0,906.0,892.0,855.0,859.0,857.0,872.0,876.0,875.0,865.0,890.0,870.0,873.0,884.0,866.0,893.0,914.0,916.0,928.0,930.0,897.0,916.0,908.0,915.0,920.0,929.0,926.0,954.0,921.0,930.0,931.0,914.0,947.0,953.0,920.0,963.0,949.0,941.0,946.0,980.0,939.0,944.0,950.0,959.0,943.0,970.0,960.0,947.0,973.0,958.0,975.0,994.0,1015.0,1004.0,967.0,935.0,923.0,931.0,953.0,954.0,945.0,942.0,947.0,931.0,959.0,948.0,970.0,944.0,961.0,963.0,971.0,975.0,988.0,986.0,981.0,956.0,981.0,955.0,990.0,969.0,982.0,1009.0,1021.0,961.0,949.0,909.0,909.0,928.0,914.0,924.0,907.0,908.0,924.0,938.0,895.0,898.0,881.0,878.0,864.0,885.0,895.0,912.0,915.0,912.0,967.0,962.0,962.0,979.0,978.0,983.0,987.0,993.0,986.0,983.0,975.0,956.0,947.0,937.0,965.0,967.0,955.0,975.0,993.0,1009.0,1048.0,1067.0,1038.0,1071.0,1044.0,1033.0,1048.0,1057.0,1075.0,1057.0,1049.0,1042.0,990.0,987.0,984.0,984.0,978.0,958.0,953.0,942.0,940.0,943.0,959.0,969.0,954.0,977.0,932.0,925.0,935.0,943.0,931.0,942.0,935.0,957.0,974.0,1017.0,1066.0,1050.0,1053.0,1017.0,990.0,945.0,931.0,900.0,887.0,894.0,879.0,848.0,823.0,826.0,830.0,813.0,823.0,843.0,842.0,828.0,844.0,827.0,829.0,868.0,851.0,871.0,872.0,879.0,900.0,914.0,932.0,958.0,955.0,968.0,962.0,957.0,920.0,920.0,884.0,891,890.0,897.0,883.0,891.0,876.0,877.0,883.0,887.0,895.0,884.0,928.0,908.0,912.0,920.0,936.0,894.0,930.0,896.0,908.0,861.0,845.0,824.0,819.0,804.0,795.0,783.0,786.0,768.0,759.0,755.0,758.0,754.0,749.0,755.0,763.0,754.0,752.0,747.0,740.0,753.0,758.0,717.0,745.0,726.0,736.0,745.0,729.0,737.0,738.0,730.0,748.0,732.0,729.0,731.0,734.0,739.0,745.0,733.0,736.0,734.0,733.0,733.0,734.0,733.0,737.0,742.0,720.0,747.0,751.0,744.0,727.0,737.0,725.0,738.0,734.0,733.0,737.0,743.0,746.0,745.0,737.0,740.0,724.0,742.0,733.0,741.0,737.0,740.0,739.0,739.0,742.0,743.0,751.0,746.0,742.0,741.0,750.0,752.0,743.0,751.0,755.0,766.0,755.0,745.0
847.0,845.0,870.0,846.0,849.0,846.0,825.0,831.0,837.0,837.0,828.0,821.0,818.0,833.0,825.0,811.0,823.0,859.0,820.0,819.0,830.0,839.0,864.0,821.0,823.0,841.0,855.0,842.0,838.0,843.0,861.0,842.0,848.0,847.0,844.0,849.0,836.0,845.0,847.0,823.0,814.0,830.0,833.0,826.0,829.0,810.0,832.0,811.0,833.0,843.0,841.0,830.0,842.0,848.0,841.0,859.0,834.0,839.0,849.0,857.0,851.0,872.0,860.0,852.0,853.0,854.0,861.0,869.0,876.0,869.0,887.0,888.0,917.0,912.0,906.0,940.0,962.0,1002.0,1021.0,951.0,952.0,929.0,930.0,933.0,959.0,967.0,985.0,957.0,936.0,953.0,922.0,969.0,968.0,964.0,975.0,977.0,969.0,964.0,957.0,976.0,991.0,1014.0,1020.0,1037.0,1015.0,1005.0,993.0,1016.0,1007.0,1007.0,1022.0,1053.0,1033.0,1050.0,1053.0,1024.0,1046.0,1031.0,1044.0,1047.0,1040.0,1068.0,1046.0,1059.0,1051.0,1070.0,1062.0,1067.0,1062.0,1063.0,1064.0,1060.0,1078.0,1071.0,1061.0,1067.0,1114.0,1166.0,1112.0,1055.0,1033.0,1039.0,1053.0,1091.0,1064.0,1053.0,1075.0,1075.0,1066.0,1071.0,1071.0,1072.0,1080.0,1082.0,1101.0,1090.0,1102.0,1107.0,1103.0,1078.0,1098.0,1089.0,1080.0,1065.0,1091.0,1112.0,1135.0,1136.0,1121.0,1045.0,1036.0,1033.0,1040.0,1025.0,1032.0,1025.0,1004.0,1025.0,1035.0,997.0,949.0,990.0,990.0,973.0,994.0,1017.0,1048.0,1042.0,1049.0,1063.0,1077.0,1089.0,1113.0,1116.0,1101.0,1119.0,1117.0,1106.0,1095.0,1115.0,1093.0,1099.0,1095.0,1117.0,1084.0,1102.0,1094.0,1116.0,1164.0,1189.0,1214.0,1208.0,1220.0,1165.0,1202.0,1200.0,1213.0,1223.0,1203.0,1192.0,1143.0,1118.0,1146.0,1113.0,1110.0,1116.0,1098.0,1081.0,1098.0,1070.0,1080.0,1084.0,1065.0,1061.0,1064.0,1052.0,1034.0,1055.0,1046.0,1047.0,1059.0,1063.0,1082.0,1124.0,1146.0,1167.0,1173.0,1173.0,1163.0,1094.0,1068.0,1054.0,1019.0,992.0,969.0,947.0,942.0,913.0,918.0,908.0,885.0,886.0,894.0,922.0,913.0,907.0,910.0,925.0,931.0,954.0,964.0,986.0,980.0,1017.0,1020.0,1023.0,1053.0,1055.0,1088.0,1086.0,1060.0,1041.0,1009.0,1014.0,1003,1046.0,1019.0,979.0,1003.0,982.0,976.0,959.0,1010.0,980.0,1009.0,1010.0,1023.0,1033.0,1050.0,1035.0,1024.0,1035.0,1012.0,978.0,971.0,942.0,937.0,909.0,891.0,858.0,858.0,837.0,824.0,824.0,820.0,809.0,803.0,807.0,791.0,805.0,812.0,790.0,795.0,780.0,801.0,788.0,784.0,772.0,786.0,784.0,783.0,775.0,770.0,784.0,774.0,779.0,777.0,771.0,783.0,779.0,778.0,785.0,783.0,769.0,783.0,774.0,772.0,778.0,779.0,784.0,787.0,783.0,783.0,788.0,775.0,783.0,786.0,773.0,780.0,780.0,780.0,786.0,792.0,775.0,796.0,775.0,772.0,781.0,801.0,793.0,788.0,799.0,793.0,783.0,772.0,791.0,780.0,788.0,786.0,784.0,791.0,787.0,793.0,790.0,785.0,789.0,790.0,791.0,792.0
805.0,798.0,813.0,816.0,803.0,812.0,799.0,809.0,809.0,793.0,789.0,796.0,792.0,781.0,789.0,784.0,804.0,820.0,798.0,799.0,781.0,807.0,799.0,816.0,815.0,806.0,795.0,807.0,806.0,814.0,812.0,809.0,817.0,819.0,808.0,809.0,810.0,801.0,806.0,784.0,785.0,791.0,785.0,800.0,787.0,789.0,784.0,778.0,795.0,806.0,793.0,785.0,782.0,819.0,810.0,808.0,796.0,800.0,815.0,825.0,812.0,821.0,825.0,813.0,808.0,801.0,807.0,822.0,819.0,810.0,853.0,861.0,874.0,873.0,857.0,877.0,912.0,947.0,950.0,902.0,886.0,873.0,874.0,898.0,913.0,923.0,933.0,924.0,909.0,890.0,889.0,898.0,890.0,917.0,918.0,915.0,888.0,913.0,885.0,914.0,927.0,951.0,949.0,952.0,945.0,942.0,943.0,933.0,964.0,959.0,967.0,962.0,981.0,960.0,992.0,943.0,962.0,947.0,961.0,983.0,973.0,1003.0,982.0,985.0,992.0,984.0,1013.0,989.0,998.0,999.0,998.0,991.0,1003.0,987.0,995.0,1006.0,1052.0,1058.0,1042.0,992.0,993.0,986.0,984.0,1001.0,980.0,992.0,999.0,992.0,975.0,984.0,992.0,991.0,1013.0,1015.0,1005.0,1016.0,1012.0,1026.0,1040.0,1024.0,1049.0,1028.0,1010.0,1001.0,1002.0,1032.0,1058.0,1060.0,1038.0,990.0,948.0,955.0,953.0,944.0,953.0,954.0,944.0,956.0,960.0,935.0,911.0,917.0,904.0,905.0,926.0,939.0,940.0,960.0,942.0,974.0,1004.0,1008.0,1030.0,1028.0,1021.0,1027.0,1019.0,1052.0,1010.0,1029.0,1045.0,995.0,1003.0,1030.0,1021.0,1019.0,1036.0,1042.0,1082.0,1088.0,1105.0,1099.0,1119.0,1124.0,1090.0,1083.0,1115.0,1122.0,1124.0,1118.0,1079.0,1037.0,1052.0,1033.0,1026.0,1026.0,1018.0,1012.0,1002.0,995.0,976.0,1008.0,1010.0,1004.0,989.0,976.0,979.0,958.0,973.0,958.0,982.0,977.0,1006.0,1059.0,1063.0,1079.0,1083.0,1077.0,1067.0,1030.0,988.0,957.0,949.0,936.0,914.0,911.0,903.0,870.0,860.0,859.0,853.0,849.0,861.0,857.0,849.0,862.0,877.0,856.0,888.0,868.0,892.0,920.0,900.0,939.0,947.0,950.0,979.0,981.0,998.0,1009.0,996.0,977.0,940.0,931.0,935,957.0,944.0,943.0,923.0,919.0,906.0,929.0,899.0,922.0,935.0,954.0,956.0,979.0,958.0,980.0,968.0,960.0,934.0,931.0,921.0,901.0,868.0,865.0,846.0,826.0,806.0,798.0,795.0,775.0,768.0,775.0,769.0,766.0,771.0,761.0,764.0,760.0,758.0,764.0,764.0,749.0,749.0,746.0,759.0,748.0,758.0,752.0,741.0,749.0,750.0,745.0,752.0,752.0,754.0,752.0,751.0,744.0,745.0,740.0,744.0,740.0,735.0,742.0,738.0,744.0,748.0,752.0,751.0,757.0,754.0,736.0,767.0,750.0,731.0,738.0,751.0,744.0,748.0,747.0,752.0,750.0,749.0,744.0,757.0,767.0,765.0,753.0,761.0,756.0,760.0,756.0,757.0,747.0,755.0,756.0,764.0,755.0,757.0,764.0,767.0,756.0,761.0,756.0,758.0
784.0,803.0,787.0,782.0,771.0,797.0,785.0,774.0,780.0,775.0,759.0,759.0,767.0,753.0,779.0,770.0,763.0,796.0,786.0,766.0,781.0,774.0,779.0,764.0,771.0,777.0,784.0,795.0,758.0,780.0,802.0,785.0,784.0,798.0,782.0,782.0,775.0,767.0,783.0,769.0,773.0,749.0,761.0,754.0,762.0,775.0,760.0,749.0,766.0,771.0,770.0,774.0,762.0,773.0,764.0,777.0,777.0,779.0,787.0,787.0,790.0,789.0,782.0,781.0,786.0,769.0,772.0,793.0,799.0,782.0,822.0,787.0,817.0,800.0,834.0,838.0,854.0,919.0,873.0,850.0,813.0,843.0,822.0,843.0,873.0,879.0,853.0,880.0,853.0,840.0,838.0,848.0,863.0,859.0,874.0,873.0,878.0,858.0,845.0,885.0,882.0,900.0,900.0,911.0,894.0,889.0,901.0,904.0,904.0,908.0,895.0,917.0,911.0,925.0,925.0,905.0,931.0,932.0,909.0,927.0,915.0,939.0,937.0,942.0,920.0,953.0,934.0,915.0,918.0,916.0,939.0,949.0,948.0,925.0,933.0,930.0,982.0,996.0,978.0,911.0,934.0,915.0,919.0,936.0,928.0,926.0,941.0,909.0,908.0,911.0,960.0,921.0,946.0,944.0,953.0,951.0,950.0,973.0,965.0,936.0,936.0,954.0,975.0,954.0,962.0,964.0,1012.0,989.0,963.0,924.0,899.0,905.0,913.0,920.0,893.0,898.0,901.0,910.0,905.0,894.0,856.0,849.0,852.0,868.0,853.0,856.0,881.0,896.0,898.0,907.0,926.0,916.0,929.0,953.0,956.0,950.0,939.0,952.0,957.0,942.0,953.0,921.0,926.0,966.0,924.0,945.0,958.0,984.0,1010.0,987.0,1038.0,1024.0,1030.0,1006.0,1010.0,996.0,994.0,1040.0,1022.0,1019.0,998.0,974.0,951.0,947.0,940.0,956.0,919.0,932.0,932.0,922.0,923.0,939.0,930.0,941.0,938.0,916.0,929.0,905.0,929.0,896.0,908.0,929.0,935.0,953.0,976.0,1013.0,1004.0,995.0,998.0,943.0,906.0,891.0,891.0,861.0,859.0,853.0,811.0,810.0,799.0,791.0,785.0,810.0,793.0,801.0,808.0,804.0,798.0,807.0,828.0,819.0,850.0,850.0,848.0,861.0,868.0,881.0,916.0,914.0,900.0,913.0,923.0,914.0,869.0,868.0,875,867.0,869.0,866.0,864.0,851.0,852.0,849.0,858.0,865.0,882.0,871.0,907.0,886.0,911.0,912.0,889.0,913.0,869.0,868.0,833.0,832.0,812.0,817.0,795.0,785.0,781.0,752.0,751.0,733.0,745.0,732.0,744.0,729.0,719.0,747.0,735.0,734.0,728.0,734.0,726.0,730.0,727.0,717.0,728.0,714.0,714.0,732.0,702.0,706.0,710.0,719.0,711.0,706.0,729.0,724.0,715.0,703.0,721.0,720.0,717.0,719.0,722.0,719.0,718.0,727.0,715.0,710.0,722.0,716.0,714.0,716.0,718.0,717.0,708.0,713.0,718.0,725.0,725.0,720.0,720.0,712.0,708.0,709.0,720.0,726.0,736.0,730.0,730.0,721.0,729.0,728.0,706.0,717.0,709.0,746.0,710.0,715.0,719.0,735.0,725.0,714.0,725.0,710.0,727.0
762.0,760.0,758.0,753.0,745.0,752.0,737.0,743.0,751.0,745.0,745.0,746.0,744.0,739.0,740.0,732.0,742.0,761.0,746.0,742.0,737.0,753.0,747.0,732.0,745.0,763.0,758.0,757.0,751.0,752.0,759.0,753.0,747.0,756.0,755.0,747.0,742.0,745.0,747.0,735.0,739.0,744.0,735.0,743.0,742.0,740.0,740.0,741.0,744.0,738.0,750.0,740.0,737.0,742.0,751.0,760.0,752.0,750.0,766.0,756.0,751.0,777.0,760.0,761.0,776.0,753.0,764.0,761.0,765.0,769.0,781.0,778.0,795.0,794.0,800.0,797.0,839.0,867.0,855.0,824.0,820.0,798.0,823.0,819.0,839.0,863.0,874.0,857.0,832.0,827.0,831.0,836.0,845.0,826.0,843.0,839.0,837.0,849.0,838.0,850.0,840.0,854.0,863.0,887.0,857.0,871.0,864.0,866.0,863.0,883.0,885.0,900.0,882.0,881.0,871.0,880.0,875.0,906.0,886.0,888.0,901.0,912.0,903.0,911.0,910.0,907.0,908.0,910.0,906.0,900.0,899.0,909.0,906.0,899.0,903.0,914.0,936.0,951.0,923.0,899.0,891.0,873.0,896.0,895.0,900.0,898.0,889.0,906.0,898.0,896.0,891.0,898.0,909.0,895.0,910.0,913.0,923.0,917.0,938.0,906.0,919.0,922.0,910.0,905.0,914.0,926.0,951.0,939.0,921.0,888.0,880.0,865.0,868.0,860.0,866.0,869.0,874.0,883.0,856.0,848.0,840.0,823.0,834.0,836.0,841.0,842.0,861.0,869.0,882.0,883.0,873.0,905.0,903.0,907.0,908.0,908.0,905.0,901.0,909.0,902.0,894.0,889.0,904.0,903.0,892.0,913.0,897.0,898.0,936.0,943.0,976.0,958.0,966.0,937.0,941.0,944.0,950.0,962.0,967.0,937.0,936.0,907.0,907.0,913.0,909.0,885.0,885.0,883.0,873.0,888.0,885.0,888.0,885.0,890.0,872.0,874.0,874.0,863.0,865.0,863.0,868.0,870.0,886.0,908.0,932.0,939.0,933.0,920.0,921.0,900.0,868.0,849.0,857.0,836.0,832.0,815.0,808.0,793.0,779.0,780.0,777.0,779.0,781.0,781.0,792.0,776.0,781.0,784.0,805.0,794.0,814.0,823.0,810.0,831.0,850.0,848.0,889.0,887.0,882.0,892.0,883.0,849.0,842.0,839.0,851,846.0,828.0,833.0,829.0,832.0,830.0,830.0,833.0,825.0,836.0,855.0,835.0,843.0,858.0,861.0,859.0,863.0,845.0,833.0,823.0,802.0,780.0,799.0,765.0,753.0,762.0,758.0,732.0,717.0,728.0,739.0,720.0,727.0,723.0,725.0,731.0,727.0,721.0,714.0,721.0,720.0,719.0,731.0,722.0,711.0,714.0,709.0,709.0,718.0,708.0,707.0,714.0,719.0,705.0,714.0,715.0,711.0,708.0,708.0,710.0,722.0,725.0,705.0,704.0,711.0,713.0,721.0,727.0,719.0,714.0,712.0,711.0,727.0,713.0,713.0,709.0,716.0,712.0,724.0,721.0,711.0,716.0,716.0,724.0,722.0,723.0,722.0,707.0,720.0,714.0,726.0,717.0,722.0,721.0,728.0,731.0,721.0,729.0,725.0,717.0,731.0,718.0,722.0,716.0
772.0,771.0,755.0,750.0,759.0,758.0,766.0,752.0,742.0,734.0,749.0,757.0,741.0,747.0,749.0,737.0,752.0,785.0,761.0,749.0,762.0,760.0,739.0,750.0,757.0,741.0,768.0,761.0,757.0,755.0,761.0,755.0,767.0,761.0,744.0,752.0,739.0,750.0,772.0,746.0,749.0,740.0,738.0,752.0,745.0,741.0,743.0,748.0,748.0,758.0,752.0,754.0,762.0,761.0,762.0,744.0,740.0,742.0,754.0,769.0,765.0,772.0,769.0,762.0,780.0,769.0,753.0,783.0,765.0,765.0,781.0,808.0,810.0,804.0,819.0,815.0,858.0,893.0,870.0,818.0,814.0,810.0,816.0,824.0,852.0,851.0,847.0,842.0,836.0,817.0,824.0,836.0,838.0,844.0,852.0,843.0,847.0,860.0,833.0,862.0,855.0,884.0,881.0,875.0,870.0,851.0,867.0,873.0,861.0,879.0,886.0,900.0,879.0,888.0,880.0,883.0,877.0,888.0,895.0,891.0,893.0,913.0,897.0,904.0,892.0,904.0,903.0,911.0,894.0,902.0,916.0,904.0,879.0,921.0,917.0,925.0,927.0,959.0,922.0,888.0,875.0,890.0,889.0,901.0,892.0,912.0,904.0,895.0,904.0,893.0,893.0,903.0,920.0,900.0,907.0,906.0,903.0,931.0,927.0,900.0,935.0,901.0,916.0,910.0,907.0,912.0,932.0,960.0,921.0,894.0,893.0,873.0,878.0,876.0,893.0,877.0,868.0,892.0,882.0,854.0,851.0,837.0,851.0,845.0,844.0,864.0,859.0,868.0,873.0,874.0,868.0,883.0,894.0,896.0,906.0,919.0,901.0,903.0,890.0,881.0,897.0,900.0,900.0,876.0,888.0,925.0,904.0,892.0,918.0,931.0,958.0,951.0,952.0,951.0,933.0,917.0,953.0,946.0,947.0,926.0,919.0,913.0,906.0,879.0,885.0,894.0,884.0,885.0,886.0,870.0,887.0,874.0,889.0,885.0,871.0,860.0,853.0,871.0,868.0,851.0,857.0,854.0,875.0,888.0,936.0,933.0,914.0,913.0,903.0,885.0,884.0,855.0,837.0,835.0,842.0,816.0,808.0,819.0,795.0,785.0,780.0,772.0,791.0,807.0,803.0,780.0,787.0,790.0,806.0,811.0,813.0,812.0,819.0,834.0,838.0,847.0,879.0,888.0,886.0,892.0,897.0,859.0,857.0,850.0,843,839.0,830.0,827.0,845.0,831.0,830.0,824.0,820.0,837.0,833.0,846.0,831.0,870.0,846.0,864.0,859.0,848.0,837.0,830.0,829.0,807.0,797.0,799.0,782.0,767.0,761.0,773.0,746.0,737.0,747.0,743.0,726.0,735.0,730.0,721.0,738.0,715.0,731.0,731.0,729.0,747.0,723.0,730.0,726.0,735.0,721.0,725.0,734.0,716.0,718.0,731.0,721.0,733.0,747.0,720.0,732.0,723.0,718.0,722.0,739.0,731.0,728.0,729.0,733.0,735.0,727.0,732.0,729.0,735.0,744.0,721.0,728.0,746.0,725.0,720.0,728.0,739.0,732.0,727.0,732.0,733.0,736.0,718.0,740.0,724.0,736.0,734.0,736.0,715.0,736.0,737.0,731.0,730.0,742.0,740.0,727.0,729.0,733.0,740.0,743.0,736.0,730.0,732.0,736.0
759.0,751.0,755.0,774.0,740.0,739.0,740.0,752.0,741.0,742.0,746.0,739.0,744.0,741.0,721.0,743.0,743.0,754.0,736.0,739.0,739.0,748.0,747.0,751.0,745.0,748.0,756.0,750.0,742.0,757.0,763.0,754.0,729.0,757.0,744.0,745.0,754.0,743.0,756.0,751.0,740.0,736.0,731.0,739.0,740.0,731.0,734.0,737.0,748.0,737.0,756.0,752.0,729.0,747.0,753.0,763.0,738.0,733.0,759.0,766.0,756.0,779.0,763.0,765.0,769.0,760.0,758.0,757.0,758.0,755.0,787.0,801.0,785.0,794.0,798.0,814.0,846.0,875.0,847.0,824.0,830.0,819.0,809.0,816.0,835.0,864.0,856.0,826.0,824.0,819.0,809.0,821.0,817.0,841.0,839.0,848.0,829.0,852.0,833.0,860.0,859.0,863.0,881.0,886.0,882.0,864.0,855.0,874.0,895.0,869.0,870.0,878.0,898.0,888.0,892.0,868.0,878.0,883.0,896.0,898.0,888.0,913.0,891.0,904.0,902.0,908.0,901.0,910.0,887.0,921.0,922.0,910.0,904.0,908.0,904.0,907.0,944.0,944.0,940.0,907.0,884.0,881.0,910.0,906.0,906.0,915.0,898.0,903.0,889.0,900.0,894.0,910.0,899.0,910.0,890.0,907.0,912.0,922.0,917.0,929.0,925.0,927.0,909.0,901.0,896.0,916.0,965.0,948.0,946.0,899.0,877.0,888.0,891.0,860.0,875.0,853.0,869.0,894.0,862.0,859.0,838.0,841.0,832.0,842.0,856.0,853.0,865.0,877.0,873.0,871.0,877.0,902.0,906.0,894.0,911.0,900.0,921.0,916.0,891.0,908.0,919.0,895.0,878.0,901.0,877.0,898.0,903.0,895.0,930.0,931.0,953.0,972.0,947.0,939.0,939.0,924.0,958.0,954.0,952.0,943.0,939.0,911.0,909.0,908.0,898.0,868.0,897.0,890.0,873.0,861.0,868.0,893.0,873.0,877.0,873.0,883.0,867.0,874.0,868.0,845.0,861.0,868.0,862.0,915.0,899.0,908.0,934.0,909.0,903.0,890.0,883.0,854.0,847.0,838.0,824.0,828.0,817.0,797.0,798.0,793.0,793.0,774.0,778.0,779.0,800.0,793.0,773.0,797.0,792.0,793.0,834.0,837.0,822.0,844.0,845.0,868.0,877.0,880.0,877.0,889.0,886.0,864.0,852.0,855.0,852,820.0,844.0,841.0,835.0,839.0,816.0,827.0,840.0,825.0,819.0,848.0,855.0,858.0,860.0,856.0,868.0,854.0,842.0,827.0,829.0,803.0,783.0,778.0,769.0,766.0,742.0,747.0,742.0,735.0,732.0,756.0,743.0,734.0,720.0,730.0,730.0,735.0,722.0,728.0,717.0,720.0,726.0,722.0,717.0,712.0,704.0,710.0,708.0,707.0,705.0,720.0,711.0,712.0,707.0,718.0,714.0,714.0,705.0,710.0,720.0,710.0,723.0,733.0,707.0,722.0,714.0,731.0,734.0,736.0,729.0,713.0,737.0,724.0,720.0,712.0,732.0,711.0,719.0,716.0,723.0,718.0,710.0,722.0,742.0,714.0,735.0,737.0,726.0,730.0,727.0,727.0,714.0,729.0,725.0,736.0,733.0,717.0,730.0,726.0,733.0,727.0,728.0,740.0,722.0
849.0,876.0,873.0,885.0,887.0,872.0,863.0,850.0,875.0,847.0,856.0,856.0,854.0,848.0,856.0,850.0,863.0,869.0,853.0,869.0,851.0,854.0,859.0,853.0,860.0,847.0,876.0,882.0,875.0,882.0,875.0,884.0,881.0,880.0,891.0,879.0,880.0,868.0,859.0,840.0,861.0,863.0,852.0,848.0,861.0,859.0,831.0,831.0,880.0,876.0,848.0,884.0,874.0,879.0,881.0,893.0,866.0,895.0,867.0,909.0,903.0,919.0,896.0,903.0,880.0,883.0,909.0,900.0,914.0,907.0,924.0,944.0,961.0,978.0,978.0,989.0,1025.0,1094.0,1057.0,1000.0,985.0,971.0,981.0,1000.0,1019.0,1062.0,1062.0,1041.0,992.0,1023.0,1013.0,1003.0,1030.0,1038.0,1026.0,1035.0,1029.0,1026.0,1033.0,1051.0,1060.0,1096.0,1086.0,1081.0,1104.0,1080.0,1076.0,1102.0,1088.0,1085.0,1107.0,1118.0,1121.0,1113.0,1103.0,1110.0,1131.0,1116.0,1133.0,1138.0,1126.0,1167.0,1143.0,1137.0,1171.0,1151.0,1155.0,1157.0,1141.0,1139.0,1139.0,1181.0,1177.0,1144.0,1144.0,1182.0,1231.0,1269.0,1229.0,1159.0,1133.0,1162.0,1156.0,1152.0,1149.0,1167.0,1148.0,1157.0,1161.0,1151.0,1158.0,1137.0,1166.0,1154.0,1178.0,1167.0,1161.0,1168.0,1210.0,1195.0,1174.0,1162.0,1200.0,1158.0,1171.0,1196.0,1229.0,1250.0,1190.0,1138.0,1120.0,1083.0,1125.0,1149.0,1145.0,1140.0,1124.0,1125.0,1109.0,1084.0,1049.0,1036.0,1046.0,1039.0,1063.0,1098.0,1092.0,1122.0,1127.0,1121.0,1142.0,1172.0,1191.0,1179.0,1171.0,1169.0,1190.0,1171.0,1155.0,1161.0,1153.0,1138.0,1120.0,1152.0,1145.0,1183.0,1163.0,1189.0,1227.0,1240.0,1274.0,1254.0,1247.0,1263.0,1223.0,1218.0,1235.0,1280.0,1254.0,1233.0,1182.0,1165.0,1173.0,1150.0,1142.0,1123.0,1118.0,1130.0,1112.0,1108.0,1122.0,1118.0,1116.0,1115.0,1103.0,1100.0,1094.0,1101.0,1086.0,1072.0,1072.0,1087.0,1133.0,1163.0,1194.0,1214.0,1202.0,1214.0,1190.0,1144.0,1121.0,1083.0,1074.0,1028.0,1030.0,1017.0,997.0,968.0,935.0,962.0,967.0,968.0,990.0,982.0,994.0,980.0,978.0,954.0,986.0,987.0,1000.0,1010.0,1010.0,1028.0,1049.0,1060.0,1107.0,1115.0,1107.0,1094.0,1121.0,1081.0,1061.0,1028.0,1026,1024.0,1022.0,1041.0,1026.0,993.0,1030.0,994.0,1009.0,1013.0,1025.0,1052.0,1053.0,1079.0,1100.0,1104.0,1105.0,1093.0,1057.0,1007.0,1025.0,999.0,959.0,977.0,936.0,901.0,888.0,876.0,862.0,859.0,879.0,854.0,840.0,836.0,852.0,823.0,829.0,837.0,846.0,826.0,805.0,814.0,796.0,804.0,816.0,825.0,797.0,817.0,812.0,816.0,802.0,819.0,833.0,810.0,819.0,807.0,818.0,817.0,830.0,809.0,820.0,804.0,812.0,806.0,813.0,819.0,818.0,804.0,823.0,825.0,824.0,826.0,831.0,818.0,817.0,814.0,823.0,810.0,825.0,834.0,825.0,839.0,831.0,808.0,828.0,828.0,818.0,837.0,827.0,813.0,826.0,843.0,837.0,823.0,829.0,845.0,827.0,832.0,827.0,829.0,842.0,841.0,837.0,819.0,826.0
863.0,853.0,859.0,865.0,855.0,846.0,855.0,851.0,852.0,845.0,848.0,831.0,846.0,826.0,836.0,834.0,839.0,878.0,840.0,848.0,835.0,866.0,855.0,839.0,846.0,851.0,856.0,863.0,849.0,878.0,866.0,861.0,860.0,879.0,869.0,857.0,836.0,850.0,845.0,859.0,835.0,834.0,821.0,840.0,849.0,834.0,839.0,849.0,852.0,848.0,857.0,846.0,841.0,863.0,858.0,859.0,842.0,847.0,862.0,883.0,865.0,886.0,864.0,885.0,867.0,879.0,872.0,881.0,883.0,884.0,894.0,907.0,935.0,932.0,926.0,954.0,1004.0,1067.0,1030.0,967.0,951.0,952.0,942.0,970.0,992.0,1014.0,1006.0,1008.0,986.0,978.0,978.0,989.0,980.0,992.0,982.0,1006.0,984.0,1013.0,991.0,1036.0,1010.0,1050.0,1041.0,1054.0,1044.0,1021.0,1050.0,1051.0,1050.0,1058.0,1081.0,1054.0,1084.0,1090.0,1085.0,1054.0,1058.0,1093.0,1086.0,1099.0,1109.0,1097.0,1098.0,1115.0,1114.0,1083.0,1095.0,1110.0,1094.0,1101.0,1104.0,1090.0,1095.0,1107.0,1113.0,1123.0,1176.0,1173.0,1148.0,1095.0,1088.0,1088.0,1100.0,1121.0,1125.0,1110.0,1091.0,1108.0,1112.0,1107.0,1127.0,1116.0,1119.0,1137.0,1136.0,1142.0,1147.0,1121.0,1149.0,1133.0,1146.0,1110.0,1111.0,1096.0,1121.0,1166.0,1191.0,1181.0,1165.0,1059.0,1050.0,1065.0,1066.0,1081.0,1058.0,1059.0,1043.0,1077.0,1051.0,1035.0,997.0,982.0,976.0,1014.0,1019.0,1057.0,1046.0,1059.0,1065.0,1082.0,1102.0,1117.0,1130.0,1133.0,1146.0,1146.0,1155.0,1149.0,1127.0,1163.0,1128.0,1096.0,1137.0,1130.0,1125.0,1122.0,1139.0,1162.0,1194.0,1219.0,1224.0,1247.0,1218.0,1209.0,1203.0,1212.0,1211.0,1226.0,1231.0,1209.0,1171.0,1155.0,1131.0,1119.0,1125.0,1114.0,1096.0,1108.0,1092.0,1087.0,1088.0,1084.0,1096.0,1102.0,1091.0,1076.0,1072.0,1074.0,1087.0,1103.0,1043.0,1087.0,1125.0,1137.0,1175.0,1212.0,1195.0,1196.0,1176.0,1128.0,1080.0,1040.0,1026.0,1015.0,980.0,977.0,971.0,931.0,927.0,910.0,931.0,913.0,926.0,918.0,933.0,928.0,914.0,930.0,955.0,950.0,972.0,989.0,990.0,1015.0,1021.0,1036.0,1071.0,1092.0,1065.0,1084.0,1069.0,1055.0,1024.0,992.0,1022,1025.0,999.0,1000.0,1003.0,980.0,985.0,964.0,992.0,998.0,1022.0,1011.0,1037.0,1068.0,1053.0,1071.0,1062.0,1062.0,1039.0,1016.0,986.0,956.0,938.0,922.0,897.0,874.0,856.0,836.0,848.0,832.0,829.0,830.0,813.0,808.0,818.0,805.0,808.0,818.0,797.0,803.0,801.0,798.0,796.0,798.0,786.0,814.0,802.0,791.0,776.0,792.0,797.0,788.0,792.0,785.0,785.0,781.0,784.0,783.0,776.0,771.0,781.0,791.0,778.0,779.0,782.0,795.0,791.0,803.0,774.0,784.0,803.0,795.0,805.0,778.0,780.0,782.0,792.0,796.0,794.0,793.0,791.0,800.0,799.0,805.0,807.0,794.0,800.0,796.0,802.0,790.0,818.0,799.0,795.0,797.0,793.0,799.0,791.0,818.0,798.0,812.0,797.0,782.0,801.0,792.0,810.0
878.0,866.0,877.0,869.0,864.0,861.0,866.0,844.0,864.0,862.0,854.0,850.0,855.0,832.0,830.0,849.0,855.0,862.0,851.0,862.0,849.0,844.0,855.0,876.0,862.0,851.0,868.0,884.0,870.0,893.0,890.0,874.0,877.0,880.0,895.0,876.0,855.0,858.0,849.0,863.0,864.0,851.0,860.0,854.0,849.0,855.0,836.0,831.0,841.0,866.0,853.0,870.0,860.0,870.0,879.0,878.0,859.0,860.0,885.0,884.0,888.0,895.0,893.0,874.0,876.0,894.0,892.0,893.0,912.0,914.0,943.0,940.0,947.0,958.0,959.0,975.0,1015.0,1073.0,1046.0,983.0,981.0,974.0,961.0,968.0,1007.0,1047.0,1039.0,1037.0,1000.0,999.0,1002.0,982.0,998.0,1024.0,1026.0,1046.0,1021.0,1027.0,1006.0,1028.0,1056.0,1068.0,1084.0,1077.0,1061.0,1052.0,1058.0,1066.0,1077.0,1061.0,1098.0,1088.0,1119.0,1111.0,1089.0,1080.0,1092.0,1081.0,1097.0,1119.0,1134.0,1150.0,1122.0,1131.0,1135.0,1136.0,1128.0,1133.0,1122.0,1119.0,1123.0,1141.0,1137.0,1136.0,1142.0,1155.0,1219.0,1254.0,1175.0,1128.0,1111.0,1118.0,1110.0,1126.0,1135.0,1136.0,1119.0,1119.0,1114.0,1129.0,1132.0,1127.0,1160.0,1161.0,1141.0,1152.0,1176.0,1168.0,1181.0,1178.0,1163.0,1141.0,1176.0,1152.0,1129.0,1182.0,1202.0,1213.0,1172.0,1111.0,1098.0,1101.0,1086.0,1069.0,1083.0,1070.0,1089.0,1108.0,1086.0,1044.0,1027.0,1021.0,1006.0,1027.0,1044.0,1061.0,1082.0,1100.0,1085.0,1139.0,1126.0,1150.0,1148.0,1165.0,1179.0,1206.0,1166.0,1162.0,1163.0,1156.0,1150.0,1158.0,1145.0,1156.0,1147.0,1180.0,1173.0,1182.0,1230.0,1257.0,1287.0,1288.0,1287.0,1256.0,1254.0,1255.0,1273.0,1302.0,1281.0,1255.0,1202.0,1198.0,1179.0,1178.0,1152.0,1160.0,1150.0,1134.0,1135.0,1129.0,1131.0,1126.0,1137.0,1127.0,1126.0,1103.0,1112.0,1104.0,1127.0,1110.0,1097.0,1126.0,1143.0,1194.0,1224.0,1241.0,1262.0,1247.0,1228.0,1171.0,1127.0,1065.0,1068.0,1041.0,1034.0,1007.0,990.0,941.0,933.0,945.0,924.0,926.0,928.0,945.0,939.0,938.0,933.0,942.0,979.0,985.0,1008.0,1014.0,1033.0,1033.0,1067.0,1081.0,1111.0,1130.0,1112.0,1127.0,1126.0,1079.0,1072.0,1038.0,1045,1058.0,1054.0,1043.0,1042.0,1033.0,1028.0,1017.0,1001.0,1027.0,1032.0,1064.0,1068.0,1076.0,1090.0,1092.0,1089.0,1086.0,1062.0,1036.0,997.0,993.0,957.0,946.0,910.0,889.0,871.0,871.0,846.0,851.0,848.0,833.0,823.0,819.0,814.0,822.0,823.0,812.0,811.0,807.0,811.0,797.0,800.0,802.0,803.0,790.0,797.0,797.0,789.0,784.0,784.0,799.0,799.0,794.0,782.0,784.0,795.0,797.0,782.0,782.0,798.0,798.0,801.0,791.0,792.0,805.0,802.0,805.0,804.0,797.0,810.0,802.0,797.0,803.0,796.0,803.0,803.0,800.0,788.0,799.0,804.0,807.0,805.0,789.0,805.0,797.0,809.0,798.0,808.0,801.0,812.0,794.0,806.0,810.0,808.0,815.0,792.0,809.0,815.0,815.0,806.0,801.0,803.0,802.0,822.0
826.0,860.0,858.0,838.0,830.0,852.0,831.0,828.0,850.0,827.0,820.0,831.0,793.0,804.0,826.0,823.0,828.0,848.0,824.0,833.0,821.0,838.0,849.0,848.0,835.0,841.0,838.0,863.0,851.0,855.0,866.0,859.0,873.0,873.0,854.0,847.0,857.0,824.0,843.0,832.0,831.0,828.0,817.0,841.0,821.0,829.0,809.0,816.0,817.0,838.0,818.0,819.0,826.0,862.0,844.0,847.0,834.0,846.0,838.0,859.0,867.0,880.0,864.0,848.0,848.0,853.0,875.0,869.0,851.0,884.0,899.0,890.0,933.0,932.0,908.0,930.0,974.0,1006.0,985.0,965.0,942.0,920.0,927.0,967.0,998.0,1060.0,1047.0,1007.0,981.0,965.0,954.0,995.0,987.0,969.0,963.0,975.0,985.0,1004.0,999.0,982.0,983.0,1024.0,1023.0,1044.0,1000.0,1007.0,1002.0,1030.0,1014.0,1056.0,1050.0,1044.0,1053.0,1045.0,1048.0,1044.0,1023.0,1033.0,1048.0,1064.0,1078.0,1088.0,1038.0,1095.0,1057.0,1075.0,1099.0,1079.0,1071.0,1080.0,1042.0,1078.0,1072.0,1061.0,1089.0,1105.0,1128.0,1187.0,1137.0,1061.0,1029.0,1057.0,1046.0,1083.0,1088.0,1056.0,1082.0,1077.0,1058.0,1064.0,1069.0,1060.0,1068.0,1093.0,1088.0,1073.0,1117.0,1091.0,1120.0,1118.0,1085.0,1094.0,1074.0,1073.0,1071.0,1102.0,1134.0,1141.0,1099.0,1073.0,1008.0,1006.0,1014.0,1009.0,1020.0,1025.0,1030.0,1037.0,1009.0,1001.0,978.0,979.0,974.0,991.0,1000.0,1018.0,1046.0,1030.0,1030.0,1073.0,1097.0,1076.0,1113.0,1112.0,1095.0,1119.0,1096.0,1106.0,1098.0,1105.0,1086.0,1076.0,1065.0,1073.0,1082.0,1087.0,1117.0,1104.0,1145.0,1150.0,1214.0,1200.0,1197.0,1186.0,1178.0,1190.0,1220.0,1230.0,1209.0,1175.0,1157.0,1140.0,1139.0,1107.0,1109.0,1060.0,1065.0,1068.0,1076.0,1043.0,1046.0,1086.0,1091.0,1098.0,1070.0,1072.0,1053.0,1064.0,1061.0,1050.0,1046.0,1053.0,1068.0,1105.0,1138.0,1131.0,1147.0,1159.0,1173.0,1126.0,1073.0,1036.0,1018.0,1004.0,998.0,950.0,939.0,921.0,922.0,905.0,909.0,891.0,903.0,885.0,894.0,899.0,918.0,893.0,918.0,923.0,961.0,954.0,980.0,988.0,998.0,1030.0,1032.0,1048.0,1060.0,1064.0,1064.0,1003.0,981.0,962.0,964,988.0,988.0,986.0,969.0,1004.0,971.0,959.0,965.0,985.0,992.0,997.0,1011.0,1044.0,1037.0,1032.0,1031.0,1037.0,1001.0,996.0,973.0,944.0,905.0,902.0,870.0,858.0,840.0,821.0,804.0,813.0,832.0,813.0,784.0,802.0,796.0,782.0,778.0,783.0,783.0,785.0,784.0,778.0,775.0,777.0,760.0,767.0,755.0,767.0,768.0,780.0,767.0,760.0,760.0,775.0,784.0,767.0,751.0,762.0,773.0,763.0,778.0,762.0,782.0,778.0,757.0,756.0,760.0,776.0,775.0,776.0,769.0,786.0,767.0,765.0,781.0,759.0,776.0,770.0,780.0,785.0,774.0,773.0,774.0,765.0,782.0,777.0,781.0,776.0,779.0,773.0,788.0,771.0,784.0,793.0,778.0,787.0,788.0,781.0,788.0,791.0,788.0,759.0,798.0,773.0,783.0
856.0,843.0,855.0,831.0,850.0,842.0,845.0,847.0,834.0,827.0,825.0,830.0,824.0,825.0,823.0,817.0,841.0,852.0,848.0,821.0,817.0,835.0,847.0,829.0,829.0,854.0,859.0,853.0,842.0,860.0,863.0,849.0,857.0,853.0,857.0,846.0,831.0,851.0,850.0,843.0,827.0,837.0,827.0,829.0,828.0,822.0,828.0,816.0,840.0,840.0,833.0,846.0,851.0,845.0,850.0,858.0,846.0,841.0,848.0,872.0,863.0,886.0,870.0,866.0,857.0,854.0,851.0,867.0,870.0,876.0,889.0,908.0,912.0,924.0,916.0,936.0,976.0,1021.0,1019.0,973.0,955.0,942.0,928.0,951.0,970.0,1009.0,1007.0,980.0,961.0,955.0,950.0,971.0,984.0,981.0,986.0,972.0,994.0,984.0,976.0,993.0,1013.0,1033.0,1040.0,1053.0,1050.0,1027.0,1029.0,1034.0,1034.0,1038.0,1033.0,1061.0,1094.0,1075.0,1068.0,1058.0,1065.0,1072.0,1059.0,1070.0,1080.0,1081.0,1077.0,1066.0,1071.0,1096.0,1069.0,1089.0,1100.0,1087.0,1086.0,1085.0,1080.0,1089.0,1084.0,1110.0,1138.0,1184.0,1120.0,1078.0,1047.0,1068.0,1080.0,1092.0,1063.0,1085.0,1077.0,1090.0,1079.0,1093.0,1099.0,1073.0,1102.0,1091.0,1127.0,1121.0,1120.0,1089.0,1125.0,1141.0,1119.0,1109.0,1105.0,1100.0,1096.0,1117.0,1143.0,1160.0,1118.0,1080.0,1054.0,1062.0,1045.0,1047.0,1037.0,1042.0,1028.0,1040.0,1067.0,1018.0,974.0,1000.0,992.0,986.0,1006.0,1022.0,1052.0,1069.0,1077.0,1087.0,1084.0,1095.0,1131.0,1119.0,1115.0,1140.0,1123.0,1143.0,1113.0,1121.0,1116.0,1115.0,1099.0,1099.0,1096.0,1108.0,1129.0,1136.0,1160.0,1183.0,1230.0,1218.0,1227.0,1174.0,1206.0,1198.0,1208.0,1231.0,1234.0,1188.0,1166.0,1139.0,1148.0,1144.0,1130.0,1121.0,1109.0,1082.0,1088.0,1078.0,1077.0,1090.0,1091.0,1080.0,1083.0,1056.0,1052.0,1053.0,1069.0,1058.0,1056.0,1078.0,1110.0,1135.0,1147.0,1201.0,1168.0,1163.0,1156.0,1124.0,1075.0,1062.0,1003.0,997.0,979.0,945.0,941.0,920.0,914.0,894.0,883.0,896.0,906.0,912.0,918.0,909.0,904.0,908.0,943.0,948.0,987.0,973.0,973.0,1022.0,1032.0,1015.0,1050.0,1058.0,1066.0,1066.0,1054.0,1064.0,1015.0,992.0,1006,1029.0,996.0,980.0,996.0,1003.0,975.0,984.0,994.0,991.0,1015.0,1026.0,1029.0,1041.0,1064.0,1044.0,1031.0,1053.0,1001.0,1000.0,965.0,944.0,940.0,899.0,873.0,862.0,840.0,836.0,821.0,822.0,824.0,815.0,807.0,814.0,792.0,798.0,812.0,802.0,799.0,778.0,794.0,790.0,773.0,778.0,793.0,782.0,778.0,772.0,778.0,777.0,775.0,778.0,773.0,765.0,788.0,774.0,778.0,798.0,774.0,770.0,786.0,771.0,785.0,779.0,787.0,783.0,787.0,783.0,782.0,785.0,785.0,786.0,784.0,779.0,778.0,781.0,781.0,788.0,796.0,783.0,789.0,777.0,785.0,784.0,777.0,798.0,799.0,804.0,787.0,775.0,776.0,786.0,782.0,787.0,794.0,796.0,789.0,785.0,793.0,793.0,787.0,798.0,795.0,783.0,794.0
794.0,778.0,800.0,790.0,789.0,786.0,788.0,784.0,780.0,770.0,776.0,784.0,781.0,760.0,781.0,776.0,781.0,807.0,787.0,790.0,778.0,785.0,771.0,791.0,781.0,775.0,779.0,790.0,808.0,812.0,812.0,788.0,796.0,803.0,802.0,784.0,787.0,779.0,781.0,788.0,764.0,781.0,766.0,780.0,775.0,778.0,775.0,769.0,784.0,790.0,796.0,786.0,769.0,802.0,803.0,780.0,789.0,792.0,802.0,801.0,802.0,827.0,805.0,802.0,788.0,797.0,805.0,795.0,802.0,797.0,847.0,827.0,841.0,852.0,862.0,858.0,885.0,934.0,940.0,893.0,863.0,873.0,855.0,866.0,884.0,910.0,915.0,894.0,878.0,877.0,862.0,884.0,884.0,897.0,899.0,910.0,881.0,911.0,883.0,925.0,923.0,935.0,939.0,958.0,939.0,949.0,937.0,910.0,938.0,954.0,948.0,951.0,947.0,962.0,969.0,921.0,955.0,951.0,967.0,981.0,981.0,977.0,972.0,976.0,986.0,976.0,992.0,976.0,972.0,992.0,984.0,989.0,976.0,977.0,980.0,998.0,1018.0,1044.0,1005.0,982.0,966.0,955.0,970.0,979.0,971.0,973.0,967.0,966.0,966.0,977.0,988.0,964.0,986.0,965.0,973.0,970.0,994.0,1008.0,1003.0,1005.0,1008.0,991.0,978.0,979.0,991.0,997.0,1033.0,1024.0,995.0,959.0,934.0,926.0,946.0,933.0,946.0,947.0,938.0,943.0,926.0,923.0,894.0,912.0,901.0,908.0,898.0,920.0,921.0,934.0,933.0,938.0,972.0,973.0,981.0,972.0,953.0,990.0,970.0,999.0,973.0,970.0,964.0,968.0,969.0,960.0,959.0,971.0,995.0,983.0,1009.0,1027.0,1052.0,1044.0,1047.0,1046.0,1038.0,1038.0,1044.0,1050.0,1062.0,1029.0,1014.0,986.0,987.0,981.0,970.0,969.0,973.0,961.0,967.0,965.0,963.0,972.0,963.0,959.0,952.0,939.0,943.0,927.0,940.0,929.0,945.0,939.0,963.0,986.0,1012.0,1032.0,1013.0,1011.0,997.0,956.0,943.0,910.0,936.0,887.0,898.0,866.0,875.0,852.0,836.0,836.0,834.0,839.0,829.0,840.0,841.0,852.0,845.0,841.0,863.0,862.0,871.0,877.0,870.0,901.0,922.0,923.0,954.0,938.0,967.0,965.0,971.0,936.0,923.0,900.0,896,911.0,888.0,896.0,888.0,889.0,885.0,898.0,885.0,887.0,899.0,913.0,921.0,930.0,917.0,945.0,920.0,915.0,902.0,890.0,875.0,870.0,823.0,832.0,800.0,819.0,788.0,771.0,778.0,755.0,769.0,783.0,758.0,760.0,767.0,764.0,755.0,760.0,741.0,761.0,743.0,749.0,740.0,748.0,746.0,737.0,754.0,751.0,750.0,744.0,748.0,737.0,745.0,746.0,750.0,762.0,746.0,749.0,746.0,738.0,753.0,737.0,734.0,746.0,731.0,758.0,748.0,760.0,741.0,754.0,749.0,746.0,771.0,742.0,737.0,743.0,764.0,748.0,763.0,753.0,765.0,747.0,754.0,758.0,762.0,763.0,747.0,755.0,766.0,756.0,757.0,749.0,753.0,753.0,756.0,766.0,751.0,756.0,763.0,754.0,753.0,767.0,752.0,759.0,754.0
778.0,777.0,801.0,781.0,783.0,771.0,783.0,774.0,776.0,749.0,755.0,769.0,750.0,758.0,754.0,756.0,777.0,776.0,782.0,770.0,782.0,773.0,762.0,770.0,757.0,768.0,784.0,781.0,769.0,790.0,783.0,785.0,775.0,768.0,769.0,774.0,762.0,771.0,759.0,746.0,767.0,752.0,763.0,759.0,759.0,762.0,741.0,749.0,760.0,759.0,764.0,768.0,774.0,781.0,779.0,782.0,778.0,768.0,773.0,779.0,790.0,804.0,785.0,781.0,790.0,785.0,787.0,799.0,794.0,801.0,838.0,814.0,825.0,832.0,839.0,829.0,872.0,915.0,919.0,882.0,841.0,835.0,844.0,838.0,882.0,895.0,906.0,860.0,859.0,856.0,862.0,863.0,861.0,876.0,881.0,864.0,882.0,892.0,877.0,894.0,910.0,905.0,933.0,937.0,918.0,922.0,915.0,923.0,944.0,917.0,909.0,912.0,943.0,945.0,938.0,917.0,935.0,935.0,939.0,949.0,948.0,970.0,954.0,946.0,954.0,957.0,966.0,975.0,966.0,959.0,946.0,963.0,966.0,954.0,981.0,963.0,1014.0,1019.0,993.0,954.0,926.0,941.0,948.0,968.0,966.0,958.0,955.0,945.0,948.0,937.0,959.0,937.0,965.0,960.0,963.0,970.0,977.0,962.0,979.0,969.0,967.0,967.0,975.0,950.0,949.0,987.0,1014.0,1014.0,1001.0,937.0,933.0,894.0,911.0,923.0,901.0,936.0,943.0,918.0,914.0,900.0,877.0,881.0,873.0,879.0,891.0,890.0,897.0,897.0,897.0,912.0,929.0,972.0,968.0,950.0,953.0,968.0,955.0,965.0,932.0,960.0,944.0,930.0,934.0,956.0,929.0,950.0,949.0,964.0,981.0,1022.0,1033.0,1007.0,1029.0,977.0,1015.0,998.0,1008.0,1012.0,1030.0,994.0,976.0,950.0,950.0,955.0,947.0,934.0,919.0,933.0,925.0,914.0,946.0,941.0,931.0,935.0,905.0,914.0,917.0,911.0,922.0,929.0,908.0,892.0,923.0,939.0,979.0,975.0,981.0,986.0,964.0,929.0,924.0,905.0,890.0,874.0,848.0,864.0,848.0,820.0,841.0,805.0,812.0,810.0,819.0,817.0,821.0,803.0,825.0,797.0,825.0,850.0,852.0,871.0,860.0,881.0,878.0,898.0,922.0,917.0,910.0,942.0,922.0,901.0,875.0,854.0,874,882.0,880.0,869.0,869.0,872.0,875.0,844.0,863.0,869.0,870.0,876.0,907.0,910.0,910.0,905.0,879.0,897.0,874.0,895.0,864.0,857.0,815.0,828.0,795.0,821.0,773.0,768.0,751.0,753.0,761.0,754.0,768.0,758.0,750.0,748.0,749.0,761.0,757.0,746.0,760.0,751.0,744.0,750.0,757.0,740.0,733.0,747.0,748.0,742.0,741.0,732.0,736.0,740.0,741.0,741.0,734.0,732.0,738.0,737.0,750.0,739.0,728.0,740.0,751.0,751.0,730.0,758.0,747.0,756.0,751.0,730.0,739.0,740.0,732.0,746.0,748.0,748.0,739.0,740.0,743.0,737.0,742.0,738.0,756.0,758.0,739.0,749.0,743.0,756.0,742.0,754.0,744.0,736.0,743.0,750.0,763.0,743.0,741.0,736.0,748.0,752.0,763.0,754.0,749.0
752.0,731.0,740.0,736.0,736.0,754.0,735.0,731.0,736.0,733.0,734.0,734.0,724.0,723.0,729.0,727.0,740.0,746.0,737.0,740.0,725.0,746.0,734.0,724.0,744.0,745.0,754.0,749.0,739.0,751.0,753.0,740.0,742.0,759.0,755.0,740.0,739.0,730.0,728.0,736.0,740.0,734.0,736.0,730.0,733.0,729.0,728.0,731.0,730.0,733.0,734.0,732.0,734.0,732.0,739.0,750.0,743.0,737.0,746.0,744.0,754.0,766.0,750.0,765.0,766.0,752.0,758.0,756.0,752.0,763.0,764.0,768.0,786.0,783.0,782.0,797.0,827.0,851.0,861.0,813.0,806.0,790.0,806.0,811.0,819.0,846.0,839.0,838.0,821.0,824.0,805.0,821.0,827.0,814.0,827.0,830.0,814.0,834.0,838.0,841.0,835.0,847.0,835.0,875.0,854.0,861.0,852.0,852.0,847.0,862.0,864.0,880.0,869.0,867.0,866.0,866.0,865.0,873.0,880.0,871.0,888.0,894.0,876.0,898.0,883.0,888.0,896.0,892.0,894.0,889.0,888.0,884.0,884.0,866.0,895.0,886.0,920.0,932.0,915.0,880.0,882.0,862.0,883.0,882.0,882.0,896.0,877.0,883.0,875.0,889.0,870.0,880.0,891.0,878.0,891.0,891.0,895.0,904.0,901.0,878.0,908.0,897.0,881.0,877.0,901.0,896.0,927.0,920.0,903.0,871.0,864.0,854.0,853.0,857.0,846.0,859.0,857.0,854.0,847.0,820.0,830.0,804.0,814.0,826.0,827.0,831.0,844.0,850.0,845.0,855.0,859.0,875.0,879.0,866.0,887.0,885.0,870.0,880.0,866.0,887.0,882.0,862.0,875.0,871.0,870.0,879.0,877.0,872.0,905.0,910.0,932.0,925.0,935.0,925.0,918.0,925.0,932.0,941.0,940.0,925.0,903.0,886.0,877.0,887.0,878.0,870.0,860.0,851.0,854.0,859.0,858.0,864.0,851.0,867.0,859.0,860.0,845.0,858.0,853.0,844.0,836.0,850.0,864.0,879.0,888.0,918.0,901.0,899.0,888.0,867.0,848.0,818.0,815.0,816.0,794.0,787.0,786.0,777.0,771.0,767.0,774.0,767.0,776.0,763.0,785.0,762.0,769.0,771.0,789.0,768.0,808.0,799.0,786.0,819.0,823.0,827.0,859.0,863.0,854.0,868.0,855.0,834.0,831.0,820.0,821,824.0,816.0,811.0,817.0,813.0,812.0,804.0,804.0,814.0,810.0,819.0,820.0,825.0,832.0,830.0,833.0,837.0,818.0,809.0,796.0,788.0,766.0,783.0,755.0,752.0,740.0,737.0,724.0,721.0,720.0,734.0,717.0,718.0,715.0,716.0,729.0,711.0,715.0,713.0,707.0,710.0,708.0,721.0,715.0,704.0,703.0,710.0,711.0,700.0,698.0,701.0,712.0,707.0,703.0,706.0,703.0,702.0,700.0,700.0,708.0,720.0,712.0,697.0,690.0,703.0,702.0,711.0,711.0,710.0,706.0,708.0,712.0,717.0,706.0,704.0,702.0,703.0,703.0,714.0,706.0,713.0,706.0,708.0,718.0,710.0,717.0,711.0,706.0,716.0,711.0,723.0,706.0,718.0,710.0,719.0,719.0,720.0,714.0,715.0,712.0,716.0,708.0,716.0,711.0
757.0,762.0,755.0,760.0,769.0,760.0,757.0,751.0,755.0,746.0,739.0,759.0,744.0,746.0,733.0,734.0,756.0,769.0,764.0,738.0,753.0,756.0,744.0,746.0,755.0,748.0,764.0,772.0,748.0,774.0,756.0,766.0,769.0,769.0,755.0,751.0,743.0,751.0,748.0,757.0,749.0,746.0,730.0,752.0,740.0,745.0,744.0,738.0,740.0,748.0,754.0,752.0,759.0,762.0,754.0,748.0,749.0,757.0,764.0,749.0,757.0,775.0,764.0,768.0,771.0,759.0,772.0,769.0,774.0,770.0,796.0,803.0,807.0,821.0,811.0,812.0,837.0,885.0,872.0,829.0,815.0,824.0,822.0,815.0,852.0,878.0,860.0,866.0,826.0,818.0,825.0,842.0,832.0,848.0,851.0,846.0,838.0,860.0,847.0,876.0,869.0,890.0,875.0,905.0,883.0,873.0,885.0,858.0,868.0,891.0,883.0,892.0,881.0,911.0,897.0,883.0,872.0,903.0,892.0,900.0,905.0,904.0,909.0,911.0,904.0,919.0,912.0,924.0,913.0,906.0,932.0,927.0,902.0,910.0,922.0,928.0,934.0,992.0,942.0,904.0,887.0,905.0,911.0,893.0,897.0,918.0,910.0,913.0,912.0,889.0,905.0,912.0,909.0,908.0,933.0,914.0,928.0,921.0,927.0,919.0,916.0,895.0,912.0,895.0,904.0,921.0,931.0,962.0,952.0,893.0,909.0,871.0,876.0,878.0,905.0,882.0,873.0,892.0,899.0,876.0,844.0,850.0,853.0,834.0,855.0,861.0,876.0,897.0,881.0,893.0,898.0,913.0,914.0,903.0,915.0,935.0,918.0,909.0,900.0,898.0,914.0,904.0,901.0,898.0,895.0,923.0,910.0,919.0,954.0,957.0,963.0,974.0,954.0,943.0,963.0,958.0,946.0,959.0,967.0,948.0,933.0,927.0,935.0,903.0,907.0,908.0,892.0,901.0,912.0,878.0,891.0,887.0,895.0,890.0,881.0,887.0,866.0,880.0,877.0,874.0,864.0,859.0,884.0,906.0,931.0,954.0,940.0,923.0,937.0,919.0,896.0,878.0,844.0,874.0,843.0,832.0,829.0,814.0,810.0,791.0,791.0,780.0,797.0,792.0,806.0,791.0,787.0,784.0,818.0,800.0,826.0,824.0,819.0,824.0,853.0,872.0,895.0,891.0,894.0,903.0,897.0,894.0,874.0,835.0,865,842.0,845.0,845.0,851.0,837.0,831.0,829.0,825.0,846.0,833.0,853.0,849.0,868.0,874.0,878.0,864.0,881.0,854.0,849.0,836.0,811.0,790.0,805.0,789.0,777.0,763.0,764.0,743.0,748.0,743.0,736.0,728.0,744.0,734.0,728.0,734.0,724.0,738.0,721.0,721.0,746.0,722.0,730.0,724.0,739.0,720.0,730.0,714.0,713.0,724.0,735.0,726.0,715.0,728.0,733.0,733.0,728.0,729.0,728.0,721.0,715.0,737.0,721.0,714.0,724.0,738.0,734.0,727.0,725.0,732.0,713.0,735.0,736.0,737.0,735.0,725.0,732.0,731.0,723.0,739.0,743.0,731.0,728.0,728.0,740.0,737.0,739.0,725.0,716.0,739.0,742.0,734.0,730.0,734.0,744.0,743.0,729.0,730.0,744.0,734.0,754.0,738.0,757.0,726.0
757.0,772.0,770.0,776.0,760.0,759.0,764.0,750.0,742.0,733.0,752.0,749.0,756.0,764.0,752.0,750.0,772.0,767.0,766.0,744.0,751.0,750.0,763.0,746.0,761.0,757.0,747.0,763.0,750.0,773.0,758.0,756.0,754.0,773.0,759.0,764.0,760.0,745.0,765.0,738.0,751.0,745.0,744.0,754.0,758.0,748.0,748.0,745.0,749.0,748.0,756.0,743.0,744.0,758.0,774.0,756.0,751.0,748.0,753.0,778.0,778.0,786.0,770.0,796.0,769.0,777.0,777.0,796.0,787.0,769.0,805.0,800.0,806.0,805.0,821.0,811.0,844.0,894.0,895.0,868.0,843.0,816.0,830.0,849.0,843.0,859.0,854.0,853.0,826.0,849.0,834.0,856.0,836.0,871.0,857.0,871.0,859.0,885.0,845.0,857.0,883.0,886.0,897.0,893.0,891.0,892.0,899.0,894.0,880.0,891.0,914.0,897.0,914.0,918.0,926.0,895.0,902.0,922.0,908.0,917.0,905.0,943.0,946.0,939.0,921.0,948.0,932.0,926.0,928.0,932.0,934.0,936.0,925.0,928.0,946.0,929.0,962.0,980.0,968.0,933.0,911.0,912.0,938.0,927.0,921.0,941.0,913.0,928.0,927.0,905.0,925.0,934.0,931.0,942.0,933.0,931.0,932.0,947.0,956.0,953.0,913.0,943.0,923.0,904.0,931.0,935.0,979.0,979.0,967.0,920.0,906.0,894.0,892.0,909.0,898.0,897.0,883.0,909.0,891.0,867.0,862.0,857.0,841.0,845.0,859.0,869.0,874.0,899.0,889.0,899.0,895.0,921.0,908.0,928.0,914.0,923.0,933.0,915.0,922.0,888.0,905.0,903.0,897.0,911.0,888.0,913.0,940.0,916.0,949.0,948.0,964.0,982.0,983.0,964.0,937.0,944.0,951.0,971.0,972.0,945.0,930.0,929.0,923.0,916.0,923.0,912.0,889.0,893.0,885.0,899.0,904.0,884.0,898.0,905.0,886.0,889.0,868.0,897.0,869.0,878.0,878.0,886.0,889.0,914.0,910.0,932.0,964.0,947.0,927.0,921.0,893.0,872.0,863.0,829.0,836.0,828.0,829.0,806.0,795.0,795.0,808.0,787.0,797.0,805.0,801.0,807.0,795.0,819.0,819.0,821.0,831.0,831.0,846.0,864.0,877.0,861.0,905.0,893.0,895.0,926.0,913.0,880.0,863.0,840.0,859,851.0,847.0,836.0,854.0,836.0,841.0,842.0,830.0,842.0,837.0,869.0,870.0,892.0,864.0,871.0,887.0,867.0,850.0,859.0,845.0,821.0,811.0,794.0,795.0,778.0,756.0,759.0,763.0,763.0,759.0,754.0,748.0,754.0,739.0,746.0,745.0,743.0,733.0,746.0,730.0,740.0,733.0,727.0,737.0,730.0,733.0,724.0,740.0,727.0,719.0,735.0,722.0,738.0,731.0,730.0,728.0,735.0,735.0,729.0,730.0,732.0,725.0,728.0,731.0,743.0,739.0,735.0,722.0,733.0,742.0,728.0,736.0,736.0,737.0,733.0,735.0,738.0,736.0,732.0,738.0,739.0,737.0,730.0,750.0,737.0,757.0,750.0,744.0,752.0,747.0,741.0,757.0,745.0,734.0,744.0,751.0,719.0,737.0,750.0,742.0,753.0,752.0,738.0,747.0
865.0,874.0,877.0,874.0,875.0,855.0,862.0,843.0,847.0,848.0,867.0,863.0,845.0,837.0,828.0,854.0,856.0,866.0,861.0,850.0,858.0,851.0,864.0,847.0,842.0,863.0,868.0,857.0,870.0,868.0,887.0,885.0,880.0,876.0,864.0,863.0,858.0,848.0,866.0,827.0,860.0,853.0,860.0,851.0,852.0,833.0,828.0,855.0,870.0,861.0,866.0,856.0,859.0,866.0,890.0,876.0,858.0,885.0,876.0,894.0,887.0,884.0,894.0,874.0,882.0,873.0,898.0,882.0,915.0,904.0,933.0,928.0,946.0,954.0,965.0,987.0,1025.0,1083.0,1057.0,1006.0,988.0,979.0,967.0,977.0,1004.0,1059.0,1051.0,1027.0,982.0,998.0,1011.0,995.0,989.0,1026.0,1013.0,1024.0,1034.0,1035.0,1030.0,1012.0,1046.0,1068.0,1086.0,1112.0,1081.0,1090.0,1059.0,1058.0,1087.0,1081.0,1094.0,1103.0,1126.0,1110.0,1104.0,1090.0,1099.0,1130.0,1130.0,1130.0,1128.0,1140.0,1153.0,1132.0,1157.0,1148.0,1171.0,1135.0,1132.0,1131.0,1122.0,1144.0,1158.0,1133.0,1137.0,1157.0,1199.0,1230.0,1199.0,1139.0,1100.0,1113.0,1123.0,1148.0,1130.0,1166.0,1142.0,1136.0,1144.0,1136.0,1142.0,1132.0,1160.0,1141.0,1160.0,1159.0,1181.0,1156.0,1199.0,1184.0,1169.0,1160.0,1185.0,1143.0,1140.0,1178.0,1226.0,1254.0,1165.0,1146.0,1102.0,1101.0,1118.0,1118.0,1120.0,1116.0,1108.0,1107.0,1104.0,1088.0,1037.0,1030.0,1054.0,1011.0,1048.0,1075.0,1097.0,1079.0,1093.0,1096.0,1120.0,1138.0,1152.0,1152.0,1173.0,1167.0,1170.0,1167.0,1146.0,1157.0,1136.0,1152.0,1125.0,1134.0,1155.0,1149.0,1141.0,1180.0,1210.0,1257.0,1257.0,1263.0,1256.0,1232.0,1220.0,1200.0,1231.0,1268.0,1250.0,1227.0,1203.0,1173.0,1155.0,1141.0,1168.0,1117.0,1150.0,1131.0,1114.0,1093.0,1126.0,1141.0,1115.0,1140.0,1100.0,1111.0,1104.0,1116.0,1112.0,1125.0,1095.0,1113.0,1126.0,1174.0,1213.0,1232.0,1226.0,1206.0,1154.0,1148.0,1127.0,1085.0,1047.0,1026.0,1010.0,993.0,967.0,966.0,947.0,923.0,945.0,968.0,967.0,949.0,947.0,952.0,961.0,932.0,1004.0,981.0,1012.0,1016.0,992.0,1040.0,1066.0,1063.0,1096.0,1114.0,1132.0,1091.0,1100.0,1068.0,1045.0,1028.0,1035,1049.0,1039.0,1050.0,1018.0,1008.0,1022.0,1006.0,988.0,1001.0,1021.0,1046.0,1048.0,1093.0,1077.0,1079.0,1068.0,1081.0,1029.0,995.0,1008.0,979.0,943.0,937.0,914.0,910.0,881.0,866.0,872.0,844.0,857.0,825.0,837.0,834.0,847.0,824.0,804.0,827.0,819.0,831.0,818.0,825.0,813.0,802.0,810.0,816.0,815.0,813.0,809.0,810.0,808.0,802.0,812.0,824.0,798.0,813.0,818.0,800.0,806.0,812.0,798.0,816.0,817.0,799.0,808.0,815.0,808.0,814.0,827.0,825.0,830.0,808.0,826.0,801.0,816.0,809.0,815.0,821.0,802.0,829.0,810.0,823.0,827.0,810.0,819.0,819.0,816.0,820.0,824.0,825.0,820.0,821.0,822.0,821.0,822.0,832.0,826.0,831.0,828.0,818.0,833.0,830.0,825.0,831.0,823.0
841.0,840.0,860.0,844.0,833.0,860.0,844.0,844.0,824.0,849.0,823.0,828.0,814.0,817.0,822.0,834.0,836.0,859.0,850.0,836.0,817.0,841.0,837.0,838.0,830.0,840.0,844.0,858.0,839.0,863.0,853.0,845.0,848.0,848.0,840.0,847.0,840.0,849.0,841.0,832.0,815.0,834.0,817.0,819.0,825.0,832.0,826.0,830.0,846.0,831.0,830.0,820.0,824.0,851.0,856.0,847.0,825.0,835.0,849.0,864.0,865.0,863.0,857.0,857.0,860.0,862.0,850.0,860.0,864.0,874.0,890.0,902.0,919.0,918.0,935.0,912.0,965.0,1020.0,1000.0,950.0,931.0,938.0,913.0,931.0,977.0,1003.0,1006.0,978.0,966.0,946.0,953.0,964.0,950.0,973.0,967.0,972.0,972.0,988.0,977.0,989.0,975.0,1022.0,1009.0,1052.0,1034.0,1018.0,1007.0,1010.0,1032.0,1033.0,1011.0,1033.0,1069.0,1046.0,1047.0,1044.0,1039.0,1045.0,1049.0,1047.0,1068.0,1084.0,1083.0,1086.0,1071.0,1069.0,1082.0,1064.0,1053.0,1075.0,1068.0,1056.0,1078.0,1061.0,1088.0,1095.0,1145.0,1161.0,1133.0,1070.0,1053.0,1041.0,1049.0,1084.0,1070.0,1056.0,1030.0,1068.0,1065.0,1069.0,1071.0,1081.0,1092.0,1074.0,1079.0,1081.0,1112.0,1095.0,1116.0,1089.0,1105.0,1111.0,1069.0,1069.0,1078.0,1122.0,1168.0,1144.0,1107.0,1017.0,1033.0,1015.0,1029.0,1021.0,1031.0,1010.0,1031.0,1056.0,1032.0,979.0,982.0,965.0,969.0,989.0,987.0,1018.0,1032.0,1050.0,1057.0,1063.0,1077.0,1088.0,1098.0,1110.0,1086.0,1130.0,1106.0,1114.0,1102.0,1112.0,1087.0,1084.0,1096.0,1103.0,1097.0,1107.0,1123.0,1145.0,1163.0,1186.0,1192.0,1223.0,1205.0,1186.0,1200.0,1189.0,1174.0,1223.0,1241.0,1206.0,1166.0,1142.0,1107.0,1097.0,1096.0,1096.0,1088.0,1085.0,1053.0,1087.0,1065.0,1077.0,1097.0,1106.0,1060.0,1071.0,1081.0,1088.0,1060.0,1071.0,1039.0,1081.0,1088.0,1145.0,1167.0,1195.0,1165.0,1186.0,1152.0,1119.0,1062.0,1028.0,1013.0,995.0,982.0,972.0,932.0,907.0,901.0,898.0,905.0,903.0,913.0,930.0,902.0,903.0,909.0,903.0,925.0,934.0,968.0,960.0,969.0,982.0,997.0,1021.0,1052.0,1075.0,1054.0,1053.0,1064.0,1026.0,981.0,999.0,984,1005.0,996.0,987.0,997.0,968.0,972.0,962.0,970.0,982.0,1001.0,1011.0,1021.0,1032.0,1052.0,1054.0,1022.0,1034.0,1006.0,997.0,977.0,960.0,915.0,900.0,865.0,852.0,841.0,817.0,827.0,805.0,816.0,797.0,806.0,786.0,792.0,790.0,795.0,783.0,784.0,781.0,781.0,768.0,776.0,790.0,792.0,787.0,787.0,781.0,771.0,779.0,756.0,773.0,768.0,776.0,776.0,764.0,766.0,767.0,752.0,758.0,780.0,762.0,763.0,768.0,765.0,770.0,782.0,788.0,762.0,780.0,782.0,773.0,790.0,769.0,766.0,778.0,787.0,773.0,784.0,778.0,783.0,785.0,781.0,776.0,791.0,793.0,781.0,771.0,783.0,778.0,777.0,785.0,780.0,780.0,780.0,784.0,777.0,794.0,783.0,790.0,776.0,783.0,786.0,767.0,801.0
834.0,834.0,834.0,837.0,836.0,827.0,820.0,813.0,807.0,811.0,807.0,818.0,818.0,791.0,808.0,810.0,826.0,825.0,816.0,830.0,824.0,823.0,824.0,827.0,826.0,824.0,843.0,836.0,834.0,848.0,853.0,834.0,836.0,844.0,852.0,821.0,835.0,821.0,834.0,829.0,822.0,835.0,815.0,819.0,814.0,810.0,811.0,809.0,824.0,834.0,822.0,812.0,828.0,832.0,849.0,847.0,828.0,832.0,851.0,841.0,851.0,864.0,860.0,846.0,854.0,863.0,860.0,847.0,873.0,878.0,877.0,895.0,912.0,903.0,906.0,929.0,973.0,1020.0,1008.0,944.0,932.0,925.0,933.0,926.0,966.0,992.0,989.0,987.0,958.0,957.0,957.0,952.0,957.0,968.0,983.0,1002.0,978.0,985.0,980.0,988.0,1004.0,1005.0,1030.0,1038.0,1034.0,1016.0,1028.0,1026.0,1038.0,1038.0,1032.0,1057.0,1077.0,1050.0,1054.0,1039.0,1042.0,1022.0,1065.0,1063.0,1091.0,1102.0,1074.0,1086.0,1095.0,1099.0,1078.0,1099.0,1069.0,1076.0,1078.0,1097.0,1097.0,1083.0,1101.0,1109.0,1142.0,1150.0,1121.0,1077.0,1071.0,1062.0,1064.0,1071.0,1086.0,1072.0,1077.0,1064.0,1059.0,1090.0,1092.0,1083.0,1092.0,1097.0,1105.0,1109.0,1113.0,1104.0,1102.0,1122.0,1101.0,1094.0,1094.0,1100.0,1091.0,1122.0,1159.0,1170.0,1127.0,1074.0,1048.0,1046.0,1040.0,1024.0,1023.0,1032.0,1048.0,1051.0,1050.0,1006.0,976.0,965.0,962.0,979.0,983.0,1003.0,1026.0,1036.0,1012.0,1061.0,1043.0,1077.0,1081.0,1098.0,1086.0,1092.0,1094.0,1062.0,1092.0,1067.0,1079.0,1067.0,1082.0,1068.0,1070.0,1089.0,1077.0,1085.0,1118.0,1153.0,1195.0,1190.0,1169.0,1158.0,1149.0,1128.0,1155.0,1194.0,1180.0,1137.0,1110.0,1080.0,1090.0,1084.0,1062.0,1083.0,1070.0,1045.0,1061.0,1050.0,1047.0,1048.0,1068.0,1050.0,1040.0,1023.0,1022.0,1031.0,1054.0,1032.0,1028.0,1037.0,1046.0,1096.0,1118.0,1137.0,1139.0,1128.0,1117.0,1070.0,1042.0,1002.0,1002.0,978.0,964.0,968.0,945.0,912.0,886.0,885.0,884.0,883.0,878.0,892.0,890.0,887.0,886.0,904.0,912.0,921.0,951.0,935.0,949.0,975.0,989.0,996.0,1037.0,1040.0,1033.0,1055.0,1046.0,1014.0,997.0,952.0,982,974.0,978.0,962.0,967.0,964.0,957.0,937.0,947.0,950.0,967.0,992.0,991.0,1002.0,1018.0,1020.0,1023.0,1006.0,979.0,968.0,937.0,929.0,903.0,889.0,887.0,861.0,849.0,825.0,806.0,808.0,808.0,807.0,790.0,804.0,791.0,809.0,795.0,795.0,788.0,786.0,788.0,778.0,790.0,782.0,780.0,773.0,779.0,783.0,766.0,778.0,777.0,785.0,777.0,778.0,766.0,775.0,785.0,768.0,773.0,777.0,788.0,782.0,775.0,786.0,779.0,788.0,770.0,774.0,786.0,781.0,781.0,791.0,796.0,786.0,785.0,789.0,779.0,778.0,783.0,789.0,777.0,781.0,797.0,777.0,783.0,777.0,783.0,795.0,790.0,786.0,789.0,793.0,779.0,790.0,795.0,793.0,787.0,795.0,792.0,795.0,785.0,802.0,786.0,788.0,791.0
830.0,827.0,819.0,822.0,820.0,834.0,845.0,806.0,820.0,795.0,794.0,803.0,799.0,789.0,809.0,815.0,792.0,819.0,809.0,793.0,819.0,833.0,801.0,817.0,813.0,807.0,825.0,824.0,819.0,838.0,838.0,858.0,831.0,841.0,826.0,828.0,827.0,843.0,819.0,810.0,808.0,800.0,821.0,799.0,810.0,798.0,805.0,794.0,804.0,822.0,820.0,817.0,812.0,832.0,821.0,815.0,809.0,823.0,831.0,845.0,823.0,866.0,844.0,848.0,848.0,839.0,853.0,834.0,866.0,854.0,867.0,882.0,893.0,899.0,917.0,906.0,948.0,967.0,1002.0,930.0,929.0,905.0,903.0,937.0,981.0,1043.0,1012.0,981.0,940.0,941.0,943.0,946.0,953.0,934.0,973.0,942.0,946.0,943.0,943.0,975.0,982.0,974.0,992.0,988.0,991.0,992.0,989.0,987.0,1001.0,990.0,1019.0,1038.0,1016.0,1029.0,1021.0,998.0,1020.0,1012.0,1056.0,1012.0,1033.0,1050.0,1058.0,1047.0,1061.0,1050.0,1078.0,1055.0,1018.0,1027.0,1027.0,1056.0,1025.0,1051.0,1061.0,1036.0,1101.0,1108.0,1102.0,1059.0,1016.0,1016.0,1034.0,1053.0,1032.0,1039.0,1013.0,1037.0,1023.0,1034.0,1028.0,1018.0,1042.0,1048.0,1075.0,1058.0,1053.0,1067.0,1086.0,1101.0,1088.0,1081.0,1050.0,1046.0,1046.0,1065.0,1125.0,1099.0,1086.0,1027.0,998.0,979.0,978.0,990.0,981.0,982.0,1008.0,999.0,1017.0,971.0,947.0,940.0,943.0,935.0,989.0,986.0,993.0,1012.0,1007.0,1031.0,1034.0,1050.0,1071.0,1061.0,1074.0,1074.0,1052.0,1071.0,1080.0,1054.0,1069.0,1039.0,1031.0,1030.0,1037.0,1043.0,1056.0,1061.0,1098.0,1112.0,1156.0,1148.0,1161.0,1139.0,1132.0,1126.0,1146.0,1156.0,1166.0,1146.0,1088.0,1073.0,1071.0,1065.0,1039.0,1049.0,1044.0,1068.0,1020.0,1016.0,1044.0,1030.0,1041.0,1018.0,1028.0,1017.0,990.0,999.0,1017.0,1026.0,1009.0,1005.0,1026.0,1056.0,1109.0,1137.0,1120.0,1129.0,1104.0,1077.0,1039.0,1001.0,982.0,977.0,940.0,936.0,923.0,911.0,886.0,862.0,875.0,877.0,887.0,865.0,888.0,872.0,867.0,883.0,887.0,894.0,932.0,911.0,929.0,942.0,962.0,985.0,1001.0,1017.0,1010.0,1014.0,1035.0,985.0,938.0,954.0,954,974.0,948.0,941.0,948.0,946.0,928.0,915.0,943.0,956.0,939.0,956.0,964.0,1006.0,996.0,1010.0,992.0,993.0,981.0,958.0,949.0,909.0,898.0,878.0,868.0,841.0,831.0,818.0,811.0,810.0,790.0,800.0,785.0,777.0,778.0,774.0,787.0,780.0,769.0,791.0,763.0,764.0,761.0,765.0,790.0,762.0,760.0,773.0,769.0,755.0,771.0,771.0,763.0,766.0,764.0,746.0,772.0,780.0,768.0,762.0,771.0,755.0,761.0,774.0,778.0,747.0,760.0,768.0,776.0,759.0,767.0,767.0,787.0,763.0,770.0,759.0,764.0,775.0,779.0,770.0,764.0,755.0,775.0,766.0,782.0,776.0,781.0,775.0,761.0,759.0,773.0,771.0,785.0,770.0,787.0,786.0,789.0,783.0,782.0,800.0,787.0,778.0,767.0,771.0,784.0
830.0,814.0,817.0,812.0,814.0,830.0,819.0,819.0,806.0,810.0,810.0,804.0,798.0,794.0,792.0,797.0,816.0,821.0,819.0,799.0,788.0,820.0,816.0,816.0,803.0,818.0,835.0,829.0,818.0,841.0,825.0,831.0,819.0,821.0,834.0,833.0,811.0,805.0,808.0,822.0,816.0,811.0,800.0,810.0,812.0,801.0,792.0,794.0,810.0,826.0,810.0,813.0,822.0,815.0,839.0,813.0,836.0,810.0,832.0,846.0,834.0,849.0,838.0,829.0,843.0,832.0,841.0,836.0,847.0,849.0,865.0,883.0,887.0,876.0,897.0,911.0,938.0,976.0,979.0,934.0,906.0,904.0,884.0,914.0,941.0,981.0,994.0,956.0,924.0,912.0,924.0,940.0,939.0,947.0,937.0,937.0,957.0,956.0,935.0,962.0,958.0,988.0,994.0,1000.0,995.0,987.0,983.0,984.0,983.0,989.0,989.0,1011.0,1020.0,1001.0,1017.0,998.0,1000.0,1036.0,1015.0,1042.0,1033.0,1043.0,1024.0,1038.0,1029.0,1049.0,1039.0,1029.0,1051.0,1036.0,1036.0,1031.0,1026.0,1055.0,1037.0,1058.0,1095.0,1120.0,1085.0,1024.0,1025.0,1015.0,1031.0,1039.0,1030.0,1033.0,1035.0,1034.0,1015.0,1033.0,1039.0,1039.0,1043.0,1042.0,1052.0,1062.0,1058.0,1018.0,1083.0,1048.0,1080.0,1043.0,1035.0,1049.0,1040.0,1054.0,1093.0,1119.0,1097.0,1023.0,1007.0,990.0,1001.0,1005.0,983.0,1008.0,993.0,1000.0,980.0,966.0,949.0,945.0,948.0,947.0,962.0,983.0,1000.0,1005.0,1022.0,1005.0,1018.0,1039.0,1059.0,1041.0,1064.0,1052.0,1046.0,1061.0,1058.0,1039.0,1058.0,1040.0,1022.0,1023.0,1031.0,1040.0,1059.0,1047.0,1073.0,1111.0,1126.0,1138.0,1126.0,1117.0,1106.0,1099.0,1094.0,1124.0,1143.0,1104.0,1087.0,1075.0,1056.0,1078.0,1052.0,1040.0,1036.0,1015.0,1018.0,1010.0,1021.0,1009.0,1042.0,1019.0,1026.0,996.0,1009.0,999.0,978.0,981.0,982.0,1020.0,1042.0,1070.0,1076.0,1111.0,1086.0,1082.0,1074.0,1047.0,1000.0,982.0,975.0,949.0,940.0,915.0,903.0,884.0,878.0,869.0,871.0,860.0,888.0,893.0,886.0,870.0,873.0,876.0,915.0,899.0,938.0,928.0,918.0,960.0,969.0,986.0,996.0,1007.0,993.0,997.0,1001.0,993.0,961.0,932.0,946,958.0,960.0,936.0,961.0,941.0,925.0,940.0,929.0,944.0,966.0,980.0,966.0,982.0,1008.0,974.0,973.0,990.0,955.0,941.0,918.0,895.0,894.0,868.0,851.0,837.0,827.0,813.0,803.0,807.0,806.0,791.0,784.0,803.0,773.0,772.0,781.0,785.0,791.0,782.0,774.0,781.0,767.0,767.0,782.0,769.0,765.0,767.0,767.0,761.0,759.0,764.0,775.0,763.0,771.0,767.0,770.0,781.0,761.0,769.0,769.0,753.0,770.0,771.0,769.0,762.0,764.0,759.0,769.0,780.0,776.0,774.0,769.0,766.0,762.0,774.0,778.0,762.0,772.0,777.0,772.0,767.0,774.0,770.0,768.0,785.0,786.0,786.0,780.0,768.0,776.0,764.0,780.0,771.0,787.0,790.0,779.0,776.0,790.0,783.0,777.0,789.0,789.0,772.0,786.0
817.0,804.0,818.0,818.0,818.0,814.0,805.0,807.0,789.0,785.0,784.0,799.0,802.0,782.0,785.0,783.0,798.0,823.0,799.0,793.0,798.0,800.0,809.0,808.0,794.0,807.0,807.0,816.0,812.0,828.0,826.0,811.0,821.0,818.0,823.0,802.0,811.0,801.0,803.0,808.0,792.0,792.0,786.0,802.0,789.0,801.0,796.0,794.0,805.0,810.0,821.0,811.0,797.0,812.0,819.0,808.0,822.0,815.0,828.0,822.0,828.0,842.0,832.0,835.0,827.0,827.0,833.0,809.0,839.0,837.0,876.0,865.0,867.0,879.0,884.0,898.0,928.0,996.0,988.0,924.0,900.0,909.0,877.0,899.0,903.0,940.0,938.0,929.0,918.0,914.0,900.0,919.0,919.0,931.0,920.0,921.0,929.0,960.0,928.0,941.0,957.0,974.0,964.0,998.0,973.0,966.0,971.0,965.0,992.0,997.0,973.0,989.0,992.0,1007.0,996.0,982.0,1009.0,1010.0,1028.0,1023.0,1033.0,1023.0,1021.0,1026.0,1033.0,1030.0,1042.0,1024.0,1003.0,1034.0,1042.0,1054.0,1000.0,1040.0,1017.0,1059.0,1070.0,1099.0,1063.0,1019.0,996.0,1005.0,1024.0,1030.0,1031.0,1028.0,1035.0,1013.0,1034.0,1006.0,1041.0,1026.0,1029.0,1020.0,1042.0,1022.0,1048.0,1057.0,1073.0,1061.0,1052.0,1030.0,1036.0,1040.0,1021.0,1057.0,1075.0,1101.0,1045.0,1001.0,995.0,967.0,985.0,982.0,983.0,990.0,1002.0,979.0,977.0,961.0,928.0,935.0,929.0,939.0,935.0,978.0,971.0,976.0,1001.0,985.0,1012.0,1027.0,1027.0,1017.0,1007.0,1030.0,1019.0,1037.0,1031.0,1021.0,1025.0,1015.0,1007.0,1009.0,1023.0,1028.0,1030.0,1018.0,1059.0,1082.0,1100.0,1110.0,1077.0,1101.0,1096.0,1079.0,1086.0,1098.0,1106.0,1073.0,1051.0,1037.0,1037.0,1028.0,1017.0,1018.0,1014.0,989.0,1016.0,1001.0,1000.0,1003.0,997.0,1002.0,980.0,990.0,969.0,990.0,982.0,983.0,982.0,983.0,1002.0,1018.0,1050.0,1055.0,1057.0,1066.0,1025.0,999.0,984.0,948.0,950.0,927.0,920.0,900.0,903.0,881.0,879.0,860.0,860.0,872.0,867.0,864.0,855.0,856.0,869.0,879.0,898.0,897.0,913.0,903.0,922.0,939.0,954.0,961.0,988.0,987.0,1003.0,1006.0,1024.0,982.0,942.0,916.0,929,950.0,924.0,915.0,923.0,923.0,933.0,929.0,915.0,930.0,920.0,946.0,947.0,969.0,953.0,968.0,947.0,951.0,925.0,918.0,910.0,910.0,863.0,867.0,822.0,841.0,812.0,797.0,805.0,774.0,788.0,777.0,783.0,788.0,793.0,793.0,778.0,782.0,772.0,778.0,775.0,787.0,759.0,770.0,763.0,759.0,762.0,768.0,776.0,760.0,771.0,758.0,761.0,761.0,771.0,775.0,754.0,776.0,777.0,766.0,774.0,759.0,767.0,768.0,756.0,775.0,786.0,770.0,750.0,758.0,772.0,768.0,795.0,765.0,770.0,777.0,768.0,770.0,773.0,770.0,772.0,770.0,776.0,771.0,784.0,782.0,767.0,773.0,788.0,769.0,784.0,777.0,770.0,776.0,773.0,793.0,778.0,787.0,784.0,779.0,769.0,776.0,777.0,780.0,770.0
803.0,820.0,822.0,827.0,794.0,806.0,813.0,803.0,808.0,800.0,808.0,801.0,801.0,804.0,801.0,769.0,791.0,824.0,811.0,812.0,796.0,819.0,803.0,813.0,799.0,806.0,811.0,824.0,800.0,827.0,817.0,818.0,817.0,814.0,797.0,828.0,794.0,803.0,812.0,802.0,795.0,786.0,808.0,792.0,802.0,811.0,789.0,798.0,790.0,786.0,800.0,808.0,811.0,806.0,822.0,832.0,809.0,817.0,820.0,829.0,832.0,832.0,846.0,843.0,827.0,813.0,839.0,836.0,851.0,824.0,847.0,865.0,872.0,874.0,888.0,896.0,951.0,996.0,984.0,913.0,882.0,909.0,879.0,886.0,918.0,962.0,941.0,933.0,902.0,904.0,901.0,925.0,908.0,939.0,922.0,929.0,925.0,953.0,921.0,948.0,961.0,961.0,974.0,1000.0,968.0,983.0,972.0,967.0,950.0,964.0,1001.0,986.0,996.0,1015.0,999.0,976.0,992.0,1031.0,1010.0,1000.0,1015.0,1026.0,1035.0,1029.0,1025.0,1021.0,1002.0,1034.0,1031.0,1001.0,1027.0,1030.0,1017.0,1012.0,1029.0,1044.0,1085.0,1096.0,1072.0,1025.0,1014.0,992.0,1020.0,1020.0,1014.0,1021.0,1015.0,1030.0,1032.0,1029.0,1037.0,1030.0,1042.0,1025.0,1028.0,1023.0,1045.0,1046.0,1049.0,1052.0,1049.0,1023.0,1056.0,1017.0,1034.0,1033.0,1075.0,1093.0,1080.0,982.0,997.0,946.0,976.0,992.0,985.0,980.0,1023.0,1012.0,989.0,958.0,954.0,925.0,931.0,932.0,942.0,954.0,967.0,973.0,976.0,973.0,976.0,985.0,1010.0,1024.0,1027.0,1003.0,1017.0,1032.0,1024.0,1024.0,1008.0,1010.0,1004.0,1010.0,1003.0,1033.0,1019.0,1041.0,1053.0,1074.0,1089.0,1089.0,1110.0,1112.0,1067.0,1070.0,1095.0,1117.0,1081.0,1075.0,1053.0,1064.0,1025.0,1041.0,1030.0,996.0,999.0,977.0,975.0,981.0,991.0,999.0,966.0,1001.0,983.0,989.0,973.0,976.0,976.0,963.0,947.0,958.0,1002.0,1009.0,1059.0,1089.0,1064.0,1064.0,1054.0,1027.0,992.0,969.0,927.0,919.0,911.0,886.0,902.0,882.0,865.0,852.0,856.0,857.0,861.0,869.0,879.0,863.0,853.0,879.0,888.0,877.0,888.0,924.0,927.0,930.0,955.0,945.0,985.0,985.0,993.0,987.0,994.0,992.0,942.0,912.0,948,956.0,946.0,914.0,919.0,922.0,913.0,910.0,896.0,916.0,921.0,937.0,924.0,992.0,963.0,982.0,974.0,954.0,940.0,922.0,916.0,915.0,883.0,880.0,849.0,830.0,818.0,803.0,803.0,810.0,792.0,795.0,795.0,791.0,782.0,798.0,769.0,774.0,780.0,774.0,780.0,781.0,769.0,762.0,774.0,761.0,772.0,768.0,766.0,762.0,751.0,772.0,756.0,769.0,773.0,763.0,755.0,759.0,756.0,755.0,780.0,756.0,765.0,764.0,765.0,764.0,780.0,778.0,777.0,767.0,777.0,761.0,780.0,777.0,775.0,766.0,764.0,759.0,761.0,774.0,783.0,777.0,770.0,764.0,771.0,776.0,779.0,788.0,779.0,775.0,780.0,782.0,776.0,796.0,775.0,777.0,786.0,789.0,776.0,782.0,782.0,783.0,797.0,792.0,775.0
752.0,744.0,744.0,748.0,745.0,769.0,746.0,730.0,749.0,736.0,738.0,741.0,736.0,722.0,737.0,735.0,739.0,753.0,743.0,742.0,734.0,743.0,733.0,742.0,747.0,743.0,754.0,757.0,751.0,753.0,764.0,761.0,749.0,760.0,753.0,750.0,750.0,736.0,735.0,737.0,737.0,739.0,745.0,734.0,742.0,741.0,728.0,735.0,734.0,743.0,734.0,727.0,741.0,739.0,742.0,747.0,737.0,741.0,745.0,746.0,763.0,760.0,751.0,766.0,770.0,767.0,756.0,753.0,763.0,764.0,781.0,781.0,796.0,793.0,783.0,808.0,821.0,864.0,872.0,822.0,809.0,803.0,812.0,818.0,821.0,855.0,837.0,828.0,804.0,826.0,810.0,824.0,826.0,816.0,821.0,828.0,812.0,837.0,834.0,843.0,856.0,855.0,847.0,877.0,868.0,858.0,855.0,872.0,845.0,872.0,856.0,866.0,873.0,870.0,881.0,861.0,877.0,885.0,902.0,863.0,890.0,899.0,884.0,899.0,895.0,907.0,891.0,898.0,897.0,898.0,897.0,890.0,879.0,876.0,911.0,885.0,919.0,944.0,922.0,879.0,876.0,876.0,889.0,888.0,896.0,899.0,886.0,885.0,872.0,876.0,884.0,882.0,894.0,900.0,889.0,888.0,896.0,906.0,888.0,892.0,908.0,896.0,886.0,895.0,901.0,903.0,920.0,923.0,908.0,883.0,859.0,858.0,860.0,864.0,848.0,861.0,860.0,860.0,849.0,840.0,828.0,827.0,822.0,831.0,834.0,838.0,853.0,853.0,862.0,864.0,864.0,889.0,895.0,876.0,889.0,882.0,891.0,897.0,879.0,899.0,886.0,873.0,881.0,875.0,874.0,875.0,889.0,895.0,919.0,927.0,942.0,954.0,942.0,927.0,920.0,936.0,945.0,950.0,936.0,931.0,905.0,892.0,882.0,900.0,885.0,889.0,876.0,866.0,861.0,869.0,869.0,874.0,871.0,879.0,871.0,862.0,865.0,870.0,864.0,843.0,860.0,851.0,868.0,892.0,900.0,915.0,929.0,914.0,906.0,889.0,859.0,846.0,831.0,816.0,799.0,798.0,787.0,789.0,784.0,771.0,764.0,777.0,771.0,769.0,788.0,780.0,767.0,779.0,792.0,772.0,804.0,808.0,805.0,826.0,830.0,823.0,861.0,848.0,861.0,866.0,869.0,842.0,817.0,830.0,818,826.0,824.0,818.0,821.0,827.0,822.0,812.0,802.0,814.0,817.0,839.0,835.0,851.0,837.0,850.0,837.0,850.0,834.0,827.0,810.0,798.0,778.0,779.0,758.0,756.0,743.0,731.0,725.0,730.0,718.0,721.0,727.0,721.0,718.0,715.0,737.0,712.0,718.0,716.0,709.0,709.0,712.0,715.0,720.0,704.0,705.0,705.0,709.0,704.0,705.0,713.0,705.0,700.0,706.0,711.0,709.0,700.0,699.0,695.0,716.0,717.0,706.0,704.0,696.0,703.0,704.0,712.0,704.0,712.0,706.0,703.0,714.0,705.0,712.0,711.0,706.0,706.0,714.0,711.0,700.0,714.0,714.0,703.0,712.0,704.0,719.0,720.0,719.0,710.0,709.0,718.0,705.0,716.0,715.0,714.0,714.0,711.0,710.0,712.0,706.0,715.0,715.0,714.0,723.0
758.0,744.0,749.0,757.0,760.0,766.0,755.0,744.0,753.0,747.0,741.0,745.0,740.0,737.0,729.0,731.0,752.0,777.0,747.0,736.0,747.0,763.0,746.0,749.0,738.0,753.0,750.0,767.0,753.0,761.0,766.0,771.0,753.0,734.0,755.0,752.0,743.0,738.0,735.0,752.0,732.0,735.0,727.0,745.0,733.0,747.0,729.0,748.0,731.0,757.0,740.0,751.0,733.0,754.0,744.0,741.0,755.0,746.0,765.0,763.0,745.0,760.0,770.0,768.0,748.0,763.0,755.0,750.0,778.0,754.0,772.0,788.0,791.0,794.0,784.0,800.0,826.0,863.0,844.0,820.0,795.0,805.0,802.0,813.0,847.0,855.0,850.0,842.0,810.0,802.0,814.0,827.0,814.0,838.0,837.0,826.0,832.0,839.0,821.0,846.0,843.0,865.0,867.0,887.0,860.0,849.0,856.0,863.0,862.0,868.0,848.0,862.0,888.0,878.0,882.0,853.0,852.0,857.0,868.0,875.0,892.0,890.0,879.0,888.0,873.0,886.0,893.0,916.0,902.0,884.0,902.0,895.0,888.0,868.0,893.0,901.0,900.0,963.0,913.0,894.0,862.0,880.0,873.0,902.0,884.0,893.0,880.0,880.0,888.0,885.0,875.0,880.0,897.0,885.0,899.0,887.0,895.0,891.0,914.0,920.0,912.0,891.0,907.0,890.0,897.0,918.0,925.0,939.0,910.0,863.0,879.0,831.0,843.0,872.0,878.0,866.0,849.0,851.0,866.0,846.0,821.0,822.0,821.0,822.0,823.0,845.0,847.0,870.0,863.0,870.0,876.0,902.0,905.0,916.0,913.0,899.0,919.0,918.0,904.0,888.0,901.0,872.0,903.0,886.0,874.0,897.0,906.0,904.0,924.0,948.0,956.0,962.0,952.0,931.0,950.0,956.0,961.0,978.0,944.0,950.0,928.0,899.0,910.0,899.0,899.0,907.0,888.0,892.0,881.0,860.0,886.0,884.0,896.0,873.0,867.0,858.0,878.0,865.0,876.0,868.0,850.0,868.0,892.0,906.0,952.0,935.0,950.0,922.0,946.0,897.0,866.0,856.0,850.0,853.0,839.0,823.0,821.0,795.0,793.0,769.0,788.0,783.0,776.0,774.0,780.0,793.0,777.0,785.0,804.0,793.0,818.0,807.0,815.0,827.0,852.0,860.0,871.0,870.0,865.0,867.0,867.0,868.0,838.0,812.0,830,849.0,831.0,819.0,832.0,825.0,817.0,821.0,824.0,838.0,831.0,837.0,841.0,846.0,854.0,864.0,867.0,859.0,838.0,833.0,841.0,811.0,785.0,796.0,765.0,766.0,752.0,757.0,749.0,735.0,739.0,743.0,724.0,725.0,731.0,725.0,723.0,727.0,725.0,717.0,724.0,727.0,709.0,705.0,708.0,717.0,717.0,711.0,712.0,711.0,727.0,712.0,699.0,718.0,711.0,710.0,730.0,720.0,714.0,713.0,715.0,695.0,708.0,709.0,711.0,718.0,720.0,706.0,727.0,710.0,713.0,706.0,730.0,721.0,715.0,701.0,707.0,715.0,718.0,718.0,719.0,725.0,722.0,715.0,718.0,715.0,718.0,725.0,724.0,721.0,710.0,725.0,730.0,716.0,721.0,729.0,730.0,708.0,727.0,721.0,709.0,735.0,722.0,732.0,716.0
739.0,742.0,746.0,741.0,737.0,736.0,736.0,740.0,737.0,732.0,728.0,741.0,727.0,723.0,741.0,738.0,740.0,760.0,758.0,732.0,734.0,750.0,742.0,730.0,757.0,736.0,745.0,731.0,739.0,755.0,751.0,740.0,760.0,764.0,737.0,756.0,727.0,729.0,730.0,728.0,739.0,730.0,729.0,730.0,744.0,739.0,745.0,738.0,740.0,729.0,721.0,734.0,730.0,743.0,738.0,744.0,739.0,728.0,740.0,747.0,755.0,759.0,765.0,761.0,770.0,752.0,751.0,759.0,765.0,754.0,769.0,783.0,787.0,781.0,790.0,804.0,821.0,853.0,860.0,821.0,802.0,795.0,795.0,815.0,817.0,839.0,839.0,829.0,810.0,810.0,799.0,816.0,839.0,829.0,818.0,821.0,828.0,835.0,813.0,818.0,833.0,849.0,858.0,853.0,850.0,847.0,862.0,851.0,851.0,857.0,873.0,861.0,881.0,873.0,866.0,856.0,871.0,876.0,874.0,874.0,878.0,881.0,894.0,887.0,904.0,896.0,895.0,890.0,886.0,919.0,898.0,886.0,894.0,876.0,888.0,884.0,911.0,931.0,915.0,869.0,861.0,884.0,883.0,881.0,884.0,888.0,882.0,886.0,871.0,879.0,886.0,882.0,887.0,885.0,910.0,891.0,887.0,899.0,880.0,897.0,896.0,888.0,894.0,874.0,884.0,890.0,913.0,922.0,933.0,869.0,856.0,840.0,858.0,856.0,851.0,854.0,860.0,864.0,858.0,820.0,826.0,823.0,803.0,814.0,828.0,845.0,849.0,860.0,857.0,854.0,864.0,861.0,899.0,894.0,875.0,880.0,891.0,871.0,892.0,873.0,901.0,882.0,879.0,878.0,864.0,886.0,889.0,885.0,909.0,911.0,908.0,918.0,945.0,933.0,927.0,927.0,922.0,921.0,942.0,927.0,909.0,919.0,889.0,886.0,886.0,898.0,879.0,862.0,870.0,850.0,873.0,865.0,880.0,851.0,848.0,837.0,839.0,835.0,847.0,864.0,842.0,846.0,866.0,892.0,911.0,921.0,930.0,917.0,903.0,883.0,865.0,842.0,844.0,832.0,817.0,801.0,790.0,794.0,782.0,780.0,783.0,771.0,774.0,787.0,790.0,768.0,773.0,773.0,770.0,789.0,808.0,807.0,816.0,826.0,843.0,836.0,873.0,860.0,859.0,856.0,864.0,850.0,827.0,821.0,805,833.0,821.0,839.0,817.0,827.0,808.0,817.0,810.0,818.0,829.0,831.0,839.0,838.0,834.0,864.0,860.0,842.0,841.0,815.0,793.0,796.0,778.0,770.0,767.0,752.0,754.0,741.0,732.0,740.0,731.0,738.0,730.0,724.0,726.0,721.0,737.0,722.0,732.0,720.0,719.0,723.0,720.0,726.0,719.0,717.0,723.0,723.0,719.0,711.0,708.0,724.0,706.0,707.0,728.0,726.0,714.0,720.0,712.0,719.0,710.0,714.0,714.0,713.0,703.0,726.0,717.0,727.0,720.0,714.0,723.0,715.0,718.0,716.0,711.0,728.0,718.0,709.0,726.0,726.0,711.0,708.0,724.0,709.0,720.0,717.0,726.0,724.0,723.0,721.0,718.0,729.0,732.0,720.0,723.0,714.0,731.0,717.0,732.0,726.0,725.0,726.0,722.0,719.0,721.0
896.0,894.0,879.0,887.0,868.0,886.0,867.0,872.0,854.0,868.0,856.0,864.0,859.0,854.0,831.0,856.0,867.0,881.0,872.0,857.0,871.0,877.0,882.0,869.0,871.0,888.0,888.0,872.0,892.0,879.0,882.0,869.0,897.0,890.0,880.0,870.0,874.0,879.0,869.0,868.0,862.0,859.0,864.0,849.0,860.0,843.0,854.0,870.0,877.0,871.0,869.0,883.0,869.0,878.0,902.0,885.0,878.0,879.0,903.0,908.0,892.0,920.0,913.0,908.0,910.0,914.0,890.0,907.0,898.0,908.0,940.0,930.0,957.0,983.0,966.0,978.0,992.0,1071.0,1063.0,1034.0,983.0,987.0,957.0,980.0,1006.0,1064.0,1028.0,1017.0,998.0,990.0,990.0,999.0,998.0,1011.0,1028.0,1024.0,1002.0,1030.0,1013.0,1043.0,1060.0,1062.0,1076.0,1081.0,1074.0,1041.0,1058.0,1100.0,1068.0,1093.0,1095.0,1112.0,1097.0,1100.0,1095.0,1081.0,1110.0,1113.0,1107.0,1125.0,1123.0,1140.0,1157.0,1129.0,1141.0,1128.0,1138.0,1137.0,1130.0,1129.0,1131.0,1162.0,1126.0,1156.0,1157.0,1164.0,1209.0,1215.0,1186.0,1124.0,1110.0,1107.0,1128.0,1123.0,1144.0,1172.0,1130.0,1141.0,1115.0,1135.0,1133.0,1158.0,1137.0,1159.0,1152.0,1153.0,1192.0,1173.0,1177.0,1169.0,1182.0,1174.0,1160.0,1141.0,1125.0,1195.0,1217.0,1194.0,1171.0,1102.0,1091.0,1127.0,1089.0,1095.0,1118.0,1131.0,1118.0,1112.0,1076.0,1047.0,1032.0,1010.0,1018.0,1021.0,1031.0,1083.0,1105.0,1101.0,1091.0,1099.0,1122.0,1146.0,1156.0,1155.0,1155.0,1150.0,1168.0,1165.0,1162.0,1148.0,1165.0,1149.0,1132.0,1162.0,1159.0,1169.0,1148.0,1197.0,1207.0,1237.0,1279.0,1296.0,1274.0,1281.0,1264.0,1265.0,1282.0,1285.0,1289.0,1236.0,1219.0,1204.0,1186.0,1189.0,1149.0,1138.0,1172.0,1152.0,1118.0,1136.0,1152.0,1172.0,1138.0,1144.0,1138.0,1152.0,1121.0,1117.0,1113.0,1118.0,1091.0,1103.0,1170.0,1215.0,1245.0,1260.0,1269.0,1231.0,1222.0,1165.0,1124.0,1094.0,1052.0,1037.0,1042.0,998.0,989.0,964.0,943.0,954.0,963.0,964.0,977.0,962.0,956.0,943.0,991.0,955.0,967.0,993.0,1019.0,1029.0,1009.0,1071.0,1049.0,1081.0,1138.0,1094.0,1152.0,1139.0,1124.0,1098.0,1073.0,1029.0,1051,1051.0,1069.0,1070.0,1042.0,1040.0,1037.0,1010.0,1003.0,1045.0,1032.0,1068.0,1080.0,1099.0,1103.0,1085.0,1092.0,1072.0,1057.0,1028.0,1012.0,966.0,959.0,939.0,902.0,893.0,887.0,872.0,850.0,843.0,852.0,836.0,824.0,827.0,841.0,825.0,846.0,833.0,807.0,830.0,814.0,830.0,808.0,824.0,817.0,814.0,811.0,817.0,801.0,805.0,806.0,811.0,812.0,815.0,803.0,806.0,812.0,794.0,820.0,802.0,820.0,791.0,801.0,802.0,805.0,796.0,812.0,832.0,817.0,807.0,816.0,810.0,813.0,801.0,808.0,808.0,807.0,816.0,822.0,814.0,813.0,814.0,823.0,808.0,809.0,800.0,810.0,816.0,809.0,812.0,834.0,813.0,826.0,818.0,829.0,838.0,805.0,819.0,820.0,834.0,814.0,827.0,814.0,823.0,826.0
772.0,772.0,784.0,776.0,760.0,793.0,773.0,770.0,763.0,760.0,755.0,767.0,758.0,752.0,758.0,774.0,774.0,793.0,789.0,753.0,755.0,766.0,771.0,758.0,769.0,787.0,775.0,793.0,765.0,792.0,777.0,776.0,772.0,775.0,784.0,760.0,773.0,769.0,782.0,766.0,758.0,762.0,762.0,767.0,764.0,766.0,751.0,767.0,766.0,775.0,766.0,772.0,758.0,787.0,785.0,786.0,760.0,769.0,763.0,771.0,792.0,791.0,784.0,787.0,777.0,787.0,779.0,786.0,798.0,790.0,793.0,813.0,829.0,821.0,833.0,822.0,855.0,887.0,887.0,844.0,849.0,836.0,816.0,832.0,868.0,881.0,883.0,861.0,851.0,851.0,849.0,839.0,845.0,873.0,854.0,874.0,849.0,870.0,863.0,876.0,878.0,909.0,904.0,928.0,895.0,903.0,882.0,892.0,903.0,907.0,901.0,911.0,920.0,909.0,914.0,912.0,906.0,918.0,922.0,915.0,933.0,948.0,939.0,925.0,941.0,934.0,946.0,934.0,913.0,939.0,915.0,922.0,926.0,941.0,939.0,963.0,988.0,997.0,959.0,940.0,930.0,903.0,910.0,924.0,916.0,948.0,914.0,929.0,929.0,928.0,924.0,940.0,943.0,933.0,937.0,958.0,971.0,940.0,977.0,951.0,946.0,954.0,947.0,939.0,946.0,972.0,1006.0,992.0,953.0,905.0,915.0,919.0,920.0,909.0,915.0,914.0,914.0,913.0,918.0,867.0,862.0,862.0,866.0,869.0,873.0,873.0,908.0,922.0,914.0,937.0,937.0,935.0,952.0,938.0,939.0,980.0,947.0,951.0,947.0,939.0,926.0,931.0,938.0,952.0,942.0,944.0,949.0,955.0,990.0,1011.0,1010.0,1024.0,1030.0,1005.0,1020.0,989.0,1008.0,1032.0,1032.0,1003.0,990.0,981.0,958.0,957.0,950.0,944.0,952.0,947.0,927.0,936.0,925.0,948.0,931.0,942.0,938.0,928.0,921.0,937.0,933.0,939.0,919.0,938.0,937.0,975.0,994.0,1006.0,1020.0,998.0,995.0,967.0,939.0,916.0,887.0,882.0,866.0,855.0,836.0,823.0,811.0,821.0,822.0,826.0,835.0,827.0,832.0,808.0,833.0,821.0,835.0,854.0,867.0,863.0,852.0,880.0,895.0,898.0,930.0,931.0,924.0,927.0,932.0,892.0,870.0,883.0,886,883.0,898.0,880.0,865.0,863.0,863.0,873.0,877.0,877.0,871.0,892.0,894.0,890.0,924.0,927.0,909.0,898.0,878.0,886.0,864.0,847.0,828.0,827.0,791.0,786.0,777.0,761.0,765.0,753.0,757.0,750.0,754.0,752.0,742.0,744.0,743.0,743.0,728.0,746.0,726.0,738.0,739.0,735.0,750.0,740.0,729.0,740.0,736.0,725.0,733.0,729.0,735.0,738.0,723.0,731.0,725.0,730.0,725.0,726.0,729.0,733.0,735.0,720.0,725.0,737.0,735.0,745.0,717.0,734.0,736.0,734.0,730.0,732.0,735.0,731.0,743.0,742.0,727.0,740.0,733.0,748.0,734.0,743.0,740.0,739.0,737.0,739.0,740.0,733.0,735.0,742.0,739.0,747.0,741.0,738.0,746.0,737.0,749.0,754.0,737.0,742.0,740.0,729.0,750.0
857.0,865.0,853.0,855.0,869.0,855.0,836.0,843.0,838.0,817.0,822.0,835.0,835.0,834.0,836.0,840.0,846.0,852.0,842.0,855.0,850.0,845.0,832.0,840.0,853.0,847.0,864.0,854.0,878.0,873.0,867.0,858.0,871.0,881.0,860.0,851.0,862.0,840.0,864.0,841.0,851.0,850.0,833.0,832.0,825.0,819.0,836.0,824.0,848.0,864.0,850.0,833.0,855.0,862.0,885.0,862.0,854.0,857.0,864.0,872.0,885.0,882.0,887.0,865.0,877.0,877.0,887.0,873.0,889.0,876.0,906.0,916.0,931.0,930.0,930.0,932.0,1000.0,1038.0,1033.0,960.0,948.0,947.0,950.0,946.0,987.0,1016.0,1007.0,1016.0,966.0,980.0,956.0,992.0,980.0,986.0,1008.0,1012.0,975.0,997.0,989.0,1021.0,1030.0,1035.0,1051.0,1059.0,1044.0,1045.0,1033.0,1042.0,1057.0,1061.0,1058.0,1085.0,1084.0,1061.0,1075.0,1062.0,1077.0,1071.0,1081.0,1091.0,1100.0,1096.0,1113.0,1116.0,1096.0,1120.0,1108.0,1115.0,1104.0,1105.0,1100.0,1107.0,1116.0,1101.0,1127.0,1121.0,1161.0,1172.0,1138.0,1090.0,1090.0,1078.0,1098.0,1099.0,1112.0,1110.0,1104.0,1093.0,1098.0,1106.0,1103.0,1106.0,1110.0,1115.0,1103.0,1130.0,1143.0,1120.0,1142.0,1162.0,1141.0,1133.0,1135.0,1129.0,1112.0,1142.0,1179.0,1194.0,1149.0,1065.0,1065.0,1066.0,1048.0,1050.0,1035.0,1038.0,1064.0,1052.0,1068.0,1027.0,1009.0,979.0,978.0,988.0,1008.0,1039.0,1065.0,1038.0,1039.0,1081.0,1098.0,1102.0,1136.0,1130.0,1118.0,1124.0,1139.0,1137.0,1135.0,1115.0,1112.0,1116.0,1112.0,1118.0,1113.0,1121.0,1140.0,1145.0,1150.0,1195.0,1241.0,1241.0,1237.0,1215.0,1202.0,1191.0,1202.0,1244.0,1237.0,1204.0,1167.0,1118.0,1135.0,1125.0,1106.0,1108.0,1120.0,1092.0,1084.0,1085.0,1104.0,1110.0,1105.0,1090.0,1069.0,1073.0,1076.0,1074.0,1098.0,1064.0,1070.0,1086.0,1121.0,1134.0,1201.0,1190.0,1192.0,1184.0,1162.0,1129.0,1085.0,1053.0,1023.0,1012.0,997.0,992.0,967.0,932.0,917.0,906.0,899.0,913.0,908.0,908.0,929.0,912.0,915.0,924.0,949.0,944.0,968.0,968.0,957.0,1010.0,1011.0,1024.0,1051.0,1082.0,1063.0,1078.0,1071.0,1040.0,1015.0,986.0,1015,1002.0,1017.0,994.0,978.0,999.0,992.0,971.0,983.0,993.0,1010.0,1020.0,1021.0,1053.0,1052.0,1059.0,1067.0,1062.0,1003.0,1010.0,975.0,947.0,928.0,904.0,909.0,884.0,843.0,839.0,811.0,819.0,831.0,822.0,802.0,804.0,802.0,803.0,791.0,803.0,791.0,792.0,798.0,784.0,796.0,794.0,778.0,787.0,795.0,795.0,769.0,783.0,782.0,787.0,771.0,779.0,779.0,780.0,783.0,782.0,784.0,780.0,784.0,785.0,776.0,790.0,782.0,793.0,771.0,780.0,787.0,785.0,782.0,787.0,798.0,788.0,785.0,790.0,790.0,790.0,785.0,786.0,780.0,782.0,794.0,781.0,787.0,786.0,791.0,800.0,788.0,791.0,790.0,791.0,779.0,789.0,801.0,796.0,805.0,800.0,797.0,790.0,791.0,813.0,797.0,796.0,792.0
803.0,815.0,819.0,810.0,797.0,803.0,799.0,783.0,782.0,776.0,786.0,788.0,788.0,777.0,781.0,801.0,803.0,800.0,806.0,814.0,787.0,808.0,820.0,800.0,796.0,810.0,816.0,813.0,812.0,814.0,817.0,811.0,806.0,816.0,815.0,809.0,819.0,809.0,809.0,812.0,794.0,790.0,802.0,799.0,783.0,794.0,771.0,815.0,821.0,793.0,802.0,787.0,804.0,808.0,825.0,813.0,809.0,817.0,815.0,825.0,817.0,836.0,831.0,823.0,841.0,812.0,839.0,833.0,822.0,824.0,875.0,877.0,870.0,865.0,860.0,893.0,957.0,967.0,949.0,909.0,859.0,904.0,879.0,903.0,937.0,979.0,962.0,931.0,922.0,891.0,906.0,927.0,943.0,907.0,918.0,942.0,932.0,947.0,923.0,936.0,947.0,960.0,1013.0,983.0,951.0,972.0,965.0,978.0,972.0,955.0,982.0,989.0,1005.0,1000.0,962.0,998.0,976.0,1014.0,1010.0,995.0,1009.0,1030.0,1021.0,1007.0,1009.0,1030.0,1012.0,1040.0,993.0,1004.0,1023.0,1019.0,1027.0,994.0,1024.0,1019.0,1048.0,1099.0,1050.0,1030.0,1005.0,999.0,1018.0,1015.0,1009.0,1012.0,996.0,1026.0,1016.0,1014.0,1014.0,994.0,1039.0,1015.0,1036.0,1040.0,1030.0,1014.0,1056.0,1021.0,1049.0,1040.0,1014.0,1050.0,1009.0,1043.0,1075.0,1071.0,1057.0,997.0,988.0,979.0,1006.0,994.0,982.0,980.0,999.0,1000.0,959.0,956.0,940.0,911.0,915.0,921.0,942.0,982.0,978.0,973.0,976.0,971.0,1001.0,1013.0,1042.0,1003.0,1036.0,1012.0,1022.0,1006.0,1015.0,1004.0,1022.0,1003.0,1015.0,1009.0,990.0,1003.0,1024.0,1024.0,1044.0,1091.0,1113.0,1079.0,1100.0,1115.0,1080.0,1091.0,1069.0,1106.0,1093.0,1103.0,1063.0,1035.0,1031.0,1010.0,1002.0,1009.0,1015.0,1006.0,984.0,974.0,989.0,1003.0,1019.0,1000.0,984.0,981.0,977.0,979.0,982.0,980.0,977.0,983.0,998.0,1031.0,1038.0,1068.0,1036.0,1066.0,1057.0,1018.0,1003.0,961.0,959.0,944.0,942.0,931.0,898.0,878.0,874.0,842.0,844.0,849.0,880.0,862.0,845.0,860.0,840.0,853.0,870.0,891.0,917.0,885.0,921.0,900.0,911.0,926.0,962.0,969.0,987.0,987.0,964.0,957.0,928.0,924.0,924,914.0,933.0,918.0,917.0,918.0,919.0,911.0,903.0,926.0,930.0,939.0,956.0,970.0,967.0,980.0,958.0,929.0,928.0,910.0,895.0,903.0,867.0,856.0,833.0,814.0,807.0,793.0,798.0,793.0,773.0,783.0,771.0,770.0,770.0,756.0,783.0,768.0,773.0,756.0,763.0,768.0,779.0,759.0,750.0,751.0,758.0,770.0,761.0,770.0,761.0,747.0,756.0,762.0,760.0,744.0,749.0,755.0,757.0,753.0,762.0,757.0,746.0,744.0,758.0,747.0,754.0,757.0,751.0,755.0,760.0,749.0,768.0,766.0,773.0,755.0,758.0,766.0,768.0,756.0,771.0,763.0,767.0,760.0,777.0,762.0,767.0,761.0,762.0,776.0,773.0,754.0,769.0,761.0,783.0,778.0,771.0,777.0,775.0,775.0,766.0,752.0,774.0,753.0,751.0
844.0,829.0,829.0,826.0,814.0,832.0,844.0,824.0,821.0,808.0,840.0,803.0,818.0,814.0,811.0,809.0,818.0,832.0,826.0,812.0,813.0,833.0,835.0,825.0,832.0,824.0,844.0,828.0,836.0,831.0,837.0,833.0,818.0,835.0,835.0,846.0,816.0,833.0,805.0,831.0,818.0,818.0,821.0,813.0,810.0,807.0,804.0,811.0,814.0,844.0,831.0,814.0,818.0,827.0,842.0,821.0,840.0,814.0,842.0,842.0,833.0,845.0,851.0,840.0,860.0,831.0,845.0,849.0,861.0,846.0,878.0,868.0,900.0,889.0,891.0,909.0,936.0,984.0,971.0,927.0,914.0,891.0,897.0,896.0,928.0,972.0,980.0,944.0,923.0,921.0,926.0,950.0,943.0,973.0,948.0,960.0,970.0,954.0,932.0,969.0,957.0,972.0,982.0,1020.0,1001.0,998.0,966.0,981.0,994.0,980.0,1022.0,1001.0,1010.0,986.0,1026.0,986.0,976.0,1023.0,1012.0,1028.0,1030.0,1042.0,1025.0,1042.0,1027.0,1038.0,1041.0,1011.0,1029.0,1051.0,1027.0,1026.0,1032.0,1045.0,1034.0,1043.0,1103.0,1107.0,1097.0,1035.0,1037.0,1018.0,1025.0,1048.0,1052.0,1039.0,1063.0,1051.0,1026.0,1029.0,1038.0,1044.0,1040.0,1059.0,1055.0,1051.0,1063.0,1051.0,1082.0,1052.0,1076.0,1069.0,1036.0,1042.0,1036.0,1076.0,1100.0,1114.0,1092.0,1028.0,995.0,969.0,999.0,994.0,996.0,1019.0,1004.0,1000.0,987.0,965.0,968.0,954.0,952.0,949.0,971.0,979.0,999.0,993.0,1010.0,1025.0,1030.0,1039.0,1067.0,1058.0,1086.0,1052.0,1070.0,1069.0,1056.0,1062.0,1074.0,1052.0,1050.0,1059.0,1029.0,1049.0,1057.0,1087.0,1103.0,1120.0,1148.0,1143.0,1137.0,1131.0,1126.0,1096.0,1112.0,1123.0,1144.0,1108.0,1073.0,1070.0,1063.0,1089.0,1071.0,1061.0,1052.0,1040.0,1027.0,1024.0,1031.0,1017.0,1037.0,1038.0,1027.0,1001.0,1019.0,1009.0,995.0,995.0,976.0,1028.0,1058.0,1078.0,1116.0,1108.0,1099.0,1100.0,1084.0,1056.0,1023.0,992.0,976.0,974.0,963.0,925.0,916.0,887.0,904.0,884.0,873.0,862.0,889.0,885.0,875.0,877.0,878.0,876.0,917.0,908.0,936.0,941.0,925.0,958.0,991.0,1008.0,1024.0,1017.0,1001.0,1009.0,1012.0,998.0,979.0,950.0,948,959.0,984.0,948.0,951.0,943.0,956.0,942.0,941.0,938.0,964.0,983.0,984.0,997.0,1022.0,1003.0,1004.0,993.0,973.0,954.0,938.0,914.0,901.0,875.0,856.0,851.0,823.0,825.0,816.0,803.0,810.0,798.0,788.0,791.0,782.0,791.0,791.0,786.0,789.0,781.0,776.0,785.0,772.0,778.0,773.0,783.0,773.0,779.0,778.0,775.0,767.0,770.0,768.0,780.0,783.0,778.0,774.0,780.0,764.0,758.0,771.0,774.0,764.0,772.0,763.0,763.0,770.0,782.0,758.0,774.0,771.0,770.0,775.0,772.0,772.0,776.0,786.0,773.0,771.0,780.0,774.0,776.0,778.0,775.0,775.0,773.0,779.0,781.0,778.0,771.0,782.0,771.0,771.0,781.0,786.0,789.0,777.0,780.0,797.0,795.0,791.0,789.0,803.0,770.0,790.0
910.0,917.0,918.0,913.0,919.0,920.0,914.0,916.0,905.0,898.0,904.0,905.0,904.0,891.0,906.0,899.0,913.0,939.0,921.0,910.0,910.0,930.0,912.0,933.0,910.0,925.0,928.0,935.0,921.0,945.0,922.0,931.0,948.0,932.0,940.0,931.0,927.0,930.0,915.0,920.0,915.0,922.0,914.0,910.0,905.0,910.0,919.0,914.0,924.0,928.0,926.0,933.0,910.0,943.0,921.0,938.0,937.0,930.0,941.0,946.0,933.0,953.0,934.0,953.0,958.0,935.0,946.0,945.0,941.0,961.0,981.0,985.0,982.0,996.0,990.0,1013.0,1035.0,1076.0,1086.0,1015.0,1021.0,1001.0,988.0,1021.0,1025.0,1044.0,1052.0,1044.0,1018.0,1000.0,1032.0,1019.0,1030.0,1038.0,1028.0,1049.0,1041.0,1037.0,1038.0,1036.0,1060.0,1073.0,1069.0,1086.0,1066.0,1073.0,1076.0,1075.0,1078.0,1086.0,1091.0,1092.0,1102.0,1106.0,1112.0,1082.0,1090.0,1101.0,1131.0,1107.0,1120.0,1146.0,1121.0,1120.0,1125.0,1108.0,1143.0,1125.0,1111.0,1132.0,1113.0,1125.0,1117.0,1123.0,1132.0,1141.0,1168.0,1197.0,1158.0,1124.0,1129.0,1123.0,1131.0,1134.0,1138.0,1139.0,1129.0,1104.0,1125.0,1104.0,1130.0,1124.0,1135.0,1134.0,1128.0,1132.0,1137.0,1140.0,1162.0,1149.0,1156.0,1151.0,1135.0,1174.0,1127.0,1157.0,1160.0,1191.0,1166.0,1123.0,1097.0,1072.0,1093.0,1107.0,1074.0,1089.0,1096.0,1091.0,1090.0,1092.0,1058.0,1050.0,1071.0,1051.0,1067.0,1104.0,1088.0,1097.0,1105.0,1123.0,1124.0,1118.0,1151.0,1157.0,1165.0,1155.0,1158.0,1146.0,1138.0,1132.0,1146.0,1146.0,1126.0,1150.0,1155.0,1148.0,1136.0,1163.0,1200.0,1204.0,1212.0,1233.0,1218.0,1200.0,1190.0,1191.0,1211.0,1223.0,1213.0,1200.0,1190.0,1165.0,1155.0,1153.0,1138.0,1147.0,1134.0,1119.0,1139.0,1122.0,1124.0,1128.0,1142.0,1142.0,1124.0,1110.0,1105.0,1125.0,1126.0,1099.0,1116.0,1125.0,1131.0,1164.0,1194.0,1191.0,1184.0,1183.0,1173.0,1160.0,1113.0,1113.0,1078.0,1075.0,1071.0,1049.0,1041.0,1024.0,1019.0,1005.0,1004.0,1015.0,1017.0,1009.0,1025.0,1016.0,1023.0,1020.0,1025.0,1051.0,1070.0,1047.0,1048.0,1089.0,1100.0,1093.0,1111.0,1113.0,1124.0,1145.0,1118.0,1119.0,1070.0,1075.0,1071,1088.0,1078.0,1075.0,1071.0,1084.0,1056.0,1058.0,1059.0,1080.0,1074.0,1090.0,1094.0,1112.0,1120.0,1114.0,1102.0,1108.0,1078.0,1075.0,1076.0,1050.0,1031.0,1027.0,985.0,984.0,973.0,968.0,960.0,928.0,947.0,944.0,941.0,944.0,956.0,938.0,950.0,939.0,935.0,944.0,936.0,953.0,926.0,932.0,934.0,937.0,932.0,929.0,928.0,928.0,928.0,933.0,922.0,920.0,939.0,936.0,923.0,933.0,938.0,919.0,931.0,921.0,940.0,938.0,931.0,918.0,928.0,935.0,920.0,922.0,933.0,925.0,937.0,917.0,931.0,916.0,923.0,927.0,934.0,936.0,927.0,935.0,937.0,932.0,928.0,941.0,944.0,935.0,931.0,931.0,925.0,931.0,924.0,931.0,933.0,948.0,930.0,934.0,926.0,929.0,947.0,933.0,933.0,935.0,934.0
843.0,846.0,846.0,842.0,848.0,839.0,849.0,832.0,841.0,819.0,830.0,828.0,820.0,831.0,824.0,825.0,842.0,848.0,841.0,818.0,830.0,845.0,829.0,838.0,839.0,826.0,842.0,827.0,825.0,846.0,828.0,830.0,859.0,854.0,825.0,845.0,831.0,837.0,848.0,841.0,818.0,829.0,822.0,811.0,833.0,804.0,805.0,816.0,817.0,834.0,825.0,829.0,811.0,830.0,835.0,830.0,828.0,828.0,838.0,868.0,860.0,868.0,855.0,831.0,859.0,829.0,852.0,849.0,885.0,871.0,897.0,898.0,888.0,905.0,904.0,916.0,941.0,988.0,988.0,953.0,911.0,926.0,919.0,904.0,967.0,970.0,978.0,973.0,931.0,933.0,943.0,938.0,964.0,944.0,951.0,979.0,954.0,990.0,979.0,979.0,979.0,1010.0,1005.0,1010.0,1009.0,987.0,991.0,996.0,1014.0,1012.0,1027.0,1036.0,1019.0,1036.0,1027.0,1035.0,1035.0,1041.0,1038.0,1033.0,1027.0,1063.0,1055.0,1060.0,1062.0,1071.0,1072.0,1076.0,1035.0,1058.0,1043.0,1065.0,1027.0,1066.0,1056.0,1095.0,1113.0,1135.0,1110.0,1060.0,1030.0,1017.0,1060.0,1045.0,1057.0,1055.0,1046.0,1058.0,1048.0,1045.0,1052.0,1065.0,1058.0,1053.0,1062.0,1073.0,1066.0,1075.0,1076.0,1078.0,1085.0,1061.0,1076.0,1050.0,1058.0,1083.0,1122.0,1126.0,1103.0,1038.0,1013.0,1007.0,1023.0,1012.0,1017.0,1011.0,1024.0,1027.0,1024.0,996.0,954.0,962.0,967.0,961.0,989.0,1017.0,999.0,1003.0,1061.0,1033.0,1023.0,1097.0,1089.0,1092.0,1100.0,1089.0,1113.0,1086.0,1065.0,1098.0,1081.0,1041.0,1098.0,1078.0,1083.0,1049.0,1071.0,1106.0,1140.0,1161.0,1163.0,1170.0,1146.0,1159.0,1149.0,1155.0,1146.0,1154.0,1172.0,1149.0,1101.0,1081.0,1068.0,1077.0,1073.0,1060.0,1056.0,1072.0,1045.0,1031.0,1039.0,1040.0,1033.0,1026.0,1017.0,996.0,1013.0,1016.0,1021.0,1026.0,1015.0,1037.0,1047.0,1084.0,1123.0,1146.0,1130.0,1133.0,1124.0,1073.0,1066.0,1007.0,994.0,962.0,955.0,941.0,915.0,911.0,889.0,878.0,862.0,896.0,903.0,883.0,902.0,903.0,890.0,893.0,927.0,910.0,918.0,962.0,958.0,983.0,981.0,986.0,1048.0,1045.0,1046.0,1047.0,1029.0,1020.0,975.0,957.0,980,984.0,997.0,979.0,975.0,973.0,949.0,952.0,943.0,957.0,964.0,1003.0,995.0,1024.0,1006.0,1034.0,1013.0,993.0,993.0,986.0,973.0,924.0,932.0,905.0,872.0,865.0,866.0,801.0,831.0,820.0,790.0,798.0,808.0,799.0,783.0,787.0,781.0,786.0,782.0,778.0,771.0,781.0,776.0,786.0,775.0,778.0,759.0,795.0,782.0,777.0,768.0,765.0,754.0,762.0,782.0,788.0,767.0,767.0,771.0,767.0,784.0,775.0,772.0,755.0,766.0,762.0,771.0,787.0,775.0,791.0,778.0,769.0,772.0,771.0,784.0,778.0,788.0,770.0,776.0,781.0,784.0,781.0,771.0,763.0,787.0,796.0,782.0,780.0,778.0,765.0,788.0,785.0,779.0,780.0,785.0,778.0,782.0,787.0,804.0,777.0,779.0,787.0,790.0,776.0,784.0
745.0,750.0,740.0,746.0,734.0,750.0,734.0,727.0,741.0,716.0,736.0,728.0,724.0,724.0,732.0,721.0,723.0,743.0,735.0,724.0,728.0,732.0,739.0,742.0,740.0,732.0,734.0,745.0,742.0,749.0,746.0,744.0,741.0,740.0,742.0,735.0,738.0,717.0,738.0,723.0,716.0,726.0,722.0,725.0,729.0,720.0,709.0,717.0,715.0,722.0,730.0,720.0,723.0,729.0,724.0,730.0,724.0,721.0,733.0,730.0,744.0,738.0,736.0,745.0,744.0,745.0,731.0,737.0,750.0,734.0,758.0,755.0,782.0,769.0,761.0,775.0,790.0,822.0,822.0,792.0,765.0,778.0,778.0,780.0,803.0,816.0,819.0,800.0,786.0,798.0,785.0,798.0,790.0,797.0,794.0,797.0,789.0,813.0,783.0,808.0,828.0,821.0,828.0,840.0,823.0,819.0,824.0,834.0,813.0,839.0,827.0,834.0,833.0,816.0,840.0,823.0,840.0,847.0,855.0,840.0,839.0,862.0,854.0,858.0,855.0,868.0,847.0,852.0,846.0,852.0,848.0,844.0,844.0,844.0,867.0,858.0,872.0,895.0,870.0,845.0,832.0,826.0,843.0,845.0,846.0,845.0,855.0,838.0,835.0,831.0,843.0,847.0,855.0,860.0,856.0,838.0,859.0,856.0,855.0,861.0,864.0,855.0,852.0,856.0,846.0,862.0,882.0,873.0,856.0,838.0,825.0,818.0,827.0,830.0,808.0,814.0,824.0,828.0,819.0,796.0,783.0,792.0,794.0,793.0,796.0,804.0,819.0,823.0,834.0,831.0,834.0,845.0,860.0,858.0,858.0,859.0,855.0,862.0,857.0,860.0,851.0,843.0,857.0,852.0,844.0,851.0,868.0,870.0,890.0,898.0,909.0,919.0,903.0,881.0,901.0,892.0,910.0,920.0,904.0,902.0,877.0,872.0,863.0,869.0,867.0,840.0,847.0,846.0,834.0,840.0,864.0,844.0,859.0,847.0,844.0,843.0,832.0,848.0,835.0,827.0,836.0,830.0,852.0,857.0,881.0,891.0,906.0,875.0,874.0,861.0,854.0,823.0,816.0,800.0,787.0,785.0,759.0,771.0,755.0,744.0,745.0,756.0,751.0,753.0,767.0,761.0,745.0,745.0,763.0,759.0,774.0,782.0,783.0,799.0,810.0,809.0,840.0,827.0,827.0,821.0,834.0,813.0,796.0,799.0,795,808.0,806.0,794.0,795.0,806.0,793.0,798.0,779.0,793.0,790.0,822.0,810.0,831.0,821.0,828.0,821.0,823.0,813.0,803.0,793.0,776.0,756.0,763.0,733.0,726.0,724.0,710.0,711.0,706.0,699.0,705.0,709.0,694.0,705.0,699.0,714.0,692.0,695.0,689.0,695.0,693.0,695.0,690.0,703.0,686.0,691.0,684.0,685.0,686.0,690.0,696.0,679.0,684.0,689.0,691.0,688.0,687.0,687.0,682.0,692.0,697.0,678.0,686.0,686.0,684.0,685.0,699.0,688.0,692.0,682.0,679.0,696.0,686.0,689.0,687.0,690.0,685.0,686.0,697.0,687.0,690.0,694.0,684.0,701.0,681.0,702.0,697.0,690.0,690.0,695.0,696.0,680.0,691.0,697.0,692.0,693.0,692.0,699.0,693.0,689.0,692.0,696.0,689.0,693.0
739.0,734.0,730.0,740.0,731.0,738.0,734.0,735.0,726.0,725.0,721.0,718.0,724.0,711.0,711.0,719.0,738.0,751.0,734.0,720.0,734.0,735.0,731.0,729.0,730.0,736.0,745.0,747.0,723.0,738.0,734.0,739.0,728.0,735.0,737.0,725.0,736.0,721.0,729.0,729.0,714.0,731.0,718.0,724.0,720.0,722.0,701.0,721.0,708.0,734.0,724.0,727.0,716.0,725.0,731.0,736.0,723.0,726.0,739.0,751.0,741.0,748.0,744.0,733.0,732.0,743.0,734.0,728.0,759.0,723.0,749.0,761.0,760.0,748.0,762.0,785.0,786.0,824.0,806.0,781.0,787.0,788.0,768.0,775.0,788.0,789.0,796.0,779.0,788.0,781.0,785.0,791.0,790.0,798.0,788.0,801.0,786.0,825.0,784.0,818.0,800.0,826.0,831.0,840.0,836.0,819.0,825.0,826.0,826.0,833.0,836.0,836.0,829.0,833.0,846.0,834.0,824.0,830.0,842.0,828.0,847.0,854.0,861.0,856.0,847.0,854.0,855.0,855.0,858.0,846.0,853.0,849.0,856.0,832.0,857.0,847.0,872.0,901.0,878.0,839.0,840.0,831.0,828.0,857.0,859.0,861.0,848.0,845.0,833.0,845.0,851.0,838.0,847.0,851.0,863.0,856.0,871.0,863.0,858.0,866.0,861.0,855.0,867.0,850.0,842.0,875.0,887.0,888.0,868.0,856.0,832.0,809.0,841.0,838.0,828.0,841.0,827.0,831.0,833.0,810.0,811.0,790.0,796.0,790.0,806.0,807.0,805.0,815.0,828.0,846.0,848.0,842.0,848.0,848.0,874.0,852.0,866.0,851.0,857.0,847.0,852.0,841.0,848.0,847.0,846.0,853.0,843.0,851.0,891.0,896.0,897.0,907.0,895.0,887.0,880.0,896.0,907.0,899.0,892.0,894.0,875.0,854.0,861.0,845.0,865.0,851.0,847.0,840.0,840.0,830.0,840.0,860.0,837.0,833.0,840.0,830.0,834.0,816.0,832.0,816.0,822.0,820.0,839.0,836.0,871.0,873.0,877.0,879.0,886.0,854.0,829.0,820.0,802.0,783.0,802.0,779.0,787.0,769.0,771.0,756.0,753.0,761.0,762.0,753.0,757.0,765.0,778.0,759.0,776.0,777.0,790.0,781.0,790.0,804.0,817.0,817.0,846.0,847.0,843.0,849.0,855.0,850.0,815.0,807.0,814,828.0,825.0,804.0,809.0,797.0,792.0,796.0,787.0,790.0,806.0,816.0,813.0,828.0,812.0,821.0,805.0,810.0,812.0,800.0,802.0,760.0,762.0,788.0,743.0,752.0,728.0,722.0,714.0,706.0,720.0,724.0,711.0,706.0,703.0,700.0,709.0,715.0,705.0,706.0,712.0,712.0,700.0,703.0,710.0,699.0,698.0,705.0,698.0,696.0,698.0,694.0,691.0,721.0,701.0,700.0,698.0,703.0,707.0,700.0,700.0,696.0,697.0,700.0,699.0,701.0,705.0,706.0,704.0,697.0,707.0,704.0,710.0,714.0,702.0,692.0,692.0,705.0,709.0,708.0,714.0,703.0,698.0,704.0,705.0,705.0,715.0,714.0,721.0,717.0,707.0,708.0,711.0,708.0,711.0,712.0,716.0,708.0,718.0,725.0,721.0,711.0,712.0,716.0,705.0
733.0,723.0,740.0,730.0,721.0,729.0,726.0,728.0,713.0,714.0,725.0,723.0,712.0,709.0,728.0,704.0,720.0,757.0,720.0,700.0,723.0,725.0,725.0,716.0,724.0,723.0,734.0,707.0,731.0,732.0,738.0,718.0,729.0,740.0,718.0,725.0,727.0,728.0,716.0,706.0,718.0,712.0,712.0,713.0,710.0,716.0,708.0,714.0,702.0,701.0,709.0,706.0,711.0,715.0,715.0,728.0,716.0,709.0,725.0,726.0,724.0,739.0,733.0,723.0,734.0,722.0,719.0,716.0,733.0,722.0,739.0,741.0,741.0,762.0,747.0,751.0,764.0,799.0,788.0,763.0,753.0,753.0,749.0,771.0,765.0,788.0,784.0,776.0,760.0,757.0,768.0,773.0,783.0,785.0,784.0,785.0,761.0,791.0,768.0,781.0,794.0,805.0,810.0,803.0,801.0,791.0,785.0,806.0,818.0,803.0,807.0,803.0,809.0,810.0,825.0,814.0,811.0,799.0,825.0,814.0,804.0,818.0,820.0,834.0,840.0,844.0,849.0,829.0,821.0,841.0,835.0,833.0,835.0,819.0,828.0,823.0,849.0,859.0,844.0,823.0,805.0,810.0,820.0,820.0,820.0,835.0,818.0,810.0,823.0,820.0,819.0,825.0,831.0,827.0,841.0,837.0,837.0,837.0,843.0,841.0,834.0,828.0,831.0,835.0,827.0,858.0,849.0,868.0,856.0,822.0,796.0,816.0,806.0,804.0,800.0,797.0,809.0,821.0,810.0,804.0,796.0,777.0,765.0,768.0,781.0,783.0,791.0,810.0,816.0,820.0,824.0,826.0,846.0,860.0,825.0,844.0,840.0,845.0,834.0,842.0,829.0,824.0,842.0,831.0,817.0,850.0,835.0,842.0,871.0,869.0,874.0,893.0,874.0,869.0,881.0,871.0,889.0,865.0,889.0,872.0,868.0,841.0,850.0,834.0,817.0,834.0,826.0,832.0,826.0,814.0,836.0,830.0,831.0,814.0,820.0,804.0,820.0,802.0,822.0,809.0,790.0,818.0,826.0,836.0,843.0,868.0,875.0,878.0,864.0,834.0,823.0,800.0,775.0,792.0,778.0,776.0,759.0,750.0,746.0,741.0,743.0,740.0,749.0,750.0,766.0,748.0,745.0,729.0,760.0,743.0,776.0,778.0,769.0,785.0,788.0,790.0,823.0,814.0,827.0,811.0,822.0,798.0,803.0,789.0,791,797.0,777.0,784.0,784.0,789.0,783.0,777.0,784.0,790.0,763.0,803.0,790.0,823.0,815.0,804.0,809.0,817.0,794.0,793.0,783.0,772.0,739.0,740.0,727.0,735.0,716.0,716.0,699.0,708.0,713.0,704.0,714.0,703.0,683.0,687.0,692.0,695.0,700.0,707.0,690.0,692.0,683.0,703.0,677.0,692.0,693.0,686.0,689.0,690.0,679.0,697.0,686.0,685.0,697.0,682.0,701.0,688.0,686.0,690.0,689.0,684.0,682.0,676.0,671.0,690.0,686.0,690.0,683.0,686.0,699.0,681.0,694.0,675.0,681.0,687.0,684.0,688.0,696.0,691.0,688.0,685.0,692.0,682.0,683.0,678.0,681.0,692.0,680.0,688.0,692.0,685.0,691.0,685.0,696.0,701.0,690.0,680.0,700.0,694.0,694.0,699.0,707.0,689.0,694.0
860.0,883.0,871.0,859.0,851.0,870.0,858.0,860.0,851.0,846.0,835.0,839.0,837.0,821.0,839.0,843.0,852.0,866.0,838.0,848.0,842.0,856.0,855.0,859.0,851.0,862.0,862.0,854.0,852.0,871.0,854.0,866.0,859.0,858.0,864.0,857.0,851.0,845.0,863.0,845.0,838.0,841.0,849.0,848.0,839.0,841.0,828.0,834.0,857.0,844.0,851.0,851.0,849.0,866.0,865.0,862.0,844.0,851.0,865.0,870.0,866.0,892.0,894.0,877.0,891.0,882.0,883.0,867.0,877.0,876.0,912.0,910.0,921.0,940.0,936.0,960.0,979.0,1032.0,1015.0,972.0,944.0,952.0,932.0,969.0,989.0,1024.0,1040.0,969.0,956.0,973.0,960.0,974.0,980.0,980.0,977.0,1018.0,968.0,989.0,989.0,992.0,1012.0,1036.0,1057.0,1018.0,1049.0,1030.0,1035.0,1041.0,1034.0,1037.0,1031.0,1079.0,1048.0,1080.0,1061.0,1064.0,1063.0,1076.0,1063.0,1075.0,1067.0,1080.0,1085.0,1078.0,1086.0,1118.0,1094.0,1119.0,1087.0,1097.0,1112.0,1100.0,1085.0,1094.0,1086.0,1104.0,1136.0,1193.0,1129.0,1090.0,1060.0,1058.0,1076.0,1081.0,1085.0,1109.0,1092.0,1079.0,1069.0,1091.0,1102.0,1076.0,1111.0,1081.0,1091.0,1103.0,1139.0,1124.0,1125.0,1134.0,1116.0,1133.0,1135.0,1082.0,1097.0,1113.0,1176.0,1191.0,1133.0,1086.0,1066.0,1067.0,1057.0,1084.0,1072.0,1077.0,1098.0,1078.0,1057.0,1024.0,999.0,992.0,999.0,1008.0,989.0,1041.0,1040.0,1049.0,1046.0,1071.0,1085.0,1101.0,1112.0,1121.0,1103.0,1115.0,1109.0,1136.0,1116.0,1115.0,1125.0,1102.0,1078.0,1116.0,1116.0,1122.0,1120.0,1150.0,1184.0,1208.0,1237.0,1199.0,1203.0,1213.0,1192.0,1211.0,1221.0,1218.0,1213.0,1200.0,1159.0,1146.0,1142.0,1145.0,1136.0,1132.0,1102.0,1098.0,1100.0,1085.0,1068.0,1107.0,1096.0,1112.0,1090.0,1082.0,1075.0,1051.0,1084.0,1076.0,1043.0,1063.0,1133.0,1143.0,1192.0,1179.0,1206.0,1182.0,1186.0,1125.0,1088.0,1052.0,1021.0,1011.0,987.0,954.0,943.0,934.0,919.0,922.0,934.0,914.0,931.0,959.0,954.0,945.0,951.0,949.0,968.0,978.0,990.0,997.0,989.0,1044.0,1038.0,1042.0,1080.0,1065.0,1080.0,1104.0,1085.0,1075.0,1042.0,996.0,1019,1023.0,1044.0,1041.0,1008.0,1014.0,996.0,1001.0,988.0,1017.0,993.0,1022.0,1034.0,1057.0,1064.0,1049.0,1061.0,1049.0,1025.0,1019.0,977.0,943.0,925.0,928.0,907.0,886.0,840.0,848.0,836.0,834.0,836.0,840.0,815.0,807.0,823.0,827.0,820.0,817.0,802.0,804.0,800.0,807.0,807.0,804.0,804.0,807.0,790.0,794.0,791.0,798.0,785.0,802.0,797.0,798.0,795.0,797.0,779.0,806.0,795.0,796.0,815.0,801.0,804.0,792.0,790.0,795.0,795.0,805.0,807.0,810.0,810.0,797.0,808.0,797.0,786.0,789.0,793.0,803.0,804.0,811.0,815.0,808.0,804.0,800.0,809.0,797.0,814.0,811.0,816.0,807.0,809.0,809.0,815.0,826.0,808.0,817.0,807.0,823.0,810.0,819.0,812.0,820.0,818.0,828.0,810.0
816.0,834.0,808.0,813.0,814.0,817.0,811.0,802.0,797.0,793.0,807.0,807.0,812.0,791.0,803.0,796.0,810.0,804.0,804.0,792.0,813.0,811.0,793.0,793.0,805.0,822.0,810.0,808.0,794.0,822.0,811.0,820.0,827.0,817.0,810.0,803.0,804.0,799.0,801.0,794.0,801.0,786.0,787.0,802.0,805.0,786.0,789.0,803.0,802.0,797.0,803.0,802.0,789.0,816.0,829.0,814.0,797.0,805.0,819.0,818.0,821.0,833.0,832.0,814.0,819.0,821.0,815.0,827.0,840.0,811.0,849.0,843.0,855.0,876.0,868.0,871.0,891.0,940.0,939.0,887.0,876.0,868.0,873.0,896.0,911.0,926.0,926.0,889.0,897.0,871.0,892.0,868.0,891.0,899.0,905.0,922.0,891.0,932.0,927.0,918.0,912.0,955.0,956.0,973.0,956.0,954.0,934.0,953.0,949.0,958.0,954.0,974.0,965.0,964.0,966.0,968.0,947.0,970.0,978.0,981.0,1014.0,987.0,992.0,977.0,986.0,997.0,979.0,997.0,973.0,996.0,986.0,983.0,990.0,995.0,1004.0,1027.0,1026.0,1083.0,1012.0,982.0,985.0,962.0,992.0,976.0,995.0,1009.0,986.0,992.0,985.0,988.0,994.0,999.0,997.0,995.0,1021.0,1029.0,1023.0,1028.0,1038.0,1023.0,1019.0,1022.0,1012.0,1009.0,992.0,1044.0,1066.0,1058.0,1033.0,991.0,961.0,945.0,950.0,954.0,940.0,973.0,959.0,944.0,965.0,926.0,905.0,904.0,903.0,906.0,925.0,963.0,947.0,962.0,975.0,974.0,978.0,1002.0,1025.0,1022.0,997.0,1031.0,1020.0,1026.0,1018.0,1006.0,1017.0,1001.0,1013.0,1024.0,1009.0,1032.0,1038.0,1028.0,1058.0,1085.0,1105.0,1108.0,1093.0,1085.0,1096.0,1071.0,1116.0,1103.0,1099.0,1070.0,1065.0,1043.0,1030.0,1027.0,1020.0,1014.0,1036.0,1004.0,996.0,993.0,983.0,1008.0,1007.0,997.0,1026.0,983.0,974.0,996.0,975.0,983.0,978.0,1020.0,1021.0,1052.0,1089.0,1098.0,1097.0,1097.0,1068.0,1027.0,999.0,988.0,937.0,911.0,903.0,886.0,864.0,870.0,862.0,847.0,845.0,837.0,848.0,856.0,852.0,834.0,860.0,852.0,882.0,887.0,899.0,912.0,898.0,927.0,940.0,939.0,966.0,986.0,972.0,994.0,999.0,957.0,928.0,922.0,923,940.0,925.0,924.0,914.0,929.0,916.0,926.0,917.0,933.0,927.0,945.0,939.0,959.0,962.0,952.0,962.0,953.0,936.0,919.0,900.0,880.0,865.0,865.0,832.0,828.0,806.0,795.0,783.0,782.0,777.0,764.0,766.0,758.0,762.0,762.0,758.0,752.0,746.0,757.0,749.0,752.0,745.0,737.0,735.0,746.0,747.0,749.0,730.0,736.0,750.0,741.0,744.0,737.0,737.0,745.0,747.0,747.0,737.0,740.0,743.0,744.0,752.0,739.0,738.0,759.0,734.0,739.0,743.0,737.0,746.0,728.0,752.0,743.0,756.0,739.0,743.0,756.0,738.0,731.0,743.0,752.0,736.0,742.0,749.0,747.0,754.0,765.0,752.0,736.0,748.0,760.0,742.0,749.0,753.0,745.0,763.0,733.0,758.0,765.0,756.0,762.0,749.0,742.0,772.0
836.0,855.0,844.0,832.0,849.0,833.0,821.0,835.0,832.0,806.0,823.0,822.0,810.0,829.0,821.0,830.0,829.0,848.0,823.0,816.0,844.0,830.0,829.0,822.0,843.0,834.0,840.0,846.0,851.0,868.0,846.0,836.0,863.0,855.0,844.0,830.0,831.0,822.0,837.0,818.0,819.0,829.0,811.0,818.0,805.0,809.0,800.0,811.0,814.0,840.0,827.0,820.0,827.0,845.0,849.0,833.0,827.0,833.0,839.0,840.0,849.0,856.0,855.0,835.0,837.0,835.0,853.0,855.0,856.0,849.0,888.0,887.0,894.0,888.0,897.0,897.0,944.0,973.0,972.0,925.0,902.0,905.0,903.0,907.0,933.0,972.0,967.0,956.0,926.0,921.0,912.0,951.0,922.0,940.0,961.0,954.0,924.0,948.0,936.0,961.0,986.0,988.0,999.0,1016.0,997.0,990.0,982.0,991.0,998.0,996.0,1025.0,1016.0,1020.0,1013.0,993.0,1012.0,1026.0,1015.0,1015.0,1025.0,1031.0,1036.0,1022.0,1055.0,1036.0,1039.0,1047.0,1025.0,1040.0,1017.0,1024.0,1029.0,1041.0,1026.0,1043.0,1069.0,1099.0,1104.0,1076.0,1031.0,1012.0,1013.0,1025.0,1051.0,1051.0,1052.0,1028.0,1031.0,1035.0,1031.0,1017.0,1033.0,1051.0,1051.0,1040.0,1046.0,1088.0,1054.0,1082.0,1094.0,1067.0,1067.0,1075.0,1065.0,1049.0,1067.0,1090.0,1104.0,1053.0,1004.0,995.0,990.0,986.0,994.0,984.0,990.0,999.0,987.0,999.0,979.0,953.0,943.0,930.0,942.0,951.0,1002.0,1011.0,985.0,999.0,1031.0,1033.0,1042.0,1066.0,1084.0,1071.0,1073.0,1094.0,1099.0,1066.0,1079.0,1069.0,1072.0,1049.0,1077.0,1070.0,1076.0,1096.0,1105.0,1111.0,1151.0,1171.0,1187.0,1204.0,1172.0,1131.0,1164.0,1155.0,1207.0,1184.0,1159.0,1105.0,1084.0,1095.0,1072.0,1076.0,1064.0,1077.0,1060.0,1038.0,1049.0,1072.0,1076.0,1044.0,1057.0,1050.0,1046.0,1053.0,1038.0,1043.0,1035.0,1033.0,1050.0,1103.0,1110.0,1173.0,1160.0,1168.0,1148.0,1132.0,1090.0,1057.0,1023.0,995.0,970.0,960.0,928.0,917.0,890.0,883.0,865.0,866.0,874.0,875.0,867.0,888.0,888.0,867.0,863.0,904.0,899.0,915.0,935.0,931.0,942.0,961.0,974.0,1018.0,1014.0,997.0,1019.0,1022.0,995.0,964.0,952.0,970,964.0,986.0,952.0,956.0,960.0,965.0,956.0,945.0,959.0,969.0,993.0,977.0,1008.0,1009.0,1018.0,1021.0,1023.0,979.0,971.0,945.0,919.0,899.0,880.0,860.0,851.0,802.0,813.0,798.0,783.0,797.0,789.0,772.0,772.0,771.0,765.0,761.0,770.0,766.0,766.0,768.0,752.0,754.0,763.0,750.0,762.0,757.0,754.0,745.0,761.0,751.0,749.0,747.0,749.0,749.0,747.0,745.0,746.0,750.0,749.0,755.0,743.0,753.0,749.0,752.0,759.0,751.0,755.0,752.0,750.0,751.0,751.0,763.0,757.0,751.0,750.0,754.0,752.0,750.0,759.0,754.0,757.0,743.0,744.0,750.0,749.0,760.0,757.0,750.0,760.0,758.0,758.0,761.0,752.0,758.0,766.0,752.0,758.0,765.0,755.0,759.0,766.0,764.0,761.0,766.0
820.0,822.0,819.0,834.0,823.0,822.0,817.0,811.0,814.0,821.0,807.0,811.0,794.0,796.0,803.0,809.0,823.0,826.0,814.0,804.0,808.0,813.0,810.0,825.0,804.0,816.0,811.0,832.0,843.0,830.0,837.0,838.0,818.0,824.0,827.0,814.0,827.0,800.0,829.0,806.0,804.0,806.0,810.0,801.0,803.0,809.0,794.0,810.0,796.0,819.0,808.0,800.0,801.0,824.0,823.0,825.0,821.0,811.0,840.0,839.0,839.0,835.0,828.0,834.0,839.0,833.0,834.0,843.0,835.0,841.0,864.0,874.0,896.0,877.0,877.0,911.0,924.0,967.0,954.0,906.0,871.0,908.0,871.0,911.0,931.0,970.0,973.0,955.0,913.0,921.0,907.0,893.0,923.0,937.0,940.0,954.0,938.0,945.0,918.0,927.0,957.0,969.0,958.0,981.0,975.0,976.0,948.0,956.0,975.0,974.0,950.0,977.0,1021.0,1013.0,1008.0,981.0,976.0,976.0,986.0,1011.0,987.0,1015.0,1004.0,1003.0,1008.0,1019.0,1027.0,1017.0,1008.0,1012.0,1015.0,998.0,996.0,1012.0,1016.0,1035.0,1050.0,1141.0,1044.0,1016.0,972.0,994.0,1001.0,1022.0,999.0,1029.0,1014.0,1022.0,1039.0,990.0,994.0,1009.0,1032.0,1025.0,1022.0,1021.0,1021.0,1031.0,1050.0,1030.0,1047.0,1019.0,1028.0,1009.0,1027.0,1056.0,1079.0,1086.0,1028.0,994.0,967.0,983.0,969.0,972.0,973.0,971.0,952.0,977.0,971.0,947.0,944.0,913.0,916.0,920.0,944.0,974.0,1001.0,1005.0,982.0,1002.0,1026.0,1035.0,1054.0,1050.0,1072.0,1068.0,1077.0,1056.0,1062.0,1056.0,1060.0,1033.0,1053.0,1042.0,1036.0,1010.0,1049.0,1078.0,1095.0,1118.0,1127.0,1139.0,1144.0,1110.0,1146.0,1101.0,1160.0,1152.0,1136.0,1112.0,1077.0,1065.0,1044.0,1052.0,1053.0,1026.0,1027.0,1004.0,1036.0,1003.0,1017.0,1018.0,1033.0,1001.0,1000.0,1019.0,988.0,1000.0,1020.0,1009.0,982.0,1002.0,1013.0,1079.0,1082.0,1124.0,1131.0,1109.0,1086.0,1083.0,1012.0,977.0,981.0,952.0,958.0,924.0,903.0,883.0,866.0,860.0,857.0,851.0,870.0,858.0,847.0,847.0,850.0,859.0,871.0,889.0,946.0,910.0,905.0,923.0,938.0,955.0,986.0,989.0,995.0,1010.0,995.0,952.0,936.0,930.0,944,950.0,916.0,928.0,938.0,939.0,947.0,950.0,924.0,933.0,939.0,984.0,965.0,994.0,994.0,1022.0,1003.0,993.0,958.0,975.0,945.0,904.0,881.0,893.0,852.0,841.0,806.0,795.0,789.0,777.0,774.0,782.0,774.0,779.0,763.0,783.0,785.0,764.0,781.0,772.0,766.0,772.0,753.0,753.0,777.0,747.0,755.0,760.0,747.0,749.0,737.0,747.0,736.0,746.0,743.0,749.0,747.0,766.0,743.0,743.0,747.0,759.0,739.0,745.0,742.0,759.0,750.0,752.0,746.0,744.0,751.0,759.0,741.0,741.0,740.0,755.0,752.0,752.0,748.0,764.0,753.0,743.0,758.0,756.0,753.0,757.0,759.0,765.0,749.0,748.0,748.0,757.0,755.0,740.0,755.0,763.0,749.0,762.0,755.0,745.0,762.0,753.0,754.0,753.0,773.0
828.0,824.0,830.0,835.0,812.0,812.0,831.0,830.0,814.0,801.0,812.0,804.0,801.0,807.0,812.0,801.0,806.0,830.0,812.0,816.0,818.0,812.0,827.0,811.0,813.0,802.0,833.0,821.0,834.0,834.0,833.0,827.0,819.0,820.0,824.0,826.0,816.0,820.0,803.0,812.0,804.0,798.0,818.0,789.0,812.0,783.0,802.0,809.0,809.0,824.0,816.0,803.0,803.0,808.0,823.0,827.0,806.0,803.0,822.0,825.0,825.0,844.0,839.0,831.0,833.0,827.0,823.0,838.0,851.0,851.0,850.0,860.0,880.0,864.0,863.0,895.0,906.0,965.0,929.0,910.0,900.0,882.0,889.0,878.0,916.0,957.0,928.0,927.0,895.0,906.0,895.0,912.0,922.0,936.0,920.0,948.0,922.0,929.0,918.0,941.0,935.0,941.0,971.0,990.0,987.0,973.0,937.0,964.0,988.0,969.0,983.0,997.0,997.0,984.0,997.0,966.0,959.0,990.0,986.0,987.0,1001.0,1020.0,1006.0,998.0,1003.0,994.0,1011.0,1011.0,994.0,1022.0,999.0,998.0,992.0,1017.0,1016.0,1004.0,1082.0,1072.0,1061.0,1011.0,1005.0,980.0,1012.0,1001.0,1017.0,1034.0,1009.0,1020.0,1004.0,1005.0,1030.0,1026.0,1040.0,1033.0,1030.0,1030.0,1051.0,1023.0,1058.0,1050.0,1036.0,1027.0,1009.0,1014.0,1027.0,1052.0,1072.0,1082.0,1036.0,1011.0,988.0,970.0,973.0,978.0,981.0,991.0,967.0,975.0,992.0,953.0,936.0,920.0,920.0,928.0,945.0,959.0,982.0,977.0,980.0,1016.0,1005.0,1028.0,1064.0,1031.0,1053.0,1034.0,1064.0,1039.0,1034.0,1044.0,1060.0,1037.0,1033.0,1023.0,1011.0,1031.0,1065.0,1073.0,1098.0,1099.0,1145.0,1127.0,1126.0,1130.0,1106.0,1087.0,1122.0,1121.0,1135.0,1101.0,1069.0,1064.0,1057.0,1070.0,1040.0,1044.0,1030.0,1038.0,1025.0,1015.0,1028.0,1009.0,1034.0,1019.0,1012.0,998.0,1004.0,1007.0,995.0,996.0,991.0,1004.0,1031.0,1068.0,1100.0,1115.0,1103.0,1082.0,1083.0,1055.0,1023.0,986.0,963.0,955.0,941.0,896.0,901.0,877.0,884.0,860.0,851.0,859.0,873.0,868.0,865.0,860.0,876.0,874.0,886.0,903.0,928.0,920.0,930.0,944.0,972.0,982.0,1016.0,1005.0,1001.0,1010.0,1016.0,1004.0,967.0,949.0,952,957.0,962.0,950.0,949.0,947.0,952.0,936.0,940.0,933.0,961.0,964.0,977.0,1004.0,1005.0,992.0,984.0,977.0,957.0,945.0,930.0,905.0,885.0,877.0,838.0,844.0,825.0,827.0,807.0,793.0,803.0,789.0,780.0,775.0,772.0,773.0,779.0,772.0,761.0,778.0,778.0,773.0,767.0,756.0,765.0,765.0,768.0,756.0,758.0,752.0,761.0,763.0,757.0,761.0,767.0,755.0,763.0,765.0,766.0,753.0,759.0,754.0,760.0,752.0,750.0,769.0,753.0,762.0,744.0,759.0,751.0,765.0,761.0,771.0,747.0,762.0,761.0,762.0,758.0,763.0,770.0,771.0,764.0,761.0,768.0,756.0,768.0,766.0,765.0,764.0,765.0,765.0,755.0,771.0,774.0,772.0,764.0,762.0,769.0,785.0,774.0,770.0,772.0,759.0,778.0
1069.0,1065.0,1053.0,1043.0,1062.0,1042.0,1042.0,1040.0,1063.0,1056.0,1040.0,1064.0,1054.0,1037.0,1064.0,1060.0,1056.0,1078.0,1058.0,1056.0,1065.0,1090.0,1050.0,1071.0,1070.0,1084.0,1073.0,1074.0,1082.0,1084.0,1077.0,1095.0,1084.0,1081.0,1078.0,1080.0,1077.0,1069.0,1069.0,1082.0,1081.0,1071.0,1079.0,1067.0,1061.0,1087.0,1073.0,1055.0,1093.0,1085.0,1079.0,1103.0,1071.0,1090.0,1071.0,1079.0,1086.0,1087.0,1093.0,1116.0,1073.0,1115.0,1085.0,1098.0,1126.0,1086.0,1112.0,1091.0,1081.0,1117.0,1120.0,1125.0,1118.0,1144.0,1141.0,1146.0,1176.0,1183.0,1193.0,1147.0,1150.0,1153.0,1139.0,1152.0,1164.0,1173.0,1198.0,1176.0,1153.0,1147.0,1167.0,1157.0,1176.0,1181.0,1194.0,1212.0,1159.0,1185.0,1188.0,1177.0,1192.0,1196.0,1209.0,1215.0,1187.0,1206.0,1203.0,1197.0,1202.0,1208.0,1237.0,1236.0,1231.0,1233.0,1240.0,1215.0,1227.0,1237.0,1250.0,1230.0,1240.0,1283.0,1244.0,1259.0,1240.0,1249.0,1251.0,1238.0,1248.0,1238.0,1235.0,1242.0,1270.0,1260.0,1268.0,1265.0,1285.0,1313.0,1283.0,1245.0,1257.0,1241.0,1263.0,1257.0,1284.0,1268.0,1247.0,1245.0,1258.0,1260.0,1260.0,1266.0,1260.0,1274.0,1275.0,1270.0,1278.0,1287.0,1314.0,1288.0,1271.0,1299.0,1278.0,1292.0,1273.0,1286.0,1290.0,1298.0,1306.0,1280.0,1245.0,1229.0,1248.0,1265.0,1233.0,1262.0,1253.0,1243.0,1233.0,1227.0,1228.0,1197.0,1239.0,1219.0,1228.0,1262.0,1248.0,1265.0,1275.0,1286.0,1274.0,1279.0,1296.0,1316.0,1310.0,1310.0,1327.0,1297.0,1322.0,1294.0,1311.0,1315.0,1302.0,1319.0,1299.0,1328.0,1310.0,1316.0,1358.0,1373.0,1370.0,1390.0,1390.0,1368.0,1365.0,1375.0,1367.0,1398.0,1384.0,1357.0,1364.0,1329.0,1333.0,1316.0,1336.0,1323.0,1313.0,1309.0,1325.0,1310.0,1317.0,1315.0,1325.0,1314.0,1302.0,1304.0,1286.0,1317.0,1324.0,1267.0,1304.0,1309.0,1315.0,1347.0,1393.0,1384.0,1374.0,1344.0,1367.0,1344.0,1299.0,1300.0,1258.0,1280.0,1275.0,1255.0,1228.0,1238.0,1214.0,1209.0,1224.0,1215.0,1226.0,1225.0,1229.0,1241.0,1211.0,1223.0,1224.0,1263.0,1269.0,1232.0,1245.0,1259.0,1280.0,1294.0,1302.0,1297.0,1299.0,1326.0,1316.0,1310.0,1279.0,1264.0,1285,1284.0,1275.0,1287.0,1285.0,1284.0,1249.0,1242.0,1251.0,1271.0,1267.0,1280.0,1285.0,1303.0,1323.0,1321.0,1298.0,1293.0,1258.0,1274.0,1257.0,1249.0,1223.0,1242.0,1203.0,1185.0,1176.0,1187.0,1165.0,1143.0,1164.0,1170.0,1144.0,1166.0,1160.0,1143.0,1165.0,1158.0,1151.0,1170.0,1150.0,1174.0,1142.0,1139.0,1149.0,1144.0,1148.0,1148.0,1121.0,1146.0,1136.0,1140.0,1135.0,1141.0,1160.0,1158.0,1142.0,1163.0,1153.0,1139.0,1157.0,1125.0,1158.0,1136.0,1141.0,1125.0,1121.0,1153.0,1154.0,1137.0,1143.0,1119.0,1133.0,1129.0,1148.0,1128.0,1148.0,1124.0,1158.0,1176.0,1146.0,1162.0,1149.0,1149.0,1135.0,1164.0,1150.0,1135.0,1119.0,1144.0,1125.0,1144.0,1142.0,1141.0,1155.0,1149.0,1147.0,1141.0,1142.0,1141.0,1158.0,1124.0,1142.0,1138.0,1153.0
775.0,783.0,784.0,785.0,774.0,767.0,781.0,763.0,776.0,763.0,763.0,756.0,755.0,760.0,756.0,766.0,775.0,807.0,790.0,763.0,771.0,761.0,781.0,749.0,776.0,777.0,780.0,780.0,780.0,787.0,795.0,782.0,787.0,765.0,779.0,784.0,772.0,759.0,774.0,767.0,760.0,748.0,745.0,763.0,750.0,735.0,756.0,759.0,759.0,760.0,753.0,751.0,758.0,775.0,790.0,770.0,780.0,758.0,768.0,771.0,788.0,791.0,789.0,774.0,784.0,787.0,772.0,797.0,797.0,770.0,816.0,811.0,829.0,819.0,818.0,835.0,832.0,878.0,867.0,820.0,832.0,833.0,825.0,820.0,846.0,853.0,851.0,848.0,833.0,827.0,845.0,833.0,841.0,862.0,842.0,848.0,848.0,860.0,866.0,841.0,871.0,878.0,909.0,891.0,888.0,879.0,872.0,883.0,885.0,887.0,888.0,890.0,919.0,917.0,891.0,889.0,903.0,910.0,921.0,909.0,888.0,921.0,915.0,911.0,908.0,900.0,901.0,922.0,900.0,909.0,894.0,898.0,919.0,923.0,927.0,941.0,932.0,992.0,942.0,922.0,889.0,890.0,908.0,913.0,913.0,945.0,912.0,898.0,909.0,897.0,925.0,919.0,930.0,938.0,930.0,927.0,939.0,948.0,955.0,961.0,933.0,959.0,921.0,942.0,932.0,927.0,973.0,980.0,948.0,891.0,884.0,873.0,886.0,891.0,870.0,887.0,889.0,886.0,872.0,877.0,844.0,870.0,839.0,846.0,876.0,874.0,868.0,891.0,904.0,913.0,924.0,926.0,945.0,945.0,924.0,948.0,951.0,959.0,941.0,956.0,958.0,935.0,951.0,945.0,939.0,929.0,947.0,942.0,987.0,995.0,1017.0,1016.0,1027.0,1008.0,1006.0,1008.0,983.0,1031.0,990.0,991.0,964.0,947.0,943.0,959.0,944.0,943.0,938.0,925.0,922.0,929.0,924.0,945.0,913.0,917.0,922.0,934.0,922.0,918.0,916.0,903.0,903.0,901.0,939.0,965.0,983.0,971.0,1006.0,1002.0,1009.0,957.0,906.0,888.0,884.0,871.0,860.0,834.0,823.0,817.0,807.0,804.0,782.0,798.0,803.0,789.0,812.0,794.0,808.0,802.0,832.0,820.0,840.0,851.0,855.0,869.0,877.0,884.0,881.0,901.0,909.0,913.0,895.0,891.0,877.0,872.0,877,881.0,866.0,869.0,871.0,867.0,866.0,851.0,865.0,861.0,868.0,882.0,870.0,900.0,918.0,908.0,911.0,883.0,863.0,880.0,866.0,841.0,820.0,820.0,788.0,777.0,769.0,743.0,747.0,734.0,743.0,750.0,736.0,729.0,750.0,726.0,723.0,732.0,726.0,716.0,704.0,721.0,720.0,717.0,719.0,710.0,703.0,709.0,713.0,710.0,713.0,702.0,706.0,724.0,709.0,704.0,721.0,709.0,703.0,696.0,723.0,703.0,702.0,712.0,718.0,713.0,719.0,708.0,716.0,716.0,711.0,706.0,730.0,718.0,714.0,711.0,714.0,704.0,720.0,711.0,729.0,719.0,725.0,720.0,714.0,699.0,711.0,723.0,728.0,715.0,709.0,731.0,718.0,727.0,710.0,702.0,720.0,705.0,719.0,723.0,730.0,724.0,714.0,725.0,730.0
731.0,730.0,735.0,735.0,728.0,728.0,726.0,714.0,725.0,704.0,719.0,718.0,716.0,721.0,714.0,703.0,725.0,727.0,733.0,710.0,723.0,720.0,726.0,727.0,723.0,716.0,720.0,732.0,724.0,735.0,732.0,723.0,721.0,730.0,723.0,721.0,719.0,709.0,714.0,710.0,705.0,710.0,706.0,711.0,705.0,702.0,699.0,704.0,708.0,713.0,717.0,714.0,713.0,715.0,714.0,718.0,713.0,713.0,719.0,721.0,719.0,722.0,728.0,722.0,724.0,714.0,715.0,728.0,736.0,717.0,737.0,732.0,751.0,743.0,750.0,752.0,755.0,788.0,780.0,765.0,747.0,754.0,755.0,749.0,783.0,780.0,786.0,777.0,767.0,768.0,759.0,763.0,763.0,774.0,760.0,773.0,763.0,783.0,757.0,780.0,785.0,788.0,790.0,803.0,791.0,785.0,787.0,795.0,788.0,804.0,800.0,809.0,800.0,793.0,798.0,788.0,793.0,813.0,802.0,811.0,814.0,823.0,813.0,824.0,816.0,822.0,820.0,819.0,810.0,811.0,813.0,807.0,817.0,813.0,824.0,829.0,836.0,853.0,833.0,814.0,805.0,802.0,814.0,815.0,801.0,816.0,821.0,802.0,811.0,810.0,808.0,817.0,817.0,821.0,812.0,812.0,826.0,826.0,834.0,821.0,829.0,825.0,827.0,814.0,818.0,824.0,847.0,840.0,819.0,800.0,800.0,799.0,797.0,805.0,791.0,783.0,788.0,792.0,787.0,765.0,762.0,762.0,766.0,762.0,771.0,786.0,790.0,800.0,801.0,800.0,801.0,812.0,819.0,830.0,829.0,838.0,813.0,826.0,833.0,822.0,827.0,803.0,825.0,827.0,809.0,832.0,837.0,824.0,858.0,855.0,874.0,864.0,870.0,855.0,864.0,859.0,866.0,880.0,876.0,861.0,843.0,838.0,834.0,836.0,823.0,813.0,808.0,807.0,802.0,819.0,828.0,818.0,820.0,820.0,816.0,820.0,796.0,819.0,802.0,797.0,809.0,809.0,821.0,833.0,858.0,863.0,862.0,844.0,851.0,825.0,819.0,786.0,787.0,779.0,772.0,764.0,740.0,750.0,732.0,732.0,743.0,736.0,730.0,736.0,745.0,730.0,725.0,722.0,758.0,748.0,751.0,762.0,757.0,772.0,785.0,784.0,798.0,800.0,796.0,793.0,806.0,783.0,786.0,771.0,771,784.0,777.0,777.0,772.0,784.0,761.0,769.0,765.0,770.0,769.0,794.0,779.0,799.0,806.0,801.0,800.0,793.0,777.0,779.0,761.0,749.0,733.0,748.0,720.0,707.0,704.0,699.0,707.0,691.0,692.0,698.0,691.0,686.0,692.0,675.0,693.0,682.0,684.0,677.0,688.0,680.0,684.0,673.0,684.0,672.0,683.0,671.0,672.0,675.0,678.0,672.0,663.0,671.0,683.0,675.0,664.0,676.0,677.0,669.0,674.0,675.0,674.0,669.0,672.0,679.0,670.0,689.0,676.0,680.0,676.0,667.0,679.0,678.0,675.0,673.0,684.0,670.0,675.0,681.0,679.0,676.0,689.0,672.0,684.0,676.0,688.0,675.0,679.0,683.0,690.0,681.0,669.0,680.0,689.0,682.0,674.0,680.0,685.0,683.0,678.0,673.0,682.0,676.0,677.0
741.0,741.0,734.0,749.0,733.0,741.0,745.0,727.0,729.0,722.0,722.0,722.0,727.0,725.0,731.0,718.0,744.0,744.0,731.0,720.0,735.0,737.0,721.0,731.0,718.0,722.0,743.0,729.0,725.0,736.0,740.0,732.0,722.0,738.0,730.0,731.0,735.0,734.0,730.0,722.0,729.0,714.0,716.0,721.0,717.0,714.0,714.0,713.0,715.0,733.0,724.0,730.0,716.0,733.0,719.0,734.0,715.0,718.0,733.0,742.0,737.0,753.0,727.0,742.0,750.0,722.0,729.0,732.0,753.0,733.0,757.0,765.0,761.0,757.0,771.0,767.0,790.0,810.0,815.0,793.0,777.0,771.0,776.0,773.0,790.0,781.0,791.0,799.0,782.0,782.0,797.0,788.0,798.0,795.0,791.0,810.0,788.0,813.0,788.0,799.0,808.0,827.0,826.0,817.0,826.0,812.0,815.0,821.0,815.0,835.0,828.0,824.0,837.0,826.0,837.0,814.0,826.0,838.0,839.0,839.0,832.0,843.0,838.0,861.0,843.0,840.0,848.0,850.0,854.0,847.0,841.0,829.0,854.0,833.0,845.0,852.0,877.0,878.0,867.0,835.0,850.0,845.0,839.0,855.0,848.0,845.0,831.0,826.0,849.0,845.0,844.0,833.0,840.0,843.0,861.0,851.0,866.0,842.0,856.0,866.0,854.0,853.0,850.0,864.0,847.0,867.0,883.0,882.0,855.0,853.0,808.0,826.0,838.0,819.0,817.0,822.0,829.0,825.0,818.0,806.0,793.0,788.0,788.0,795.0,796.0,803.0,823.0,813.0,826.0,843.0,856.0,849.0,864.0,848.0,857.0,859.0,848.0,858.0,839.0,848.0,829.0,851.0,853.0,831.0,825.0,860.0,854.0,857.0,879.0,896.0,889.0,891.0,901.0,881.0,871.0,882.0,893.0,885.0,906.0,871.0,871.0,846.0,862.0,845.0,859.0,853.0,833.0,843.0,830.0,828.0,819.0,837.0,835.0,829.0,821.0,841.0,815.0,813.0,828.0,817.0,829.0,822.0,841.0,844.0,864.0,882.0,865.0,865.0,869.0,836.0,839.0,827.0,793.0,793.0,787.0,780.0,778.0,770.0,758.0,763.0,760.0,748.0,756.0,760.0,775.0,747.0,763.0,753.0,775.0,778.0,787.0,790.0,786.0,784.0,814.0,801.0,833.0,828.0,832.0,834.0,815.0,815.0,807.0,803.0,806,813.0,811.0,813.0,790.0,797.0,791.0,781.0,784.0,786.0,799.0,797.0,800.0,819.0,812.0,817.0,814.0,827.0,797.0,800.0,784.0,768.0,771.0,781.0,754.0,750.0,730.0,725.0,707.0,708.0,714.0,721.0,702.0,709.0,699.0,703.0,717.0,713.0,713.0,703.0,714.0,706.0,685.0,699.0,700.0,704.0,704.0,695.0,694.0,698.0,689.0,698.0,685.0,695.0,703.0,698.0,691.0,701.0,692.0,704.0,700.0,689.0,702.0,691.0,689.0,700.0,709.0,700.0,692.0,701.0,700.0,702.0,702.0,696.0,700.0,712.0,700.0,697.0,692.0,703.0,699.0,702.0,702.0,699.0,701.0,707.0,707.0,705.0,705.0,709.0,688.0,705.0,708.0,701.0,704.0,703.0,712.0,708.0,719.0,717.0,703.0,707.0,711.0,698.0,696.0
755.0,756.0,760.0,773.0,760.0,762.0,763.0,762.0,750.0,743.0,738.0,745.0,735.0,748.0,744.0,743.0,734.0,762.0,749.0,739.0,752.0,748.0,764.0,744.0,749.0,748.0,747.0,755.0,756.0,759.0,766.0,743.0,766.0,755.0,761.0,744.0,748.0,749.0,738.0,739.0,739.0,738.0,739.0,736.0,743.0,758.0,725.0,731.0,739.0,736.0,733.0,752.0,732.0,737.0,747.0,762.0,738.0,755.0,750.0,766.0,756.0,786.0,749.0,740.0,765.0,752.0,754.0,760.0,757.0,752.0,764.0,776.0,781.0,788.0,803.0,801.0,811.0,845.0,857.0,809.0,800.0,787.0,800.0,789.0,815.0,832.0,829.0,824.0,811.0,818.0,800.0,826.0,836.0,823.0,825.0,832.0,815.0,830.0,821.0,826.0,836.0,853.0,864.0,849.0,848.0,843.0,842.0,845.0,858.0,864.0,861.0,855.0,852.0,868.0,858.0,842.0,857.0,857.0,862.0,871.0,871.0,873.0,860.0,882.0,879.0,873.0,884.0,884.0,879.0,875.0,871.0,878.0,873.0,853.0,873.0,899.0,917.0,930.0,901.0,873.0,867.0,863.0,888.0,878.0,874.0,872.0,873.0,854.0,858.0,858.0,881.0,867.0,882.0,889.0,859.0,868.0,890.0,873.0,900.0,915.0,880.0,881.0,875.0,879.0,878.0,900.0,909.0,906.0,880.0,874.0,838.0,845.0,834.0,841.0,846.0,846.0,839.0,856.0,872.0,833.0,829.0,813.0,813.0,817.0,826.0,832.0,846.0,836.0,862.0,880.0,873.0,874.0,894.0,889.0,895.0,886.0,887.0,902.0,884.0,874.0,869.0,886.0,866.0,878.0,869.0,895.0,882.0,903.0,920.0,928.0,930.0,956.0,929.0,923.0,933.0,911.0,954.0,946.0,944.0,917.0,908.0,892.0,876.0,874.0,881.0,873.0,867.0,852.0,869.0,875.0,861.0,855.0,865.0,870.0,862.0,857.0,858.0,846.0,874.0,863.0,853.0,878.0,877.0,872.0,922.0,911.0,918.0,918.0,898.0,883.0,864.0,851.0,833.0,826.0,813.0,798.0,800.0,798.0,785.0,783.0,775.0,777.0,772.0,778.0,779.0,775.0,755.0,785.0,784.0,788.0,818.0,810.0,796.0,824.0,816.0,840.0,870.0,858.0,880.0,871.0,873.0,856.0,851.0,829.0,831,839.0,848.0,829.0,816.0,839.0,818.0,805.0,810.0,821.0,823.0,858.0,844.0,866.0,845.0,856.0,845.0,849.0,812.0,821.0,824.0,816.0,785.0,774.0,776.0,765.0,744.0,737.0,738.0,729.0,734.0,727.0,727.0,730.0,715.0,719.0,719.0,711.0,712.0,720.0,718.0,715.0,714.0,718.0,708.0,711.0,708.0,714.0,710.0,717.0,706.0,728.0,710.0,718.0,719.0,698.0,714.0,701.0,700.0,711.0,721.0,700.0,721.0,700.0,711.0,708.0,705.0,703.0,713.0,710.0,711.0,706.0,711.0,713.0,707.0,711.0,709.0,716.0,714.0,700.0,735.0,717.0,708.0,710.0,722.0,712.0,715.0,725.0,714.0,704.0,717.0,705.0,707.0,716.0,718.0,730.0,718.0,711.0,732.0,709.0,714.0,715.0,724.0,711.0,711.0
864.0,884.0,878.0,880.0,875.0,884.0,868.0,846.0,863.0,861.0,867.0,843.0,876.0,851.0,850.0,857.0,845.0,859.0,862.0,836.0,852.0,852.0,870.0,864.0,867.0,878.0,871.0,873.0,879.0,890.0,878.0,898.0,886.0,860.0,883.0,884.0,886.0,851.0,890.0,883.0,849.0,849.0,865.0,846.0,867.0,850.0,833.0,857.0,867.0,851.0,862.0,863.0,850.0,869.0,875.0,868.0,864.0,864.0,893.0,879.0,900.0,903.0,891.0,874.0,886.0,873.0,871.0,886.0,906.0,899.0,930.0,946.0,932.0,935.0,950.0,976.0,1010.0,1059.0,1061.0,976.0,977.0,960.0,966.0,978.0,1047.0,1072.0,1050.0,1024.0,1000.0,990.0,995.0,982.0,998.0,978.0,1013.0,1011.0,993.0,999.0,998.0,1013.0,1026.0,1061.0,1083.0,1058.0,1062.0,1026.0,1063.0,1050.0,1050.0,1098.0,1055.0,1073.0,1070.0,1070.0,1084.0,1047.0,1047.0,1092.0,1092.0,1103.0,1107.0,1130.0,1098.0,1126.0,1109.0,1114.0,1138.0,1128.0,1098.0,1115.0,1107.0,1132.0,1100.0,1110.0,1108.0,1133.0,1176.0,1236.0,1194.0,1104.0,1085.0,1097.0,1130.0,1119.0,1110.0,1110.0,1108.0,1104.0,1084.0,1103.0,1087.0,1108.0,1115.0,1114.0,1137.0,1126.0,1184.0,1126.0,1166.0,1160.0,1135.0,1141.0,1119.0,1116.0,1124.0,1146.0,1177.0,1189.0,1140.0,1090.0,1074.0,1085.0,1082.0,1086.0,1063.0,1059.0,1061.0,1080.0,1081.0,1045.0,1030.0,1021.0,1005.0,994.0,1023.0,1058.0,1066.0,1073.0,1100.0,1103.0,1111.0,1144.0,1158.0,1136.0,1141.0,1143.0,1143.0,1139.0,1125.0,1148.0,1140.0,1116.0,1133.0,1133.0,1130.0,1152.0,1157.0,1154.0,1201.0,1248.0,1281.0,1247.0,1257.0,1219.0,1245.0,1213.0,1251.0,1265.0,1239.0,1234.0,1168.0,1151.0,1146.0,1137.0,1150.0,1150.0,1126.0,1122.0,1127.0,1113.0,1110.0,1129.0,1116.0,1135.0,1101.0,1114.0,1095.0,1094.0,1103.0,1111.0,1096.0,1114.0,1142.0,1159.0,1212.0,1211.0,1214.0,1220.0,1190.0,1159.0,1116.0,1057.0,1057.0,1023.0,1022.0,988.0,961.0,955.0,920.0,940.0,939.0,941.0,938.0,955.0,935.0,966.0,959.0,962.0,981.0,981.0,991.0,1001.0,1010.0,1058.0,1049.0,1061.0,1098.0,1084.0,1097.0,1114.0,1096.0,1086.0,1039.0,1055.0,1042,1064.0,1013.0,1029.0,1040.0,1012.0,1009.0,1016.0,988.0,999.0,1025.0,1015.0,1035.0,1070.0,1070.0,1077.0,1070.0,1060.0,1030.0,1030.0,998.0,960.0,948.0,932.0,934.0,900.0,853.0,856.0,850.0,841.0,859.0,844.0,826.0,831.0,833.0,817.0,821.0,821.0,825.0,815.0,806.0,816.0,797.0,809.0,793.0,800.0,796.0,810.0,787.0,794.0,791.0,817.0,814.0,806.0,798.0,822.0,793.0,790.0,813.0,810.0,791.0,817.0,800.0,802.0,797.0,799.0,808.0,814.0,807.0,821.0,808.0,807.0,821.0,808.0,805.0,800.0,803.0,816.0,805.0,821.0,813.0,805.0,807.0,805.0,821.0,827.0,803.0,824.0,817.0,830.0,814.0,823.0,816.0,816.0,818.0,806.0,821.0,827.0,794.0,816.0,819.0,811.0,826.0,811.0,826.0
849.0,865.0,857.0,840.0,826.0,833.0,819.0,815.0,819.0,824.0,829.0,833.0,833.0,809.0,830.0,832.0,833.0,837.0,828.0,831.0,829.0,834.0,831.0,830.0,825.0,841.0,852.0,849.0,830.0,847.0,827.0,840.0,856.0,845.0,824.0,838.0,829.0,826.0,829.0,818.0,816.0,806.0,803.0,824.0,816.0,806.0,801.0,813.0,827.0,815.0,811.0,819.0,819.0,815.0,837.0,834.0,815.0,820.0,838.0,841.0,854.0,838.0,854.0,830.0,835.0,835.0,830.0,849.0,836.0,839.0,857.0,863.0,880.0,896.0,887.0,890.0,904.0,952.0,943.0,910.0,903.0,897.0,892.0,905.0,912.0,938.0,931.0,927.0,914.0,895.0,903.0,913.0,918.0,925.0,909.0,926.0,943.0,941.0,921.0,939.0,944.0,972.0,976.0,982.0,972.0,961.0,947.0,962.0,961.0,980.0,967.0,995.0,1000.0,986.0,992.0,968.0,979.0,990.0,1003.0,986.0,997.0,983.0,1007.0,1000.0,1000.0,1006.0,995.0,1007.0,996.0,992.0,1006.0,1022.0,995.0,999.0,1032.0,1029.0,1051.0,1107.0,1033.0,1015.0,993.0,998.0,1009.0,1004.0,1039.0,1036.0,1018.0,1002.0,1017.0,1009.0,1029.0,1021.0,1028.0,1004.0,1043.0,1039.0,1042.0,1046.0,1060.0,1053.0,1059.0,1054.0,1040.0,1012.0,982.0,1047.0,1067.0,1046.0,1045.0,985.0,970.0,965.0,965.0,986.0,978.0,983.0,965.0,966.0,969.0,944.0,925.0,916.0,939.0,938.0,955.0,986.0,1007.0,997.0,994.0,1010.0,1008.0,1033.0,1070.0,1065.0,1062.0,1069.0,1080.0,1065.0,1066.0,1045.0,1055.0,1046.0,1054.0,1046.0,1043.0,1074.0,1089.0,1077.0,1111.0,1132.0,1138.0,1143.0,1121.0,1145.0,1132.0,1128.0,1137.0,1154.0,1142.0,1119.0,1109.0,1070.0,1079.0,1074.0,1043.0,1049.0,1043.0,1042.0,1026.0,1025.0,1026.0,1031.0,1022.0,1038.0,1028.0,1006.0,1030.0,1020.0,1008.0,1002.0,1000.0,1047.0,1056.0,1092.0,1151.0,1139.0,1142.0,1141.0,1129.0,1068.0,1043.0,1012.0,971.0,952.0,957.0,927.0,899.0,880.0,876.0,852.0,857.0,855.0,873.0,865.0,864.0,855.0,888.0,878.0,901.0,894.0,909.0,932.0,930.0,947.0,947.0,955.0,988.0,1000.0,985.0,1005.0,997.0,971.0,944.0,950.0,954,969.0,958.0,953.0,956.0,952.0,945.0,946.0,941.0,950.0,951.0,978.0,981.0,1001.0,1018.0,1011.0,1026.0,1001.0,972.0,975.0,945.0,919.0,899.0,876.0,850.0,832.0,825.0,808.0,800.0,791.0,788.0,772.0,780.0,770.0,771.0,774.0,763.0,761.0,768.0,763.0,766.0,752.0,757.0,751.0,757.0,750.0,742.0,743.0,737.0,744.0,747.0,749.0,748.0,752.0,742.0,743.0,742.0,743.0,740.0,740.0,747.0,748.0,747.0,743.0,742.0,756.0,740.0,740.0,748.0,744.0,746.0,735.0,764.0,740.0,758.0,735.0,753.0,750.0,753.0,749.0,754.0,737.0,750.0,736.0,753.0,745.0,758.0,759.0,747.0,744.0,751.0,759.0,749.0,747.0,762.0,760.0,756.0,750.0,777.0,750.0,753.0,753.0,752.0,743.0,752.0
786.0,783.0,796.0,774.0,780.0,774.0,784.0,777.0,773.0,764.0,779.0,779.0,760.0,760.0,771.0,767.0,776.0,794.0,777.0,762.0,779.0,777.0,786.0,776.0,770.0,793.0,795.0,775.0,785.0,794.0,794.0,782.0,781.0,783.0,794.0,788.0,777.0,769.0,774.0,767.0,763.0,757.0,760.0,770.0,765.0,768.0,756.0,771.0,761.0,775.0,766.0,759.0,769.0,793.0,780.0,778.0,775.0,770.0,786.0,781.0,786.0,803.0,786.0,771.0,782.0,786.0,784.0,784.0,788.0,789.0,814.0,820.0,817.0,826.0,813.0,824.0,845.0,872.0,871.0,828.0,819.0,831.0,822.0,818.0,862.0,886.0,889.0,863.0,850.0,829.0,833.0,839.0,848.0,841.0,853.0,865.0,849.0,861.0,855.0,860.0,886.0,879.0,908.0,907.0,891.0,890.0,878.0,887.0,894.0,890.0,912.0,897.0,910.0,919.0,896.0,883.0,912.0,903.0,907.0,910.0,908.0,921.0,911.0,926.0,922.0,922.0,926.0,911.0,911.0,908.0,898.0,918.0,935.0,919.0,925.0,935.0,963.0,980.0,960.0,909.0,898.0,900.0,908.0,913.0,913.0,913.0,914.0,913.0,921.0,892.0,907.0,913.0,940.0,938.0,939.0,917.0,954.0,945.0,941.0,958.0,942.0,961.0,924.0,918.0,930.0,937.0,958.0,959.0,938.0,902.0,888.0,871.0,872.0,893.0,890.0,877.0,894.0,889.0,889.0,877.0,858.0,855.0,851.0,858.0,874.0,888.0,889.0,912.0,910.0,913.0,927.0,930.0,951.0,960.0,964.0,956.0,974.0,959.0,955.0,960.0,960.0,946.0,925.0,941.0,951.0,956.0,950.0,974.0,995.0,1014.0,1025.0,1025.0,1031.0,1024.0,1012.0,1032.0,1012.0,1046.0,1048.0,1022.0,982.0,971.0,970.0,949.0,955.0,948.0,940.0,938.0,930.0,936.0,941.0,953.0,925.0,951.0,944.0,933.0,921.0,946.0,929.0,918.0,910.0,921.0,962.0,988.0,1004.0,1039.0,1037.0,1020.0,1006.0,963.0,944.0,924.0,901.0,882.0,880.0,845.0,839.0,822.0,808.0,786.0,800.0,798.0,799.0,817.0,819.0,806.0,811.0,793.0,804.0,822.0,846.0,846.0,837.0,838.0,873.0,873.0,921.0,901.0,904.0,912.0,922.0,897.0,869.0,867.0,876,865.0,897.0,870.0,880.0,869.0,871.0,867.0,849.0,860.0,875.0,898.0,900.0,914.0,914.0,920.0,925.0,912.0,894.0,888.0,871.0,856.0,829.0,809.0,792.0,772.0,758.0,751.0,749.0,726.0,742.0,738.0,729.0,746.0,731.0,712.0,716.0,719.0,731.0,714.0,708.0,711.0,713.0,721.0,711.0,716.0,706.0,708.0,715.0,715.0,711.0,709.0,714.0,711.0,705.0,707.0,705.0,698.0,702.0,709.0,710.0,700.0,719.0,704.0,708.0,714.0,716.0,708.0,706.0,711.0,716.0,710.0,720.0,714.0,703.0,699.0,710.0,703.0,709.0,724.0,701.0,708.0,707.0,709.0,710.0,709.0,726.0,709.0,709.0,714.0,713.0,719.0,717.0,715.0,712.0,720.0,702.0,716.0,715.0,713.0,708.0,716.0,720.0,709.0,713.0
855.0,873.0,839.0,858.0,863.0,850.0,857.0,860.0,856.0,838.0,827.0,853.0,843.0,834.0,850.0,829.0,829.0,871.0,857.0,850.0,854.0,843.0,857.0,876.0,834.0,849.0,855.0,879.0,843.0,855.0,849.0,847.0,851.0,859.0,852.0,836.0,833.0,854.0,854.0,843.0,855.0,822.0,828.0,851.0,841.0,823.0,825.0,831.0,853.0,850.0,845.0,826.0,839.0,855.0,873.0,854.0,846.0,845.0,853.0,826.0,847.0,877.0,879.0,848.0,866.0,859.0,862.0,877.0,890.0,871.0,887.0,883.0,910.0,902.0,902.0,919.0,953.0,981.0,971.0,956.0,925.0,924.0,930.0,925.0,948.0,980.0,969.0,977.0,932.0,902.0,941.0,963.0,988.0,949.0,931.0,955.0,989.0,977.0,952.0,982.0,1000.0,1016.0,1011.0,1000.0,997.0,993.0,987.0,994.0,1015.0,1015.0,1003.0,1017.0,1018.0,1042.0,1029.0,1009.0,1030.0,998.0,1016.0,1015.0,1031.0,1036.0,1035.0,1033.0,1053.0,1039.0,1055.0,1059.0,1048.0,1034.0,1058.0,1041.0,1063.0,1061.0,1048.0,1089.0,1150.0,1185.0,1102.0,1075.0,1044.0,1024.0,1048.0,1067.0,1063.0,1039.0,1048.0,1039.0,1058.0,1054.0,1040.0,1058.0,1044.0,1047.0,1080.0,1079.0,1062.0,1058.0,1082.0,1097.0,1092.0,1078.0,1055.0,1048.0,1067.0,1084.0,1119.0,1120.0,1085.0,1046.0,1003.0,1014.0,997.0,1036.0,1017.0,1022.0,1025.0,1018.0,1017.0,978.0,1007.0,996.0,979.0,967.0,1002.0,1018.0,1037.0,1032.0,1039.0,1048.0,1087.0,1075.0,1118.0,1113.0,1124.0,1154.0,1123.0,1136.0,1108.0,1112.0,1127.0,1096.0,1107.0,1153.0,1086.0,1115.0,1140.0,1135.0,1158.0,1175.0,1207.0,1214.0,1192.0,1191.0,1180.0,1176.0,1198.0,1199.0,1191.0,1196.0,1158.0,1131.0,1101.0,1126.0,1111.0,1101.0,1100.0,1087.0,1059.0,1028.0,1044.0,1053.0,1096.0,1079.0,1069.0,1032.0,1029.0,1040.0,1070.0,1068.0,1070.0,1081.0,1111.0,1158.0,1180.0,1222.0,1221.0,1215.0,1171.0,1171.0,1103.0,1069.0,1041.0,992.0,1016.0,963.0,936.0,921.0,893.0,907.0,906.0,887.0,904.0,913.0,912.0,887.0,912.0,927.0,912.0,931.0,955.0,948.0,989.0,1003.0,1012.0,1012.0,1070.0,1059.0,1063.0,1047.0,1083.0,1047.0,1010.0,997.0,1018,1038.0,1009.0,1027.0,1026.0,994.0,982.0,981.0,982.0,1020.0,1000.0,1019.0,1027.0,1045.0,1066.0,1081.0,1056.0,1069.0,1048.0,1035.0,1006.0,960.0,935.0,924.0,883.0,881.0,868.0,845.0,838.0,825.0,826.0,826.0,812.0,810.0,817.0,803.0,800.0,807.0,777.0,766.0,792.0,779.0,787.0,781.0,792.0,770.0,789.0,772.0,786.0,766.0,784.0,775.0,770.0,765.0,779.0,775.0,782.0,769.0,777.0,756.0,774.0,779.0,773.0,790.0,790.0,783.0,798.0,790.0,768.0,784.0,773.0,774.0,788.0,776.0,778.0,800.0,774.0,774.0,775.0,781.0,791.0,790.0,784.0,774.0,774.0,785.0,785.0,785.0,762.0,800.0,789.0,784.0,793.0,785.0,788.0,790.0,794.0,800.0,801.0,782.0,808.0,785.0,794.0,802.0,783.0
805.0,797.0,808.0,808.0,799.0,792.0,781.0,798.0,791.0,770.0,785.0,787.0,772.0,763.0,792.0,777.0,794.0,800.0,792.0,785.0,784.0,798.0,796.0,795.0,792.0,781.0,800.0,792.0,799.0,813.0,792.0,796.0,804.0,791.0,797.0,792.0,784.0,788.0,790.0,780.0,780.0,780.0,775.0,764.0,778.0,778.0,782.0,776.0,779.0,789.0,779.0,787.0,787.0,775.0,794.0,788.0,788.0,786.0,799.0,791.0,788.0,799.0,812.0,797.0,797.0,807.0,789.0,810.0,810.0,814.0,827.0,823.0,839.0,824.0,840.0,854.0,867.0,914.0,886.0,861.0,852.0,852.0,847.0,847.0,871.0,902.0,882.0,874.0,857.0,860.0,853.0,872.0,868.0,880.0,871.0,890.0,867.0,893.0,869.0,880.0,891.0,902.0,937.0,930.0,932.0,910.0,905.0,911.0,926.0,920.0,926.0,935.0,947.0,938.0,939.0,908.0,924.0,940.0,939.0,944.0,942.0,952.0,952.0,948.0,943.0,949.0,954.0,961.0,957.0,961.0,962.0,939.0,940.0,935.0,964.0,941.0,1001.0,1003.0,973.0,946.0,943.0,917.0,956.0,939.0,956.0,954.0,940.0,945.0,947.0,934.0,957.0,967.0,967.0,948.0,971.0,980.0,971.0,978.0,978.0,987.0,983.0,975.0,959.0,963.0,984.0,982.0,996.0,1012.0,977.0,944.0,943.0,928.0,915.0,925.0,917.0,933.0,911.0,918.0,933.0,905.0,887.0,870.0,875.0,875.0,898.0,910.0,933.0,916.0,906.0,948.0,932.0,969.0,995.0,959.0,977.0,994.0,993.0,981.0,977.0,978.0,985.0,982.0,984.0,968.0,963.0,970.0,1013.0,1004.0,1023.0,1040.0,1040.0,1065.0,1075.0,1048.0,1050.0,1071.0,1043.0,1062.0,1067.0,1048.0,1022.0,1001.0,1009.0,1005.0,977.0,988.0,963.0,983.0,984.0,981.0,975.0,956.0,982.0,974.0,973.0,958.0,957.0,948.0,957.0,949.0,944.0,950.0,982.0,1011.0,1030.0,1063.0,1044.0,1026.0,1044.0,1006.0,955.0,930.0,924.0,893.0,889.0,862.0,837.0,831.0,832.0,815.0,823.0,820.0,833.0,836.0,829.0,827.0,838.0,845.0,844.0,860.0,875.0,874.0,884.0,896.0,905.0,914.0,959.0,952.0,946.0,953.0,960.0,935.0,901.0,904.0,909,913.0,901.0,910.0,916.0,909.0,892.0,887.0,898.0,906.0,904.0,912.0,927.0,944.0,939.0,940.0,924.0,925.0,917.0,900.0,888.0,860.0,847.0,840.0,803.0,795.0,792.0,786.0,772.0,747.0,760.0,740.0,744.0,741.0,757.0,745.0,752.0,739.0,745.0,740.0,746.0,749.0,743.0,733.0,737.0,728.0,736.0,729.0,723.0,727.0,728.0,725.0,722.0,726.0,731.0,725.0,735.0,732.0,730.0,723.0,732.0,718.0,724.0,722.0,722.0,728.0,729.0,726.0,728.0,735.0,730.0,741.0,728.0,747.0,713.0,730.0,720.0,724.0,733.0,729.0,732.0,735.0,733.0,723.0,726.0,727.0,738.0,741.0,727.0,730.0,739.0,741.0,736.0,738.0,737.0,747.0,734.0,725.0,727.0,735.0,731.0,741.0,736.0,730.0,729.0
761.0,764.0,767.0,757.0,769.0,754.0,746.0,745.0,758.0,752.0,739.0,749.0,746.0,735.0,748.0,745.0,744.0,758.0,746.0,744.0,754.0,746.0,758.0,747.0,756.0,757.0,761.0,744.0,757.0,762.0,766.0,755.0,750.0,751.0,761.0,736.0,760.0,755.0,763.0,736.0,735.0,740.0,745.0,757.0,736.0,744.0,740.0,737.0,744.0,738.0,738.0,751.0,738.0,759.0,742.0,732.0,750.0,752.0,748.0,772.0,756.0,771.0,752.0,752.0,755.0,755.0,765.0,755.0,767.0,764.0,774.0,779.0,780.0,785.0,788.0,792.0,823.0,851.0,824.0,806.0,801.0,798.0,785.0,791.0,830.0,817.0,839.0,835.0,797.0,806.0,801.0,802.0,820.0,818.0,819.0,838.0,808.0,839.0,809.0,832.0,840.0,834.0,857.0,856.0,836.0,847.0,840.0,831.0,845.0,856.0,860.0,873.0,862.0,862.0,844.0,845.0,857.0,870.0,863.0,869.0,859.0,879.0,882.0,875.0,882.0,868.0,871.0,863.0,874.0,870.0,878.0,882.0,881.0,881.0,871.0,883.0,894.0,932.0,896.0,854.0,862.0,843.0,863.0,861.0,865.0,878.0,877.0,852.0,866.0,861.0,876.0,871.0,880.0,870.0,888.0,895.0,904.0,892.0,908.0,901.0,892.0,896.0,887.0,874.0,876.0,885.0,914.0,919.0,915.0,856.0,857.0,832.0,858.0,852.0,855.0,852.0,866.0,840.0,845.0,823.0,819.0,813.0,816.0,823.0,820.0,840.0,856.0,861.0,872.0,857.0,862.0,876.0,898.0,887.0,909.0,900.0,900.0,911.0,902.0,890.0,897.0,883.0,884.0,892.0,893.0,893.0,904.0,892.0,933.0,955.0,953.0,953.0,973.0,954.0,949.0,948.0,955.0,952.0,978.0,965.0,930.0,913.0,922.0,910.0,905.0,893.0,900.0,883.0,890.0,875.0,891.0,884.0,878.0,878.0,889.0,897.0,889.0,888.0,902.0,865.0,880.0,876.0,893.0,921.0,936.0,943.0,943.0,923.0,921.0,899.0,887.0,861.0,851.0,839.0,833.0,814.0,799.0,779.0,779.0,782.0,776.0,776.0,801.0,799.0,784.0,785.0,764.0,776.0,805.0,802.0,828.0,819.0,821.0,830.0,855.0,836.0,879.0,865.0,876.0,872.0,879.0,861.0,851.0,817.0,836,865.0,828.0,846.0,833.0,837.0,833.0,816.0,809.0,833.0,836.0,851.0,861.0,879.0,872.0,867.0,841.0,846.0,835.0,839.0,813.0,817.0,790.0,785.0,767.0,753.0,765.0,755.0,731.0,726.0,727.0,722.0,714.0,732.0,720.0,727.0,733.0,712.0,707.0,720.0,716.0,712.0,702.0,714.0,723.0,711.0,709.0,729.0,704.0,714.0,699.0,697.0,700.0,710.0,711.0,703.0,707.0,706.0,705.0,714.0,718.0,715.0,709.0,708.0,712.0,714.0,703.0,700.0,698.0,706.0,704.0,702.0,709.0,704.0,717.0,712.0,722.0,708.0,718.0,723.0,715.0,715.0,708.0,705.0,719.0,714.0,724.0,715.0,718.0,718.0,709.0,724.0,717.0,714.0,719.0,721.0,727.0,712.0,722.0,726.0,720.0,718.0,724.0,714.0,718.0
695.0,681.0,689.0,682.0,687.0,679.0,688.0,672.0,668.0,679.0,673.0,679.0,686.0,675.0,683.0,683.0,695.0,701.0,709.0,676.0,672.0,684.0,681.0,675.0,670.0,677.0,669.0,684.0,673.0,685.0,678.0,682.0,680.0,683.0,673.0,663.0,677.0,669.0,681.0,677.0,662.0,664.0,663.0,674.0,657.0,677.0,668.0,672.0,666.0,675.0,668.0,663.0,661.0,674.0,670.0,671.0,660.0,650.0,667.0,657.0,676.0,675.0,672.0,672.0,666.0,674.0,664.0,661.0,664.0,667.0,673.0,679.0,670.0,669.0,682.0,670.0,678.0,707.0,705.0,685.0,685.0,687.0,694.0,701.0,692.0,702.0,691.0,696.0,692.0,682.0,679.0,685.0,678.0,690.0,690.0,692.0,671.0,704.0,692.0,701.0,694.0,705.0,702.0,723.0,714.0,704.0,710.0,691.0,710.0,704.0,708.0,707.0,713.0,709.0,709.0,701.0,718.0,713.0,711.0,708.0,707.0,726.0,709.0,701.0,720.0,717.0,707.0,710.0,719.0,706.0,715.0,715.0,713.0,700.0,724.0,717.0,722.0,738.0,721.0,708.0,701.0,706.0,707.0,716.0,695.0,712.0,717.0,710.0,718.0,707.0,726.0,718.0,729.0,731.0,710.0,730.0,728.0,739.0,720.0,732.0,729.0,738.0,719.0,709.0,721.0,721.0,730.0,730.0,724.0,690.0,705.0,715.0,703.0,710.0,713.0,709.0,697.0,720.0,690.0,700.0,693.0,698.0,684.0,697.0,699.0,694.0,690.0,704.0,708.0,708.0,723.0,714.0,735.0,709.0,716.0,738.0,735.0,733.0,725.0,720.0,720.0,718.0,722.0,735.0,730.0,728.0,719.0,731.0,754.0,731.0,762.0,752.0,762.0,749.0,753.0,752.0,754.0,751.0,737.0,748.0,735.0,729.0,730.0,751.0,747.0,715.0,727.0,725.0,737.0,710.0,713.0,736.0,730.0,720.0,715.0,726.0,735.0,735.0,715.0,705.0,723.0,725.0,720.0,737.0,767.0,762.0,750.0,753.0,763.0,736.0,733.0,710.0,714.0,695.0,690.0,692.0,680.0,679.0,677.0,674.0,661.0,677.0,672.0,687.0,685.0,677.0,687.0,680.0,680.0,683.0,694.0,702.0,693.0,700.0,710.0,716.0,712.0,709.0,723.0,722.0,717.0,715.0,703.0,712.0,706,705.0,689.0,702.0,706.0,693.0,708.0,697.0,695.0,699.0,706.0,714.0,716.0,713.0,707.0,713.0,720.0,723.0,707.0,711.0,700.0,700.0,688.0,680.0,676.0,674.0,669.0,659.0,665.0,658.0,661.0,665.0,654.0,649.0,647.0,653.0,662.0,644.0,648.0,650.0,654.0,649.0,650.0,663.0,648.0,654.0,653.0,651.0,648.0,637.0,649.0,636.0,646.0,644.0,653.0,655.0,639.0,644.0,637.0,639.0,655.0,629.0,645.0,643.0,635.0,643.0,649.0,643.0,640.0,648.0,645.0,646.0,657.0,648.0,641.0,647.0,654.0,640.0,652.0,641.0,647.0,648.0,645.0,655.0,656.0,644.0,649.0,658.0,657.0,650.0,646.0,653.0,640.0,644.0,651.0,651.0,648.0,637.0,654.0,650.0,647.0,640.0,646.0,648.0,646.0
737.0,731.0,744.0,735.0,743.0,731.0,731.0,716.0,720.0,712.0,719.0,726.0,725.0,719.0,709.0,716.0,729.0,740.0,738.0,720.0,724.0,729.0,725.0,727.0,722.0,720.0,727.0,727.0,723.0,741.0,734.0,730.0,725.0,729.0,728.0,733.0,733.0,727.0,714.0,712.0,719.0,713.0,706.0,716.0,705.0,711.0,701.0,709.0,711.0,720.0,716.0,713.0,717.0,717.0,719.0,719.0,712.0,724.0,724.0,721.0,723.0,725.0,722.0,725.0,723.0,714.0,719.0,724.0,731.0,722.0,751.0,743.0,746.0,746.0,752.0,762.0,755.0,796.0,781.0,768.0,761.0,757.0,748.0,751.0,784.0,782.0,775.0,779.0,760.0,762.0,758.0,758.0,774.0,769.0,763.0,773.0,762.0,781.0,767.0,794.0,791.0,795.0,788.0,808.0,797.0,802.0,788.0,799.0,796.0,803.0,804.0,810.0,808.0,816.0,804.0,794.0,793.0,817.0,817.0,801.0,816.0,825.0,808.0,823.0,821.0,813.0,820.0,820.0,817.0,819.0,806.0,823.0,821.0,811.0,829.0,835.0,839.0,857.0,833.0,806.0,802.0,815.0,816.0,811.0,809.0,819.0,822.0,816.0,806.0,813.0,805.0,819.0,820.0,828.0,817.0,824.0,835.0,822.0,838.0,825.0,833.0,824.0,832.0,817.0,821.0,821.0,839.0,845.0,829.0,805.0,793.0,799.0,796.0,804.0,788.0,787.0,783.0,788.0,796.0,786.0,772.0,766.0,766.0,763.0,777.0,790.0,789.0,794.0,797.0,805.0,811.0,821.0,827.0,830.0,825.0,849.0,826.0,835.0,845.0,833.0,836.0,811.0,822.0,818.0,819.0,838.0,841.0,824.0,858.0,864.0,882.0,893.0,886.0,868.0,871.0,868.0,874.0,888.0,891.0,861.0,859.0,833.0,837.0,836.0,818.0,832.0,822.0,828.0,812.0,829.0,828.0,841.0,822.0,820.0,826.0,811.0,816.0,820.0,811.0,800.0,817.0,810.0,830.0,845.0,874.0,873.0,872.0,862.0,868.0,838.0,808.0,800.0,791.0,776.0,779.0,762.0,751.0,752.0,741.0,734.0,741.0,734.0,727.0,745.0,738.0,726.0,724.0,729.0,757.0,749.0,756.0,777.0,755.0,771.0,784.0,778.0,798.0,809.0,820.0,811.0,814.0,784.0,790.0,775.0,782,782.0,792.0,794.0,785.0,796.0,770.0,773.0,781.0,773.0,782.0,813.0,794.0,814.0,801.0,813.0,798.0,802.0,794.0,779.0,761.0,752.0,728.0,740.0,729.0,714.0,711.0,714.0,701.0,699.0,691.0,692.0,690.0,686.0,686.0,676.0,688.0,691.0,678.0,681.0,692.0,681.0,682.0,681.0,687.0,677.0,689.0,678.0,678.0,679.0,673.0,670.0,673.0,671.0,688.0,675.0,670.0,683.0,674.0,672.0,681.0,672.0,685.0,670.0,674.0,679.0,674.0,680.0,681.0,676.0,681.0,667.0,678.0,683.0,686.0,678.0,681.0,680.0,684.0,679.0,676.0,684.0,689.0,678.0,680.0,678.0,686.0,674.0,682.0,689.0,685.0,680.0,674.0,675.0,692.0,693.0,678.0,686.0,682.0,685.0,687.0,677.0,685.0,680.0,687.0
765.0,743.0,750.0,756.0,747.0,751.0,757.0,738.0,741.0,750.0,738.0,740.0,737.0,752.0,737.0,736.0,749.0,765.0,748.0,730.0,748.0,725.0,735.0,744.0,741.0,741.0,756.0,755.0,744.0,770.0,751.0,750.0,754.0,762.0,738.0,754.0,759.0,754.0,746.0,743.0,738.0,744.0,731.0,739.0,727.0,733.0,740.0,731.0,739.0,740.0,742.0,747.0,735.0,751.0,746.0,746.0,733.0,749.0,747.0,768.0,762.0,768.0,743.0,755.0,768.0,763.0,745.0,757.0,768.0,750.0,779.0,778.0,791.0,776.0,800.0,804.0,831.0,848.0,832.0,828.0,813.0,800.0,803.0,802.0,830.0,844.0,836.0,857.0,802.0,813.0,815.0,825.0,826.0,817.0,830.0,818.0,834.0,843.0,829.0,843.0,844.0,857.0,873.0,872.0,850.0,862.0,850.0,857.0,844.0,853.0,855.0,851.0,870.0,855.0,875.0,846.0,870.0,879.0,867.0,888.0,869.0,874.0,881.0,899.0,874.0,858.0,862.0,873.0,884.0,886.0,887.0,872.0,884.0,876.0,877.0,894.0,923.0,931.0,899.0,879.0,866.0,875.0,866.0,874.0,874.0,892.0,859.0,854.0,880.0,867.0,882.0,863.0,879.0,880.0,891.0,884.0,890.0,881.0,898.0,906.0,893.0,900.0,891.0,884.0,871.0,901.0,903.0,926.0,893.0,868.0,849.0,882.0,851.0,840.0,848.0,851.0,862.0,864.0,840.0,839.0,817.0,844.0,835.0,821.0,823.0,840.0,851.0,850.0,859.0,873.0,879.0,891.0,895.0,900.0,906.0,898.0,908.0,904.0,891.0,894.0,891.0,873.0,878.0,871.0,877.0,884.0,907.0,898.0,911.0,941.0,944.0,951.0,929.0,942.0,929.0,929.0,941.0,946.0,958.0,935.0,920.0,902.0,894.0,894.0,885.0,878.0,865.0,874.0,870.0,864.0,855.0,867.0,858.0,858.0,875.0,869.0,859.0,866.0,856.0,849.0,860.0,858.0,877.0,887.0,896.0,912.0,908.0,915.0,914.0,884.0,902.0,861.0,829.0,837.0,831.0,814.0,804.0,785.0,777.0,787.0,772.0,776.0,774.0,779.0,784.0,775.0,783.0,773.0,790.0,793.0,812.0,818.0,799.0,812.0,828.0,846.0,868.0,859.0,869.0,870.0,842.0,851.0,842.0,823.0,825,826.0,836.0,842.0,834.0,821.0,808.0,815.0,816.0,818.0,820.0,839.0,828.0,859.0,832.0,852.0,841.0,861.0,849.0,829.0,831.0,799.0,793.0,781.0,776.0,761.0,758.0,745.0,746.0,731.0,739.0,747.0,714.0,725.0,718.0,716.0,713.0,727.0,710.0,712.0,719.0,706.0,706.0,714.0,718.0,716.0,718.0,707.0,706.0,718.0,706.0,711.0,704.0,715.0,716.0,702.0,702.0,717.0,710.0,710.0,710.0,714.0,714.0,698.0,702.0,701.0,708.0,714.0,707.0,710.0,718.0,710.0,706.0,705.0,705.0,719.0,713.0,702.0,704.0,706.0,707.0,713.0,720.0,712.0,722.0,718.0,720.0,716.0,713.0,713.0,715.0,717.0,724.0,717.0,709.0,730.0,720.0,713.0,716.0,711.0,719.0,711.0,711.0,721.0,711.0
776.0,779.0,788.0,788.0,780.0,779.0,779.0,784.0,783.0,766.0,778.0,774.0,782.0,770.0,774.0,771.0,786.0,791.0,790.0,771.0,782.0,791.0,788.0,784.0,769.0,781.0,790.0,779.0,781.0,806.0,793.0,794.0,787.0,780.0,779.0,783.0,775.0,775.0,767.0,766.0,763.0,778.0,782.0,766.0,770.0,772.0,758.0,765.0,770.0,774.0,772.0,775.0,775.0,784.0,794.0,774.0,771.0,774.0,784.0,787.0,786.0,801.0,783.0,788.0,788.0,775.0,784.0,792.0,791.0,796.0,814.0,838.0,831.0,828.0,830.0,846.0,858.0,905.0,900.0,865.0,846.0,850.0,826.0,841.0,865.0,868.0,888.0,882.0,859.0,866.0,852.0,846.0,863.0,874.0,879.0,877.0,865.0,868.0,866.0,875.0,873.0,893.0,892.0,896.0,898.0,907.0,890.0,897.0,889.0,912.0,918.0,917.0,927.0,916.0,929.0,898.0,915.0,898.0,913.0,922.0,927.0,930.0,925.0,925.0,929.0,939.0,938.0,950.0,936.0,928.0,922.0,939.0,932.0,915.0,950.0,951.0,988.0,979.0,955.0,924.0,959.0,906.0,922.0,941.0,950.0,941.0,935.0,925.0,912.0,918.0,939.0,930.0,935.0,939.0,945.0,938.0,951.0,934.0,972.0,964.0,960.0,946.0,928.0,952.0,950.0,957.0,976.0,1011.0,956.0,925.0,909.0,887.0,902.0,908.0,905.0,907.0,904.0,882.0,913.0,887.0,871.0,878.0,858.0,877.0,881.0,885.0,908.0,918.0,902.0,913.0,950.0,971.0,970.0,963.0,971.0,973.0,953.0,992.0,959.0,970.0,966.0,964.0,948.0,938.0,929.0,949.0,949.0,964.0,1008.0,1001.0,1013.0,1019.0,1033.0,1024.0,1003.0,1020.0,1026.0,1043.0,1040.0,1018.0,989.0,968.0,965.0,949.0,948.0,947.0,964.0,928.0,928.0,928.0,923.0,937.0,913.0,920.0,928.0,904.0,912.0,904.0,911.0,916.0,915.0,910.0,947.0,955.0,1002.0,995.0,1005.0,980.0,976.0,948.0,931.0,913.0,926.0,900.0,870.0,863.0,857.0,850.0,811.0,839.0,804.0,811.0,814.0,833.0,809.0,825.0,820.0,822.0,842.0,822.0,847.0,855.0,848.0,869.0,895.0,903.0,945.0,919.0,936.0,932.0,920.0,894.0,895.0,859.0,872,870.0,862.0,882.0,869.0,864.0,870.0,875.0,874.0,889.0,881.0,899.0,915.0,905.0,905.0,908.0,915.0,922.0,896.0,887.0,862.0,845.0,828.0,835.0,812.0,795.0,771.0,761.0,768.0,765.0,748.0,752.0,746.0,755.0,747.0,763.0,751.0,731.0,757.0,737.0,728.0,744.0,726.0,743.0,745.0,734.0,727.0,746.0,728.0,731.0,727.0,739.0,721.0,741.0,728.0,728.0,734.0,722.0,732.0,738.0,746.0,724.0,742.0,720.0,742.0,737.0,740.0,737.0,725.0,735.0,734.0,742.0,744.0,751.0,726.0,734.0,718.0,737.0,727.0,734.0,721.0,731.0,738.0,729.0,740.0,743.0,740.0,737.0,738.0,748.0,732.0,749.0,740.0,750.0,728.0,746.0,740.0,753.0,742.0,744.0,752.0,735.0,737.0,746.0,739.0
854.0,845.0,835.0,848.0,831.0,842.0,832.0,810.0,830.0,833.0,815.0,822.0,815.0,817.0,813.0,829.0,813.0,826.0,843.0,817.0,844.0,825.0,830.0,829.0,826.0,830.0,846.0,831.0,846.0,837.0,850.0,857.0,855.0,839.0,843.0,824.0,820.0,810.0,817.0,816.0,824.0,814.0,827.0,803.0,808.0,810.0,808.0,817.0,836.0,819.0,824.0,824.0,824.0,837.0,835.0,831.0,825.0,818.0,823.0,858.0,826.0,838.0,845.0,830.0,845.0,862.0,842.0,838.0,844.0,841.0,885.0,883.0,875.0,878.0,873.0,894.0,915.0,935.0,948.0,906.0,904.0,887.0,892.0,896.0,924.0,953.0,939.0,913.0,887.0,906.0,895.0,914.0,930.0,924.0,932.0,927.0,906.0,909.0,921.0,932.0,948.0,969.0,983.0,966.0,972.0,951.0,973.0,947.0,982.0,981.0,984.0,969.0,980.0,991.0,978.0,974.0,974.0,991.0,983.0,990.0,997.0,1005.0,993.0,1011.0,1032.0,1013.0,1014.0,1022.0,979.0,1017.0,992.0,984.0,1007.0,1008.0,1002.0,1017.0,1042.0,1100.0,1044.0,991.0,995.0,990.0,1001.0,1009.0,1000.0,1011.0,990.0,1008.0,980.0,990.0,977.0,993.0,1025.0,992.0,1014.0,1030.0,1036.0,1038.0,1054.0,1041.0,1046.0,1033.0,1028.0,1010.0,1009.0,1048.0,1063.0,1030.0,1021.0,971.0,972.0,962.0,973.0,978.0,972.0,978.0,983.0,972.0,965.0,948.0,923.0,924.0,922.0,905.0,946.0,963.0,980.0,996.0,990.0,981.0,1029.0,1037.0,1042.0,1059.0,1039.0,1043.0,1043.0,1051.0,1056.0,1034.0,1055.0,1046.0,1035.0,1020.0,1043.0,1044.0,1054.0,1060.0,1108.0,1109.0,1165.0,1122.0,1144.0,1126.0,1149.0,1138.0,1121.0,1163.0,1141.0,1149.0,1101.0,1068.0,1034.0,1055.0,1034.0,1035.0,1026.0,1054.0,1059.0,1016.0,1041.0,1047.0,1026.0,1058.0,1032.0,1031.0,1041.0,1016.0,1039.0,1021.0,1041.0,1030.0,1079.0,1098.0,1119.0,1133.0,1122.0,1129.0,1110.0,1059.0,1020.0,995.0,969.0,952.0,952.0,930.0,905.0,877.0,877.0,873.0,866.0,866.0,892.0,880.0,866.0,875.0,884.0,878.0,899.0,894.0,920.0,930.0,929.0,937.0,956.0,984.0,987.0,992.0,988.0,994.0,980.0,955.0,919.0,942.0,968,972.0,926.0,955.0,945.0,930.0,957.0,941.0,935.0,940.0,957.0,958.0,968.0,1000.0,1011.0,1002.0,986.0,1017.0,960.0,953.0,938.0,917.0,895.0,875.0,858.0,837.0,818.0,807.0,805.0,786.0,813.0,795.0,787.0,785.0,775.0,771.0,767.0,773.0,771.0,772.0,783.0,764.0,738.0,753.0,762.0,750.0,753.0,768.0,763.0,746.0,743.0,759.0,741.0,752.0,748.0,752.0,770.0,758.0,750.0,760.0,753.0,749.0,767.0,754.0,743.0,753.0,740.0,758.0,753.0,756.0,757.0,759.0,756.0,755.0,748.0,758.0,754.0,749.0,755.0,755.0,758.0,764.0,753.0,742.0,765.0,764.0,762.0,769.0,749.0,757.0,763.0,766.0,756.0,767.0,760.0,747.0,770.0,765.0,774.0,770.0,778.0,762.0,769.0,758.0,772.0
838.0,848.0,836.0,830.0,834.0,847.0,824.0,830.0,826.0,816.0,818.0,805.0,823.0,803.0,803.0,808.0,840.0,834.0,830.0,814.0,819.0,826.0,812.0,817.0,830.0,832.0,846.0,828.0,833.0,841.0,838.0,839.0,849.0,836.0,827.0,827.0,826.0,815.0,822.0,808.0,812.0,804.0,803.0,811.0,811.0,799.0,797.0,810.0,813.0,805.0,800.0,811.0,798.0,813.0,840.0,836.0,810.0,814.0,830.0,819.0,826.0,820.0,833.0,814.0,831.0,825.0,824.0,829.0,838.0,840.0,857.0,857.0,884.0,882.0,868.0,874.0,867.0,925.0,911.0,900.0,882.0,871.0,863.0,879.0,903.0,938.0,943.0,927.0,894.0,889.0,890.0,908.0,898.0,912.0,905.0,910.0,914.0,909.0,897.0,920.0,939.0,934.0,950.0,953.0,945.0,930.0,943.0,942.0,966.0,961.0,948.0,965.0,965.0,990.0,967.0,932.0,943.0,958.0,981.0,988.0,996.0,996.0,986.0,970.0,976.0,977.0,981.0,973.0,969.0,951.0,954.0,991.0,967.0,983.0,1007.0,999.0,1029.0,1080.0,1005.0,960.0,966.0,951.0,961.0,977.0,994.0,987.0,983.0,966.0,984.0,961.0,990.0,967.0,991.0,969.0,1006.0,998.0,1006.0,1003.0,1019.0,1022.0,1007.0,986.0,990.0,963.0,966.0,1000.0,1031.0,1002.0,991.0,953.0,937.0,927.0,936.0,950.0,947.0,937.0,946.0,937.0,929.0,914.0,892.0,895.0,901.0,908.0,929.0,950.0,967.0,989.0,969.0,984.0,984.0,1014.0,1033.0,1023.0,1059.0,1044.0,1042.0,1059.0,1043.0,1034.0,1022.0,1030.0,1028.0,1017.0,1012.0,1063.0,1063.0,1075.0,1080.0,1106.0,1146.0,1121.0,1117.0,1127.0,1134.0,1114.0,1133.0,1140.0,1128.0,1121.0,1096.0,1073.0,1047.0,1048.0,1034.0,1034.0,1036.0,1047.0,1015.0,1034.0,1010.0,1022.0,1032.0,1044.0,1014.0,1040.0,1030.0,1016.0,1029.0,1009.0,1011.0,1031.0,1043.0,1097.0,1127.0,1148.0,1132.0,1128.0,1098.0,1067.0,1017.0,994.0,964.0,950.0,930.0,903.0,892.0,868.0,846.0,848.0,845.0,848.0,866.0,844.0,854.0,854.0,845.0,862.0,883.0,869.0,886.0,906.0,902.0,925.0,940.0,937.0,979.0,982.0,963.0,980.0,973.0,944.0,919.0,939.0,950,957.0,955.0,933.0,931.0,930.0,915.0,930.0,924.0,936.0,942.0,952.0,963.0,979.0,1004.0,999.0,996.0,969.0,953.0,965.0,934.0,894.0,867.0,849.0,825.0,833.0,784.0,786.0,783.0,766.0,778.0,760.0,760.0,749.0,757.0,750.0,744.0,738.0,735.0,747.0,739.0,743.0,735.0,739.0,750.0,725.0,736.0,721.0,729.0,731.0,731.0,733.0,723.0,729.0,721.0,726.0,738.0,724.0,717.0,719.0,728.0,721.0,716.0,733.0,732.0,732.0,726.0,729.0,724.0,740.0,731.0,738.0,734.0,726.0,734.0,735.0,734.0,726.0,725.0,719.0,724.0,731.0,740.0,725.0,741.0,735.0,729.0,742.0,729.0,726.0,719.0,736.0,730.0,721.0,730.0,738.0,724.0,730.0,749.0,729.0,727.0,734.0,732.0,725.0,733.0
791.0,785.0,797.0,776.0,787.0,781.0,783.0,777.0,792.0,777.0,769.0,784.0,771.0,760.0,779.0,759.0,786.0,805.0,790.0,771.0,772.0,790.0,784.0,779.0,764.0,783.0,799.0,774.0,793.0,796.0,807.0,789.0,778.0,787.0,793.0,797.0,773.0,786.0,768.0,772.0,769.0,762.0,762.0,761.0,761.0,764.0,757.0,763.0,776.0,773.0,761.0,759.0,758.0,775.0,776.0,783.0,764.0,753.0,785.0,781.0,786.0,802.0,786.0,775.0,792.0,781.0,786.0,782.0,795.0,779.0,804.0,812.0,812.0,823.0,816.0,821.0,831.0,861.0,856.0,831.0,816.0,819.0,816.0,829.0,880.0,886.0,886.0,878.0,843.0,829.0,834.0,849.0,852.0,851.0,845.0,862.0,851.0,871.0,847.0,862.0,876.0,873.0,900.0,886.0,878.0,892.0,864.0,878.0,888.0,881.0,883.0,884.0,909.0,902.0,889.0,871.0,889.0,906.0,903.0,914.0,902.0,902.0,907.0,927.0,917.0,910.0,920.0,903.0,910.0,911.0,890.0,907.0,918.0,906.0,908.0,924.0,967.0,976.0,955.0,902.0,892.0,897.0,898.0,904.0,898.0,905.0,914.0,916.0,905.0,901.0,931.0,899.0,917.0,918.0,939.0,915.0,940.0,940.0,944.0,944.0,936.0,954.0,915.0,904.0,924.0,927.0,957.0,946.0,926.0,893.0,891.0,863.0,868.0,879.0,860.0,883.0,884.0,888.0,882.0,867.0,853.0,839.0,852.0,860.0,878.0,892.0,891.0,905.0,919.0,908.0,931.0,940.0,969.0,968.0,966.0,976.0,969.0,963.0,969.0,960.0,962.0,957.0,954.0,939.0,956.0,942.0,949.0,971.0,993.0,1009.0,1042.0,1045.0,1029.0,1026.0,1021.0,1015.0,1030.0,1039.0,1058.0,1024.0,1010.0,966.0,969.0,952.0,952.0,946.0,945.0,948.0,926.0,929.0,934.0,953.0,936.0,928.0,931.0,931.0,935.0,940.0,952.0,920.0,921.0,930.0,962.0,980.0,1010.0,1037.0,1055.0,1018.0,1019.0,980.0,939.0,928.0,907.0,898.0,886.0,854.0,851.0,821.0,804.0,796.0,806.0,806.0,816.0,818.0,813.0,808.0,820.0,794.0,816.0,815.0,843.0,849.0,827.0,853.0,880.0,888.0,913.0,909.0,908.0,911.0,914.0,891.0,870.0,858.0,880,883.0,883.0,886.0,878.0,873.0,863.0,858.0,868.0,869.0,871.0,902.0,910.0,922.0,924.0,929.0,927.0,932.0,909.0,887.0,870.0,862.0,833.0,822.0,799.0,789.0,769.0,755.0,746.0,738.0,740.0,735.0,732.0,738.0,725.0,714.0,729.0,717.0,731.0,721.0,716.0,715.0,716.0,721.0,711.0,710.0,709.0,717.0,705.0,700.0,714.0,711.0,707.0,707.0,710.0,707.0,704.0,700.0,697.0,710.0,715.0,702.0,705.0,706.0,706.0,707.0,706.0,709.0,710.0,711.0,710.0,704.0,713.0,715.0,713.0,709.0,709.0,698.0,716.0,712.0,705.0,703.0,710.0,710.0,716.0,704.0,720.0,716.0,713.0,709.0,710.0,722.0,709.0,717.0,722.0,711.0,705.0,708.0,706.0,709.0,715.0,718.0,725.0,710.0,710.0
820.0,819.0,837.0,814.0,822.0,835.0,815.0,791.0,789.0,796.0,781.0,783.0,796.0,784.0,794.0,806.0,796.0,808.0,786.0,808.0,807.0,819.0,809.0,818.0,809.0,809.0,837.0,808.0,817.0,827.0,808.0,819.0,812.0,811.0,819.0,826.0,802.0,807.0,777.0,786.0,792.0,788.0,779.0,795.0,801.0,790.0,789.0,790.0,802.0,797.0,795.0,805.0,790.0,810.0,803.0,802.0,800.0,796.0,808.0,813.0,814.0,826.0,805.0,813.0,817.0,811.0,798.0,820.0,829.0,822.0,850.0,849.0,850.0,853.0,868.0,873.0,867.0,922.0,903.0,881.0,877.0,864.0,862.0,854.0,912.0,906.0,905.0,899.0,888.0,880.0,883.0,892.0,888.0,881.0,872.0,898.0,883.0,885.0,887.0,905.0,898.0,911.0,940.0,945.0,943.0,914.0,932.0,916.0,944.0,955.0,909.0,931.0,963.0,949.0,952.0,933.0,929.0,946.0,963.0,946.0,962.0,974.0,962.0,956.0,971.0,965.0,972.0,970.0,944.0,942.0,944.0,967.0,977.0,993.0,958.0,989.0,1006.0,1065.0,1012.0,951.0,947.0,962.0,953.0,965.0,973.0,980.0,957.0,939.0,960.0,948.0,987.0,948.0,973.0,942.0,981.0,975.0,985.0,986.0,997.0,978.0,1006.0,976.0,959.0,980.0,976.0,997.0,990.0,1005.0,973.0,928.0,942.0,919.0,922.0,922.0,934.0,932.0,931.0,962.0,936.0,912.0,892.0,893.0,897.0,898.0,910.0,931.0,940.0,951.0,937.0,957.0,970.0,985.0,1010.0,991.0,992.0,1027.0,1010.0,1009.0,1009.0,1013.0,998.0,998.0,1019.0,1013.0,979.0,1022.0,996.0,1004.0,1046.0,1087.0,1099.0,1071.0,1088.0,1067.0,1066.0,1051.0,1084.0,1103.0,1086.0,1082.0,1034.0,1008.0,1024.0,1024.0,986.0,988.0,992.0,971.0,975.0,979.0,984.0,987.0,991.0,978.0,998.0,972.0,959.0,982.0,979.0,988.0,956.0,972.0,992.0,1014.0,1054.0,1081.0,1111.0,1055.0,1087.0,1028.0,992.0,960.0,933.0,939.0,911.0,903.0,881.0,866.0,835.0,839.0,837.0,837.0,840.0,830.0,847.0,838.0,841.0,844.0,886.0,857.0,870.0,871.0,876.0,904.0,915.0,936.0,952.0,953.0,954.0,992.0,972.0,952.0,915.0,902.0,934,947.0,922.0,919.0,909.0,922.0,903.0,891.0,899.0,876.0,933.0,935.0,950.0,934.0,958.0,979.0,969.0,968.0,931.0,929.0,903.0,898.0,858.0,841.0,833.0,801.0,806.0,786.0,780.0,760.0,765.0,786.0,754.0,751.0,753.0,748.0,756.0,740.0,747.0,737.0,734.0,751.0,746.0,734.0,729.0,741.0,727.0,714.0,724.0,731.0,727.0,737.0,723.0,730.0,734.0,731.0,751.0,730.0,730.0,740.0,741.0,722.0,739.0,729.0,735.0,725.0,740.0,722.0,734.0,744.0,732.0,733.0,739.0,724.0,718.0,720.0,727.0,724.0,735.0,734.0,740.0,735.0,732.0,750.0,747.0,733.0,740.0,741.0,734.0,729.0,730.0,722.0,731.0,740.0,732.0,737.0,729.0,738.0,750.0,738.0,745.0,737.0,729.0,749.0,727.0
794.0,796.0,800.0,794.0,781.0,773.0,773.0,781.0,780.0,767.0,777.0,782.0,764.0,757.0,779.0,766.0,786.0,772.0,784.0,768.0,778.0,784.0,776.0,785.0,782.0,773.0,790.0,776.0,777.0,798.0,786.0,794.0,789.0,795.0,782.0,785.0,772.0,779.0,775.0,765.0,768.0,773.0,768.0,768.0,754.0,774.0,761.0,754.0,760.0,778.0,773.0,766.0,777.0,784.0,782.0,773.0,773.0,781.0,781.0,781.0,782.0,792.0,790.0,788.0,778.0,793.0,775.0,802.0,783.0,785.0,807.0,807.0,826.0,833.0,837.0,841.0,845.0,885.0,878.0,846.0,840.0,825.0,839.0,830.0,847.0,871.0,886.0,869.0,855.0,848.0,841.0,849.0,854.0,848.0,861.0,869.0,849.0,884.0,858.0,865.0,883.0,877.0,905.0,909.0,900.0,879.0,887.0,888.0,887.0,897.0,918.0,902.0,912.0,925.0,898.0,880.0,886.0,921.0,907.0,914.0,914.0,913.0,914.0,916.0,920.0,915.0,917.0,931.0,927.0,926.0,923.0,907.0,924.0,906.0,932.0,938.0,957.0,982.0,969.0,916.0,913.0,908.0,930.0,930.0,937.0,929.0,930.0,925.0,915.0,906.0,934.0,937.0,945.0,932.0,934.0,961.0,949.0,961.0,949.0,961.0,955.0,965.0,940.0,941.0,937.0,939.0,968.0,963.0,944.0,906.0,912.0,878.0,891.0,889.0,879.0,904.0,893.0,904.0,883.0,888.0,864.0,861.0,866.0,875.0,881.0,899.0,919.0,921.0,898.0,922.0,923.0,953.0,967.0,967.0,970.0,970.0,973.0,974.0,969.0,966.0,954.0,942.0,961.0,951.0,955.0,964.0,979.0,977.0,1015.0,1011.0,1018.0,1035.0,1037.0,1021.0,1029.0,1025.0,1020.0,1039.0,1042.0,1011.0,1003.0,980.0,981.0,960.0,968.0,974.0,938.0,940.0,951.0,947.0,942.0,944.0,950.0,952.0,948.0,931.0,930.0,920.0,929.0,926.0,926.0,931.0,961.0,1000.0,1020.0,1037.0,1026.0,1011.0,1020.0,993.0,940.0,905.0,910.0,887.0,881.0,858.0,832.0,818.0,818.0,804.0,816.0,793.0,804.0,817.0,811.0,816.0,822.0,814.0,840.0,830.0,838.0,859.0,855.0,876.0,888.0,890.0,939.0,922.0,917.0,932.0,935.0,886.0,885.0,876.0,890,897.0,874.0,872.0,892.0,881.0,870.0,884.0,866.0,876.0,887.0,906.0,903.0,925.0,926.0,940.0,922.0,921.0,896.0,894.0,869.0,849.0,842.0,824.0,790.0,795.0,776.0,761.0,760.0,746.0,751.0,747.0,735.0,732.0,745.0,734.0,730.0,725.0,727.0,727.0,724.0,731.0,725.0,727.0,725.0,710.0,707.0,717.0,719.0,724.0,708.0,711.0,710.0,707.0,709.0,713.0,715.0,718.0,720.0,715.0,713.0,704.0,710.0,711.0,705.0,706.0,721.0,724.0,718.0,706.0,720.0,714.0,712.0,725.0,708.0,716.0,708.0,719.0,712.0,704.0,715.0,718.0,719.0,708.0,704.0,710.0,717.0,725.0,709.0,714.0,717.0,728.0,721.0,722.0,721.0,726.0,723.0,706.0,716.0,717.0,721.0,723.0,722.0,726.0,718.0
754.0,750.0,771.0,752.0,753.0,749.0,761.0,747.0,758.0,744.0,740.0,746.0,747.0,730.0,743.0,746.0,737.0,760.0,740.0,737.0,744.0,744.0,756.0,749.0,754.0,758.0,758.0,756.0,758.0,765.0,762.0,764.0,764.0,757.0,750.0,749.0,748.0,745.0,751.0,737.0,744.0,730.0,740.0,750.0,733.0,740.0,733.0,744.0,738.0,735.0,730.0,739.0,726.0,747.0,741.0,743.0,740.0,743.0,746.0,743.0,743.0,760.0,761.0,750.0,741.0,744.0,748.0,756.0,760.0,751.0,769.0,772.0,780.0,776.0,774.0,793.0,806.0,830.0,804.0,786.0,782.0,790.0,778.0,798.0,817.0,826.0,829.0,810.0,794.0,787.0,795.0,791.0,814.0,797.0,788.0,812.0,805.0,819.0,790.0,820.0,821.0,833.0,841.0,847.0,839.0,840.0,837.0,843.0,829.0,848.0,842.0,857.0,849.0,843.0,838.0,833.0,823.0,839.0,844.0,861.0,844.0,862.0,859.0,853.0,859.0,874.0,851.0,854.0,846.0,865.0,861.0,859.0,865.0,867.0,853.0,865.0,894.0,910.0,883.0,851.0,854.0,828.0,840.0,849.0,846.0,858.0,837.0,842.0,846.0,851.0,841.0,846.0,854.0,856.0,869.0,868.0,872.0,878.0,891.0,869.0,880.0,872.0,854.0,870.0,852.0,874.0,891.0,882.0,877.0,845.0,834.0,811.0,835.0,834.0,834.0,824.0,835.0,831.0,831.0,824.0,800.0,790.0,795.0,799.0,812.0,831.0,839.0,847.0,842.0,847.0,847.0,858.0,892.0,875.0,888.0,882.0,865.0,893.0,886.0,886.0,869.0,874.0,850.0,870.0,872.0,873.0,883.0,886.0,920.0,931.0,935.0,931.0,936.0,946.0,939.0,921.0,929.0,941.0,938.0,955.0,930.0,899.0,896.0,903.0,886.0,875.0,886.0,879.0,886.0,872.0,869.0,868.0,869.0,869.0,890.0,879.0,873.0,872.0,884.0,866.0,871.0,847.0,884.0,910.0,938.0,946.0,935.0,929.0,914.0,886.0,865.0,838.0,832.0,820.0,825.0,797.0,789.0,777.0,765.0,770.0,766.0,750.0,780.0,787.0,774.0,763.0,753.0,760.0,788.0,788.0,798.0,802.0,800.0,815.0,832.0,822.0,867.0,848.0,867.0,852.0,852.0,845.0,818.0,806.0,833,831.0,821.0,829.0,827.0,827.0,820.0,802.0,784.0,826.0,831.0,843.0,845.0,870.0,836.0,848.0,831.0,839.0,836.0,822.0,794.0,782.0,772.0,765.0,746.0,727.0,742.0,728.0,717.0,702.0,705.0,710.0,704.0,708.0,710.0,698.0,701.0,700.0,692.0,703.0,696.0,698.0,697.0,690.0,696.0,687.0,693.0,691.0,690.0,685.0,681.0,684.0,695.0,689.0,689.0,677.0,682.0,683.0,686.0,687.0,687.0,686.0,683.0,694.0,690.0,691.0,687.0,686.0,680.0,689.0,690.0,686.0,688.0,690.0,683.0,690.0,688.0,687.0,687.0,689.0,683.0,684.0,688.0,679.0,693.0,685.0,699.0,693.0,699.0,695.0,686.0,695.0,699.0,690.0,704.0,697.0,693.0,693.0,689.0,692.0,699.0,693.0,695.0,690.0,679.0
696.0,693.0,690.0,712.0,693.0,697.0,697.0,696.0,708.0,695.0,689.0,707.0,694.0,680.0,687.0,687.0,702.0,712.0,710.0,686.0,687.0,692.0,690.0,682.0,684.0,689.0,682.0,684.0,703.0,681.0,685.0,690.0,689.0,715.0,685.0,690.0,683.0,672.0,699.0,681.0,684.0,666.0,682.0,677.0,674.0,672.0,678.0,678.0,681.0,679.0,679.0,676.0,684.0,680.0,694.0,679.0,669.0,665.0,685.0,680.0,674.0,696.0,691.0,684.0,686.0,688.0,681.0,683.0,679.0,681.0,694.0,690.0,687.0,689.0,702.0,710.0,711.0,723.0,706.0,708.0,707.0,695.0,701.0,698.0,712.0,733.0,717.0,721.0,701.0,702.0,698.0,726.0,700.0,714.0,724.0,716.0,696.0,717.0,714.0,723.0,715.0,724.0,726.0,723.0,734.0,740.0,723.0,715.0,731.0,729.0,738.0,736.0,725.0,726.0,746.0,727.0,745.0,754.0,733.0,717.0,741.0,746.0,742.0,743.0,741.0,749.0,736.0,743.0,743.0,734.0,730.0,748.0,733.0,744.0,749.0,746.0,760.0,769.0,751.0,738.0,718.0,736.0,740.0,743.0,745.0,757.0,746.0,729.0,733.0,730.0,749.0,739.0,752.0,743.0,747.0,752.0,762.0,754.0,753.0,752.0,739.0,750.0,731.0,739.0,736.0,758.0,769.0,755.0,744.0,734.0,721.0,711.0,719.0,730.0,730.0,748.0,707.0,722.0,727.0,716.0,717.0,707.0,723.0,724.0,715.0,723.0,723.0,733.0,734.0,736.0,753.0,749.0,758.0,747.0,751.0,754.0,751.0,754.0,764.0,757.0,745.0,752.0,753.0,748.0,749.0,767.0,755.0,756.0,781.0,772.0,778.0,795.0,776.0,782.0,779.0,780.0,774.0,777.0,781.0,788.0,782.0,749.0,764.0,748.0,754.0,755.0,753.0,746.0,746.0,741.0,745.0,746.0,754.0,759.0,737.0,744.0,733.0,739.0,732.0,742.0,738.0,733.0,769.0,774.0,785.0,797.0,791.0,785.0,773.0,760.0,766.0,742.0,739.0,720.0,719.0,712.0,695.0,702.0,688.0,682.0,695.0,685.0,690.0,700.0,700.0,692.0,695.0,693.0,707.0,698.0,704.0,704.0,706.0,718.0,727.0,730.0,741.0,744.0,734.0,758.0,740.0,740.0,725.0,725.0,715,742.0,710.0,728.0,719.0,728.0,720.0,721.0,723.0,709.0,746.0,731.0,740.0,726.0,743.0,745.0,734.0,739.0,731.0,737.0,710.0,706.0,703.0,687.0,696.0,684.0,673.0,673.0,665.0,660.0,686.0,671.0,659.0,664.0,648.0,654.0,659.0,659.0,657.0,648.0,661.0,663.0,645.0,655.0,661.0,657.0,653.0,663.0,653.0,660.0,652.0,664.0,654.0,660.0,652.0,651.0,652.0,655.0,645.0,639.0,659.0,644.0,653.0,654.0,647.0,650.0,658.0,652.0,661.0,651.0,659.0,639.0,666.0,648.0,650.0,650.0,661.0,649.0,648.0,644.0,643.0,648.0,664.0,649.0,661.0,644.0,649.0,661.0,663.0,658.0,648.0,662.0,650.0,655.0,661.0,666.0,656.0,653.0,656.0,658.0,662.0,650.0,657.0,650.0,646.0
759.0,756.0,766.0,751.0,757.0,753.0,759.0,743.0,741.0,742.0,738.0,742.0,737.0,733.0,738.0,739.0,749.0,759.0,748.0,734.0,745.0,754.0,758.0,749.0,747.0,744.0,744.0,745.0,741.0,757.0,751.0,744.0,750.0,757.0,752.0,751.0,762.0,744.0,745.0,742.0,742.0,737.0,731.0,736.0,729.0,726.0,721.0,721.0,727.0,732.0,733.0,731.0,732.0,732.0,748.0,741.0,731.0,738.0,742.0,743.0,743.0,749.0,744.0,741.0,747.0,743.0,743.0,739.0,749.0,743.0,774.0,774.0,767.0,773.0,768.0,781.0,794.0,823.0,804.0,794.0,786.0,786.0,772.0,781.0,805.0,811.0,816.0,805.0,797.0,799.0,789.0,786.0,800.0,789.0,798.0,808.0,793.0,816.0,806.0,805.0,819.0,823.0,815.0,845.0,812.0,836.0,824.0,821.0,825.0,832.0,837.0,833.0,842.0,838.0,839.0,826.0,835.0,841.0,845.0,836.0,836.0,846.0,836.0,848.0,846.0,844.0,855.0,852.0,851.0,858.0,836.0,857.0,853.0,844.0,866.0,873.0,890.0,906.0,870.0,845.0,823.0,837.0,838.0,845.0,847.0,857.0,857.0,846.0,837.0,850.0,837.0,854.0,861.0,865.0,847.0,865.0,867.0,864.0,868.0,866.0,870.0,866.0,855.0,857.0,851.0,855.0,876.0,891.0,870.0,846.0,818.0,827.0,823.0,815.0,812.0,817.0,812.0,821.0,834.0,813.0,788.0,815.0,793.0,787.0,798.0,826.0,830.0,836.0,838.0,839.0,850.0,861.0,876.0,879.0,873.0,902.0,871.0,880.0,880.0,881.0,869.0,873.0,862.0,863.0,866.0,872.0,888.0,881.0,895.0,916.0,925.0,951.0,933.0,937.0,931.0,921.0,927.0,948.0,936.0,924.0,904.0,886.0,885.0,880.0,863.0,868.0,875.0,878.0,859.0,862.0,864.0,873.0,866.0,841.0,853.0,858.0,857.0,860.0,848.0,853.0,856.0,857.0,875.0,889.0,928.0,919.0,933.0,922.0,908.0,886.0,850.0,838.0,835.0,816.0,803.0,799.0,791.0,763.0,770.0,747.0,757.0,758.0,761.0,769.0,766.0,760.0,748.0,762.0,770.0,779.0,796.0,802.0,793.0,806.0,817.0,823.0,860.0,855.0,870.0,851.0,845.0,828.0,821.0,811.0,814,827.0,839.0,811.0,821.0,824.0,806.0,802.0,817.0,803.0,821.0,842.0,841.0,869.0,837.0,851.0,850.0,841.0,838.0,815.0,805.0,790.0,753.0,759.0,764.0,741.0,741.0,732.0,718.0,712.0,713.0,708.0,705.0,700.0,707.0,695.0,704.0,709.0,686.0,702.0,699.0,699.0,700.0,694.0,702.0,694.0,702.0,687.0,691.0,695.0,683.0,683.0,688.0,688.0,692.0,684.0,694.0,694.0,683.0,691.0,698.0,683.0,697.0,685.0,688.0,692.0,691.0,692.0,693.0,692.0,690.0,678.0,695.0,695.0,696.0,684.0,698.0,697.0,690.0,689.0,691.0,696.0,699.0,697.0,697.0,689.0,691.0,694.0,693.0,699.0,691.0,694.0,692.0,688.0,704.0,703.0,695.0,702.0,695.0,700.0,702.0,692.0,693.0,688.0,699.0
722.0,714.0,724.0,730.0,720.0,716.0,711.0,722.0,705.0,699.0,724.0,705.0,716.0,718.0,691.0,711.0,718.0,726.0,716.0,713.0,723.0,699.0,706.0,717.0,713.0,729.0,715.0,710.0,722.0,728.0,720.0,717.0,722.0,707.0,712.0,717.0,711.0,708.0,715.0,702.0,709.0,698.0,688.0,701.0,700.0,697.0,697.0,695.0,717.0,708.0,697.0,706.0,717.0,704.0,717.0,711.0,697.0,704.0,717.0,713.0,715.0,719.0,715.0,713.0,710.0,717.0,709.0,715.0,729.0,716.0,719.0,742.0,738.0,724.0,749.0,752.0,767.0,786.0,765.0,753.0,738.0,744.0,740.0,755.0,772.0,780.0,789.0,784.0,745.0,752.0,755.0,756.0,761.0,762.0,748.0,758.0,751.0,780.0,755.0,774.0,779.0,776.0,778.0,801.0,785.0,797.0,783.0,777.0,781.0,784.0,791.0,790.0,805.0,788.0,799.0,790.0,795.0,798.0,804.0,803.0,808.0,803.0,802.0,829.0,813.0,808.0,800.0,815.0,811.0,813.0,809.0,801.0,802.0,799.0,818.0,815.0,822.0,836.0,823.0,809.0,802.0,799.0,798.0,812.0,804.0,808.0,793.0,797.0,789.0,787.0,808.0,797.0,798.0,818.0,813.0,802.0,807.0,816.0,827.0,827.0,814.0,802.0,816.0,807.0,814.0,818.0,822.0,821.0,828.0,801.0,787.0,812.0,777.0,783.0,783.0,791.0,787.0,780.0,775.0,768.0,772.0,750.0,767.0,750.0,767.0,779.0,794.0,782.0,778.0,785.0,789.0,826.0,821.0,807.0,814.0,829.0,815.0,820.0,810.0,805.0,816.0,808.0,795.0,802.0,804.0,811.0,805.0,810.0,846.0,841.0,853.0,842.0,853.0,840.0,848.0,840.0,851.0,861.0,867.0,854.0,826.0,817.0,817.0,815.0,812.0,800.0,823.0,802.0,795.0,793.0,802.0,803.0,794.0,795.0,811.0,804.0,796.0,803.0,800.0,803.0,796.0,784.0,806.0,828.0,861.0,841.0,838.0,833.0,836.0,818.0,802.0,783.0,777.0,791.0,745.0,777.0,740.0,731.0,732.0,721.0,726.0,729.0,734.0,735.0,727.0,732.0,733.0,720.0,747.0,754.0,741.0,755.0,753.0,772.0,775.0,779.0,814.0,784.0,789.0,813.0,790.0,781.0,789.0,764.0,782,783.0,768.0,772.0,760.0,764.0,762.0,752.0,758.0,771.0,763.0,775.0,774.0,793.0,789.0,792.0,763.0,791.0,785.0,786.0,761.0,734.0,741.0,737.0,723.0,721.0,707.0,704.0,700.0,697.0,698.0,692.0,688.0,692.0,686.0,683.0,689.0,691.0,682.0,684.0,698.0,680.0,685.0,690.0,690.0,681.0,678.0,681.0,687.0,688.0,674.0,686.0,684.0,676.0,676.0,678.0,666.0,684.0,684.0,670.0,685.0,683.0,695.0,687.0,668.0,678.0,680.0,680.0,677.0,676.0,692.0,671.0,679.0,685.0,680.0,679.0,670.0,690.0,678.0,686.0,680.0,678.0,681.0,678.0,692.0,688.0,678.0,695.0,684.0,678.0,686.0,692.0,681.0,682.0,684.0,690.0,691.0,681.0,688.0,680.0,694.0,679.0,683.0,690.0,683.0
745.0,731.0,745.0,738.0,718.0,735.0,714.0,720.0,740.0,716.0,724.0,729.0,723.0,723.0,722.0,712.0,738.0,753.0,741.0,724.0,721.0,726.0,734.0,724.0,727.0,734.0,741.0,725.0,734.0,734.0,730.0,732.0,746.0,729.0,735.0,718.0,718.0,734.0,717.0,725.0,719.0,723.0,715.0,719.0,722.0,729.0,711.0,716.0,729.0,717.0,723.0,720.0,717.0,724.0,723.0,718.0,722.0,723.0,727.0,724.0,731.0,736.0,716.0,727.0,727.0,728.0,741.0,730.0,735.0,731.0,746.0,761.0,756.0,754.0,754.0,764.0,775.0,811.0,781.0,790.0,772.0,771.0,767.0,779.0,758.0,786.0,797.0,792.0,753.0,799.0,761.0,770.0,776.0,774.0,784.0,810.0,782.0,770.0,772.0,789.0,779.0,800.0,799.0,821.0,810.0,808.0,813.0,805.0,803.0,804.0,814.0,821.0,833.0,813.0,809.0,807.0,810.0,826.0,826.0,834.0,828.0,834.0,809.0,830.0,835.0,827.0,829.0,829.0,831.0,831.0,825.0,828.0,846.0,830.0,835.0,838.0,866.0,881.0,859.0,815.0,818.0,817.0,814.0,842.0,836.0,829.0,818.0,811.0,822.0,829.0,836.0,823.0,838.0,834.0,853.0,844.0,838.0,843.0,838.0,837.0,836.0,842.0,841.0,830.0,831.0,839.0,863.0,873.0,837.0,813.0,813.0,788.0,805.0,803.0,808.0,806.0,809.0,809.0,810.0,797.0,775.0,786.0,780.0,786.0,791.0,806.0,809.0,809.0,815.0,822.0,834.0,829.0,871.0,853.0,845.0,847.0,849.0,857.0,844.0,851.0,855.0,837.0,827.0,834.0,827.0,839.0,847.0,838.0,877.0,869.0,886.0,896.0,888.0,876.0,883.0,883.0,881.0,896.0,890.0,867.0,862.0,856.0,849.0,858.0,844.0,841.0,847.0,819.0,838.0,822.0,828.0,822.0,822.0,826.0,837.0,818.0,816.0,800.0,827.0,812.0,816.0,814.0,843.0,855.0,867.0,854.0,890.0,857.0,862.0,845.0,837.0,821.0,809.0,805.0,802.0,782.0,763.0,761.0,743.0,750.0,737.0,743.0,746.0,745.0,743.0,743.0,746.0,740.0,776.0,739.0,769.0,793.0,762.0,790.0,803.0,785.0,816.0,815.0,824.0,824.0,830.0,820.0,795.0,781.0,792,798.0,776.0,806.0,782.0,805.0,788.0,790.0,781.0,787.0,787.0,796.0,810.0,823.0,817.0,828.0,822.0,813.0,811.0,793.0,788.0,766.0,764.0,771.0,740.0,730.0,720.0,722.0,724.0,708.0,703.0,715.0,698.0,701.0,707.0,697.0,695.0,695.0,692.0,691.0,699.0,691.0,695.0,691.0,694.0,689.0,686.0,694.0,686.0,675.0,682.0,686.0,684.0,679.0,690.0,687.0,687.0,681.0,687.0,684.0,690.0,685.0,702.0,682.0,687.0,694.0,689.0,696.0,676.0,696.0,691.0,688.0,688.0,697.0,686.0,689.0,685.0,689.0,689.0,698.0,690.0,699.0,694.0,691.0,698.0,690.0,691.0,687.0,698.0,692.0,696.0,697.0,691.0,678.0,701.0,704.0,705.0,698.0,682.0,698.0,699.0,695.0,694.0,704.0,693.0
913.0,911.0,896.0,896.0,896.0,909.0,867.0,895.0,876.0,868.0,880.0,877.0,851.0,862.0,856.0,867.0,874.0,901.0,894.0,875.0,893.0,874.0,892.0,877.0,886.0,874.0,899.0,905.0,904.0,896.0,909.0,910.0,902.0,901.0,899.0,875.0,874.0,877.0,877.0,852.0,873.0,854.0,864.0,857.0,847.0,845.0,862.0,867.0,876.0,863.0,875.0,874.0,866.0,869.0,886.0,903.0,895.0,867.0,873.0,910.0,895.0,898.0,899.0,891.0,890.0,900.0,893.0,878.0,902.0,891.0,940.0,920.0,938.0,941.0,946.0,956.0,971.0,1007.0,999.0,946.0,957.0,954.0,955.0,948.0,1005.0,1036.0,1048.0,984.0,963.0,974.0,967.0,964.0,1002.0,960.0,978.0,982.0,976.0,997.0,996.0,1012.0,998.0,1031.0,1039.0,1031.0,1025.0,1030.0,1035.0,1041.0,1018.0,1051.0,1047.0,1050.0,1062.0,1073.0,1050.0,1023.0,1045.0,1047.0,1036.0,1067.0,1071.0,1108.0,1079.0,1069.0,1096.0,1107.0,1108.0,1079.0,1087.0,1071.0,1087.0,1076.0,1080.0,1089.0,1104.0,1127.0,1155.0,1226.0,1139.0,1072.0,1079.0,1097.0,1069.0,1092.0,1097.0,1071.0,1076.0,1077.0,1087.0,1082.0,1084.0,1073.0,1086.0,1080.0,1101.0,1115.0,1125.0,1130.0,1116.0,1111.0,1125.0,1131.0,1105.0,1086.0,1070.0,1119.0,1153.0,1128.0,1103.0,1048.0,1031.0,1036.0,1039.0,1062.0,1062.0,1033.0,1057.0,1042.0,1044.0,1009.0,1013.0,1009.0,975.0,996.0,1014.0,1081.0,1065.0,1064.0,1084.0,1092.0,1109.0,1135.0,1155.0,1153.0,1171.0,1179.0,1182.0,1172.0,1177.0,1149.0,1162.0,1125.0,1155.0,1154.0,1183.0,1165.0,1185.0,1184.0,1241.0,1241.0,1250.0,1249.0,1253.0,1266.0,1279.0,1254.0,1278.0,1307.0,1304.0,1269.0,1234.0,1209.0,1168.0,1149.0,1154.0,1126.0,1130.0,1145.0,1140.0,1118.0,1126.0,1150.0,1147.0,1146.0,1116.0,1126.0,1133.0,1137.0,1121.0,1133.0,1121.0,1137.0,1174.0,1236.0,1283.0,1286.0,1288.0,1265.0,1257.0,1199.0,1148.0,1118.0,1086.0,1049.0,1024.0,987.0,979.0,944.0,934.0,931.0,929.0,928.0,939.0,930.0,941.0,940.0,960.0,938.0,952.0,971.0,991.0,989.0,1019.0,1016.0,1019.0,1049.0,1073.0,1089.0,1069.0,1082.0,1062.0,1034.0,1026.0,1013.0,1039,1078.0,1044.0,1032.0,1012.0,1019.0,1019.0,1015.0,1020.0,1008.0,1033.0,1059.0,1085.0,1112.0,1122.0,1120.0,1109.0,1129.0,1092.0,1044.0,1031.0,994.0,942.0,935.0,899.0,886.0,854.0,844.0,825.0,831.0,823.0,817.0,813.0,803.0,801.0,789.0,802.0,800.0,772.0,778.0,793.0,777.0,772.0,791.0,783.0,771.0,769.0,795.0,778.0,785.0,759.0,783.0,785.0,791.0,783.0,772.0,796.0,779.0,773.0,764.0,766.0,774.0,771.0,777.0,767.0,782.0,768.0,789.0,765.0,777.0,760.0,758.0,776.0,757.0,768.0,772.0,776.0,789.0,777.0,770.0,776.0,771.0,775.0,761.0,785.0,776.0,800.0,778.0,786.0,761.0,778.0,777.0,783.0,796.0,767.0,782.0,794.0,789.0,774.0,789.0,792.0,794.0,783.0,783.0,780.0
881.0,871.0,868.0,878.0,873.0,888.0,872.0,881.0,872.0,845.0,854.0,853.0,837.0,839.0,848.0,854.0,867.0,874.0,878.0,841.0,861.0,865.0,852.0,853.0,863.0,875.0,863.0,874.0,878.0,880.0,904.0,887.0,876.0,892.0,887.0,884.0,861.0,855.0,872.0,839.0,834.0,845.0,837.0,827.0,853.0,839.0,841.0,839.0,842.0,861.0,833.0,839.0,836.0,870.0,872.0,868.0,844.0,853.0,857.0,863.0,878.0,860.0,856.0,858.0,869.0,868.0,867.0,884.0,878.0,888.0,915.0,919.0,914.0,926.0,909.0,913.0,941.0,961.0,967.0,945.0,936.0,899.0,911.0,924.0,983.0,1042.0,1014.0,974.0,940.0,942.0,942.0,952.0,951.0,977.0,950.0,944.0,976.0,972.0,937.0,965.0,992.0,1014.0,1017.0,1013.0,1006.0,994.0,1006.0,1000.0,1020.0,1011.0,1032.0,1027.0,1038.0,1039.0,1031.0,1001.0,1020.0,1059.0,1033.0,1043.0,1053.0,1077.0,1050.0,1048.0,1055.0,1057.0,1064.0,1038.0,1041.0,1046.0,1046.0,1061.0,1035.0,1058.0,1044.0,1066.0,1105.0,1161.0,1074.0,1025.0,1021.0,1015.0,1033.0,1046.0,1047.0,1058.0,1041.0,1013.0,1053.0,1026.0,1063.0,1047.0,1059.0,1040.0,1095.0,1079.0,1090.0,1096.0,1086.0,1098.0,1100.0,1083.0,1071.0,1056.0,1055.0,1085.0,1098.0,1109.0,1062.0,1046.0,1021.0,999.0,1001.0,1015.0,1019.0,1016.0,1005.0,1006.0,1004.0,973.0,959.0,959.0,955.0,964.0,976.0,1028.0,1027.0,1039.0,1032.0,1060.0,1055.0,1116.0,1107.0,1125.0,1139.0,1136.0,1112.0,1140.0,1101.0,1113.0,1113.0,1114.0,1099.0,1107.0,1132.0,1135.0,1127.0,1158.0,1187.0,1240.0,1245.0,1245.0,1217.0,1237.0,1200.0,1207.0,1239.0,1265.0,1234.0,1235.0,1196.0,1167.0,1157.0,1139.0,1132.0,1123.0,1111.0,1108.0,1107.0,1121.0,1108.0,1144.0,1139.0,1117.0,1110.0,1120.0,1101.0,1121.0,1128.0,1113.0,1109.0,1123.0,1152.0,1206.0,1249.0,1273.0,1281.0,1232.0,1216.0,1183.0,1092.0,1066.0,1075.0,1006.0,988.0,979.0,960.0,919.0,897.0,895.0,893.0,880.0,886.0,895.0,898.0,915.0,904.0,907.0,921.0,937.0,954.0,965.0,974.0,990.0,1020.0,1008.0,1057.0,1076.0,1061.0,1061.0,1064.0,1028.0,990.0,1005.0,1028,1019.0,1045.0,1008.0,1002.0,995.0,985.0,1006.0,1010.0,1001.0,1014.0,1061.0,1041.0,1057.0,1065.0,1075.0,1068.0,1052.0,1027.0,1025.0,992.0,955.0,904.0,896.0,868.0,876.0,825.0,814.0,820.0,797.0,801.0,794.0,790.0,789.0,776.0,772.0,781.0,780.0,768.0,765.0,766.0,766.0,771.0,767.0,764.0,764.0,750.0,749.0,770.0,757.0,740.0,755.0,757.0,749.0,750.0,740.0,767.0,758.0,751.0,745.0,749.0,736.0,756.0,754.0,744.0,744.0,748.0,749.0,761.0,755.0,769.0,762.0,754.0,758.0,750.0,761.0,763.0,746.0,754.0,754.0,749.0,758.0,761.0,749.0,765.0,766.0,752.0,763.0,757.0,751.0,760.0,759.0,747.0,761.0,770.0,779.0,762.0,743.0,769.0,775.0,749.0,757.0,760.0,782.0,759.0
793.0,800.0,802.0,788.0,800.0,798.0,785.0,797.0,801.0,773.0,782.0,782.0,771.0,778.0,789.0,764.0,804.0,846.0,805.0,784.0,775.0,796.0,779.0,773.0,774.0,782.0,792.0,789.0,781.0,804.0,802.0,790.0,782.0,782.0,790.0,782.0,765.0,778.0,765.0,774.0,773.0,771.0,757.0,753.0,753.0,766.0,761.0,759.0,770.0,774.0,750.0,763.0,761.0,770.0,782.0,783.0,752.0,745.0,769.0,774.0,770.0,780.0,770.0,759.0,763.0,767.0,788.0,774.0,781.0,768.0,786.0,787.0,795.0,796.0,809.0,809.0,799.0,833.0,816.0,810.0,813.0,800.0,786.0,819.0,850.0,886.0,870.0,855.0,822.0,815.0,817.0,830.0,841.0,844.0,824.0,838.0,822.0,845.0,824.0,843.0,852.0,857.0,872.0,860.0,849.0,866.0,846.0,853.0,858.0,861.0,863.0,870.0,896.0,874.0,887.0,852.0,865.0,888.0,888.0,894.0,881.0,889.0,894.0,905.0,901.0,895.0,912.0,885.0,893.0,895.0,870.0,889.0,886.0,891.0,902.0,908.0,945.0,971.0,935.0,891.0,876.0,872.0,881.0,899.0,891.0,886.0,890.0,882.0,897.0,901.0,911.0,898.0,908.0,881.0,926.0,909.0,908.0,922.0,928.0,926.0,908.0,916.0,893.0,893.0,896.0,915.0,920.0,919.0,900.0,869.0,867.0,846.0,853.0,864.0,842.0,867.0,866.0,875.0,857.0,849.0,836.0,827.0,840.0,830.0,860.0,880.0,875.0,881.0,899.0,891.0,922.0,934.0,959.0,950.0,949.0,955.0,954.0,950.0,944.0,951.0,954.0,942.0,940.0,949.0,954.0,926.0,941.0,962.0,991.0,995.0,1036.0,1028.0,1034.0,1014.0,1018.0,1020.0,1030.0,1049.0,1035.0,1014.0,1008.0,975.0,944.0,959.0,934.0,940.0,917.0,918.0,906.0,913.0,919.0,921.0,921.0,941.0,915.0,930.0,944.0,952.0,936.0,927.0,920.0,950.0,973.0,1000.0,1042.0,1053.0,1081.0,1055.0,1037.0,979.0,958.0,924.0,907.0,895.0,870.0,840.0,834.0,800.0,786.0,792.0,793.0,792.0,801.0,799.0,794.0,795.0,792.0,785.0,803.0,787.0,815.0,824.0,827.0,837.0,845.0,863.0,874.0,863.0,873.0,860.0,867.0,864.0,846.0,836.0,870,881.0,868.0,873.0,864.0,863.0,849.0,856.0,872.0,868.0,873.0,895.0,904.0,927.0,934.0,942.0,921.0,932.0,908.0,885.0,874.0,848.0,827.0,826.0,792.0,783.0,760.0,761.0,741.0,733.0,732.0,716.0,721.0,708.0,714.0,712.0,729.0,712.0,707.0,718.0,720.0,711.0,703.0,710.0,700.0,704.0,702.0,702.0,689.0,698.0,693.0,689.0,699.0,694.0,697.0,686.0,687.0,682.0,690.0,691.0,704.0,693.0,688.0,693.0,698.0,699.0,694.0,694.0,695.0,689.0,695.0,696.0,702.0,704.0,708.0,698.0,695.0,688.0,689.0,690.0,711.0,696.0,706.0,695.0,706.0,697.0,704.0,701.0,708.0,695.0,703.0,701.0,699.0,697.0,705.0,695.0,699.0,695.0,701.0,703.0,704.0,697.0,699.0,702.0,697.0
824.0,802.0,819.0,814.0,832.0,802.0,817.0,812.0,797.0,794.0,808.0,801.0,811.0,774.0,803.0,775.0,810.0,836.0,802.0,786.0,802.0,806.0,812.0,802.0,800.0,799.0,796.0,795.0,796.0,808.0,804.0,826.0,807.0,814.0,802.0,808.0,808.0,797.0,796.0,790.0,791.0,770.0,784.0,802.0,780.0,802.0,780.0,784.0,792.0,794.0,776.0,777.0,788.0,810.0,792.0,789.0,779.0,802.0,818.0,800.0,808.0,818.0,812.0,813.0,811.0,809.0,787.0,797.0,820.0,803.0,835.0,847.0,837.0,867.0,862.0,861.0,881.0,890.0,892.0,869.0,876.0,849.0,857.0,848.0,881.0,920.0,910.0,906.0,879.0,855.0,864.0,882.0,883.0,890.0,886.0,890.0,871.0,889.0,889.0,897.0,901.0,917.0,911.0,924.0,930.0,921.0,927.0,917.0,906.0,934.0,926.0,941.0,935.0,929.0,914.0,927.0,928.0,932.0,943.0,937.0,930.0,956.0,942.0,956.0,957.0,953.0,925.0,955.0,980.0,924.0,945.0,945.0,950.0,933.0,969.0,976.0,1017.0,1044.0,1022.0,965.0,908.0,895.0,941.0,961.0,942.0,949.0,949.0,947.0,926.0,948.0,956.0,951.0,953.0,936.0,967.0,951.0,988.0,981.0,974.0,1000.0,981.0,970.0,947.0,966.0,957.0,974.0,972.0,969.0,969.0,937.0,916.0,919.0,934.0,916.0,918.0,911.0,926.0,935.0,906.0,915.0,899.0,890.0,874.0,894.0,896.0,934.0,943.0,951.0,938.0,957.0,975.0,987.0,1021.0,1015.0,1015.0,1010.0,1001.0,1014.0,1002.0,1030.0,1008.0,1001.0,984.0,1024.0,1016.0,975.0,1012.0,1020.0,1085.0,1056.0,1086.0,1075.0,1088.0,1074.0,1068.0,1059.0,1068.0,1101.0,1084.0,1061.0,1076.0,1028.0,995.0,1023.0,1001.0,986.0,976.0,982.0,966.0,976.0,971.0,963.0,967.0,986.0,959.0,935.0,969.0,979.0,961.0,978.0,966.0,961.0,1004.0,1042.0,1058.0,1067.0,1067.0,1066.0,1056.0,1028.0,1002.0,956.0,930.0,926.0,907.0,897.0,840.0,861.0,850.0,825.0,822.0,817.0,815.0,822.0,843.0,824.0,838.0,829.0,853.0,860.0,864.0,863.0,866.0,903.0,916.0,922.0,938.0,931.0,941.0,967.0,938.0,893.0,894.0,902.0,912,935.0,940.0,932.0,903.0,901.0,919.0,898.0,903.0,914.0,918.0,931.0,942.0,963.0,989.0,990.0,963.0,976.0,944.0,942.0,888.0,871.0,852.0,857.0,824.0,823.0,792.0,773.0,783.0,768.0,759.0,757.0,752.0,747.0,751.0,739.0,734.0,741.0,729.0,724.0,732.0,738.0,736.0,737.0,724.0,726.0,720.0,733.0,732.0,722.0,739.0,721.0,725.0,730.0,730.0,698.0,728.0,723.0,710.0,727.0,726.0,724.0,731.0,727.0,720.0,726.0,719.0,728.0,710.0,730.0,720.0,707.0,725.0,728.0,726.0,727.0,721.0,712.0,723.0,717.0,730.0,734.0,733.0,718.0,735.0,721.0,722.0,730.0,732.0,721.0,724.0,744.0,719.0,724.0,732.0,727.0,727.0,730.0,720.0,730.0,721.0,715.0,720.0,730.0,735.0
775.0,789.0,778.0,785.0,769.0,765.0,757.0,762.0,760.0,750.0,754.0,754.0,756.0,759.0,757.0,746.0,765.0,767.0,760.0,746.0,760.0,759.0,760.0,759.0,755.0,761.0,764.0,765.0,758.0,774.0,780.0,775.0,763.0,770.0,758.0,767.0,768.0,759.0,747.0,746.0,757.0,751.0,759.0,751.0,737.0,740.0,738.0,747.0,739.0,756.0,751.0,748.0,744.0,755.0,771.0,758.0,757.0,760.0,752.0,760.0,762.0,763.0,765.0,757.0,754.0,756.0,753.0,758.0,767.0,755.0,773.0,775.0,787.0,806.0,791.0,790.0,799.0,824.0,826.0,804.0,815.0,789.0,801.0,797.0,831.0,842.0,841.0,844.0,816.0,807.0,810.0,819.0,820.0,830.0,823.0,824.0,806.0,830.0,832.0,827.0,840.0,837.0,867.0,869.0,857.0,852.0,838.0,835.0,847.0,858.0,872.0,860.0,874.0,876.0,856.0,849.0,839.0,866.0,862.0,868.0,872.0,874.0,877.0,874.0,868.0,866.0,883.0,885.0,871.0,866.0,847.0,873.0,875.0,879.0,882.0,898.0,923.0,929.0,911.0,869.0,852.0,860.0,872.0,875.0,873.0,878.0,874.0,871.0,860.0,864.0,877.0,878.0,890.0,878.0,875.0,883.0,901.0,892.0,897.0,887.0,899.0,896.0,869.0,879.0,877.0,889.0,902.0,916.0,881.0,843.0,847.0,812.0,841.0,837.0,848.0,853.0,831.0,850.0,831.0,845.0,818.0,821.0,820.0,828.0,827.0,851.0,878.0,867.0,861.0,878.0,888.0,898.0,909.0,920.0,904.0,916.0,925.0,944.0,925.0,923.0,901.0,900.0,885.0,907.0,908.0,921.0,931.0,916.0,949.0,951.0,961.0,971.0,966.0,964.0,973.0,957.0,953.0,982.0,985.0,962.0,933.0,930.0,918.0,909.0,907.0,920.0,898.0,881.0,885.0,877.0,880.0,895.0,888.0,905.0,893.0,883.0,873.0,876.0,886.0,889.0,868.0,885.0,903.0,933.0,965.0,966.0,975.0,967.0,961.0,935.0,891.0,872.0,873.0,843.0,849.0,820.0,806.0,787.0,779.0,782.0,776.0,762.0,759.0,780.0,768.0,780.0,782.0,771.0,796.0,777.0,794.0,803.0,795.0,821.0,839.0,823.0,868.0,856.0,860.0,864.0,863.0,832.0,829.0,832.0,841,845.0,833.0,820.0,830.0,835.0,831.0,830.0,826.0,838.0,852.0,864.0,867.0,902.0,889.0,897.0,885.0,868.0,859.0,860.0,838.0,828.0,794.0,783.0,769.0,771.0,754.0,734.0,724.0,723.0,722.0,726.0,717.0,704.0,706.0,712.0,706.0,704.0,703.0,704.0,692.0,706.0,695.0,710.0,696.0,690.0,682.0,691.0,706.0,699.0,684.0,684.0,689.0,689.0,686.0,691.0,688.0,692.0,696.0,689.0,688.0,686.0,690.0,682.0,682.0,693.0,691.0,705.0,693.0,689.0,696.0,684.0,698.0,685.0,689.0,689.0,690.0,691.0,692.0,687.0,693.0,691.0,699.0,685.0,687.0,691.0,693.0,703.0,694.0,697.0,685.0,703.0,701.0,700.0,699.0,703.0,694.0,687.0,704.0,699.0,686.0,688.0,701.0,696.0,700.0
744.0,750.0,755.0,738.0,731.0,742.0,754.0,737.0,742.0,738.0,728.0,743.0,741.0,722.0,730.0,736.0,746.0,749.0,737.0,725.0,742.0,743.0,755.0,747.0,739.0,730.0,743.0,750.0,751.0,755.0,751.0,757.0,754.0,746.0,732.0,743.0,733.0,731.0,738.0,716.0,739.0,717.0,738.0,735.0,740.0,724.0,718.0,728.0,727.0,723.0,728.0,720.0,727.0,730.0,745.0,728.0,728.0,739.0,732.0,731.0,738.0,749.0,742.0,749.0,745.0,743.0,735.0,741.0,739.0,741.0,764.0,768.0,773.0,766.0,776.0,773.0,790.0,818.0,800.0,790.0,771.0,777.0,782.0,791.0,793.0,826.0,829.0,798.0,787.0,795.0,781.0,797.0,792.0,799.0,766.0,796.0,787.0,804.0,774.0,801.0,817.0,822.0,833.0,821.0,822.0,814.0,811.0,820.0,825.0,825.0,834.0,840.0,843.0,834.0,822.0,815.0,833.0,830.0,841.0,834.0,834.0,852.0,838.0,843.0,847.0,855.0,844.0,833.0,845.0,857.0,843.0,854.0,854.0,852.0,847.0,859.0,874.0,895.0,870.0,842.0,842.0,812.0,826.0,835.0,837.0,850.0,829.0,841.0,843.0,836.0,836.0,841.0,858.0,841.0,850.0,850.0,854.0,859.0,877.0,858.0,866.0,845.0,841.0,838.0,845.0,859.0,863.0,869.0,869.0,836.0,824.0,807.0,820.0,822.0,805.0,819.0,829.0,818.0,830.0,813.0,811.0,780.0,794.0,790.0,796.0,815.0,830.0,832.0,831.0,834.0,835.0,851.0,892.0,861.0,880.0,872.0,862.0,868.0,863.0,886.0,871.0,879.0,837.0,852.0,862.0,870.0,865.0,868.0,899.0,918.0,918.0,922.0,916.0,918.0,911.0,916.0,921.0,918.0,923.0,920.0,918.0,871.0,874.0,899.0,880.0,861.0,877.0,866.0,869.0,850.0,857.0,866.0,851.0,855.0,865.0,861.0,850.0,857.0,854.0,847.0,856.0,852.0,880.0,882.0,917.0,911.0,908.0,904.0,892.0,860.0,834.0,830.0,834.0,817.0,809.0,794.0,796.0,768.0,751.0,767.0,759.0,741.0,766.0,755.0,775.0,765.0,756.0,763.0,790.0,786.0,798.0,797.0,791.0,797.0,830.0,817.0,850.0,837.0,854.0,847.0,857.0,835.0,808.0,812.0,818,813.0,811.0,818.0,829.0,810.0,807.0,804.0,781.0,817.0,818.0,828.0,831.0,841.0,834.0,836.0,831.0,827.0,822.0,798.0,804.0,776.0,775.0,763.0,750.0,739.0,737.0,725.0,722.0,708.0,716.0,704.0,702.0,711.0,710.0,708.0,700.0,697.0,696.0,697.0,703.0,696.0,688.0,690.0,698.0,689.0,688.0,705.0,690.0,680.0,689.0,692.0,694.0,699.0,687.0,691.0,694.0,683.0,686.0,691.0,686.0,698.0,691.0,684.0,694.0,688.0,684.0,692.0,686.0,695.0,693.0,693.0,698.0,690.0,679.0,690.0,696.0,694.0,692.0,680.0,697.0,686.0,691.0,679.0,707.0,690.0,697.0,691.0,702.0,689.0,690.0,707.0,703.0,689.0,704.0,702.0,701.0,697.0,702.0,695.0,716.0,697.0,704.0,682.0,687.0
784.0,804.0,795.0,810.0,791.0,805.0,807.0,799.0,776.0,772.0,778.0,776.0,783.0,783.0,785.0,789.0,792.0,811.0,806.0,778.0,795.0,791.0,785.0,783.0,779.0,812.0,804.0,792.0,805.0,806.0,795.0,786.0,797.0,800.0,798.0,802.0,777.0,783.0,776.0,763.0,785.0,781.0,795.0,778.0,754.0,759.0,786.0,773.0,780.0,790.0,786.0,787.0,769.0,780.0,805.0,798.0,792.0,779.0,782.0,788.0,807.0,821.0,792.0,786.0,791.0,799.0,790.0,800.0,804.0,804.0,838.0,826.0,838.0,831.0,840.0,846.0,854.0,876.0,877.0,847.0,843.0,843.0,831.0,852.0,866.0,913.0,898.0,906.0,854.0,1017.0,1153.0,866.0,866.0,880.0,872.0,870.0,854.0,865.0,863.0,867.0,894.0,894.0,900.0,924.0,884.0,901.0,909.0,902.0,908.0,920.0,912.0,928.0,922.0,915.0,920.0,894.0,914.0,935.0,911.0,923.0,924.0,948.0,922.0,912.0,924.0,933.0,928.0,939.0,906.0,914.0,920.0,932.0,933.0,913.0,958.0,950.0,981.0,1032.0,970.0,934.0,891.0,926.0,900.0,922.0,917.0,925.0,914.0,919.0,923.0,925.0,915.0,941.0,941.0,942.0,936.0,950.0,954.0,950.0,941.0,975.0,972.0,953.0,945.0,942.0,932.0,959.0,989.0,973.0,947.0,903.0,892.0,887.0,902.0,908.0,900.0,901.0,902.0,907.0,908.0,876.0,866.0,881.0,877.0,879.0,852.0,918.0,923.0,919.0,939.0,943.0,964.0,957.0,1000.0,994.0,993.0,1006.0,987.0,974.0,995.0,964.0,970.0,996.0,965.0,988.0,965.0,961.0,978.0,996.0,1040.0,1027.0,1049.0,1052.0,1059.0,1045.0,1035.0,1036.0,1029.0,1068.0,1052.0,1037.0,1011.0,989.0,978.0,971.0,983.0,949.0,949.0,949.0,955.0,944.0,956.0,960.0,962.0,954.0,934.0,942.0,923.0,942.0,924.0,949.0,937.0,935.0,974.0,978.0,1005.0,1048.0,1041.0,1018.0,1029.0,986.0,954.0,957.0,929.0,885.0,920.0,868.0,871.0,824.0,823.0,809.0,825.0,815.0,804.0,830.0,821.0,823.0,809.0,814.0,850.0,834.0,857.0,860.0,863.0,895.0,909.0,906.0,949.0,935.0,960.0,945.0,953.0,919.0,909.0,899.0,898,915.0,906.0,918.0,896.0,871.0,880.0,875.0,909.0,904.0,894.0,909.0,930.0,948.0,931.0,955.0,937.0,939.0,918.0,896.0,890.0,870.0,827.0,832.0,806.0,800.0,787.0,768.0,759.0,754.0,733.0,730.0,731.0,734.0,731.0,732.0,751.0,740.0,717.0,714.0,734.0,715.0,727.0,723.0,719.0,723.0,729.0,729.0,712.0,724.0,718.0,714.0,709.0,711.0,723.0,717.0,702.0,696.0,693.0,705.0,714.0,704.0,704.0,715.0,716.0,709.0,713.0,729.0,720.0,720.0,709.0,709.0,732.0,735.0,726.0,711.0,715.0,717.0,719.0,708.0,722.0,724.0,725.0,713.0,717.0,727.0,712.0,731.0,722.0,731.0,716.0,725.0,724.0,714.0,722.0,724.0,728.0,717.0,714.0,733.0,716.0,711.0,727.0,721.0,728.0
749.0,743.0,752.0,744.0,742.0,739.0,757.0,741.0,736.0,734.0,729.0,730.0,728.0,731.0,726.0,729.0,749.0,747.0,732.0,725.0,731.0,742.0,746.0,735.0,736.0,741.0,733.0,734.0,732.0,749.0,740.0,734.0,740.0,745.0,736.0,744.0,735.0,720.0,734.0,730.0,722.0,723.0,727.0,717.0,714.0,712.0,713.0,716.0,722.0,721.0,720.0,720.0,725.0,732.0,734.0,731.0,723.0,720.0,727.0,734.0,727.0,745.0,745.0,730.0,733.0,729.0,732.0,740.0,742.0,727.0,762.0,753.0,752.0,763.0,754.0,764.0,782.0,809.0,791.0,787.0,768.0,775.0,768.0,772.0,794.0,808.0,813.0,792.0,790.0,788.0,784.0,780.0,783.0,779.0,786.0,794.0,779.0,798.0,785.0,787.0,801.0,804.0,802.0,824.0,797.0,809.0,802.0,808.0,809.0,817.0,815.0,815.0,825.0,814.0,822.0,804.0,811.0,825.0,823.0,825.0,817.0,824.0,822.0,840.0,829.0,835.0,832.0,829.0,835.0,829.0,834.0,823.0,834.0,825.0,839.0,844.0,878.0,886.0,857.0,828.0,810.0,818.0,815.0,818.0,823.0,842.0,838.0,827.0,829.0,836.0,835.0,840.0,839.0,839.0,824.0,841.0,840.0,850.0,839.0,847.0,842.0,846.0,834.0,836.0,835.0,831.0,851.0,863.0,852.0,829.0,803.0,798.0,817.0,792.0,800.0,792.0,802.0,802.0,814.0,797.0,777.0,791.0,775.0,787.0,779.0,796.0,812.0,834.0,817.0,817.0,832.0,837.0,861.0,856.0,861.0,876.0,841.0,856.0,851.0,865.0,856.0,851.0,846.0,852.0,843.0,847.0,857.0,859.0,877.0,889.0,905.0,907.0,900.0,913.0,898.0,892.0,903.0,927.0,912.0,903.0,877.0,867.0,863.0,866.0,850.0,843.0,854.0,853.0,838.0,843.0,823.0,842.0,847.0,823.0,832.0,837.0,830.0,842.0,821.0,839.0,834.0,845.0,859.0,864.0,895.0,886.0,900.0,897.0,883.0,867.0,835.0,825.0,813.0,806.0,797.0,791.0,780.0,748.0,757.0,751.0,753.0,748.0,745.0,746.0,757.0,750.0,746.0,756.0,758.0,766.0,794.0,779.0,779.0,791.0,809.0,807.0,845.0,844.0,837.0,828.0,822.0,807.0,790.0,791.0,787,805.0,812.0,793.0,804.0,804.0,784.0,784.0,798.0,786.0,807.0,813.0,823.0,839.0,824.0,824.0,828.0,818.0,813.0,800.0,797.0,784.0,748.0,752.0,750.0,738.0,728.0,722.0,710.0,700.0,704.0,710.0,702.0,694.0,704.0,695.0,696.0,700.0,682.0,698.0,684.0,690.0,695.0,676.0,689.0,677.0,695.0,674.0,684.0,688.0,685.0,682.0,680.0,680.0,676.0,670.0,692.0,679.0,675.0,684.0,688.0,679.0,688.0,682.0,685.0,684.0,686.0,680.0,686.0,690.0,683.0,677.0,694.0,685.0,680.0,670.0,688.0,689.0,682.0,682.0,686.0,692.0,691.0,687.0,691.0,688.0,682.0,690.0,687.0,687.0,687.0,693.0,689.0,686.0,690.0,694.0,691.0,689.0,692.0,689.0,680.0,684.0,681.0,685.0,693.0
748.0,740.0,743.0,749.0,739.0,734.0,736.0,734.0,712.0,732.0,730.0,727.0,737.0,716.0,724.0,726.0,741.0,736.0,730.0,724.0,738.0,725.0,715.0,738.0,738.0,737.0,742.0,726.0,741.0,738.0,733.0,730.0,735.0,737.0,723.0,731.0,719.0,719.0,730.0,711.0,729.0,705.0,709.0,711.0,701.0,703.0,707.0,709.0,720.0,718.0,717.0,718.0,722.0,717.0,737.0,715.0,722.0,721.0,729.0,733.0,717.0,735.0,728.0,715.0,732.0,730.0,726.0,730.0,729.0,716.0,727.0,748.0,747.0,740.0,759.0,757.0,757.0,807.0,788.0,768.0,757.0,752.0,764.0,754.0,773.0,773.0,769.0,781.0,766.0,767.0,779.0,761.0,780.0,775.0,761.0,783.0,771.0,790.0,773.0,787.0,781.0,796.0,796.0,814.0,803.0,801.0,789.0,780.0,799.0,811.0,810.0,800.0,803.0,812.0,806.0,791.0,794.0,803.0,829.0,826.0,826.0,813.0,822.0,816.0,813.0,817.0,828.0,822.0,827.0,814.0,820.0,832.0,814.0,804.0,825.0,840.0,845.0,867.0,843.0,801.0,799.0,808.0,820.0,825.0,821.0,825.0,819.0,808.0,819.0,825.0,827.0,804.0,835.0,806.0,818.0,841.0,833.0,841.0,838.0,845.0,828.0,836.0,816.0,811.0,810.0,831.0,843.0,840.0,843.0,809.0,792.0,786.0,789.0,799.0,797.0,799.0,788.0,807.0,793.0,775.0,780.0,773.0,770.0,762.0,791.0,782.0,817.0,787.0,807.0,797.0,817.0,830.0,864.0,850.0,848.0,831.0,846.0,857.0,836.0,845.0,857.0,845.0,829.0,820.0,836.0,832.0,850.0,825.0,871.0,878.0,899.0,891.0,880.0,889.0,873.0,874.0,874.0,900.0,892.0,876.0,857.0,863.0,835.0,841.0,831.0,830.0,822.0,813.0,813.0,830.0,824.0,838.0,816.0,826.0,826.0,808.0,797.0,812.0,828.0,818.0,812.0,831.0,834.0,861.0,869.0,874.0,879.0,861.0,866.0,834.0,835.0,822.0,807.0,798.0,783.0,770.0,757.0,746.0,732.0,739.0,725.0,736.0,722.0,741.0,742.0,733.0,741.0,727.0,748.0,750.0,762.0,780.0,769.0,784.0,792.0,785.0,799.0,808.0,801.0,804.0,799.0,808.0,791.0,780.0,788,794.0,789.0,789.0,793.0,796.0,776.0,781.0,787.0,787.0,795.0,798.0,806.0,810.0,829.0,816.0,803.0,796.0,793.0,796.0,778.0,760.0,748.0,760.0,736.0,727.0,717.0,707.0,701.0,695.0,694.0,704.0,696.0,686.0,698.0,692.0,683.0,694.0,677.0,695.0,680.0,688.0,682.0,686.0,686.0,686.0,678.0,681.0,671.0,677.0,660.0,681.0,673.0,681.0,677.0,671.0,670.0,679.0,671.0,668.0,678.0,674.0,683.0,688.0,671.0,684.0,683.0,670.0,679.0,670.0,684.0,687.0,699.0,684.0,686.0,676.0,677.0,683.0,687.0,687.0,681.0,679.0,678.0,673.0,687.0,677.0,688.0,681.0,677.0,683.0,678.0,682.0,694.0,672.0,680.0,687.0,683.0,682.0,687.0,677.0,688.0,681.0,675.0,689.0,683.0
735.0,734.0,742.0,739.0,732.0,724.0,732.0,726.0,730.0,721.0,730.0,719.0,736.0,724.0,715.0,708.0,738.0,751.0,738.0,720.0,717.0,730.0,739.0,711.0,725.0,736.0,727.0,718.0,728.0,727.0,728.0,724.0,734.0,718.0,728.0,720.0,718.0,733.0,717.0,725.0,718.0,715.0,711.0,727.0,715.0,713.0,705.0,697.0,725.0,721.0,718.0,707.0,719.0,724.0,729.0,719.0,732.0,718.0,727.0,717.0,716.0,739.0,732.0,720.0,727.0,719.0,723.0,723.0,732.0,715.0,745.0,736.0,745.0,737.0,742.0,746.0,742.0,776.0,778.0,743.0,760.0,762.0,756.0,752.0,758.0,780.0,797.0,777.0,766.0,772.0,758.0,765.0,773.0,764.0,767.0,771.0,767.0,776.0,753.0,787.0,777.0,793.0,792.0,804.0,779.0,790.0,777.0,789.0,778.0,784.0,797.0,799.0,787.0,796.0,814.0,786.0,784.0,794.0,806.0,797.0,797.0,815.0,800.0,803.0,809.0,805.0,795.0,805.0,810.0,799.0,807.0,812.0,815.0,804.0,807.0,803.0,829.0,854.0,837.0,802.0,796.0,804.0,800.0,803.0,804.0,816.0,813.0,804.0,809.0,810.0,803.0,805.0,817.0,817.0,809.0,805.0,814.0,804.0,806.0,822.0,811.0,799.0,813.0,789.0,811.0,814.0,818.0,817.0,814.0,781.0,785.0,776.0,768.0,797.0,780.0,769.0,782.0,776.0,792.0,777.0,757.0,774.0,768.0,760.0,784.0,796.0,793.0,806.0,789.0,809.0,811.0,837.0,853.0,835.0,841.0,842.0,840.0,847.0,833.0,826.0,820.0,837.0,834.0,827.0,808.0,829.0,835.0,834.0,857.0,852.0,869.0,870.0,857.0,886.0,869.0,868.0,858.0,886.0,875.0,847.0,871.0,835.0,808.0,826.0,829.0,820.0,830.0,806.0,807.0,812.0,809.0,813.0,795.0,813.0,821.0,805.0,796.0,796.0,818.0,789.0,798.0,817.0,819.0,832.0,860.0,858.0,869.0,873.0,869.0,859.0,832.0,814.0,795.0,808.0,783.0,772.0,764.0,750.0,743.0,736.0,727.0,734.0,731.0,734.0,733.0,735.0,737.0,728.0,749.0,732.0,752.0,755.0,730.0,784.0,775.0,785.0,802.0,807.0,800.0,786.0,806.0,796.0,771.0,766.0,773,787.0,772.0,780.0,783.0,769.0,772.0,760.0,774.0,786.0,775.0,791.0,794.0,808.0,806.0,813.0,818.0,820.0,813.0,794.0,797.0,759.0,766.0,752.0,732.0,730.0,717.0,712.0,706.0,698.0,697.0,712.0,693.0,693.0,692.0,677.0,687.0,682.0,692.0,671.0,687.0,682.0,680.0,686.0,689.0,686.0,681.0,687.0,683.0,676.0,675.0,683.0,676.0,678.0,683.0,679.0,677.0,681.0,669.0,663.0,676.0,670.0,684.0,670.0,679.0,674.0,672.0,680.0,666.0,680.0,683.0,686.0,683.0,680.0,672.0,674.0,687.0,675.0,671.0,681.0,669.0,681.0,681.0,683.0,684.0,674.0,676.0,680.0,688.0,682.0,689.0,688.0,678.0,686.0,679.0,673.0,676.0,676.0,677.0,673.0,669.0,675.0,671.0,680.0,683.0
839.0,822.0,830.0,831.0,843.0,832.0,816.0,812.0,817.0,817.0,810.0,813.0,810.0,800.0,812.0,799.0,823.0,823.0,817.0,812.0,815.0,800.0,823.0,824.0,803.0,792.0,824.0,819.0,833.0,828.0,824.0,821.0,842.0,834.0,815.0,809.0,814.0,802.0,798.0,819.0,804.0,793.0,791.0,793.0,793.0,794.0,803.0,789.0,809.0,792.0,788.0,780.0,801.0,805.0,811.0,811.0,804.0,797.0,821.0,818.0,810.0,818.0,802.0,812.0,804.0,821.0,814.0,801.0,823.0,825.0,829.0,832.0,836.0,846.0,846.0,844.0,864.0,868.0,893.0,852.0,839.0,836.0,861.0,855.0,907.0,940.0,942.0,884.0,869.0,885.0,867.0,852.0,888.0,874.0,876.0,869.0,878.0,872.0,876.0,884.0,902.0,893.0,933.0,933.0,908.0,920.0,910.0,935.0,924.0,925.0,920.0,925.0,938.0,936.0,921.0,902.0,904.0,907.0,927.0,940.0,924.0,940.0,949.0,933.0,951.0,949.0,970.0,938.0,942.0,924.0,944.0,928.0,940.0,949.0,961.0,951.0,1002.0,1024.0,977.0,976.0,923.0,930.0,922.0,952.0,953.0,950.0,955.0,922.0,929.0,934.0,958.0,941.0,946.0,950.0,943.0,964.0,964.0,980.0,986.0,962.0,968.0,972.0,954.0,946.0,949.0,985.0,976.0,967.0,936.0,918.0,919.0,900.0,915.0,932.0,929.0,928.0,914.0,897.0,909.0,895.0,893.0,862.0,878.0,890.0,902.0,911.0,942.0,936.0,946.0,951.0,955.0,975.0,987.0,1000.0,1001.0,1007.0,1000.0,1020.0,1011.0,1009.0,1004.0,968.0,997.0,995.0,1022.0,1013.0,1005.0,1029.0,1057.0,1063.0,1086.0,1079.0,1119.0,1082.0,1084.0,1069.0,1098.0,1107.0,1092.0,1100.0,1051.0,1035.0,1002.0,1027.0,998.0,997.0,1006.0,1005.0,1003.0,978.0,1011.0,996.0,996.0,1018.0,1004.0,988.0,994.0,1009.0,1000.0,977.0,971.0,984.0,1040.0,1047.0,1099.0,1103.0,1135.0,1094.0,1097.0,1072.0,1019.0,978.0,941.0,924.0,907.0,880.0,860.0,838.0,836.0,829.0,831.0,826.0,836.0,844.0,850.0,837.0,839.0,840.0,872.0,867.0,889.0,866.0,888.0,880.0,895.0,911.0,943.0,915.0,946.0,924.0,943.0,899.0,930.0,916.0,934,928.0,924.0,941.0,922.0,940.0,903.0,896.0,881.0,932.0,921.0,945.0,961.0,982.0,998.0,995.0,994.0,990.0,943.0,909.0,895.0,889.0,866.0,844.0,829.0,810.0,783.0,767.0,767.0,757.0,767.0,752.0,750.0,742.0,742.0,724.0,741.0,750.0,730.0,740.0,730.0,732.0,734.0,719.0,743.0,722.0,726.0,733.0,719.0,719.0,715.0,719.0,723.0,727.0,718.0,713.0,719.0,728.0,720.0,699.0,724.0,724.0,710.0,714.0,718.0,717.0,726.0,716.0,723.0,716.0,717.0,715.0,729.0,709.0,720.0,730.0,730.0,728.0,728.0,713.0,722.0,718.0,714.0,709.0,732.0,719.0,723.0,731.0,722.0,720.0,719.0,729.0,711.0,722.0,712.0,718.0,733.0,709.0,730.0,723.0,735.0,731.0,734.0,713.0,702.0
841.0,832.0,840.0,838.0,840.0,839.0,842.0,846.0,826.0,808.0,817.0,809.0,808.0,812.0,815.0,806.0,832.0,840.0,836.0,817.0,826.0,819.0,820.0,817.0,833.0,835.0,839.0,845.0,853.0,848.0,851.0,844.0,843.0,843.0,845.0,828.0,822.0,799.0,824.0,822.0,801.0,818.0,813.0,806.0,800.0,798.0,801.0,791.0,811.0,803.0,807.0,800.0,802.0,827.0,814.0,803.0,794.0,802.0,817.0,817.0,819.0,819.0,804.0,798.0,813.0,812.0,819.0,817.0,826.0,839.0,850.0,865.0,863.0,849.0,854.0,834.0,849.0,859.0,862.0,852.0,852.0,859.0,849.0,874.0,944.0,983.0,983.0,925.0,890.0,878.0,873.0,874.0,892.0,904.0,884.0,889.0,880.0,896.0,858.0,891.0,902.0,926.0,940.0,937.0,936.0,929.0,912.0,913.0,933.0,933.0,962.0,955.0,951.0,939.0,959.0,925.0,921.0,953.0,936.0,950.0,944.0,985.0,974.0,963.0,983.0,974.0,985.0,958.0,949.0,953.0,958.0,965.0,957.0,952.0,952.0,989.0,998.0,1046.0,998.0,932.0,917.0,925.0,953.0,948.0,954.0,952.0,954.0,930.0,943.0,932.0,964.0,951.0,979.0,964.0,993.0,977.0,992.0,1012.0,992.0,1008.0,1009.0,988.0,969.0,945.0,964.0,971.0,984.0,979.0,944.0,937.0,926.0,908.0,890.0,909.0,913.0,915.0,907.0,901.0,906.0,896.0,886.0,880.0,877.0,897.0,903.0,945.0,940.0,969.0,954.0,963.0,973.0,1003.0,1033.0,1043.0,1019.0,1043.0,1029.0,1048.0,1046.0,1036.0,1013.0,1015.0,1021.0,1040.0,1037.0,1052.0,1025.0,1049.0,1113.0,1104.0,1133.0,1143.0,1144.0,1143.0,1108.0,1126.0,1140.0,1167.0,1149.0,1150.0,1105.0,1073.0,1064.0,1046.0,1014.0,1021.0,1013.0,1017.0,1036.0,1006.0,1028.0,1044.0,1048.0,1031.0,1028.0,1026.0,1043.0,1044.0,1031.0,1029.0,1026.0,1033.0,1064.0,1115.0,1173.0,1180.0,1204.0,1147.0,1130.0,1078.0,1018.0,1015.0,993.0,974.0,941.0,916.0,878.0,848.0,836.0,841.0,823.0,831.0,830.0,836.0,833.0,824.0,828.0,819.0,846.0,850.0,861.0,894.0,881.0,910.0,910.0,923.0,967.0,960.0,946.0,930.0,934.0,927.0,913.0,917.0,929,954.0,952.0,945.0,918.0,928.0,903.0,913.0,917.0,925.0,940.0,975.0,957.0,983.0,986.0,1010.0,1011.0,991.0,972.0,963.0,937.0,897.0,865.0,847.0,824.0,805.0,793.0,773.0,757.0,757.0,746.0,743.0,744.0,724.0,729.0,717.0,739.0,732.0,728.0,723.0,719.0,714.0,717.0,708.0,713.0,703.0,706.0,722.0,712.0,705.0,695.0,700.0,703.0,708.0,694.0,697.0,712.0,701.0,704.0,700.0,702.0,692.0,700.0,697.0,702.0,705.0,695.0,698.0,699.0,715.0,703.0,699.0,713.0,704.0,696.0,698.0,711.0,700.0,708.0,703.0,699.0,707.0,703.0,695.0,703.0,701.0,705.0,721.0,706.0,709.0,716.0,709.0,698.0,700.0,699.0,714.0,705.0,692.0,708.0,718.0,697.0,707.0,704.0,706.0,703.0
820.0,829.0,836.0,824.0,825.0,825.0,816.0,831.0,819.0,794.0,819.0,810.0,802.0,797.0,808.0,803.0,849.0,896.0,848.0,808.0,807.0,808.0,800.0,809.0,815.0,811.0,811.0,830.0,808.0,824.0,818.0,831.0,824.0,811.0,815.0,797.0,789.0,794.0,791.0,792.0,780.0,790.0,775.0,783.0,777.0,786.0,769.0,775.0,782.0,793.0,770.0,771.0,777.0,796.0,800.0,797.0,766.0,775.0,788.0,785.0,781.0,796.0,781.0,764.0,765.0,769.0,794.0,783.0,780.0,780.0,809.0,798.0,801.0,808.0,819.0,807.0,797.0,821.0,817.0,810.0,816.0,821.0,797.0,821.0,860.0,930.0,885.0,861.0,822.0,822.0,810.0,827.0,839.0,834.0,829.0,837.0,824.0,838.0,828.0,842.0,850.0,865.0,887.0,878.0,854.0,873.0,842.0,864.0,868.0,879.0,876.0,895.0,912.0,881.0,904.0,864.0,873.0,879.0,879.0,899.0,905.0,911.0,930.0,923.0,919.0,917.0,935.0,915.0,907.0,905.0,893.0,882.0,906.0,890.0,922.0,922.0,957.0,995.0,960.0,891.0,877.0,885.0,883.0,897.0,907.0,895.0,892.0,885.0,898.0,887.0,904.0,917.0,919.0,899.0,923.0,917.0,927.0,932.0,936.0,940.0,912.0,916.0,904.0,885.0,901.0,916.0,911.0,918.0,898.0,864.0,856.0,846.0,855.0,873.0,843.0,849.0,856.0,864.0,857.0,864.0,832.0,832.0,840.0,829.0,874.0,892.0,889.0,898.0,901.0,915.0,949.0,958.0,961.0,974.0,983.0,1000.0,1002.0,982.0,969.0,972.0,972.0,972.0,954.0,982.0,978.0,963.0,984.0,1003.0,1040.0,1028.0,1057.0,1055.0,1073.0,1077.0,1074.0,1100.0,1084.0,1100.0,1094.0,1065.0,1050.0,1023.0,966.0,983.0,933.0,959.0,931.0,937.0,940.0,938.0,942.0,939.0,952.0,984.0,960.0,973.0,982.0,1007.0,975.0,964.0,970.0,990.0,1002.0,1065.0,1120.0,1155.0,1160.0,1135.0,1112.0,1052.0,1005.0,968.0,937.0,912.0,874.0,857.0,824.0,805.0,794.0,786.0,781.0,779.0,779.0,790.0,794.0,776.0,776.0,772.0,791.0,769.0,803.0,806.0,812.0,820.0,825.0,847.0,859.0,863.0,867.0,852.0,842.0,828.0,836.0,846.0,879,872.0,884.0,877.0,873.0,877.0,862.0,862.0,883.0,882.0,896.0,919.0,939.0,958.0,983.0,991.0,959.0,973.0,939.0,925.0,890.0,862.0,840.0,825.0,800.0,780.0,757.0,749.0,722.0,721.0,715.0,706.0,708.0,703.0,709.0,693.0,711.0,701.0,685.0,703.0,704.0,710.0,699.0,695.0,681.0,683.0,683.0,685.0,680.0,688.0,675.0,676.0,689.0,676.0,670.0,670.0,679.0,674.0,691.0,678.0,678.0,677.0,675.0,677.0,680.0,687.0,678.0,682.0,668.0,675.0,683.0,672.0,690.0,683.0,681.0,683.0,689.0,681.0,674.0,678.0,685.0,678.0,693.0,674.0,691.0,685.0,691.0,686.0,691.0,679.0,684.0,679.0,683.0,679.0,685.0,683.0,676.0,675.0,684.0,685.0,685.0,675.0,680.0,681.0,679.0
778.0,768.0,758.0,791.0,758.0,765.0,782.0,769.0,768.0,761.0,764.0,760.0,758.0,738.0,748.0,748.0,769.0,794.0,786.0,743.0,766.0,760.0,764.0,747.0,762.0,751.0,760.0,764.0,764.0,764.0,776.0,772.0,770.0,758.0,758.0,769.0,756.0,740.0,740.0,748.0,743.0,731.0,740.0,725.0,740.0,732.0,723.0,739.0,753.0,731.0,761.0,722.0,725.0,741.0,739.0,741.0,741.0,735.0,744.0,745.0,734.0,753.0,741.0,723.0,738.0,729.0,740.0,734.0,739.0,728.0,768.0,754.0,762.0,772.0,765.0,761.0,756.0,788.0,763.0,772.0,770.0,760.0,767.0,783.0,840.0,855.0,844.0,811.0,779.0,774.0,778.0,771.0,783.0,794.0,774.0,792.0,800.0,790.0,773.0,798.0,802.0,839.0,819.0,819.0,812.0,799.0,795.0,812.0,810.0,809.0,820.0,817.0,823.0,824.0,828.0,817.0,810.0,828.0,820.0,832.0,837.0,846.0,857.0,851.0,830.0,854.0,822.0,828.0,820.0,823.0,819.0,832.0,816.0,839.0,840.0,852.0,883.0,934.0,863.0,834.0,807.0,816.0,817.0,825.0,828.0,824.0,806.0,821.0,823.0,822.0,827.0,817.0,848.0,835.0,837.0,846.0,859.0,813.0,856.0,862.0,844.0,835.0,845.0,814.0,836.0,836.0,830.0,828.0,822.0,813.0,788.0,795.0,794.0,795.0,795.0,794.0,790.0,783.0,783.0,770.0,762.0,787.0,791.0,798.0,806.0,822.0,831.0,831.0,828.0,846.0,834.0,885.0,888.0,862.0,886.0,883.0,894.0,893.0,847.0,879.0,879.0,892.0,863.0,866.0,865.0,870.0,912.0,885.0,910.0,934.0,945.0,951.0,952.0,975.0,966.0,953.0,996.0,968.0,987.0,970.0,951.0,900.0,900.0,882.0,865.0,876.0,856.0,842.0,875.0,863.0,874.0,876.0,892.0,881.0,882.0,881.0,885.0,891.0,896.0,898.0,875.0,881.0,925.0,937.0,994.0,1021.0,1009.0,989.0,972.0,910.0,893.0,856.0,825.0,832.0,812.0,794.0,775.0,753.0,740.0,745.0,725.0,748.0,744.0,724.0,739.0,719.0,728.0,719.0,749.0,723.0,760.0,746.0,736.0,779.0,772.0,774.0,789.0,816.0,804.0,792.0,771.0,773.0,775.0,785.0,790,815.0,815.0,807.0,797.0,794.0,798.0,797.0,805.0,803.0,817.0,834.0,844.0,887.0,872.0,882.0,872.0,854.0,846.0,840.0,815.0,785.0,764.0,775.0,753.0,723.0,703.0,691.0,694.0,698.0,686.0,690.0,691.0,669.0,679.0,663.0,693.0,671.0,676.0,669.0,682.0,670.0,674.0,666.0,661.0,667.0,652.0,652.0,663.0,648.0,656.0,668.0,657.0,657.0,649.0,652.0,657.0,659.0,654.0,655.0,666.0,645.0,669.0,655.0,654.0,659.0,657.0,664.0,650.0,651.0,646.0,653.0,669.0,649.0,654.0,655.0,651.0,659.0,652.0,653.0,652.0,648.0,648.0,651.0,661.0,652.0,665.0,666.0,661.0,649.0,652.0,654.0,656.0,651.0,650.0,658.0,668.0,643.0,653.0,660.0,650.0,655.0,654.0,654.0,650.0
756.0,767.0,750.0,748.0,753.0,761.0,741.0,749.0,749.0,735.0,742.0,739.0,737.0,735.0,734.0,727.0,746.0,753.0,747.0,737.0,732.0,744.0,733.0,732.0,731.0,741.0,748.0,741.0,746.0,744.0,759.0,750.0,739.0,749.0,745.0,754.0,748.0,732.0,734.0,730.0,733.0,726.0,727.0,722.0,723.0,719.0,705.0,718.0,717.0,724.0,717.0,722.0,706.0,733.0,736.0,724.0,728.0,720.0,734.0,736.0,728.0,718.0,732.0,724.0,725.0,729.0,732.0,731.0,746.0,730.0,745.0,740.0,749.0,761.0,739.0,738.0,752.0,756.0,770.0,760.0,761.0,746.0,759.0,753.0,793.0,820.0,808.0,796.0,769.0,760.0,772.0,767.0,778.0,782.0,778.0,784.0,771.0,780.0,774.0,785.0,788.0,803.0,818.0,819.0,814.0,802.0,793.0,780.0,800.0,805.0,815.0,818.0,820.0,820.0,816.0,804.0,801.0,812.0,812.0,822.0,832.0,840.0,838.0,833.0,824.0,834.0,832.0,837.0,814.0,803.0,805.0,823.0,817.0,825.0,825.0,829.0,861.0,866.0,853.0,818.0,800.0,804.0,804.0,811.0,821.0,815.0,815.0,806.0,816.0,820.0,812.0,810.0,822.0,812.0,821.0,817.0,841.0,830.0,839.0,836.0,835.0,837.0,830.0,828.0,824.0,833.0,841.0,841.0,809.0,784.0,784.0,775.0,790.0,785.0,784.0,789.0,776.0,779.0,785.0,782.0,772.0,777.0,766.0,763.0,785.0,801.0,811.0,804.0,820.0,810.0,831.0,832.0,856.0,870.0,853.0,862.0,855.0,873.0,862.0,862.0,852.0,861.0,829.0,865.0,867.0,863.0,874.0,872.0,898.0,895.0,902.0,899.0,914.0,900.0,927.0,908.0,899.0,926.0,927.0,925.0,882.0,868.0,851.0,837.0,845.0,842.0,846.0,834.0,836.0,836.0,844.0,854.0,826.0,844.0,835.0,844.0,832.0,841.0,850.0,846.0,836.0,839.0,840.0,883.0,914.0,928.0,946.0,917.0,919.0,878.0,850.0,823.0,821.0,808.0,792.0,775.0,754.0,737.0,733.0,724.0,728.0,722.0,716.0,732.0,725.0,729.0,730.0,722.0,735.0,721.0,744.0,750.0,748.0,757.0,771.0,768.0,802.0,796.0,779.0,787.0,791.0,775.0,765.0,770.0,780,781.0,778.0,784.0,783.0,788.0,782.0,779.0,784.0,800.0,809.0,822.0,824.0,853.0,846.0,844.0,825.0,827.0,818.0,815.0,804.0,783.0,746.0,748.0,742.0,722.0,708.0,693.0,693.0,675.0,681.0,686.0,673.0,668.0,674.0,670.0,672.0,679.0,671.0,671.0,668.0,671.0,659.0,665.0,667.0,657.0,650.0,662.0,667.0,664.0,656.0,656.0,660.0,655.0,661.0,659.0,663.0,657.0,660.0,650.0,661.0,653.0,660.0,651.0,656.0,656.0,660.0,664.0,660.0,658.0,655.0,649.0,669.0,652.0,655.0,651.0,660.0,658.0,653.0,659.0,663.0,659.0,661.0,652.0,662.0,662.0,662.0,666.0,664.0,661.0,664.0,661.0,659.0,661.0,665.0,664.0,654.0,662.0,665.0,663.0,655.0,652.0,661.0,662.0,656.0
732.0,746.0,744.0,738.0,740.0,742.0,741.0,721.0,731.0,731.0,727.0,735.0,721.0,724.0,727.0,728.0,748.0,751.0,742.0,720.0,722.0,734.0,732.0,719.0,733.0,730.0,739.0,731.0,735.0,743.0,735.0,738.0,725.0,732.0,731.0,730.0,713.0,719.0,721.0,720.0,718.0,713.0,720.0,730.0,722.0,700.0,710.0,710.0,712.0,722.0,717.0,725.0,719.0,720.0,721.0,723.0,722.0,727.0,715.0,716.0,725.0,738.0,724.0,731.0,730.0,717.0,728.0,733.0,725.0,729.0,744.0,750.0,759.0,749.0,755.0,758.0,764.0,780.0,772.0,762.0,769.0,744.0,755.0,760.0,762.0,781.0,789.0,784.0,761.0,766.0,765.0,760.0,765.0,786.0,757.0,773.0,767.0,771.0,753.0,774.0,787.0,812.0,797.0,785.0,803.0,790.0,792.0,791.0,799.0,795.0,800.0,795.0,805.0,803.0,796.0,788.0,810.0,802.0,798.0,799.0,807.0,825.0,807.0,809.0,823.0,817.0,804.0,818.0,826.0,826.0,814.0,819.0,803.0,805.0,816.0,825.0,838.0,856.0,843.0,819.0,805.0,804.0,796.0,809.0,809.0,816.0,809.0,798.0,803.0,801.0,803.0,816.0,813.0,816.0,811.0,824.0,824.0,838.0,839.0,827.0,834.0,824.0,827.0,816.0,815.0,835.0,823.0,848.0,832.0,810.0,781.0,791.0,795.0,808.0,783.0,799.0,800.0,804.0,794.0,786.0,766.0,768.0,766.0,768.0,774.0,801.0,802.0,806.0,801.0,818.0,811.0,816.0,852.0,834.0,847.0,829.0,834.0,849.0,833.0,839.0,841.0,839.0,816.0,827.0,835.0,837.0,853.0,861.0,874.0,878.0,895.0,888.0,886.0,885.0,874.0,880.0,899.0,887.0,885.0,884.0,873.0,861.0,849.0,856.0,848.0,845.0,838.0,830.0,844.0,814.0,835.0,822.0,843.0,834.0,842.0,834.0,810.0,816.0,818.0,820.0,828.0,832.0,850.0,859.0,871.0,882.0,886.0,877.0,865.0,850.0,822.0,804.0,812.0,805.0,790.0,765.0,781.0,760.0,751.0,757.0,745.0,742.0,740.0,740.0,754.0,755.0,749.0,744.0,768.0,763.0,790.0,781.0,764.0,793.0,801.0,797.0,813.0,815.0,821.0,818.0,816.0,809.0,775.0,791.0,798,790.0,803.0,810.0,794.0,796.0,796.0,789.0,772.0,788.0,784.0,809.0,812.0,805.0,820.0,818.0,806.0,815.0,791.0,800.0,798.0,767.0,742.0,746.0,729.0,735.0,729.0,716.0,709.0,705.0,711.0,694.0,697.0,692.0,690.0,690.0,695.0,693.0,689.0,686.0,687.0,698.0,683.0,696.0,695.0,682.0,682.0,684.0,671.0,672.0,686.0,677.0,677.0,676.0,686.0,679.0,687.0,668.0,679.0,678.0,686.0,687.0,679.0,674.0,673.0,678.0,669.0,681.0,677.0,682.0,682.0,680.0,684.0,677.0,674.0,685.0,682.0,687.0,682.0,683.0,691.0,686.0,685.0,677.0,693.0,687.0,687.0,683.0,687.0,689.0,686.0,694.0,682.0,687.0,692.0,691.0,681.0,689.0,691.0,688.0,694.0,676.0,690.0,680.0,680.0
776.0,763.0,783.0,774.0,773.0,774.0,767.0,771.0,755.0,757.0,755.0,762.0,761.0,758.0,753.0,760.0,768.0,761.0,778.0,757.0,758.0,756.0,750.0,761.0,765.0,767.0,760.0,776.0,771.0,784.0,784.0,778.0,764.0,765.0,784.0,768.0,761.0,758.0,767.0,764.0,760.0,749.0,747.0,753.0,741.0,745.0,739.0,741.0,741.0,741.0,753.0,742.0,743.0,751.0,777.0,764.0,741.0,753.0,753.0,760.0,767.0,765.0,751.0,755.0,760.0,763.0,755.0,751.0,775.0,765.0,786.0,794.0,801.0,799.0,796.0,763.0,790.0,805.0,803.0,803.0,788.0,785.0,794.0,817.0,851.0,894.0,852.0,839.0,814.0,815.0,817.0,804.0,828.0,811.0,815.0,824.0,807.0,832.0,793.0,813.0,820.0,847.0,859.0,851.0,831.0,842.0,825.0,827.0,839.0,850.0,858.0,857.0,865.0,851.0,862.0,840.0,851.0,856.0,842.0,844.0,881.0,886.0,860.0,876.0,865.0,873.0,864.0,882.0,857.0,856.0,864.0,870.0,848.0,861.0,876.0,874.0,900.0,950.0,911.0,858.0,839.0,847.0,831.0,839.0,871.0,861.0,871.0,854.0,868.0,847.0,873.0,850.0,869.0,867.0,856.0,876.0,882.0,884.0,888.0,892.0,897.0,883.0,888.0,854.0,878.0,869.0,898.0,879.0,872.0,834.0,807.0,826.0,827.0,845.0,823.0,828.0,808.0,839.0,822.0,817.0,814.0,817.0,820.0,815.0,812.0,862.0,847.0,873.0,871.0,883.0,907.0,897.0,918.0,919.0,911.0,953.0,922.0,923.0,911.0,900.0,922.0,909.0,900.0,922.0,899.0,931.0,927.0,943.0,940.0,962.0,964.0,951.0,985.0,990.0,972.0,958.0,991.0,1004.0,983.0,966.0,952.0,926.0,920.0,906.0,880.0,905.0,890.0,888.0,890.0,899.0,906.0,895.0,896.0,915.0,896.0,891.0,875.0,886.0,902.0,880.0,875.0,897.0,921.0,939.0,961.0,998.0,984.0,977.0,961.0,952.0,911.0,886.0,901.0,843.0,819.0,823.0,791.0,755.0,768.0,750.0,747.0,770.0,772.0,745.0,753.0,754.0,751.0,764.0,776.0,766.0,802.0,781.0,789.0,807.0,804.0,816.0,836.0,843.0,840.0,845.0,833.0,824.0,822.0,815.0,840,825.0,825.0,812.0,822.0,811.0,816.0,806.0,816.0,814.0,836.0,870.0,876.0,895.0,892.0,906.0,888.0,875.0,870.0,830.0,830.0,798.0,800.0,778.0,752.0,729.0,735.0,715.0,723.0,705.0,699.0,704.0,694.0,695.0,691.0,687.0,679.0,688.0,669.0,682.0,686.0,673.0,685.0,679.0,692.0,670.0,687.0,679.0,679.0,668.0,669.0,676.0,670.0,675.0,678.0,664.0,663.0,664.0,665.0,668.0,677.0,663.0,666.0,667.0,663.0,681.0,675.0,669.0,666.0,677.0,677.0,669.0,690.0,677.0,671.0,673.0,675.0,669.0,677.0,668.0,676.0,683.0,680.0,664.0,663.0,671.0,678.0,671.0,670.0,665.0,677.0,671.0,667.0,673.0,679.0,673.0,679.0,667.0,671.0,666.0,657.0,683.0,679.0,671.0,682.0
721.0,709.0,722.0,713.0,712.0,708.0,710.0,713.0,710.0,702.0,706.0,707.0,702.0,710.0,699.0,704.0,723.0,726.0,718.0,711.0,707.0,719.0,708.0,706.0,704.0,720.0,715.0,707.0,697.0,726.0,722.0,714.0,713.0,715.0,713.0,712.0,697.0,703.0,699.0,698.0,690.0,698.0,694.0,697.0,687.0,693.0,685.0,694.0,699.0,705.0,696.0,695.0,690.0,707.0,700.0,696.0,694.0,703.0,696.0,704.0,702.0,705.0,708.0,698.0,702.0,696.0,706.0,704.0,706.0,695.0,730.0,716.0,719.0,722.0,709.0,720.0,720.0,746.0,737.0,731.0,719.0,726.0,724.0,735.0,760.0,766.0,773.0,743.0,739.0,740.0,741.0,734.0,740.0,736.0,733.0,738.0,727.0,742.0,731.0,747.0,749.0,751.0,753.0,782.0,756.0,759.0,746.0,751.0,764.0,759.0,763.0,760.0,772.0,767.0,773.0,746.0,757.0,769.0,776.0,771.0,757.0,773.0,771.0,777.0,777.0,777.0,778.0,778.0,781.0,764.0,772.0,760.0,769.0,764.0,779.0,775.0,806.0,823.0,784.0,762.0,763.0,757.0,762.0,764.0,777.0,783.0,776.0,770.0,778.0,767.0,781.0,776.0,783.0,778.0,781.0,780.0,784.0,782.0,782.0,785.0,787.0,781.0,776.0,784.0,773.0,769.0,782.0,785.0,789.0,765.0,747.0,741.0,763.0,740.0,748.0,746.0,756.0,750.0,743.0,748.0,736.0,732.0,742.0,753.0,739.0,742.0,757.0,777.0,770.0,768.0,776.0,773.0,797.0,804.0,804.0,816.0,786.0,797.0,793.0,801.0,800.0,780.0,795.0,784.0,787.0,791.0,796.0,808.0,821.0,818.0,851.0,838.0,835.0,832.0,822.0,822.0,830.0,850.0,842.0,839.0,816.0,801.0,804.0,810.0,802.0,789.0,794.0,791.0,778.0,787.0,778.0,786.0,787.0,797.0,791.0,783.0,774.0,787.0,782.0,777.0,784.0,784.0,804.0,810.0,840.0,835.0,837.0,833.0,826.0,808.0,792.0,781.0,762.0,759.0,762.0,742.0,722.0,717.0,716.0,721.0,717.0,715.0,707.0,710.0,712.0,713.0,710.0,707.0,716.0,716.0,747.0,734.0,732.0,741.0,753.0,750.0,772.0,785.0,770.0,772.0,781.0,751.0,749.0,735.0,749,752.0,757.0,761.0,756.0,754.0,741.0,746.0,746.0,747.0,751.0,767.0,772.0,776.0,774.0,783.0,774.0,774.0,765.0,755.0,751.0,740.0,719.0,725.0,705.0,702.0,692.0,686.0,681.0,666.0,677.0,681.0,677.0,665.0,672.0,664.0,665.0,673.0,659.0,669.0,663.0,665.0,665.0,650.0,666.0,654.0,666.0,657.0,661.0,657.0,660.0,664.0,656.0,652.0,653.0,650.0,661.0,657.0,648.0,659.0,665.0,658.0,666.0,657.0,657.0,653.0,658.0,653.0,656.0,659.0,659.0,652.0,664.0,653.0,655.0,652.0,653.0,662.0,664.0,657.0,656.0,661.0,664.0,651.0,660.0,666.0,662.0,660.0,659.0,658.0,666.0,666.0,661.0,656.0,655.0,667.0,666.0,661.0,671.0,659.0,658.0,659.0,654.0,656.0,662.0
757.0,749.0,741.0,742.0,744.0,750.0,745.0,720.0,727.0,731.0,738.0,746.0,731.0,726.0,730.0,724.0,735.0,759.0,739.0,719.0,760.0,746.0,725.0,731.0,731.0,735.0,753.0,741.0,733.0,750.0,728.0,732.0,736.0,749.0,734.0,728.0,736.0,736.0,714.0,729.0,721.0,726.0,708.0,724.0,716.0,721.0,709.0,719.0,726.0,719.0,717.0,721.0,724.0,708.0,724.0,716.0,716.0,720.0,721.0,738.0,731.0,743.0,739.0,724.0,742.0,723.0,731.0,734.0,734.0,726.0,737.0,751.0,755.0,756.0,761.0,766.0,763.0,775.0,772.0,768.0,763.0,761.0,760.0,759.0,764.0,792.0,793.0,793.0,770.0,767.0,777.0,770.0,782.0,798.0,792.0,794.0,777.0,790.0,771.0,798.0,783.0,781.0,792.0,810.0,798.0,792.0,795.0,786.0,812.0,797.0,804.0,800.0,809.0,805.0,805.0,797.0,814.0,801.0,822.0,834.0,812.0,814.0,825.0,814.0,821.0,821.0,829.0,809.0,815.0,829.0,823.0,820.0,811.0,825.0,824.0,846.0,852.0,875.0,859.0,812.0,801.0,806.0,815.0,828.0,823.0,819.0,815.0,817.0,811.0,816.0,828.0,799.0,838.0,818.0,818.0,827.0,849.0,837.0,852.0,849.0,843.0,841.0,824.0,829.0,822.0,823.0,857.0,830.0,832.0,809.0,790.0,789.0,792.0,787.0,788.0,789.0,800.0,801.0,798.0,798.0,786.0,791.0,777.0,784.0,787.0,804.0,816.0,809.0,818.0,824.0,839.0,837.0,877.0,870.0,856.0,861.0,868.0,872.0,856.0,847.0,843.0,870.0,834.0,836.0,863.0,842.0,851.0,863.0,866.0,889.0,900.0,918.0,908.0,909.0,898.0,910.0,897.0,913.0,899.0,893.0,881.0,857.0,844.0,860.0,839.0,840.0,839.0,838.0,841.0,834.0,826.0,822.0,825.0,824.0,832.0,829.0,824.0,815.0,822.0,838.0,812.0,824.0,846.0,879.0,886.0,898.0,884.0,869.0,890.0,871.0,852.0,832.0,802.0,807.0,811.0,781.0,767.0,741.0,740.0,741.0,748.0,737.0,740.0,749.0,743.0,749.0,727.0,733.0,743.0,742.0,755.0,768.0,755.0,781.0,781.0,790.0,796.0,807.0,808.0,824.0,806.0,787.0,793.0,776.0,776,792.0,794.0,800.0,803.0,791.0,777.0,779.0,788.0,789.0,789.0,816.0,807.0,828.0,824.0,828.0,824.0,825.0,804.0,824.0,801.0,791.0,750.0,758.0,742.0,720.0,717.0,709.0,703.0,697.0,697.0,689.0,689.0,690.0,675.0,687.0,681.0,676.0,678.0,678.0,679.0,677.0,678.0,678.0,681.0,680.0,674.0,675.0,662.0,663.0,665.0,667.0,668.0,667.0,676.0,668.0,678.0,669.0,657.0,668.0,672.0,672.0,674.0,664.0,671.0,677.0,665.0,673.0,669.0,678.0,671.0,671.0,681.0,665.0,662.0,670.0,665.0,671.0,677.0,678.0,667.0,672.0,681.0,659.0,674.0,669.0,670.0,686.0,665.0,677.0,672.0,669.0,668.0,686.0,675.0,679.0,674.0,678.0,673.0,673.0,673.0,684.0,677.0,667.0,674.0
708.0,705.0,704.0,715.0,696.0,713.0,703.0,690.0,706.0,709.0,709.0,687.0,695.0,686.0,707.0,692.0,705.0,712.0,705.0,691.0,688.0,695.0,704.0,690.0,690.0,692.0,704.0,699.0,697.0,707.0,693.0,705.0,705.0,691.0,699.0,700.0,706.0,693.0,694.0,696.0,691.0,687.0,691.0,686.0,672.0,675.0,670.0,674.0,690.0,685.0,688.0,678.0,680.0,681.0,698.0,690.0,682.0,681.0,690.0,696.0,688.0,694.0,695.0,692.0,687.0,688.0,696.0,690.0,688.0,679.0,706.0,697.0,711.0,706.0,707.0,708.0,709.0,726.0,724.0,713.0,708.0,723.0,703.0,709.0,728.0,742.0,751.0,739.0,720.0,715.0,711.0,720.0,731.0,717.0,718.0,740.0,724.0,727.0,709.0,722.0,724.0,742.0,737.0,750.0,730.0,732.0,721.0,729.0,733.0,730.0,741.0,740.0,754.0,742.0,740.0,725.0,739.0,727.0,742.0,738.0,733.0,756.0,754.0,751.0,746.0,761.0,753.0,751.0,750.0,739.0,741.0,744.0,745.0,740.0,747.0,751.0,783.0,787.0,761.0,737.0,737.0,737.0,740.0,747.0,758.0,751.0,748.0,743.0,744.0,727.0,746.0,741.0,752.0,753.0,746.0,747.0,761.0,751.0,750.0,764.0,764.0,764.0,747.0,737.0,741.0,756.0,755.0,756.0,751.0,739.0,734.0,711.0,720.0,733.0,722.0,715.0,727.0,721.0,721.0,718.0,722.0,722.0,708.0,714.0,735.0,733.0,728.0,745.0,743.0,749.0,750.0,759.0,778.0,764.0,778.0,788.0,765.0,780.0,767.0,780.0,760.0,777.0,773.0,779.0,756.0,779.0,787.0,769.0,783.0,783.0,801.0,799.0,798.0,817.0,799.0,811.0,804.0,811.0,799.0,808.0,782.0,777.0,762.0,771.0,766.0,762.0,756.0,761.0,770.0,752.0,759.0,750.0,763.0,761.0,755.0,760.0,752.0,763.0,755.0,756.0,744.0,744.0,773.0,770.0,799.0,807.0,794.0,809.0,809.0,786.0,767.0,754.0,745.0,740.0,733.0,724.0,720.0,706.0,696.0,687.0,695.0,691.0,694.0,686.0,685.0,697.0,694.0,700.0,707.0,698.0,712.0,709.0,700.0,724.0,733.0,719.0,751.0,746.0,733.0,726.0,738.0,736.0,723.0,730.0,722,730.0,735.0,725.0,722.0,727.0,728.0,732.0,719.0,723.0,740.0,757.0,738.0,769.0,758.0,767.0,758.0,755.0,759.0,750.0,736.0,712.0,703.0,704.0,693.0,698.0,683.0,689.0,664.0,658.0,670.0,670.0,660.0,663.0,659.0,649.0,650.0,663.0,656.0,641.0,650.0,651.0,662.0,649.0,653.0,649.0,650.0,651.0,654.0,647.0,646.0,657.0,653.0,650.0,652.0,647.0,654.0,648.0,646.0,644.0,648.0,637.0,648.0,651.0,642.0,650.0,649.0,646.0,636.0,643.0,644.0,648.0,644.0,656.0,647.0,642.0,654.0,653.0,653.0,650.0,647.0,656.0,640.0,649.0,649.0,651.0,650.0,651.0,651.0,660.0,653.0,651.0,643.0,650.0,649.0,652.0,641.0,652.0,649.0,649.0,657.0,641.0,650.0,655.0,650.0
862.0,869.0,876.0,855.0,864.0,871.0,859.0,846.0,846.0,849.0,850.0,844.0,841.0,828.0,840.0,837.0,851.0,873.0,855.0,850.0,847.0,852.0,841.0,860.0,834.0,860.0,860.0,872.0,869.0,866.0,864.0,872.0,870.0,868.0,842.0,852.0,857.0,846.0,848.0,850.0,825.0,837.0,847.0,849.0,827.0,857.0,844.0,844.0,855.0,868.0,856.0,842.0,861.0,844.0,860.0,862.0,848.0,848.0,859.0,873.0,887.0,868.0,861.0,868.0,860.0,882.0,855.0,867.0,880.0,876.0,895.0,908.0,919.0,908.0,898.0,898.0,959.0,984.0,973.0,938.0,924.0,929.0,921.0,922.0,979.0,1014.0,1016.0,971.0,948.0,932.0,941.0,951.0,967.0,970.0,954.0,969.0,972.0,967.0,973.0,958.0,1006.0,993.0,1028.0,1026.0,1011.0,1008.0,1024.0,1036.0,1020.0,1036.0,1018.0,1020.0,1054.0,1027.0,1035.0,1004.0,1010.0,1033.0,1038.0,1037.0,1059.0,1063.0,1043.0,1061.0,1079.0,1074.0,1087.0,1058.0,1074.0,1051.0,1051.0,1069.0,1056.0,1048.0,1071.0,1089.0,1097.0,1131.0,1111.0,1070.0,1061.0,1041.0,1038.0,1059.0,1056.0,1045.0,1048.0,1060.0,1074.0,1040.0,1060.0,1038.0,1046.0,1065.0,1071.0,1067.0,1085.0,1109.0,1066.0,1088.0,1060.0,1091.0,1045.0,1064.0,1099.0,1090.0,1090.0,1091.0,1095.0,1055.0,1031.0,1041.0,1061.0,1083.0,1082.0,1080.0,1076.0,1039.0,1043.0,1008.0,977.0,972.0,971.0,985.0,1004.0,992.0,1018.0,1033.0,1043.0,1034.0,1041.0,1060.0,1079.0,1088.0,1095.0,1079.0,1108.0,1083.0,1081.0,1094.0,1077.0,1058.0,1048.0,1071.0,1079.0,1082.0,1077.0,1087.0,1114.0,1125.0,1168.0,1162.0,1166.0,1138.0,1139.0,1123.0,1155.0,1169.0,1148.0,1139.0,1121.0,1107.0,1077.0,1088.0,1080.0,1064.0,1056.0,1070.0,1072.0,1038.0,1037.0,1061.0,1069.0,1044.0,1047.0,1057.0,1052.0,1058.0,1061.0,1083.0,1067.0,1049.0,1102.0,1114.0,1153.0,1170.0,1204.0,1165.0,1147.0,1092.0,1067.0,1059.0,1019.0,980.0,972.0,965.0,960.0,922.0,904.0,938.0,951.0,966.0,957.0,939.0,989.0,982.0,952.0,950.0,920.0,930.0,955.0,965.0,962.0,980.0,965.0,990.0,1004.0,1022.0,1016.0,1013.0,1014.0,974.0,979.0,980.0,974,988.0,984.0,981.0,1001.0,962.0,961.0,959.0,956.0,972.0,970.0,1000.0,1018.0,1027.0,1025.0,1041.0,1019.0,1013.0,987.0,977.0,975.0,939.0,915.0,917.0,879.0,887.0,846.0,836.0,827.0,833.0,824.0,817.0,813.0,804.0,808.0,791.0,827.0,792.0,800.0,808.0,800.0,796.0,804.0,785.0,816.0,771.0,804.0,780.0,782.0,781.0,786.0,787.0,777.0,800.0,794.0,784.0,790.0,778.0,779.0,768.0,797.0,783.0,777.0,772.0,771.0,771.0,774.0,797.0,772.0,795.0,786.0,777.0,773.0,794.0,786.0,789.0,796.0,788.0,794.0,785.0,785.0,796.0,791.0,795.0,784.0,804.0,789.0,800.0,799.0,779.0,779.0,802.0,784.0,787.0,806.0,800.0,800.0,781.0,788.0,782.0,778.0,789.0,783.0,773.0,778.0
928.0,912.0,929.0,930.0,913.0,900.0,917.0,926.0,898.0,903.0,881.0,885.0,884.0,882.0,892.0,879.0,906.0,923.0,905.0,883.0,914.0,912.0,907.0,909.0,911.0,909.0,923.0,922.0,919.0,943.0,943.0,924.0,932.0,908.0,932.0,922.0,896.0,913.0,919.0,895.0,884.0,889.0,882.0,897.0,888.0,891.0,882.0,890.0,896.0,903.0,895.0,892.0,904.0,906.0,908.0,903.0,902.0,912.0,918.0,907.0,929.0,932.0,913.0,922.0,940.0,907.0,921.0,930.0,939.0,946.0,982.0,976.0,972.0,996.0,997.0,1009.0,1025.0,1067.0,1049.0,1001.0,992.0,1013.0,1003.0,1020.0,1046.0,1118.0,1096.0,1061.0,1033.0,1019.0,1010.0,1025.0,1032.0,1067.0,1029.0,1083.0,1036.0,1062.0,1068.0,1058.0,1083.0,1098.0,1120.0,1129.0,1104.0,1088.0,1092.0,1088.0,1113.0,1119.0,1147.0,1133.0,1145.0,1140.0,1145.0,1134.0,1149.0,1132.0,1141.0,1149.0,1150.0,1183.0,1163.0,1172.0,1192.0,1192.0,1201.0,1175.0,1161.0,1150.0,1195.0,1165.0,1151.0,1165.0,1190.0,1210.0,1244.0,1271.0,1230.0,1171.0,1142.0,1152.0,1179.0,1171.0,1174.0,1192.0,1157.0,1170.0,1170.0,1170.0,1169.0,1197.0,1184.0,1203.0,1181.0,1198.0,1212.0,1215.0,1206.0,1216.0,1217.0,1205.0,1204.0,1180.0,1212.0,1200.0,1240.0,1269.0,1229.0,1175.0,1135.0,1127.0,1160.0,1154.0,1168.0,1161.0,1160.0,1149.0,1112.0,1097.0,1091.0,1071.0,1067.0,1060.0,1112.0,1128.0,1123.0,1141.0,1122.0,1154.0,1186.0,1174.0,1213.0,1202.0,1214.0,1205.0,1230.0,1227.0,1204.0,1210.0,1207.0,1202.0,1189.0,1223.0,1207.0,1232.0,1241.0,1233.0,1310.0,1287.0,1304.0,1323.0,1323.0,1295.0,1325.0,1312.0,1335.0,1347.0,1336.0,1290.0,1263.0,1233.0,1214.0,1233.0,1193.0,1173.0,1185.0,1213.0,1190.0,1190.0,1182.0,1204.0,1201.0,1189.0,1182.0,1179.0,1178.0,1190.0,1168.0,1185.0,1182.0,1175.0,1253.0,1272.0,1295.0,1323.0,1338.0,1335.0,1281.0,1228.0,1182.0,1145.0,1144.0,1114.0,1076.0,1049.0,1032.0,1006.0,1001.0,989.0,990.0,990.0,1018.0,1027.0,1027.0,1017.0,1001.0,994.0,1040.0,1021.0,1050.0,1088.0,1042.0,1085.0,1101.0,1111.0,1143.0,1128.0,1136.0,1145.0,1131.0,1106.0,1093.0,1073.0,1072,1100.0,1108.0,1081.0,1080.0,1081.0,1058.0,1062.0,1042.0,1069.0,1095.0,1094.0,1106.0,1151.0,1149.0,1151.0,1142.0,1129.0,1102.0,1089.0,1065.0,1035.0,989.0,983.0,954.0,933.0,908.0,890.0,883.0,883.0,870.0,871.0,856.0,865.0,842.0,849.0,870.0,846.0,850.0,846.0,828.0,839.0,825.0,830.0,833.0,827.0,832.0,839.0,839.0,833.0,822.0,823.0,816.0,836.0,824.0,830.0,844.0,830.0,827.0,828.0,822.0,820.0,819.0,829.0,826.0,818.0,811.0,828.0,809.0,840.0,829.0,823.0,825.0,833.0,822.0,820.0,843.0,832.0,837.0,828.0,834.0,819.0,832.0,831.0,822.0,841.0,842.0,850.0,828.0,829.0,842.0,840.0,826.0,824.0,840.0,846.0,844.0,840.0,833.0,849.0,852.0,840.0,844.0,821.0,819.0
846.0,842.0,843.0,844.0,842.0,832.0,834.0,829.0,831.0,818.0,824.0,823.0,823.0,808.0,813.0,827.0,848.0,887.0,863.0,825.0,826.0,819.0,816.0,830.0,830.0,840.0,836.0,843.0,832.0,838.0,832.0,851.0,845.0,839.0,828.0,832.0,816.0,808.0,816.0,818.0,797.0,814.0,812.0,814.0,802.0,817.0,795.0,800.0,811.0,811.0,811.0,809.0,808.0,820.0,834.0,823.0,798.0,815.0,834.0,823.0,826.0,844.0,835.0,809.0,818.0,831.0,830.0,822.0,839.0,818.0,859.0,856.0,850.0,860.0,861.0,860.0,881.0,905.0,914.0,890.0,875.0,875.0,855.0,887.0,919.0,987.0,936.0,916.0,876.0,889.0,881.0,891.0,900.0,902.0,895.0,906.0,892.0,905.0,905.0,917.0,910.0,945.0,946.0,956.0,941.0,924.0,933.0,948.0,953.0,959.0,947.0,968.0,998.0,961.0,973.0,956.0,958.0,964.0,959.0,973.0,976.0,993.0,1009.0,1008.0,987.0,1022.0,992.0,1001.0,991.0,990.0,993.0,975.0,997.0,977.0,1008.0,1008.0,1042.0,1080.0,1057.0,980.0,967.0,961.0,978.0,977.0,1001.0,985.0,969.0,975.0,973.0,979.0,999.0,987.0,1000.0,996.0,1009.0,990.0,1023.0,1036.0,1017.0,1030.0,1006.0,1001.0,1002.0,992.0,1000.0,1019.0,1032.0,1043.0,983.0,970.0,956.0,928.0,947.0,967.0,940.0,933.0,946.0,937.0,950.0,927.0,912.0,902.0,895.0,913.0,942.0,953.0,964.0,964.0,964.0,994.0,1013.0,1027.0,1019.0,1032.0,1052.0,1079.0,1053.0,1065.0,1042.0,1024.0,1030.0,1030.0,1023.0,1045.0,1038.0,1032.0,1053.0,1058.0,1100.0,1107.0,1119.0,1133.0,1133.0,1144.0,1114.0,1140.0,1148.0,1158.0,1126.0,1114.0,1099.0,1074.0,1045.0,1041.0,1012.0,1019.0,1017.0,1007.0,1019.0,1000.0,1001.0,1022.0,1008.0,1005.0,1021.0,1010.0,1015.0,1038.0,1028.0,996.0,1001.0,1032.0,1057.0,1108.0,1141.0,1186.0,1178.0,1160.0,1139.0,1097.0,1036.0,1009.0,984.0,958.0,933.0,925.0,883.0,868.0,858.0,845.0,852.0,850.0,844.0,857.0,863.0,842.0,844.0,850.0,865.0,856.0,867.0,877.0,880.0,906.0,909.0,915.0,954.0,948.0,960.0,956.0,932.0,913.0,923.0,914.0,944,931.0,943.0,938.0,928.0,929.0,922.0,910.0,920.0,920.0,933.0,973.0,976.0,987.0,1018.0,1011.0,1008.0,1008.0,981.0,962.0,932.0,916.0,879.0,863.0,840.0,833.0,814.0,782.0,771.0,771.0,775.0,769.0,769.0,763.0,757.0,749.0,763.0,759.0,736.0,756.0,758.0,757.0,750.0,740.0,730.0,734.0,745.0,741.0,730.0,740.0,735.0,733.0,731.0,730.0,735.0,723.0,732.0,736.0,728.0,732.0,739.0,736.0,724.0,728.0,733.0,739.0,729.0,734.0,722.0,741.0,740.0,730.0,740.0,730.0,741.0,742.0,735.0,743.0,739.0,732.0,731.0,733.0,741.0,730.0,741.0,745.0,743.0,748.0,745.0,733.0,736.0,750.0,740.0,743.0,737.0,739.0,736.0,744.0,737.0,739.0,737.0,735.0,735.0,740.0,741.0
813.0,809.0,823.0,804.0,808.0,798.0,782.0,805.0,794.0,803.0,788.0,816.0,793.0,773.0,795.0,789.0,818.0,849.0,832.0,806.0,811.0,811.0,804.0,782.0,795.0,802.0,818.0,799.0,791.0,804.0,808.0,809.0,799.0,819.0,813.0,805.0,792.0,814.0,800.0,794.0,775.0,804.0,779.0,790.0,783.0,781.0,775.0,790.0,793.0,796.0,810.0,783.0,784.0,804.0,804.0,804.0,807.0,805.0,794.0,784.0,798.0,814.0,811.0,799.0,808.0,804.0,808.0,820.0,809.0,796.0,835.0,833.0,846.0,853.0,839.0,836.0,871.0,887.0,874.0,877.0,837.0,853.0,849.0,855.0,892.0,909.0,916.0,912.0,858.0,850.0,873.0,874.0,873.0,902.0,885.0,873.0,873.0,884.0,857.0,906.0,896.0,919.0,914.0,931.0,915.0,887.0,916.0,919.0,895.0,927.0,939.0,928.0,945.0,920.0,924.0,920.0,943.0,943.0,935.0,968.0,979.0,953.0,955.0,958.0,959.0,967.0,956.0,968.0,973.0,970.0,978.0,950.0,959.0,954.0,966.0,977.0,1001.0,1042.0,1020.0,953.0,951.0,934.0,935.0,963.0,958.0,936.0,958.0,930.0,937.0,967.0,954.0,940.0,973.0,991.0,963.0,964.0,985.0,952.0,968.0,986.0,975.0,964.0,956.0,951.0,955.0,983.0,987.0,994.0,959.0,948.0,922.0,925.0,945.0,942.0,920.0,930.0,941.0,942.0,923.0,895.0,897.0,886.0,891.0,894.0,901.0,930.0,912.0,908.0,913.0,937.0,957.0,962.0,974.0,978.0,976.0,976.0,964.0,978.0,971.0,994.0,962.0,988.0,977.0,965.0,954.0,984.0,986.0,978.0,1040.0,1019.0,1027.0,1058.0,1030.0,1049.0,1038.0,1047.0,1045.0,1076.0,1060.0,1017.0,1008.0,974.0,987.0,978.0,964.0,961.0,939.0,973.0,946.0,961.0,959.0,952.0,943.0,950.0,942.0,943.0,941.0,968.0,971.0,941.0,931.0,948.0,1008.0,999.0,1035.0,1067.0,1056.0,1044.0,1040.0,989.0,967.0,928.0,921.0,894.0,900.0,885.0,876.0,832.0,859.0,826.0,836.0,839.0,848.0,852.0,854.0,857.0,832.0,820.0,839.0,844.0,832.0,868.0,858.0,884.0,894.0,875.0,929.0,901.0,918.0,913.0,917.0,908.0,880.0,887.0,884,891.0,897.0,895.0,909.0,873.0,880.0,866.0,871.0,891.0,902.0,928.0,922.0,953.0,960.0,961.0,949.0,941.0,924.0,910.0,904.0,874.0,846.0,851.0,817.0,825.0,777.0,776.0,785.0,776.0,771.0,775.0,766.0,777.0,740.0,760.0,774.0,755.0,750.0,741.0,749.0,741.0,751.0,748.0,756.0,761.0,756.0,753.0,760.0,768.0,746.0,744.0,746.0,745.0,745.0,751.0,756.0,742.0,735.0,740.0,738.0,730.0,746.0,749.0,758.0,747.0,748.0,739.0,736.0,742.0,737.0,749.0,740.0,746.0,743.0,746.0,739.0,749.0,746.0,753.0,737.0,756.0,758.0,742.0,750.0,737.0,753.0,751.0,752.0,762.0,734.0,749.0,727.0,756.0,736.0,765.0,753.0,738.0,770.0,759.0,746.0,755.0,749.0,751.0,743.0
817.0,822.0,801.0,804.0,809.0,815.0,800.0,800.0,793.0,786.0,790.0,796.0,792.0,784.0,779.0,772.0,807.0,821.0,812.0,791.0,802.0,809.0,790.0,788.0,784.0,797.0,816.0,802.0,806.0,825.0,798.0,807.0,812.0,809.0,810.0,809.0,797.0,800.0,800.0,803.0,791.0,783.0,795.0,789.0,787.0,781.0,766.0,775.0,790.0,791.0,791.0,794.0,787.0,803.0,789.0,791.0,797.0,795.0,812.0,812.0,805.0,808.0,811.0,800.0,813.0,809.0,811.0,817.0,819.0,810.0,828.0,845.0,848.0,859.0,840.0,844.0,875.0,928.0,929.0,878.0,866.0,848.0,872.0,863.0,884.0,932.0,930.0,889.0,871.0,878.0,875.0,879.0,900.0,891.0,895.0,903.0,895.0,903.0,883.0,903.0,919.0,931.0,947.0,942.0,955.0,928.0,933.0,920.0,947.0,944.0,946.0,941.0,967.0,956.0,957.0,929.0,962.0,942.0,960.0,967.0,973.0,998.0,980.0,978.0,992.0,973.0,979.0,984.0,959.0,953.0,991.0,956.0,971.0,963.0,965.0,972.0,1009.0,1046.0,1011.0,972.0,947.0,939.0,951.0,969.0,967.0,976.0,962.0,935.0,961.0,970.0,959.0,943.0,983.0,960.0,968.0,968.0,1004.0,991.0,993.0,995.0,982.0,976.0,980.0,989.0,967.0,983.0,996.0,1011.0,978.0,956.0,924.0,918.0,952.0,928.0,942.0,946.0,928.0,914.0,924.0,904.0,896.0,893.0,894.0,899.0,915.0,928.0,955.0,940.0,944.0,953.0,959.0,977.0,987.0,993.0,986.0,1000.0,976.0,996.0,995.0,993.0,985.0,985.0,971.0,981.0,983.0,990.0,992.0,986.0,1044.0,1047.0,1055.0,1055.0,1073.0,1039.0,1069.0,1049.0,1048.0,1074.0,1075.0,1034.0,1002.0,990.0,993.0,982.0,960.0,965.0,958.0,962.0,966.0,964.0,971.0,977.0,969.0,956.0,958.0,945.0,944.0,947.0,957.0,948.0,961.0,964.0,971.0,1015.0,1037.0,1058.0,1060.0,1042.0,1040.0,975.0,965.0,949.0,906.0,911.0,889.0,866.0,869.0,853.0,838.0,827.0,837.0,853.0,830.0,813.0,840.0,827.0,836.0,829.0,850.0,844.0,854.0,861.0,857.0,891.0,895.0,894.0,947.0,942.0,909.0,929.0,920.0,913.0,881.0,895.0,896,892.0,888.0,890.0,888.0,884.0,880.0,875.0,885.0,893.0,908.0,920.0,916.0,936.0,957.0,935.0,933.0,922.0,907.0,903.0,902.0,874.0,834.0,828.0,825.0,802.0,790.0,771.0,768.0,765.0,767.0,772.0,758.0,749.0,757.0,757.0,757.0,760.0,741.0,743.0,740.0,745.0,745.0,735.0,733.0,724.0,732.0,748.0,742.0,756.0,734.0,730.0,724.0,731.0,749.0,718.0,733.0,738.0,730.0,717.0,740.0,736.0,743.0,730.0,730.0,733.0,734.0,732.0,731.0,741.0,733.0,733.0,742.0,745.0,733.0,731.0,747.0,738.0,736.0,739.0,739.0,742.0,747.0,732.0,748.0,732.0,746.0,745.0,743.0,739.0,755.0,745.0,737.0,739.0,734.0,748.0,735.0,739.0,743.0,742.0,740.0,737.0,749.0,746.0,751.0
777.0,776.0,779.0,784.0,783.0,771.0,771.0,763.0,765.0,749.0,763.0,771.0,764.0,753.0,758.0,763.0,772.0,794.0,768.0,753.0,759.0,764.0,765.0,766.0,765.0,769.0,780.0,762.0,765.0,772.0,772.0,775.0,777.0,766.0,757.0,770.0,757.0,759.0,762.0,754.0,747.0,747.0,757.0,763.0,744.0,750.0,755.0,749.0,749.0,768.0,764.0,749.0,751.0,757.0,760.0,752.0,762.0,772.0,768.0,755.0,771.0,781.0,770.0,777.0,759.0,772.0,775.0,779.0,773.0,775.0,798.0,791.0,799.0,794.0,805.0,804.0,817.0,857.0,851.0,824.0,808.0,795.0,807.0,820.0,842.0,852.0,850.0,841.0,814.0,830.0,835.0,831.0,833.0,852.0,844.0,836.0,822.0,847.0,826.0,849.0,845.0,868.0,872.0,866.0,870.0,868.0,859.0,875.0,862.0,884.0,867.0,872.0,886.0,892.0,887.0,870.0,878.0,883.0,889.0,883.0,897.0,897.0,898.0,886.0,889.0,904.0,902.0,912.0,903.0,908.0,903.0,899.0,881.0,895.0,911.0,916.0,935.0,952.0,916.0,893.0,878.0,882.0,891.0,896.0,904.0,909.0,888.0,875.0,885.0,884.0,891.0,908.0,895.0,896.0,901.0,926.0,927.0,909.0,913.0,915.0,915.0,891.0,911.0,893.0,912.0,927.0,932.0,942.0,940.0,893.0,895.0,867.0,874.0,898.0,870.0,886.0,882.0,890.0,871.0,856.0,837.0,832.0,826.0,848.0,853.0,856.0,860.0,880.0,861.0,895.0,880.0,892.0,920.0,918.0,919.0,924.0,912.0,912.0,928.0,915.0,923.0,904.0,908.0,906.0,896.0,918.0,919.0,936.0,946.0,953.0,968.0,983.0,979.0,955.0,962.0,964.0,964.0,990.0,969.0,969.0,948.0,934.0,925.0,916.0,937.0,909.0,915.0,892.0,909.0,895.0,890.0,895.0,902.0,905.0,885.0,888.0,876.0,888.0,885.0,888.0,868.0,881.0,906.0,932.0,943.0,966.0,978.0,966.0,947.0,937.0,909.0,872.0,867.0,860.0,838.0,828.0,817.0,815.0,807.0,808.0,795.0,810.0,783.0,812.0,809.0,818.0,794.0,789.0,811.0,818.0,843.0,829.0,818.0,857.0,881.0,864.0,893.0,885.0,873.0,892.0,876.0,884.0,847.0,847.0,852,864.0,859.0,867.0,851.0,853.0,836.0,838.0,827.0,856.0,835.0,876.0,858.0,872.0,886.0,870.0,865.0,890.0,847.0,851.0,845.0,833.0,801.0,801.0,786.0,787.0,768.0,755.0,750.0,746.0,749.0,727.0,745.0,735.0,729.0,728.0,733.0,729.0,734.0,730.0,730.0,739.0,733.0,739.0,727.0,710.0,724.0,732.0,714.0,716.0,721.0,726.0,722.0,721.0,725.0,718.0,714.0,708.0,716.0,713.0,732.0,724.0,726.0,715.0,709.0,722.0,722.0,720.0,714.0,727.0,720.0,726.0,721.0,708.0,710.0,721.0,721.0,730.0,719.0,719.0,724.0,724.0,716.0,722.0,729.0,716.0,730.0,731.0,728.0,719.0,712.0,735.0,721.0,727.0,729.0,717.0,732.0,732.0,726.0,740.0,727.0,726.0,721.0,721.0,720.0
804.0,789.0,791.0,795.0,797.0,783.0,790.0,776.0,789.0,775.0,790.0,788.0,789.0,766.0,772.0,783.0,811.0,793.0,781.0,773.0,781.0,799.0,798.0,779.0,787.0,773.0,781.0,800.0,806.0,818.0,791.0,784.0,811.0,793.0,811.0,796.0,782.0,799.0,773.0,779.0,790.0,786.0,775.0,791.0,763.0,777.0,782.0,773.0,766.0,785.0,775.0,780.0,771.0,776.0,782.0,790.0,788.0,786.0,778.0,794.0,794.0,804.0,797.0,798.0,797.0,793.0,789.0,785.0,796.0,813.0,832.0,834.0,827.0,848.0,833.0,824.0,855.0,879.0,904.0,876.0,853.0,843.0,829.0,865.0,880.0,904.0,892.0,893.0,868.0,858.0,852.0,861.0,868.0,863.0,880.0,885.0,861.0,889.0,886.0,900.0,896.0,936.0,920.0,923.0,918.0,903.0,901.0,908.0,924.0,915.0,911.0,929.0,935.0,920.0,949.0,928.0,907.0,929.0,932.0,932.0,943.0,957.0,936.0,955.0,943.0,957.0,936.0,952.0,925.0,939.0,963.0,957.0,940.0,960.0,948.0,962.0,988.0,1021.0,1012.0,951.0,927.0,924.0,937.0,943.0,943.0,936.0,942.0,947.0,935.0,941.0,952.0,927.0,951.0,961.0,945.0,962.0,954.0,980.0,970.0,963.0,983.0,948.0,962.0,948.0,968.0,954.0,989.0,983.0,948.0,928.0,909.0,900.0,913.0,917.0,935.0,925.0,924.0,909.0,898.0,887.0,880.0,883.0,861.0,877.0,899.0,908.0,903.0,919.0,929.0,939.0,952.0,950.0,980.0,952.0,947.0,978.0,962.0,951.0,987.0,970.0,958.0,963.0,948.0,951.0,934.0,949.0,963.0,993.0,981.0,996.0,1008.0,997.0,1018.0,1002.0,996.0,1008.0,1011.0,1018.0,999.0,1008.0,961.0,949.0,960.0,938.0,947.0,942.0,942.0,919.0,904.0,920.0,937.0,923.0,931.0,937.0,927.0,916.0,929.0,906.0,903.0,938.0,927.0,910.0,937.0,973.0,1000.0,1010.0,1017.0,999.0,988.0,965.0,945.0,910.0,907.0,897.0,872.0,866.0,830.0,826.0,832.0,835.0,816.0,821.0,830.0,834.0,821.0,823.0,841.0,816.0,842.0,829.0,848.0,862.0,846.0,871.0,872.0,859.0,925.0,915.0,902.0,914.0,916.0,885.0,882.0,886.0,876,862.0,861.0,889.0,866.0,882.0,873.0,863.0,881.0,873.0,876.0,899.0,913.0,926.0,934.0,942.0,915.0,919.0,879.0,886.0,871.0,844.0,830.0,834.0,792.0,806.0,792.0,765.0,761.0,758.0,758.0,752.0,751.0,766.0,750.0,746.0,749.0,741.0,750.0,745.0,747.0,744.0,737.0,739.0,744.0,737.0,725.0,746.0,728.0,734.0,732.0,739.0,727.0,728.0,738.0,722.0,725.0,746.0,737.0,715.0,744.0,734.0,732.0,732.0,731.0,743.0,738.0,735.0,725.0,728.0,728.0,748.0,731.0,724.0,730.0,740.0,725.0,728.0,739.0,737.0,735.0,755.0,744.0,729.0,751.0,740.0,742.0,734.0,742.0,731.0,745.0,730.0,740.0,732.0,759.0,739.0,737.0,726.0,754.0,746.0,753.0,725.0,743.0,755.0,737.0
749.0,737.0,763.0,746.0,740.0,744.0,732.0,740.0,736.0,731.0,735.0,743.0,731.0,726.0,726.0,737.0,746.0,744.0,759.0,738.0,750.0,753.0,743.0,740.0,735.0,753.0,757.0,748.0,728.0,745.0,751.0,752.0,745.0,745.0,742.0,739.0,732.0,734.0,727.0,733.0,728.0,736.0,728.0,744.0,735.0,729.0,722.0,728.0,748.0,742.0,727.0,738.0,719.0,741.0,750.0,741.0,738.0,740.0,737.0,740.0,756.0,745.0,752.0,740.0,747.0,739.0,754.0,752.0,754.0,745.0,762.0,762.0,768.0,779.0,765.0,789.0,800.0,823.0,813.0,791.0,781.0,789.0,786.0,793.0,821.0,829.0,823.0,805.0,795.0,801.0,801.0,800.0,809.0,812.0,806.0,800.0,804.0,820.0,809.0,817.0,827.0,819.0,822.0,850.0,823.0,828.0,818.0,810.0,829.0,844.0,851.0,842.0,852.0,854.0,854.0,833.0,839.0,854.0,859.0,843.0,854.0,863.0,856.0,849.0,845.0,865.0,860.0,880.0,873.0,862.0,845.0,857.0,856.0,857.0,866.0,879.0,892.0,901.0,880.0,858.0,859.0,841.0,851.0,848.0,866.0,871.0,860.0,840.0,853.0,853.0,850.0,849.0,864.0,871.0,873.0,855.0,869.0,857.0,861.0,871.0,875.0,860.0,852.0,873.0,851.0,867.0,886.0,893.0,885.0,843.0,823.0,844.0,850.0,820.0,840.0,834.0,830.0,851.0,828.0,822.0,796.0,800.0,819.0,807.0,801.0,826.0,831.0,836.0,830.0,845.0,848.0,851.0,851.0,863.0,862.0,878.0,858.0,854.0,854.0,853.0,862.0,859.0,851.0,845.0,844.0,857.0,855.0,862.0,893.0,889.0,909.0,904.0,903.0,901.0,886.0,894.0,892.0,915.0,902.0,907.0,879.0,867.0,864.0,872.0,852.0,847.0,848.0,858.0,845.0,835.0,840.0,842.0,844.0,858.0,837.0,850.0,830.0,836.0,838.0,831.0,828.0,842.0,848.0,854.0,893.0,894.0,896.0,879.0,872.0,847.0,840.0,830.0,823.0,811.0,814.0,797.0,787.0,766.0,762.0,771.0,769.0,782.0,775.0,778.0,772.0,772.0,771.0,767.0,781.0,772.0,795.0,791.0,791.0,799.0,816.0,809.0,839.0,836.0,834.0,842.0,855.0,834.0,808.0,786.0,810,796.0,807.0,807.0,802.0,810.0,788.0,798.0,799.0,803.0,794.0,815.0,819.0,827.0,819.0,846.0,833.0,823.0,816.0,804.0,793.0,789.0,769.0,769.0,758.0,752.0,738.0,722.0,725.0,714.0,728.0,729.0,723.0,708.0,709.0,708.0,718.0,710.0,707.0,717.0,716.0,716.0,709.0,712.0,714.0,716.0,714.0,706.0,708.0,704.0,705.0,711.0,706.0,701.0,701.0,710.0,698.0,705.0,694.0,703.0,709.0,704.0,709.0,704.0,698.0,697.0,704.0,710.0,692.0,710.0,715.0,698.0,704.0,703.0,707.0,703.0,703.0,711.0,711.0,707.0,710.0,705.0,713.0,703.0,707.0,716.0,710.0,710.0,710.0,710.0,716.0,710.0,714.0,702.0,707.0,716.0,720.0,709.0,718.0,714.0,719.0,716.0,712.0,707.0,704.0
762.0,762.0,756.0,752.0,777.0,766.0,767.0,755.0,742.0,736.0,755.0,749.0,742.0,752.0,764.0,745.0,753.0,766.0,759.0,756.0,754.0,763.0,740.0,764.0,736.0,749.0,750.0,755.0,749.0,766.0,768.0,745.0,762.0,758.0,762.0,759.0,752.0,755.0,758.0,743.0,750.0,738.0,725.0,750.0,741.0,735.0,720.0,735.0,743.0,746.0,728.0,737.0,736.0,742.0,750.0,758.0,744.0,756.0,743.0,757.0,755.0,785.0,756.0,756.0,758.0,751.0,755.0,751.0,747.0,759.0,771.0,773.0,788.0,770.0,788.0,796.0,805.0,839.0,829.0,801.0,789.0,802.0,789.0,791.0,816.0,831.0,835.0,819.0,803.0,796.0,805.0,819.0,819.0,816.0,835.0,833.0,820.0,819.0,812.0,834.0,835.0,838.0,844.0,850.0,841.0,837.0,838.0,829.0,852.0,863.0,860.0,851.0,867.0,858.0,843.0,867.0,843.0,860.0,858.0,877.0,865.0,852.0,879.0,885.0,866.0,877.0,881.0,886.0,867.0,881.0,870.0,878.0,853.0,866.0,885.0,883.0,915.0,927.0,903.0,877.0,862.0,867.0,859.0,883.0,865.0,865.0,869.0,850.0,868.0,879.0,863.0,865.0,888.0,867.0,878.0,879.0,868.0,869.0,888.0,884.0,868.0,879.0,876.0,873.0,882.0,866.0,921.0,907.0,902.0,864.0,853.0,836.0,835.0,842.0,846.0,841.0,849.0,838.0,837.0,833.0,830.0,826.0,837.0,819.0,814.0,848.0,859.0,838.0,841.0,876.0,863.0,863.0,904.0,887.0,874.0,881.0,893.0,905.0,901.0,882.0,874.0,888.0,874.0,896.0,877.0,870.0,878.0,890.0,924.0,900.0,933.0,951.0,941.0,924.0,940.0,925.0,931.0,938.0,953.0,939.0,906.0,892.0,906.0,890.0,865.0,882.0,853.0,854.0,856.0,866.0,867.0,869.0,863.0,871.0,864.0,845.0,847.0,851.0,859.0,855.0,841.0,839.0,884.0,892.0,909.0,932.0,921.0,931.0,915.0,886.0,873.0,854.0,835.0,831.0,845.0,809.0,796.0,787.0,789.0,853.0,798.0,788.0,778.0,771.0,775.0,786.0,767.0,777.0,784.0,786.0,787.0,803.0,803.0,802.0,823.0,814.0,842.0,842.0,850.0,854.0,870.0,823.0,810.0,814.0,813,819.0,829.0,831.0,808.0,808.0,807.0,810.0,815.0,809.0,841.0,844.0,841.0,873.0,849.0,854.0,861.0,846.0,848.0,836.0,810.0,810.0,789.0,788.0,765.0,743.0,747.0,734.0,724.0,729.0,723.0,718.0,723.0,715.0,705.0,715.0,729.0,710.0,699.0,708.0,714.0,712.0,718.0,710.0,716.0,710.0,714.0,701.0,698.0,691.0,699.0,695.0,699.0,685.0,699.0,698.0,706.0,696.0,686.0,695.0,705.0,709.0,700.0,695.0,711.0,700.0,695.0,711.0,694.0,701.0,700.0,703.0,711.0,700.0,699.0,694.0,690.0,701.0,704.0,703.0,695.0,704.0,698.0,693.0,711.0,710.0,706.0,704.0,700.0,699.0,708.0,703.0,698.0,702.0,696.0,719.0,712.0,703.0,714.0,710.0,700.0,712.0,708.0,711.0,708.0
703.0,694.0,703.0,706.0,700.0,704.0,700.0,681.0,690.0,694.0,699.0,683.0,685.0,678.0,691.0,678.0,697.0,703.0,693.0,672.0,689.0,690.0,682.0,677.0,690.0,685.0,682.0,690.0,687.0,702.0,690.0,687.0,686.0,682.0,687.0,680.0,681.0,679.0,678.0,678.0,676.0,673.0,678.0,676.0,670.0,671.0,668.0,662.0,677.0,670.0,674.0,667.0,668.0,677.0,677.0,670.0,675.0,663.0,676.0,685.0,673.0,693.0,681.0,675.0,669.0,667.0,673.0,670.0,678.0,666.0,683.0,695.0,689.0,690.0,698.0,684.0,685.0,702.0,691.0,690.0,697.0,687.0,689.0,689.0,722.0,732.0,726.0,721.0,699.0,698.0,693.0,702.0,705.0,705.0,702.0,707.0,688.0,702.0,691.0,708.0,704.0,722.0,714.0,728.0,711.0,708.0,713.0,698.0,709.0,730.0,710.0,701.0,720.0,722.0,721.0,702.0,715.0,714.0,723.0,714.0,718.0,738.0,716.0,730.0,716.0,725.0,713.0,729.0,706.0,719.0,715.0,708.0,718.0,728.0,716.0,726.0,741.0,750.0,741.0,718.0,715.0,714.0,721.0,718.0,718.0,711.0,722.0,724.0,719.0,722.0,712.0,709.0,720.0,731.0,728.0,733.0,739.0,724.0,738.0,743.0,727.0,731.0,731.0,724.0,729.0,725.0,727.0,727.0,723.0,706.0,694.0,699.0,695.0,693.0,694.0,703.0,707.0,692.0,710.0,705.0,689.0,686.0,691.0,700.0,693.0,709.0,718.0,725.0,718.0,717.0,728.0,736.0,760.0,739.0,770.0,755.0,753.0,752.0,760.0,743.0,746.0,741.0,753.0,736.0,735.0,753.0,762.0,732.0,769.0,769.0,782.0,774.0,789.0,785.0,785.0,771.0,789.0,770.0,780.0,770.0,767.0,750.0,757.0,746.0,724.0,735.0,735.0,743.0,751.0,742.0,740.0,744.0,739.0,744.0,743.0,723.0,734.0,734.0,746.0,735.0,736.0,727.0,748.0,751.0,779.0,798.0,777.0,768.0,789.0,773.0,764.0,730.0,723.0,716.0,721.0,714.0,688.0,687.0,676.0,666.0,680.0,669.0,683.0,662.0,673.0,676.0,676.0,676.0,691.0,677.0,691.0,692.0,688.0,692.0,713.0,687.0,719.0,718.0,727.0,705.0,705.0,714.0,701.0,697.0,707,695.0,706.0,705.0,704.0,712.0,710.0,706.0,689.0,713.0,699.0,728.0,735.0,742.0,747.0,742.0,726.0,731.0,713.0,729.0,722.0,698.0,684.0,685.0,669.0,687.0,662.0,664.0,649.0,654.0,647.0,648.0,645.0,643.0,646.0,638.0,642.0,652.0,640.0,635.0,633.0,636.0,637.0,641.0,638.0,636.0,634.0,633.0,639.0,639.0,633.0,640.0,624.0,638.0,635.0,634.0,631.0,636.0,637.0,632.0,634.0,631.0,632.0,620.0,621.0,630.0,633.0,637.0,622.0,635.0,643.0,620.0,648.0,637.0,642.0,639.0,638.0,631.0,645.0,626.0,634.0,634.0,632.0,632.0,633.0,627.0,629.0,633.0,634.0,633.0,632.0,630.0,626.0,627.0,634.0,642.0,632.0,633.0,633.0,634.0,634.0,627.0,634.0,637.0,626.0
