402.1287,406.6808,411.2303,415.7773,420.3218,424.8639,429.4034,433.9404,438.4749,443.0069,447.5365,452.0635,456.5881,461.1101,465.6297,470.1469,474.6615,479.1736,483.6833,488.1905,492.6953,497.1975,501.6973,506.1946,510.6895,515.1819,519.6719,524.1594,528.6445,533.1271,537.6072,542.085,546.5602,551.033,555.5034,559.9714,564.4369,568.9,573.3607,577.8188,582.2747,586.728,591.179,595.6276,600.0737,604.5174,608.9587,613.3976,617.834,622.2681,626.6998,631.129,635.5559,639.9803,644.4024,648.8221,653.2394,657.6543,662.0668,666.4769,670.8846,675.29,679.693,684.0936,688.4918,692.8877,697.2812,701.6723,706.061,710.4474,714.8315,719.2131,723.5925,727.9694,732.3441,736.7163,741.0862,745.4538,749.819,754.1819,758.5424,762.9006,767.2565,771.61,775.9612,780.3101,784.6566,789.0008,793.3427,797.6823,802.0195,806.3544,810.687,815.0173,819.3453,823.671,827.9944,832.3154,836.6342,840.9507,845.2648,849.5767,853.8863,858.1935,862.4985,866.8013,871.1017,875.3998,879.6956,883.9892,888.2805,892.5695,896.8563,901.1407,905.4229,909.7028,913.9805,918.2559,922.529,926.7999,931.0685,935.3348,939.5989,943.8608,948.1204,952.3777,956.6329,960.8857,965.1364,969.3847,973.6309,977.8748,982.1164,986.3558,990.5931,994.8281,999.0608,1003.291,1007.52,1011.746,1015.97,1020.191,1024.411,1028.628,1032.843,1037.056,1041.266,1045.475,1049.681,1053.885,1058.087,1062.286,1066.484,1070.679,1074.872,1079.063,1083.251,1087.438,1091.622,1095.804,1099.984,1104.162,1108.337,1112.51,1116.682,1120.851,1125.018,1129.182,1133.345,1137.505,1141.663,1145.819,1149.973,1154.125,1158.275,1162.422,1166.567,1170.71,1174.851,1178.99,1183.127,1187.261,1191.394,1195.524,1199.652,1203.778,1207.902,1212.024,1216.144,1220.261,1224.377,1228.49,1232.601,1236.71,1240.817,1244.922,1249.024,1253.125,1257.223,1261.32,1265.414,1269.506,1273.596,1277.684,1281.77,1285.854,1289.935,1294.015,1298.092,1302.168,1306.241,1310.312,1314.381,1318.448,1322.513,1326.576,1330.637,1334.696,1338.753,1342.807,1346.86,1350.91,1354.959,1359.005,1363.049,1367.091,1371.132,1375.17,1379.206,1383.24,1387.272,1391.302,1395.329,1399.355,1403.379,1407.401,1411.42,1415.438,1419.454,1423.467,1427.479,1431.488,1435.496,1439.501,1443.505,1447.506,1451.505,1455.503,1459.498,1463.491,1467.483,1471.472,1475.459,1479.444,1483.428,1487.409,1491.388,1495.365,1499.341,1503.314,1507.285,1511.255,1515.222,1519.187,1523.15,1527.112,1531.071,1535.028,1538.983,1542.937,1546.888,1550.838,1554.785,1558.73,1562.674,1566.615,1570.555,1574.492,1578.428,1582.361,1586.293,1590.223,1594.15,1598.076,1602,1605.922,1609.842,1613.76,1617.676,1621.59,1625.502,1629.412,1633.32,1637.226,1641.131,1645.033,1648.933,1652.832,1656.729,1660.623,1664.516,1668.407,1672.295,1676.182,1680.067,1683.95,1687.832,1691.711,1695.588,1699.463,1703.337,1707.208,1711.078,1714.946,1718.812,1722.676,1726.538,1730.398,1734.256,1738.112,1741.967,1745.819,1749.67,1753.519,1757.365,1761.21,1765.053,1768.895,1772.734,1776.571,1780.407,1784.24,1788.072,1791.902,1795.73,1799.556,1803.38,1807.203,1811.023,1814.842,1818.659,1822.474,1826.287,1830.098,1833.907,1837.715,1841.52,1845.324,1849.126,1852.926,1856.724,1860.521,1864.315,1868.108,1871.899,1875.688,1879.475,1883.26,1887.043,1890.825,1894.605,1898.383,1902.159,1905.933,1909.705,1913.476,1917.245,1921.012,1924.777,1928.54,1932.302,1936.061,1939.819,1943.575,1947.33,1951.082,1954.833,1958.581,1962.328,1966.073,1969.817,1973.558,1977.298,1981.036,1984.772,1988.507,1992.239,1995.97,1999.699
686.0,684.0,685.0,685.0,678.0,673.0,681.0,684.0,682.0,670.0,674.0,679.0,685.0,679.0,669.0,680.0,666.0,695.0,680.0,671.0,667.0,678.0,670.0,676.0,671.0,661.0,688.0,673.0,673.0,683.0,677.0,675.0,684.0,680.0,669.0,669.0,670.0,663.0,676.0,665.0,674.0,675.0,666.0,667.0,673.0,668.0,670.0,668.0,665.0,677.0,666.0,661.0,665.0,673.0,681.0,684.0,661.0,678.0,676.0,670.0,669.0,679.0,673.0,670.0,667.0,670.0,661.0,677.0,679.0,663.0,681.0,674.0,687.0,677.0,686.0,692.0,686.0,686.0,686.0,692.0,682.0,679.0,689.0,689.0,686.0,698.0,693.0,707.0,683.0,690.0,688.0,686.0,706.0,693.0,693.0,692.0,688.0,694.0,689.0,688.0,699.0,701.0,695.0,702.0,687.0,696.0,690.0,700.0,688.0,707.0,713.0,697.0,698.0,710.0,696.0,691.0,703.0,704.0,713.0,709.0,708.0,710.0,705.0,716.0,707.0,713.0,712.0,708.0,706.0,710.0,711.0,710.0,715.0,703.0,721.0,716.0,721.0,739.0,732.0,712.0,724.0,708.0,714.0,707.0,712.0,713.0,711.0,714.0,714.0,719.0,723.0,713.0,720.0,726.0,722.0,727.0,738.0,737.0,739.0,737.0,726.0,733.0,724.0,720.0,721.0,722.0,745.0,728.0,733.0,714.0,712.0,707.0,718.0,705.0,702.0,713.0,722.0,706.0,721.0,710.0,715.0,707.0,702.0,714.0,711.0,729.0,709.0,718.0,719.0,725.0,735.0,730.0,756.0,749.0,736.0,756.0,748.0,753.0,741.0,747.0,748.0,746.0,747.0,746.0,733.0,738.0,744.0,741.0,759.0,744.0,763.0,761.0,773.0,763.0,753.0,756.0,782.0,769.0,758.0,781.0,755.0,744.0,726.0,730.0,731.0,739.0,733.0,735.0,721.0,724.0,712.0,718.0,721.0,712.0,717.0,708.0,710.0,708.0,720.0,710.0,704.0,724.0,728.0,731.0,745.0,750.0,755.0,742.0,741.0,740.0,730.0,726.0,722.0,710.0,712.0,701.0,698.0,686.0,691.0,683.0,682.0,680.0,683.0,669.0,688.0,683.0,674.0,670.0,692.0,682.0,695.0,694.0,681.0,698.0,706.0,691.0,719.0,704.0,697.0,716.0,719.0,702.0,704.0,698.0,708,699.0,688.0,685.0,700.0,697.0,699.0,698.0,698.0,711.0,705.0,717.0,709.0,722.0,711.0,724.0,721.0,729.0,707.0,710.0,714.0,691.0,695.0,681.0,688.0,672.0,669.0,671.0,670.0,659.0,664.0,664.0,658.0,655.0,658.0,661.0,656.0,653.0,652.0,652.0,654.0,654.0,642.0,646.0,658.0,642.0,647.0,661.0,649.0,653.0,650.0,645.0,654.0,656.0,644.0,651.0,649.0,654.0,646.0,640.0,652.0,646.0,641.0,650.0,649.0,642.0,646.0,653.0,649.0,654.0,640.0,642.0,650.0,645.0,650.0,654.0,645.0,647.0,654.0,640.0,646.0,648.0,646.0,653.0,651.0,636.0,651.0,641.0,643.0,651.0,643.0,650.0,639.0,650.0,642.0,639.0,641.0,642.0,639.0,648.0,642.0,639.0,643.0,655.0,640.0
663.0,670.0,666.0,664.0,670.0,664.0,676.0,663.0,659.0,657.0,664.0,658.0,645.0,660.0,660.0,664.0,659.0,673.0,665.0,652.0,658.0,660.0,654.0,653.0,647.0,661.0,666.0,654.0,650.0,655.0,655.0,657.0,657.0,663.0,665.0,656.0,661.0,654.0,655.0,654.0,663.0,643.0,648.0,654.0,657.0,654.0,654.0,648.0,651.0,654.0,643.0,649.0,644.0,654.0,663.0,655.0,659.0,651.0,651.0,657.0,663.0,670.0,653.0,660.0,658.0,659.0,648.0,648.0,657.0,659.0,667.0,661.0,666.0,661.0,663.0,668.0,670.0,677.0,668.0,671.0,668.0,669.0,666.0,660.0,668.0,679.0,681.0,688.0,677.0,668.0,670.0,676.0,666.0,674.0,683.0,677.0,660.0,686.0,666.0,669.0,679.0,675.0,677.0,672.0,678.0,672.0,673.0,682.0,682.0,690.0,678.0,684.0,681.0,689.0,686.0,667.0,691.0,680.0,685.0,683.0,679.0,694.0,684.0,687.0,690.0,686.0,683.0,676.0,679.0,693.0,686.0,686.0,703.0,682.0,690.0,695.0,702.0,724.0,721.0,700.0,689.0,691.0,692.0,688.0,685.0,695.0,694.0,692.0,704.0,685.0,694.0,693.0,698.0,699.0,706.0,692.0,711.0,700.0,710.0,702.0,701.0,707.0,707.0,708.0,703.0,708.0,710.0,706.0,708.0,690.0,694.0,689.0,695.0,690.0,696.0,694.0,697.0,695.0,692.0,696.0,692.0,690.0,691.0,683.0,684.0,708.0,698.0,705.0,699.0,702.0,712.0,712.0,729.0,714.0,724.0,732.0,729.0,716.0,726.0,718.0,719.0,714.0,709.0,724.0,712.0,718.0,711.0,714.0,730.0,737.0,716.0,733.0,723.0,739.0,734.0,739.0,726.0,726.0,716.0,730.0,730.0,729.0,721.0,706.0,710.0,698.0,699.0,702.0,693.0,693.0,683.0,701.0,690.0,693.0,703.0,695.0,679.0,691.0,698.0,690.0,702.0,692.0,697.0,698.0,726.0,711.0,721.0,720.0,715.0,706.0,710.0,692.0,699.0,687.0,682.0,684.0,681.0,665.0,663.0,666.0,659.0,665.0,668.0,665.0,671.0,665.0,660.0,657.0,675.0,668.0,677.0,674.0,670.0,684.0,681.0,684.0,695.0,684.0,693.0,698.0,690.0,684.0,688.0,677.0,673,684.0,687.0,674.0,679.0,680.0,685.0,678.0,676.0,682.0,679.0,696.0,675.0,695.0,696.0,698.0,694.0,692.0,677.0,701.0,690.0,681.0,677.0,668.0,651.0,650.0,650.0,647.0,648.0,647.0,648.0,647.0,651.0,646.0,645.0,647.0,644.0,638.0,640.0,641.0,646.0,637.0,637.0,644.0,638.0,643.0,634.0,637.0,633.0,632.0,643.0,640.0,632.0,647.0,628.0,638.0,632.0,636.0,633.0,633.0,635.0,636.0,627.0,634.0,632.0,643.0,633.0,643.0,634.0,638.0,638.0,624.0,641.0,631.0,635.0,632.0,642.0,631.0,636.0,636.0,633.0,634.0,646.0,627.0,640.0,634.0,633.0,639.0,637.0,634.0,635.0,631.0,625.0,635.0,633.0,629.0,635.0,631.0,639.0,632.0,631.0,639.0,630.0,631.0,631.0
666.0,671.0,668.0,665.0,672.0,662.0,661.0,659.0,659.0,656.0,669.0,672.0,664.0,656.0,671.0,659.0,664.0,691.0,674.0,665.0,656.0,667.0,662.0,663.0,658.0,665.0,660.0,656.0,662.0,666.0,658.0,657.0,658.0,660.0,664.0,660.0,654.0,654.0,656.0,665.0,664.0,663.0,655.0,655.0,648.0,654.0,651.0,653.0,652.0,657.0,654.0,667.0,657.0,656.0,652.0,655.0,653.0,655.0,654.0,660.0,658.0,664.0,655.0,665.0,660.0,653.0,657.0,657.0,659.0,657.0,680.0,677.0,667.0,664.0,669.0,675.0,671.0,686.0,677.0,675.0,674.0,674.0,666.0,667.0,672.0,678.0,687.0,683.0,680.0,677.0,668.0,680.0,684.0,686.0,679.0,684.0,674.0,693.0,675.0,682.0,682.0,680.0,690.0,685.0,687.0,687.0,678.0,673.0,668.0,691.0,682.0,681.0,688.0,682.0,691.0,670.0,692.0,699.0,698.0,686.0,689.0,681.0,697.0,690.0,693.0,693.0,693.0,692.0,703.0,693.0,686.0,692.0,705.0,690.0,692.0,700.0,712.0,736.0,730.0,701.0,687.0,697.0,705.0,697.0,696.0,706.0,705.0,688.0,697.0,697.0,707.0,705.0,711.0,715.0,706.0,710.0,714.0,713.0,721.0,710.0,718.0,714.0,710.0,709.0,704.0,714.0,726.0,712.0,720.0,708.0,689.0,692.0,703.0,702.0,696.0,706.0,701.0,714.0,699.0,704.0,699.0,694.0,704.0,700.0,704.0,703.0,722.0,719.0,709.0,722.0,714.0,736.0,740.0,735.0,727.0,745.0,724.0,728.0,733.0,731.0,735.0,733.0,721.0,733.0,732.0,716.0,731.0,728.0,736.0,735.0,748.0,749.0,757.0,747.0,750.0,735.0,741.0,746.0,755.0,750.0,739.0,724.0,724.0,732.0,715.0,716.0,715.0,704.0,711.0,705.0,710.0,702.0,702.0,702.0,714.0,692.0,689.0,701.0,693.0,694.0,698.0,697.0,706.0,727.0,723.0,734.0,732.0,737.0,738.0,726.0,715.0,711.0,699.0,713.0,707.0,689.0,689.0,678.0,678.0,669.0,665.0,675.0,668.0,675.0,676.0,676.0,665.0,664.0,681.0,675.0,673.0,682.0,673.0,687.0,691.0,684.0,700.0,706.0,703.0,703.0,696.0,696.0,685.0,687.0,692,693.0,685.0,690.0,694.0,686.0,692.0,679.0,681.0,683.0,689.0,713.0,695.0,704.0,706.0,709.0,709.0,712.0,694.0,707.0,695.0,688.0,674.0,686.0,668.0,667.0,663.0,661.0,646.0,642.0,656.0,655.0,647.0,659.0,640.0,645.0,652.0,641.0,648.0,642.0,645.0,648.0,644.0,638.0,654.0,638.0,642.0,638.0,638.0,645.0,633.0,635.0,644.0,638.0,637.0,633.0,632.0,644.0,640.0,633.0,645.0,635.0,639.0,632.0,639.0,641.0,638.0,646.0,634.0,638.0,639.0,634.0,636.0,641.0,634.0,635.0,640.0,636.0,641.0,637.0,638.0,635.0,638.0,628.0,635.0,641.0,645.0,650.0,644.0,638.0,648.0,643.0,639.0,635.0,631.0,636.0,631.0,628.0,639.0,641.0,635.0,634.0,628.0,632.0,634.0
664.0,684.0,661.0,667.0,685.0,677.0,678.0,678.0,660.0,663.0,673.0,683.0,671.0,654.0,657.0,674.0,679.0,673.0,677.0,666.0,669.0,660.0,675.0,672.0,666.0,666.0,672.0,671.0,671.0,676.0,683.0,669.0,678.0,673.0,685.0,676.0,676.0,668.0,677.0,669.0,679.0,670.0,669.0,676.0,672.0,656.0,661.0,661.0,663.0,666.0,656.0,665.0,653.0,670.0,667.0,672.0,664.0,651.0,672.0,664.0,665.0,686.0,676.0,665.0,666.0,672.0,664.0,671.0,674.0,662.0,678.0,681.0,688.0,688.0,674.0,683.0,678.0,686.0,696.0,694.0,678.0,690.0,691.0,693.0,685.0,684.0,720.0,702.0,676.0,679.0,681.0,697.0,701.0,705.0,704.0,685.0,693.0,701.0,696.0,688.0,696.0,689.0,690.0,717.0,693.0,695.0,683.0,688.0,693.0,706.0,707.0,712.0,714.0,700.0,708.0,708.0,702.0,722.0,710.0,704.0,700.0,720.0,713.0,704.0,708.0,718.0,724.0,703.0,713.0,717.0,713.0,727.0,723.0,704.0,716.0,720.0,734.0,757.0,746.0,737.0,719.0,703.0,721.0,718.0,718.0,717.0,718.0,704.0,707.0,712.0,730.0,725.0,731.0,734.0,735.0,724.0,723.0,739.0,743.0,752.0,740.0,740.0,718.0,726.0,727.0,725.0,736.0,748.0,747.0,730.0,712.0,724.0,723.0,722.0,726.0,715.0,718.0,727.0,721.0,733.0,709.0,717.0,706.0,711.0,724.0,733.0,730.0,737.0,738.0,744.0,737.0,754.0,756.0,763.0,755.0,763.0,766.0,770.0,755.0,753.0,768.0,748.0,720.0,739.0,751.0,740.0,753.0,733.0,763.0,769.0,778.0,769.0,785.0,772.0,772.0,778.0,770.0,771.0,767.0,785.0,764.0,751.0,756.0,750.0,738.0,738.0,726.0,726.0,740.0,712.0,727.0,717.0,719.0,735.0,721.0,719.0,704.0,725.0,716.0,711.0,721.0,727.0,731.0,748.0,750.0,764.0,748.0,762.0,755.0,742.0,748.0,749.0,730.0,721.0,720.0,698.0,704.0,685.0,690.0,675.0,673.0,690.0,684.0,684.0,671.0,686.0,674.0,682.0,682.0,672.0,695.0,670.0,693.0,707.0,691.0,705.0,718.0,720.0,730.0,719.0,716.0,710.0,714.0,700.0,706,705.0,697.0,698.0,717.0,712.0,698.0,697.0,702.0,698.0,699.0,719.0,739.0,745.0,720.0,718.0,715.0,704.0,721.0,709.0,713.0,720.0,706.0,692.0,672.0,672.0,675.0,657.0,652.0,657.0,654.0,660.0,652.0,650.0,653.0,658.0,654.0,658.0,652.0,653.0,647.0,646.0,643.0,654.0,647.0,656.0,646.0,649.0,636.0,641.0,647.0,637.0,639.0,646.0,645.0,636.0,640.0,642.0,639.0,637.0,643.0,639.0,650.0,635.0,637.0,641.0,631.0,643.0,643.0,645.0,649.0,634.0,634.0,663.0,644.0,638.0,640.0,645.0,642.0,639.0,648.0,644.0,642.0,643.0,642.0,633.0,645.0,639.0,640.0,640.0,642.0,646.0,635.0,637.0,645.0,631.0,634.0,640.0,633.0,649.0,638.0,641.0,639.0,632.0,638.0
646.0,666.0,662.0,661.0,660.0,661.0,654.0,660.0,654.0,643.0,649.0,653.0,648.0,651.0,651.0,642.0,663.0,675.0,672.0,652.0,653.0,663.0,652.0,648.0,657.0,652.0,661.0,652.0,652.0,656.0,652.0,651.0,657.0,657.0,653.0,648.0,658.0,648.0,660.0,648.0,646.0,656.0,652.0,647.0,640.0,649.0,643.0,650.0,646.0,651.0,646.0,647.0,641.0,644.0,653.0,651.0,651.0,645.0,656.0,642.0,651.0,660.0,647.0,643.0,653.0,645.0,648.0,651.0,656.0,650.0,664.0,659.0,655.0,657.0,654.0,665.0,655.0,664.0,675.0,667.0,665.0,668.0,669.0,664.0,656.0,663.0,670.0,678.0,660.0,659.0,665.0,672.0,675.0,672.0,668.0,674.0,660.0,678.0,658.0,662.0,677.0,667.0,678.0,681.0,670.0,662.0,668.0,671.0,681.0,675.0,678.0,673.0,671.0,673.0,677.0,668.0,677.0,677.0,678.0,682.0,675.0,674.0,678.0,670.0,679.0,680.0,671.0,680.0,685.0,683.0,678.0,684.0,689.0,683.0,686.0,685.0,689.0,710.0,697.0,694.0,678.0,676.0,689.0,682.0,678.0,681.0,686.0,678.0,690.0,683.0,696.0,677.0,682.0,694.0,688.0,699.0,696.0,692.0,704.0,696.0,699.0,683.0,687.0,701.0,687.0,691.0,693.0,701.0,698.0,679.0,677.0,675.0,679.0,680.0,687.0,687.0,696.0,681.0,691.0,700.0,672.0,676.0,667.0,673.0,685.0,695.0,689.0,690.0,705.0,689.0,710.0,698.0,710.0,718.0,704.0,722.0,704.0,713.0,698.0,705.0,712.0,712.0,700.0,696.0,695.0,704.0,707.0,705.0,718.0,722.0,719.0,709.0,721.0,716.0,717.0,712.0,721.0,729.0,727.0,726.0,717.0,700.0,709.0,701.0,698.0,703.0,685.0,687.0,702.0,682.0,687.0,680.0,670.0,692.0,695.0,678.0,683.0,680.0,677.0,676.0,687.0,680.0,696.0,701.0,703.0,707.0,721.0,689.0,717.0,697.0,695.0,694.0,683.0,692.0,678.0,682.0,672.0,669.0,662.0,651.0,652.0,662.0,654.0,652.0,663.0,657.0,659.0,646.0,670.0,658.0,664.0,667.0,668.0,679.0,679.0,669.0,686.0,688.0,688.0,678.0,688.0,673.0,671.0,669.0,668,674.0,665.0,680.0,678.0,677.0,669.0,672.0,670.0,679.0,670.0,680.0,681.0,688.0,688.0,693.0,689.0,691.0,680.0,689.0,669.0,669.0,657.0,670.0,660.0,659.0,654.0,654.0,636.0,644.0,640.0,643.0,647.0,642.0,640.0,643.0,632.0,632.0,646.0,635.0,642.0,630.0,638.0,640.0,646.0,634.0,631.0,634.0,636.0,633.0,633.0,635.0,636.0,637.0,646.0,631.0,633.0,623.0,631.0,628.0,640.0,633.0,632.0,625.0,626.0,631.0,632.0,628.0,632.0,637.0,631.0,631.0,638.0,644.0,634.0,629.0,635.0,630.0,639.0,631.0,629.0,637.0,636.0,631.0,635.0,633.0,643.0,636.0,638.0,632.0,630.0,632.0,623.0,633.0,641.0,632.0,636.0,618.0,633.0,634.0,632.0,626.0,632.0,636.0,626.0
653.0,654.0,656.0,652.0,648.0,653.0,655.0,655.0,651.0,647.0,656.0,651.0,650.0,649.0,653.0,652.0,661.0,670.0,669.0,652.0,653.0,651.0,653.0,650.0,646.0,647.0,646.0,652.0,646.0,651.0,649.0,641.0,653.0,649.0,639.0,637.0,654.0,645.0,645.0,649.0,654.0,640.0,643.0,648.0,646.0,644.0,635.0,647.0,646.0,641.0,644.0,642.0,646.0,644.0,646.0,642.0,644.0,645.0,646.0,648.0,649.0,654.0,643.0,646.0,642.0,659.0,649.0,636.0,654.0,650.0,657.0,651.0,654.0,648.0,648.0,661.0,652.0,661.0,662.0,652.0,662.0,655.0,657.0,649.0,653.0,663.0,661.0,669.0,652.0,649.0,651.0,653.0,658.0,659.0,654.0,660.0,652.0,666.0,655.0,661.0,656.0,656.0,659.0,662.0,663.0,657.0,652.0,668.0,659.0,658.0,666.0,658.0,670.0,667.0,666.0,661.0,669.0,669.0,663.0,669.0,660.0,669.0,667.0,664.0,670.0,667.0,669.0,676.0,664.0,673.0,682.0,670.0,662.0,664.0,675.0,681.0,681.0,700.0,692.0,673.0,670.0,664.0,686.0,678.0,669.0,681.0,672.0,672.0,678.0,664.0,683.0,672.0,676.0,681.0,678.0,681.0,686.0,682.0,689.0,685.0,687.0,691.0,692.0,681.0,683.0,679.0,686.0,682.0,691.0,668.0,680.0,675.0,680.0,676.0,677.0,672.0,672.0,672.0,683.0,682.0,671.0,680.0,673.0,682.0,674.0,679.0,677.0,684.0,690.0,678.0,687.0,692.0,707.0,705.0,691.0,693.0,689.0,707.0,704.0,699.0,702.0,695.0,690.0,698.0,690.0,698.0,687.0,687.0,708.0,699.0,698.0,696.0,707.0,709.0,700.0,700.0,706.0,714.0,701.0,708.0,700.0,694.0,685.0,693.0,679.0,692.0,682.0,687.0,678.0,688.0,675.0,683.0,675.0,674.0,680.0,669.0,670.0,674.0,672.0,677.0,680.0,681.0,673.0,689.0,694.0,691.0,710.0,694.0,711.0,689.0,687.0,681.0,669.0,664.0,681.0,665.0,661.0,662.0,655.0,654.0,652.0,655.0,650.0,649.0,656.0,652.0,650.0,655.0,660.0,645.0,662.0,664.0,648.0,670.0,668.0,657.0,678.0,674.0,678.0,678.0,670.0,673.0,670.0,664.0,672,664.0,670.0,663.0,676.0,663.0,661.0,664.0,660.0,656.0,674.0,689.0,672.0,680.0,680.0,691.0,683.0,686.0,678.0,677.0,680.0,673.0,654.0,659.0,648.0,658.0,643.0,649.0,643.0,637.0,636.0,641.0,632.0,637.0,635.0,642.0,646.0,632.0,637.0,635.0,639.0,635.0,641.0,640.0,643.0,630.0,632.0,636.0,637.0,638.0,633.0,631.0,632.0,635.0,631.0,633.0,637.0,629.0,631.0,629.0,631.0,629.0,630.0,635.0,627.0,632.0,631.0,630.0,625.0,639.0,632.0,627.0,627.0,633.0,629.0,630.0,625.0,627.0,636.0,630.0,633.0,628.0,638.0,946.0,639.0,626.0,634.0,633.0,626.0,620.0,632.0,631.0,634.0,634.0,627.0,629.0,624.0,627.0,629.0,623.0,621.0,622.0,630.0,626.0,625.0
664.0,667.0,666.0,666.0,665.0,656.0,661.0,662.0,667.0,653.0,668.0,662.0,673.0,647.0,673.0,657.0,674.0,663.0,666.0,648.0,662.0,656.0,662.0,659.0,646.0,664.0,663.0,668.0,646.0,662.0,672.0,671.0,659.0,655.0,651.0,658.0,648.0,656.0,661.0,660.0,668.0,658.0,656.0,672.0,667.0,648.0,638.0,663.0,665.0,657.0,668.0,646.0,658.0,653.0,659.0,652.0,655.0,652.0,665.0,666.0,661.0,667.0,667.0,647.0,662.0,659.0,664.0,664.0,658.0,656.0,670.0,669.0,668.0,671.0,660.0,665.0,656.0,664.0,676.0,675.0,678.0,678.0,666.0,659.0,675.0,685.0,671.0,681.0,662.0,674.0,671.0,684.0,678.0,682.0,694.0,682.0,675.0,680.0,671.0,676.0,680.0,676.0,695.0,688.0,681.0,680.0,664.0,681.0,675.0,686.0,689.0,692.0,688.0,682.0,691.0,673.0,681.0,696.0,689.0,686.0,684.0,691.0,689.0,692.0,686.0,696.0,696.0,695.0,683.0,701.0,690.0,697.0,706.0,693.0,686.0,698.0,709.0,712.0,721.0,706.0,697.0,689.0,693.0,699.0,696.0,693.0,694.0,691.0,704.0,686.0,710.0,695.0,697.0,692.0,703.0,701.0,715.0,704.0,721.0,715.0,709.0,705.0,707.0,695.0,705.0,710.0,710.0,717.0,713.0,697.0,690.0,685.0,681.0,685.0,688.0,698.0,700.0,702.0,694.0,696.0,698.0,704.0,697.0,691.0,705.0,699.0,701.0,705.0,711.0,712.0,715.0,715.0,747.0,721.0,732.0,732.0,726.0,736.0,723.0,731.0,720.0,717.0,726.0,717.0,732.0,725.0,713.0,715.0,755.0,728.0,750.0,743.0,730.0,739.0,732.0,734.0,731.0,737.0,739.0,735.0,735.0,716.0,709.0,713.0,709.0,706.0,699.0,701.0,704.0,697.0,703.0,700.0,698.0,690.0,699.0,698.0,692.0,684.0,699.0,694.0,708.0,710.0,704.0,707.0,748.0,739.0,735.0,725.0,736.0,732.0,729.0,697.0,702.0,687.0,698.0,689.0,683.0,676.0,664.0,676.0,669.0,665.0,690.0,673.0,677.0,673.0,677.0,655.0,670.0,661.0,684.0,676.0,655.0,687.0,679.0,670.0,702.0,692.0,696.0,701.0,691.0,690.0,675.0,664.0,702,687.0,689.0,684.0,693.0,686.0,689.0,680.0,669.0,692.0,693.0,702.0,709.0,702.0,711.0,703.0,700.0,708.0,706.0,711.0,694.0,673.0,673.0,682.0,667.0,673.0,662.0,660.0,649.0,643.0,650.0,648.0,646.0,645.0,660.0,650.0,634.0,636.0,636.0,640.0,644.0,637.0,629.0,640.0,642.0,637.0,643.0,639.0,629.0,627.0,626.0,635.0,637.0,632.0,635.0,639.0,638.0,638.0,638.0,631.0,641.0,637.0,626.0,622.0,637.0,632.0,624.0,651.0,639.0,627.0,640.0,626.0,633.0,631.0,622.0,627.0,626.0,633.0,635.0,639.0,635.0,634.0,640.0,622.0,641.0,627.0,627.0,627.0,637.0,642.0,626.0,628.0,625.0,633.0,628.0,625.0,632.0,636.0,635.0,641.0,641.0,632.0,632.0,629.0,628.0
650.0,652.0,655.0,648.0,646.0,645.0,645.0,648.0,647.0,638.0,646.0,643.0,645.0,633.0,646.0,642.0,652.0,658.0,653.0,636.0,645.0,646.0,650.0,636.0,634.0,641.0,645.0,642.0,640.0,641.0,650.0,643.0,646.0,644.0,646.0,642.0,642.0,637.0,651.0,646.0,636.0,641.0,642.0,638.0,640.0,642.0,638.0,643.0,641.0,634.0,640.0,632.0,635.0,638.0,641.0,633.0,636.0,633.0,640.0,639.0,638.0,647.0,641.0,638.0,641.0,649.0,636.0,645.0,647.0,643.0,650.0,649.0,657.0,641.0,649.0,644.0,643.0,656.0,655.0,651.0,643.0,653.0,652.0,648.0,655.0,658.0,665.0,667.0,657.0,660.0,657.0,655.0,663.0,648.0,662.0,658.0,649.0,661.0,647.0,662.0,652.0,663.0,652.0,659.0,666.0,657.0,653.0,658.0,653.0,656.0,655.0,659.0,661.0,656.0,661.0,658.0,655.0,672.0,675.0,670.0,657.0,670.0,664.0,669.0,664.0,669.0,658.0,671.0,665.0,673.0,667.0,669.0,655.0,666.0,665.0,679.0,688.0,688.0,684.0,671.0,665.0,666.0,663.0,668.0,674.0,673.0,679.0,677.0,685.0,667.0,674.0,664.0,674.0,673.0,678.0,677.0,685.0,679.0,679.0,692.0,674.0,680.0,684.0,677.0,680.0,677.0,687.0,688.0,681.0,673.0,672.0,666.0,671.0,669.0,668.0,674.0,676.0,675.0,669.0,672.0,669.0,670.0,670.0,667.0,676.0,677.0,678.0,682.0,682.0,683.0,683.0,683.0,701.0,689.0,689.0,698.0,692.0,692.0,690.0,691.0,695.0,692.0,690.0,686.0,678.0,697.0,687.0,682.0,700.0,694.0,714.0,701.0,701.0,705.0,695.0,698.0,707.0,713.0,711.0,698.0,698.0,689.0,684.0,684.0,685.0,686.0,685.0,679.0,675.0,675.0,668.0,678.0,679.0,678.0,666.0,659.0,659.0,667.0,667.0,677.0,670.0,666.0,676.0,682.0,690.0,689.0,687.0,685.0,698.0,691.0,687.0,681.0,678.0,677.0,672.0,664.0,660.0,654.0,650.0,649.0,648.0,648.0,644.0,646.0,653.0,650.0,652.0,645.0,651.0,652.0,657.0,650.0,651.0,661.0,666.0,653.0,668.0,670.0,665.0,667.0,664.0,668.0,661.0,656.0,666,665.0,657.0,667.0,666.0,658.0,647.0,663.0,664.0,671.0,671.0,681.0,664.0,670.0,673.0,683.0,674.0,685.0,669.0,666.0,678.0,671.0,660.0,657.0,647.0,640.0,639.0,635.0,636.0,636.0,635.0,633.0,631.0,630.0,635.0,631.0,630.0,633.0,635.0,631.0,633.0,629.0,625.0,633.0,632.0,626.0,627.0,627.0,627.0,624.0,622.0,627.0,620.0,628.0,632.0,628.0,628.0,628.0,616.0,624.0,628.0,629.0,628.0,627.0,620.0,625.0,622.0,625.0,625.0,628.0,630.0,622.0,626.0,622.0,618.0,624.0,627.0,626.0,629.0,626.0,621.0,625.0,626.0,623.0,630.0,620.0,628.0,629.0,623.0,622.0,627.0,629.0,625.0,615.0,627.0,630.0,629.0,624.0,628.0,621.0,622.0,620.0,625.0,620.0,613.0
672.0,668.0,670.0,663.0,667.0,663.0,670.0,664.0,657.0,660.0,665.0,667.0,664.0,658.0,682.0,655.0,672.0,684.0,689.0,663.0,666.0,659.0,661.0,662.0,663.0,659.0,663.0,658.0,662.0,661.0,667.0,658.0,654.0,668.0,662.0,662.0,662.0,660.0,669.0,660.0,658.0,654.0,645.0,657.0,649.0,664.0,652.0,657.0,651.0,644.0,649.0,650.0,662.0,642.0,662.0,664.0,664.0,650.0,658.0,654.0,648.0,678.0,657.0,666.0,674.0,652.0,653.0,658.0,666.0,648.0,675.0,662.0,663.0,660.0,663.0,667.0,666.0,677.0,682.0,672.0,672.0,680.0,679.0,670.0,672.0,676.0,691.0,687.0,668.0,673.0,673.0,679.0,677.0,677.0,688.0,673.0,679.0,676.0,663.0,684.0,692.0,684.0,680.0,692.0,681.0,677.0,676.0,680.0,678.0,683.0,692.0,699.0,688.0,695.0,690.0,688.0,695.0,705.0,682.0,692.0,686.0,690.0,683.0,696.0,703.0,697.0,703.0,702.0,697.0,691.0,697.0,710.0,697.0,698.0,699.0,706.0,712.0,735.0,729.0,701.0,708.0,696.0,700.0,692.0,697.0,697.0,700.0,696.0,705.0,707.0,711.0,698.0,716.0,715.0,714.0,707.0,707.0,709.0,731.0,707.0,729.0,715.0,726.0,714.0,709.0,728.0,724.0,729.0,717.0,706.0,706.0,715.0,701.0,712.0,709.0,711.0,707.0,714.0,717.0,698.0,698.0,704.0,700.0,715.0,701.0,707.0,704.0,722.0,699.0,727.0,725.0,737.0,748.0,742.0,724.0,731.0,760.0,750.0,736.0,727.0,723.0,727.0,716.0,723.0,714.0,721.0,729.0,731.0,729.0,739.0,749.0,744.0,749.0,747.0,738.0,736.0,755.0,746.0,754.0,742.0,738.0,735.0,719.0,718.0,724.0,724.0,712.0,723.0,712.0,715.0,704.0,713.0,712.0,702.0,710.0,694.0,693.0,696.0,710.0,701.0,702.0,712.0,713.0,713.0,726.0,736.0,745.0,729.0,748.0,727.0,730.0,714.0,705.0,698.0,715.0,700.0,689.0,686.0,666.0,673.0,669.0,662.0,669.0,690.0,675.0,672.0,681.0,662.0,688.0,666.0,682.0,679.0,674.0,682.0,684.0,699.0,699.0,697.0,706.0,704.0,696.0,695.0,692.0,687.0,686,692.0,686.0,679.0,684.0,689.0,696.0,680.0,682.0,687.0,691.0,705.0,694.0,700.0,700.0,706.0,713.0,709.0,685.0,695.0,688.0,685.0,688.0,683.0,661.0,681.0,651.0,657.0,665.0,651.0,655.0,657.0,645.0,650.0,648.0,645.0,647.0,643.0,646.0,641.0,637.0,645.0,639.0,647.0,657.0,649.0,647.0,636.0,640.0,643.0,643.0,635.0,640.0,646.0,635.0,637.0,639.0,640.0,629.0,641.0,644.0,636.0,639.0,639.0,641.0,638.0,641.0,641.0,648.0,647.0,642.0,631.0,643.0,642.0,638.0,636.0,635.0,635.0,646.0,641.0,640.0,642.0,646.0,646.0,647.0,653.0,642.0,644.0,641.0,641.0,634.0,635.0,634.0,634.0,638.0,635.0,641.0,631.0,639.0,644.0,638.0,644.0,640.0,641.0,635.0
663.0,665.0,663.0,666.0,656.0,668.0,673.0,658.0,664.0,660.0,659.0,664.0,659.0,663.0,674.0,659.0,676.0,677.0,679.0,661.0,664.0,677.0,673.0,669.0,666.0,668.0,669.0,660.0,663.0,671.0,677.0,662.0,661.0,670.0,668.0,669.0,661.0,661.0,663.0,675.0,661.0,673.0,659.0,662.0,663.0,666.0,663.0,660.0,652.0,674.0,659.0,659.0,656.0,675.0,669.0,672.0,656.0,664.0,667.0,663.0,663.0,669.0,677.0,670.0,663.0,664.0,660.0,651.0,668.0,665.0,671.0,673.0,667.0,675.0,684.0,675.0,673.0,684.0,681.0,689.0,675.0,675.0,676.0,685.0,682.0,680.0,688.0,694.0,681.0,688.0,676.0,696.0,691.0,688.0,685.0,683.0,683.0,695.0,678.0,691.0,696.0,691.0,691.0,697.0,683.0,696.0,694.0,694.0,691.0,698.0,688.0,684.0,701.0,698.0,700.0,701.0,714.0,696.0,709.0,709.0,697.0,708.0,712.0,709.0,703.0,702.0,707.0,711.0,703.0,717.0,708.0,726.0,717.0,704.0,727.0,714.0,731.0,743.0,737.0,717.0,714.0,713.0,725.0,718.0,707.0,712.0,714.0,704.0,706.0,719.0,721.0,714.0,731.0,729.0,736.0,719.0,742.0,717.0,745.0,732.0,723.0,737.0,731.0,733.0,726.0,725.0,739.0,744.0,736.0,731.0,722.0,718.0,722.0,723.0,732.0,721.0,725.0,728.0,717.0,719.0,708.0,711.0,711.0,717.0,717.0,719.0,715.0,728.0,739.0,731.0,736.0,752.0,763.0,739.0,757.0,771.0,739.0,758.0,758.0,750.0,733.0,741.0,723.0,742.0,726.0,748.0,736.0,738.0,771.0,761.0,769.0,756.0,769.0,758.0,771.0,750.0,758.0,762.0,765.0,767.0,746.0,747.0,734.0,764.0,749.0,733.0,738.0,723.0,724.0,711.0,718.0,713.0,716.0,720.0,706.0,710.0,709.0,708.0,726.0,700.0,703.0,712.0,729.0,737.0,748.0,754.0,746.0,750.0,755.0,744.0,725.0,718.0,713.0,713.0,721.0,704.0,692.0,690.0,683.0,693.0,680.0,667.0,680.0,682.0,679.0,689.0,681.0,659.0,687.0,672.0,696.0,693.0,681.0,706.0,699.0,688.0,709.0,703.0,712.0,711.0,707.0,708.0,703.0,702.0,702,693.0,696.0,696.0,701.0,703.0,698.0,691.0,704.0,701.0,703.0,713.0,705.0,727.0,724.0,721.0,715.0,721.0,699.0,713.0,697.0,698.0,683.0,693.0,666.0,673.0,665.0,662.0,662.0,649.0,667.0,657.0,652.0,651.0,665.0,652.0,663.0,652.0,650.0,650.0,647.0,646.0,643.0,646.0,657.0,645.0,653.0,651.0,650.0,649.0,640.0,641.0,643.0,646.0,642.0,641.0,653.0,640.0,641.0,644.0,644.0,644.0,647.0,645.0,637.0,638.0,642.0,644.0,644.0,647.0,644.0,639.0,650.0,652.0,642.0,638.0,657.0,636.0,644.0,637.0,642.0,647.0,647.0,640.0,647.0,643.0,650.0,648.0,637.0,648.0,644.0,647.0,637.0,639.0,646.0,634.0,643.0,640.0,647.0,643.0,646.0,643.0,647.0,640.0,636.0
693.0,681.0,693.0,686.0,673.0,682.0,692.0,693.0,679.0,669.0,679.0,671.0,679.0,677.0,674.0,684.0,679.0,713.0,688.0,674.0,678.0,687.0,677.0,673.0,678.0,668.0,682.0,672.0,673.0,689.0,678.0,675.0,690.0,683.0,677.0,676.0,683.0,678.0,672.0,672.0,673.0,675.0,670.0,668.0,667.0,676.0,665.0,678.0,672.0,678.0,677.0,676.0,669.0,668.0,681.0,677.0,676.0,675.0,675.0,671.0,678.0,676.0,682.0,686.0,674.0,674.0,686.0,684.0,682.0,683.0,682.0,701.0,706.0,692.0,690.0,693.0,700.0,692.0,712.0,699.0,695.0,712.0,702.0,691.0,697.0,710.0,713.0,721.0,704.0,705.0,707.0,709.0,720.0,704.0,720.0,709.0,684.0,715.0,710.0,702.0,712.0,701.0,709.0,709.0,697.0,703.0,712.0,710.0,700.0,716.0,726.0,710.0,712.0,710.0,725.0,708.0,721.0,725.0,715.0,727.0,722.0,714.0,709.0,727.0,734.0,730.0,726.0,719.0,722.0,733.0,724.0,728.0,721.0,731.0,736.0,737.0,750.0,754.0,753.0,731.0,733.0,723.0,733.0,736.0,727.0,735.0,738.0,721.0,734.0,730.0,736.0,742.0,752.0,746.0,740.0,742.0,752.0,741.0,761.0,761.0,745.0,761.0,758.0,752.0,755.0,757.0,774.0,755.0,747.0,745.0,730.0,725.0,735.0,736.0,719.0,732.0,740.0,731.0,743.0,741.0,728.0,711.0,724.0,718.0,726.0,742.0,737.0,758.0,755.0,762.0,770.0,768.0,774.0,783.0,788.0,803.0,783.0,779.0,777.0,787.0,776.0,781.0,770.0,762.0,744.0,769.0,790.0,770.0,799.0,793.0,800.0,808.0,809.0,791.0,781.0,781.0,791.0,786.0,812.0,794.0,779.0,752.0,771.0,770.0,773.0,754.0,753.0,758.0,751.0,754.0,742.0,751.0,717.0,751.0,737.0,735.0,728.0,742.0,742.0,729.0,728.0,738.0,745.0,761.0,781.0,773.0,781.0,765.0,780.0,763.0,763.0,751.0,740.0,742.0,745.0,721.0,716.0,714.0,709.0,699.0,708.0,692.0,702.0,689.0,698.0,688.0,691.0,685.0,701.0,687.0,702.0,713.0,705.0,722.0,710.0,707.0,745.0,725.0,738.0,742.0,741.0,720.0,725.0,716.0,718,710.0,729.0,722.0,712.0,721.0,722.0,709.0,730.0,721.0,719.0,745.0,723.0,741.0,735.0,749.0,761.0,745.0,733.0,733.0,726.0,715.0,703.0,700.0,693.0,703.0,682.0,674.0,675.0,662.0,667.0,675.0,667.0,670.0,662.0,657.0,656.0,666.0,653.0,656.0,663.0,656.0,661.0,646.0,662.0,661.0,666.0,664.0,659.0,657.0,653.0,654.0,652.0,660.0,659.0,651.0,653.0,662.0,651.0,649.0,657.0,648.0,653.0,642.0,652.0,641.0,651.0,669.0,648.0,641.0,651.0,656.0,658.0,644.0,655.0,661.0,645.0,658.0,655.0,643.0,658.0,644.0,654.0,657.0,652.0,645.0,662.0,654.0,659.0,658.0,653.0,655.0,656.0,651.0,650.0,664.0,650.0,645.0,655.0,650.0,652.0,648.0,659.0,654.0,652.0
658.0,651.0,651.0,653.0,651.0,642.0,656.0,656.0,642.0,641.0,648.0,643.0,636.0,647.0,650.0,645.0,641.0,666.0,662.0,645.0,644.0,643.0,650.0,645.0,641.0,648.0,646.0,649.0,645.0,641.0,648.0,647.0,650.0,654.0,647.0,644.0,645.0,643.0,647.0,645.0,641.0,643.0,648.0,644.0,645.0,641.0,637.0,642.0,647.0,638.0,641.0,644.0,639.0,642.0,643.0,643.0,653.0,638.0,646.0,642.0,640.0,655.0,645.0,642.0,646.0,633.0,646.0,638.0,644.0,649.0,659.0,654.0,654.0,648.0,641.0,655.0,641.0,661.0,663.0,655.0,657.0,656.0,659.0,655.0,657.0,656.0,659.0,663.0,661.0,656.0,656.0,659.0,659.0,661.0,662.0,664.0,657.0,666.0,643.0,670.0,663.0,661.0,656.0,674.0,659.0,652.0,650.0,654.0,668.0,669.0,673.0,663.0,667.0,664.0,671.0,652.0,676.0,667.0,671.0,672.0,668.0,674.0,657.0,662.0,676.0,668.0,662.0,673.0,669.0,678.0,681.0,672.0,677.0,665.0,669.0,674.0,682.0,702.0,694.0,687.0,673.0,672.0,676.0,677.0,671.0,678.0,669.0,664.0,682.0,663.0,677.0,678.0,673.0,678.0,681.0,683.0,684.0,671.0,690.0,682.0,687.0,687.0,681.0,682.0,682.0,678.0,685.0,685.0,689.0,670.0,675.0,671.0,673.0,674.0,664.0,675.0,671.0,669.0,684.0,676.0,669.0,665.0,676.0,671.0,659.0,681.0,674.0,676.0,683.0,681.0,693.0,694.0,697.0,689.0,692.0,701.0,690.0,692.0,705.0,700.0,689.0,696.0,688.0,696.0,684.0,693.0,692.0,690.0,699.0,696.0,696.0,696.0,691.0,700.0,705.0,696.0,704.0,703.0,704.0,712.0,703.0,694.0,688.0,679.0,694.0,685.0,678.0,682.0,678.0,681.0,670.0,687.0,676.0,666.0,674.0,676.0,665.0,671.0,666.0,671.0,681.0,667.0,678.0,691.0,696.0,683.0,692.0,694.0,703.0,674.0,685.0,674.0,676.0,674.0,675.0,657.0,661.0,651.0,651.0,649.0,646.0,649.0,652.0,653.0,666.0,651.0,651.0,644.0,652.0,652.0,654.0,664.0,647.0,668.0,657.0,656.0,679.0,669.0,670.0,673.0,662.0,660.0,670.0,661.0,655,667.0,669.0,664.0,662.0,657.0,668.0,661.0,660.0,665.0,669.0,675.0,668.0,686.0,672.0,680.0,666.0,679.0,663.0,676.0,673.0,659.0,647.0,655.0,649.0,641.0,637.0,636.0,640.0,631.0,649.0,643.0,637.0,642.0,633.0,629.0,642.0,633.0,624.0,631.0,642.0,633.0,632.0,639.0,641.0,634.0,632.0,631.0,631.0,628.0,628.0,620.0,621.0,637.0,631.0,629.0,619.0,627.0,626.0,622.0,637.0,619.0,627.0,623.0,627.0,622.0,628.0,627.0,624.0,624.0,627.0,619.0,633.0,622.0,629.0,622.0,626.0,621.0,626.0,631.0,636.0,632.0,628.0,624.0,628.0,624.0,636.0,623.0,625.0,616.0,625.0,625.0,620.0,630.0,630.0,624.0,622.0,621.0,631.0,624.0,618.0,627.0,629.0,619.0,627.0
673.0,680.0,676.0,675.0,676.0,664.0,672.0,666.0,669.0,661.0,674.0,678.0,676.0,661.0,674.0,666.0,669.0,687.0,684.0,666.0,665.0,670.0,664.0,669.0,669.0,667.0,659.0,660.0,671.0,672.0,660.0,664.0,664.0,672.0,673.0,665.0,661.0,654.0,666.0,670.0,668.0,667.0,656.0,659.0,643.0,662.0,648.0,656.0,665.0,661.0,655.0,667.0,667.0,665.0,655.0,664.0,664.0,661.0,665.0,666.0,670.0,666.0,658.0,675.0,669.0,660.0,665.0,666.0,669.0,663.0,684.0,682.0,678.0,677.0,674.0,689.0,677.0,694.0,687.0,683.0,675.0,676.0,672.0,681.0,685.0,691.0,698.0,697.0,688.0,691.0,683.0,692.0,689.0,695.0,682.0,693.0,688.0,694.0,683.0,694.0,688.0,682.0,689.0,692.0,701.0,693.0,693.0,683.0,684.0,700.0,695.0,698.0,685.0,691.0,701.0,683.0,693.0,705.0,699.0,690.0,696.0,686.0,690.0,704.0,705.0,699.0,710.0,707.0,715.0,703.0,703.0,698.0,700.0,698.0,704.0,710.0,730.0,747.0,734.0,710.0,694.0,710.0,716.0,709.0,712.0,726.0,719.0,696.0,710.0,710.0,714.0,718.0,712.0,717.0,718.0,715.0,727.0,718.0,724.0,721.0,727.0,724.0,722.0,720.0,712.0,724.0,737.0,722.0,721.0,710.0,705.0,696.0,707.0,703.0,707.0,714.0,704.0,725.0,712.0,713.0,705.0,700.0,713.0,705.0,707.0,715.0,736.0,725.0,725.0,733.0,728.0,746.0,753.0,745.0,742.0,754.0,741.0,742.0,743.0,748.0,737.0,738.0,740.0,739.0,736.0,732.0,740.0,737.0,750.0,741.0,763.0,759.0,768.0,760.0,759.0,756.0,758.0,756.0,760.0,761.0,763.0,737.0,744.0,740.0,728.0,730.0,723.0,716.0,724.0,712.0,721.0,717.0,708.0,712.0,715.0,707.0,705.0,712.0,699.0,705.0,707.0,709.0,723.0,744.0,745.0,747.0,750.0,753.0,754.0,741.0,730.0,720.0,707.0,722.0,708.0,709.0,690.0,684.0,692.0,680.0,670.0,681.0,677.0,679.0,675.0,684.0,667.0,673.0,693.0,677.0,686.0,690.0,683.0,695.0,700.0,695.0,719.0,721.0,709.0,712.0,706.0,704.0,696.0,702.0,710,703.0,701.0,695.0,704.0,696.0,693.0,694.0,698.0,694.0,697.0,716.0,697.0,717.0,719.0,729.0,713.0,716.0,703.0,720.0,707.0,695.0,680.0,694.0,678.0,673.0,674.0,658.0,657.0,643.0,659.0,655.0,652.0,658.0,648.0,649.0,648.0,646.0,654.0,653.0,646.0,651.0,645.0,641.0,652.0,643.0,639.0,642.0,639.0,645.0,639.0,640.0,643.0,642.0,640.0,637.0,638.0,647.0,634.0,642.0,645.0,634.0,644.0,642.0,643.0,641.0,636.0,646.0,637.0,641.0,639.0,633.0,643.0,642.0,635.0,640.0,650.0,650.0,636.0,644.0,641.0,638.0,641.0,633.0,635.0,633.0,649.0,650.0,647.0,638.0,646.0,645.0,638.0,640.0,636.0,638.0,632.0,637.0,646.0,638.0,642.0,637.0,636.0,635.0,636.0
674.0,667.0,673.0,668.0,669.0,657.0,666.0,662.0,670.0,667.0,665.0,668.0,665.0,654.0,663.0,657.0,678.0,690.0,683.0,665.0,673.0,660.0,661.0,665.0,660.0,665.0,671.0,668.0,657.0,669.0,662.0,662.0,677.0,673.0,669.0,665.0,658.0,662.0,666.0,660.0,665.0,665.0,649.0,656.0,651.0,657.0,652.0,659.0,659.0,659.0,645.0,658.0,645.0,649.0,666.0,655.0,659.0,660.0,648.0,654.0,665.0,662.0,653.0,666.0,657.0,660.0,673.0,661.0,663.0,652.0,659.0,654.0,688.0,669.0,667.0,673.0,670.0,662.0,699.0,664.0,669.0,674.0,684.0,666.0,675.0,678.0,682.0,698.0,682.0,667.0,685.0,686.0,680.0,682.0,681.0,691.0,674.0,690.0,672.0,691.0,684.0,670.0,682.0,693.0,689.0,692.0,682.0,677.0,688.0,684.0,687.0,682.0,686.0,690.0,690.0,678.0,686.0,683.0,685.0,695.0,693.0,692.0,701.0,700.0,696.0,699.0,698.0,701.0,703.0,686.0,705.0,710.0,695.0,687.0,705.0,714.0,714.0,731.0,724.0,702.0,699.0,691.0,705.0,693.0,690.0,701.0,697.0,699.0,692.0,696.0,690.0,694.0,729.0,708.0,709.0,705.0,692.0,707.0,724.0,706.0,715.0,710.0,722.0,716.0,704.0,703.0,719.0,722.0,720.0,697.0,689.0,687.0,703.0,705.0,714.0,709.0,704.0,705.0,702.0,701.0,686.0,703.0,688.0,693.0,706.0,693.0,713.0,714.0,698.0,716.0,712.0,715.0,730.0,731.0,727.0,745.0,732.0,727.0,736.0,744.0,725.0,717.0,723.0,721.0,716.0,722.0,724.0,738.0,744.0,745.0,737.0,749.0,740.0,740.0,745.0,732.0,750.0,755.0,744.0,734.0,743.0,727.0,726.0,732.0,716.0,715.0,701.0,716.0,727.0,705.0,700.0,705.0,695.0,715.0,702.0,699.0,687.0,698.0,690.0,700.0,697.0,693.0,711.0,729.0,729.0,731.0,747.0,724.0,735.0,726.0,716.0,707.0,702.0,703.0,707.0,697.0,680.0,674.0,677.0,676.0,666.0,666.0,681.0,668.0,669.0,676.0,661.0,659.0,680.0,666.0,677.0,667.0,664.0,682.0,690.0,681.0,705.0,696.0,694.0,694.0,703.0,697.0,693.0,681.0,688,688.0,680.0,701.0,693.0,681.0,674.0,686.0,677.0,696.0,703.0,704.0,698.0,708.0,719.0,717.0,700.0,715.0,708.0,714.0,699.0,685.0,678.0,679.0,657.0,665.0,660.0,675.0,639.0,646.0,648.0,651.0,633.0,646.0,637.0,638.0,645.0,643.0,642.0,646.0,651.0,647.0,645.0,642.0,643.0,643.0,644.0,645.0,643.0,641.0,643.0,643.0,639.0,647.0,635.0,627.0,643.0,637.0,629.0,638.0,639.0,637.0,639.0,635.0,632.0,638.0,635.0,642.0,633.0,629.0,639.0,633.0,655.0,647.0,640.0,635.0,640.0,634.0,640.0,631.0,627.0,639.0,634.0,631.0,642.0,637.0,648.0,642.0,638.0,641.0,645.0,635.0,647.0,645.0,633.0,641.0,624.0,634.0,634.0,638.0,628.0,634.0,643.0,626.0,637.0
662.0,678.0,666.0,668.0,665.0,657.0,662.0,663.0,651.0,641.0,649.0,658.0,649.0,655.0,653.0,650.0,664.0,670.0,672.0,654.0,660.0,659.0,654.0,655.0,653.0,652.0,667.0,660.0,653.0,657.0,652.0,660.0,661.0,664.0,662.0,653.0,650.0,656.0,656.0,650.0,653.0,654.0,653.0,647.0,637.0,650.0,646.0,652.0,646.0,646.0,656.0,650.0,654.0,643.0,651.0,663.0,651.0,652.0,649.0,655.0,657.0,663.0,651.0,647.0,651.0,643.0,650.0,651.0,652.0,652.0,662.0,658.0,665.0,661.0,655.0,667.0,652.0,659.0,668.0,670.0,664.0,666.0,662.0,657.0,661.0,670.0,680.0,678.0,659.0,674.0,661.0,669.0,668.0,676.0,670.0,673.0,661.0,679.0,655.0,670.0,680.0,672.0,672.0,682.0,672.0,670.0,676.0,673.0,681.0,671.0,676.0,676.0,682.0,675.0,683.0,674.0,679.0,683.0,688.0,686.0,677.0,677.0,684.0,679.0,691.0,687.0,677.0,691.0,684.0,684.0,694.0,685.0,687.0,689.0,695.0,689.0,698.0,710.0,699.0,701.0,682.0,690.0,693.0,691.0,686.0,692.0,685.0,681.0,691.0,690.0,681.0,690.0,694.0,701.0,695.0,695.0,687.0,703.0,716.0,694.0,709.0,697.0,706.0,699.0,693.0,708.0,698.0,709.0,700.0,689.0,683.0,680.0,698.0,685.0,682.0,689.0,700.0,698.0,692.0,697.0,696.0,678.0,681.0,672.0,688.0,692.0,681.0,699.0,700.0,702.0,707.0,707.0,724.0,715.0,712.0,727.0,718.0,718.0,714.0,722.0,717.0,712.0,708.0,706.0,705.0,717.0,701.0,709.0,738.0,723.0,721.0,728.0,730.0,726.0,730.0,722.0,735.0,743.0,730.0,729.0,724.0,709.0,714.0,709.0,703.0,705.0,700.0,695.0,706.0,691.0,694.0,702.0,688.0,697.0,693.0,686.0,688.0,703.0,680.0,687.0,689.0,688.0,695.0,699.0,715.0,706.0,726.0,717.0,722.0,709.0,703.0,703.0,682.0,689.0,688.0,690.0,678.0,676.0,667.0,659.0,665.0,665.0,664.0,664.0,666.0,666.0,667.0,656.0,662.0,666.0,674.0,664.0,674.0,684.0,686.0,674.0,695.0,680.0,690.0,694.0,689.0,683.0,677.0,675.0,675,669.0,671.0,679.0,677.0,689.0,681.0,682.0,685.0,678.0,678.0,692.0,690.0,699.0,686.0,694.0,697.0,700.0,684.0,691.0,683.0,671.0,664.0,672.0,663.0,658.0,653.0,652.0,648.0,651.0,644.0,645.0,647.0,639.0,639.0,643.0,643.0,637.0,641.0,641.0,646.0,639.0,640.0,639.0,644.0,637.0,640.0,636.0,641.0,634.0,634.0,636.0,627.0,640.0,643.0,634.0,634.0,641.0,631.0,628.0,634.0,632.0,636.0,629.0,624.0,630.0,642.0,633.0,632.0,638.0,632.0,630.0,639.0,639.0,632.0,636.0,636.0,635.0,639.0,629.0,629.0,634.0,632.0,633.0,630.0,632.0,640.0,643.0,635.0,629.0,634.0,636.0,630.0,629.0,638.0,628.0,635.0,626.0,634.0,632.0,633.0,626.0,633.0,634.0,625.0
659.0,657.0,667.0,660.0,652.0,662.0,656.0,657.0,658.0,657.0,658.0,660.0,655.0,649.0,657.0,657.0,660.0,684.0,678.0,652.0,657.0,644.0,645.0,659.0,654.0,657.0,654.0,655.0,649.0,663.0,649.0,650.0,656.0,650.0,641.0,645.0,646.0,651.0,648.0,652.0,649.0,644.0,648.0,658.0,643.0,651.0,646.0,643.0,647.0,645.0,648.0,645.0,651.0,645.0,651.0,649.0,647.0,648.0,649.0,653.0,647.0,661.0,650.0,648.0,648.0,657.0,649.0,647.0,649.0,652.0,658.0,655.0,657.0,653.0,650.0,664.0,651.0,672.0,671.0,658.0,661.0,655.0,658.0,658.0,657.0,660.0,666.0,673.0,661.0,661.0,662.0,662.0,660.0,668.0,663.0,664.0,653.0,675.0,658.0,664.0,670.0,669.0,666.0,672.0,673.0,666.0,669.0,668.0,658.0,674.0,667.0,662.0,680.0,670.0,676.0,668.0,668.0,670.0,671.0,679.0,674.0,678.0,678.0,676.0,676.0,674.0,676.0,680.0,678.0,685.0,682.0,669.0,677.0,678.0,683.0,688.0,686.0,717.0,700.0,685.0,682.0,678.0,687.0,681.0,678.0,687.0,685.0,684.0,674.0,674.0,694.0,679.0,693.0,694.0,685.0,690.0,698.0,685.0,695.0,687.0,703.0,699.0,702.0,695.0,694.0,699.0,700.0,699.0,705.0,682.0,700.0,675.0,692.0,686.0,685.0,678.0,690.0,691.0,694.0,685.0,673.0,682.0,686.0,687.0,677.0,696.0,687.0,700.0,696.0,690.0,699.0,709.0,713.0,707.0,701.0,712.0,702.0,719.0,724.0,699.0,711.0,701.0,698.0,703.0,701.0,711.0,689.0,702.0,712.0,725.0,719.0,721.0,712.0,714.0,714.0,711.0,717.0,715.0,716.0,715.0,708.0,705.0,702.0,697.0,693.0,707.0,695.0,694.0,691.0,693.0,685.0,689.0,682.0,687.0,684.0,683.0,674.0,684.0,690.0,694.0,671.0,686.0,688.0,700.0,711.0,706.0,706.0,694.0,715.0,712.0,694.0,692.0,687.0,684.0,681.0,680.0,673.0,670.0,663.0,657.0,657.0,659.0,657.0,658.0,669.0,662.0,660.0,658.0,656.0,659.0,659.0,670.0,654.0,672.0,686.0,661.0,691.0,687.0,686.0,680.0,682.0,684.0,674.0,673.0,680,675.0,673.0,670.0,679.0,671.0,678.0,676.0,671.0,673.0,676.0,686.0,673.0,699.0,689.0,698.0,690.0,691.0,675.0,683.0,687.0,680.0,665.0,673.0,657.0,658.0,656.0,653.0,648.0,647.0,644.0,652.0,639.0,642.0,640.0,644.0,650.0,641.0,641.0,641.0,643.0,644.0,641.0,642.0,647.0,640.0,642.0,647.0,641.0,638.0,644.0,633.0,640.0,641.0,640.0,638.0,638.0,635.0,637.0,631.0,639.0,636.0,633.0,631.0,634.0,642.0,631.0,640.0,631.0,638.0,643.0,626.0,640.0,638.0,633.0,638.0,635.0,630.0,630.0,630.0,644.0,637.0,636.0,630.0,630.0,631.0,643.0,637.0,632.0,633.0,639.0,637.0,631.0,626.0,633.0,638.0,636.0,633.0,635.0,632.0,636.0,632.0,633.0,638.0,632.0
668.0,659.0,671.0,667.0,659.0,668.0,653.0,660.0,661.0,657.0,654.0,657.0,655.0,655.0,655.0,650.0,674.0,682.0,682.0,648.0,658.0,660.0,649.0,662.0,660.0,652.0,657.0,654.0,652.0,669.0,656.0,663.0,660.0,656.0,656.0,655.0,666.0,654.0,662.0,653.0,653.0,654.0,640.0,656.0,652.0,649.0,645.0,661.0,651.0,654.0,655.0,650.0,643.0,648.0,662.0,652.0,648.0,644.0,653.0,665.0,657.0,664.0,669.0,649.0,652.0,645.0,648.0,653.0,662.0,648.0,672.0,658.0,674.0,663.0,653.0,662.0,670.0,667.0,669.0,660.0,662.0,677.0,672.0,663.0,670.0,667.0,670.0,685.0,663.0,676.0,661.0,667.0,662.0,682.0,681.0,689.0,662.0,679.0,670.0,674.0,677.0,667.0,675.0,694.0,678.0,683.0,671.0,678.0,668.0,679.0,682.0,681.0,685.0,673.0,688.0,669.0,678.0,690.0,681.0,690.0,677.0,694.0,677.0,686.0,685.0,694.0,681.0,682.0,698.0,693.0,698.0,698.0,696.0,686.0,686.0,706.0,707.0,724.0,721.0,696.0,693.0,688.0,693.0,683.0,698.0,709.0,682.0,690.0,690.0,700.0,700.0,690.0,699.0,699.0,698.0,683.0,701.0,693.0,711.0,710.0,716.0,709.0,718.0,703.0,701.0,709.0,717.0,707.0,705.0,690.0,695.0,695.0,689.0,691.0,695.0,700.0,703.0,689.0,686.0,680.0,683.0,689.0,685.0,686.0,687.0,700.0,684.0,708.0,708.0,701.0,711.0,715.0,738.0,721.0,725.0,734.0,726.0,731.0,726.0,718.0,727.0,716.0,716.0,731.0,701.0,718.0,722.0,706.0,729.0,718.0,728.0,730.0,746.0,730.0,742.0,731.0,742.0,742.0,736.0,734.0,729.0,726.0,717.0,724.0,721.0,714.0,706.0,708.0,708.0,706.0,704.0,709.0,687.0,702.0,697.0,683.0,682.0,687.0,706.0,692.0,700.0,684.0,700.0,709.0,723.0,713.0,725.0,720.0,731.0,714.0,713.0,706.0,694.0,691.0,702.0,687.0,681.0,671.0,681.0,675.0,667.0,662.0,661.0,675.0,672.0,661.0,665.0,660.0,668.0,661.0,681.0,681.0,674.0,686.0,677.0,663.0,708.0,706.0,706.0,694.0,680.0,685.0,682.0,681.0,684,678.0,683.0,676.0,680.0,688.0,672.0,684.0,677.0,672.0,691.0,681.0,701.0,696.0,703.0,715.0,707.0,705.0,696.0,703.0,696.0,685.0,665.0,680.0,668.0,669.0,658.0,663.0,650.0,642.0,649.0,648.0,644.0,648.0,643.0,643.0,642.0,645.0,637.0,646.0,644.0,640.0,640.0,650.0,647.0,622.0,636.0,640.0,634.0,635.0,634.0,641.0,641.0,640.0,644.0,636.0,643.0,637.0,639.0,633.0,644.0,633.0,643.0,631.0,626.0,645.0,631.0,645.0,637.0,634.0,635.0,632.0,631.0,632.0,630.0,640.0,639.0,625.0,625.0,643.0,621.0,637.0,636.0,625.0,640.0,630.0,640.0,649.0,640.0,639.0,635.0,633.0,630.0,632.0,632.0,633.0,640.0,626.0,636.0,632.0,629.0,638.0,639.0,626.0,631.0
652.0,645.0,653.0,652.0,649.0,651.0,648.0,644.0,643.0,639.0,641.0,644.0,645.0,638.0,650.0,644.0,644.0,658.0,649.0,639.0,644.0,645.0,652.0,634.0,638.0,643.0,649.0,642.0,636.0,646.0,646.0,642.0,648.0,643.0,643.0,639.0,640.0,638.0,649.0,641.0,645.0,638.0,645.0,641.0,640.0,642.0,633.0,645.0,634.0,643.0,642.0,640.0,635.0,639.0,639.0,640.0,631.0,631.0,640.0,645.0,640.0,637.0,639.0,637.0,640.0,643.0,644.0,641.0,643.0,637.0,648.0,642.0,661.0,644.0,650.0,649.0,650.0,649.0,647.0,648.0,655.0,650.0,649.0,648.0,650.0,652.0,668.0,668.0,660.0,658.0,660.0,656.0,657.0,656.0,659.0,657.0,647.0,661.0,651.0,665.0,655.0,660.0,657.0,654.0,660.0,661.0,653.0,663.0,662.0,656.0,658.0,668.0,668.0,660.0,663.0,652.0,659.0,672.0,675.0,665.0,665.0,670.0,661.0,662.0,664.0,663.0,660.0,673.0,663.0,670.0,665.0,672.0,663.0,668.0,680.0,679.0,683.0,688.0,683.0,670.0,665.0,671.0,670.0,673.0,669.0,669.0,669.0,668.0,677.0,675.0,669.0,664.0,678.0,676.0,679.0,684.0,687.0,670.0,682.0,685.0,681.0,682.0,677.0,674.0,681.0,679.0,684.0,685.0,692.0,679.0,670.0,668.0,676.0,665.0,667.0,672.0,677.0,675.0,666.0,664.0,662.0,666.0,663.0,668.0,676.0,679.0,682.0,675.0,679.0,680.0,685.0,694.0,711.0,690.0,702.0,703.0,696.0,693.0,704.0,691.0,690.0,688.0,682.0,689.0,679.0,687.0,686.0,693.0,709.0,699.0,715.0,703.0,708.0,709.0,696.0,699.0,710.0,706.0,710.0,703.0,701.0,687.0,693.0,692.0,696.0,689.0,681.0,685.0,681.0,672.0,676.0,673.0,676.0,676.0,666.0,666.0,666.0,670.0,667.0,666.0,668.0,669.0,682.0,686.0,695.0,692.0,693.0,691.0,700.0,693.0,694.0,688.0,681.0,678.0,676.0,666.0,658.0,652.0,657.0,641.0,647.0,642.0,643.0,644.0,659.0,644.0,646.0,649.0,658.0,651.0,653.0,656.0,643.0,667.0,662.0,659.0,677.0,668.0,673.0,666.0,668.0,659.0,659.0,664.0,667,659.0,656.0,665.0,659.0,665.0,653.0,658.0,662.0,672.0,671.0,682.0,669.0,679.0,675.0,686.0,678.0,685.0,677.0,662.0,679.0,667.0,656.0,662.0,645.0,646.0,648.0,637.0,638.0,638.0,632.0,635.0,628.0,628.0,637.0,629.0,633.0,626.0,630.0,633.0,628.0,628.0,627.0,630.0,638.0,632.0,623.0,628.0,627.0,624.0,629.0,624.0,624.0,623.0,627.0,629.0,626.0,629.0,621.0,630.0,631.0,629.0,624.0,622.0,620.0,628.0,623.0,630.0,622.0,630.0,628.0,624.0,627.0,625.0,620.0,622.0,626.0,627.0,626.0,618.0,626.0,625.0,621.0,617.0,630.0,621.0,629.0,631.0,622.0,624.0,629.0,625.0,623.0,614.0,624.0,626.0,629.0,622.0,629.0,616.0,628.0,627.0,623.0,629.0,614.0
656.0,663.0,656.0,658.0,653.0,664.0,665.0,669.0,660.0,665.0,658.0,666.0,659.0,647.0,663.0,656.0,663.0,665.0,668.0,652.0,656.0,661.0,655.0,651.0,653.0,660.0,649.0,659.0,649.0,663.0,660.0,652.0,658.0,656.0,665.0,658.0,659.0,656.0,660.0,660.0,649.0,651.0,645.0,659.0,652.0,650.0,648.0,655.0,649.0,642.0,651.0,650.0,651.0,645.0,657.0,655.0,654.0,641.0,657.0,661.0,651.0,661.0,652.0,653.0,661.0,656.0,654.0,662.0,663.0,650.0,657.0,654.0,665.0,657.0,668.0,664.0,659.0,676.0,681.0,673.0,669.0,665.0,664.0,668.0,664.0,673.0,685.0,687.0,676.0,673.0,667.0,684.0,687.0,683.0,665.0,666.0,664.0,674.0,660.0,665.0,672.0,675.0,668.0,689.0,685.0,674.0,671.0,674.0,677.0,681.0,686.0,685.0,683.0,685.0,690.0,668.0,688.0,690.0,689.0,689.0,690.0,695.0,682.0,692.0,689.0,696.0,685.0,703.0,683.0,689.0,692.0,695.0,695.0,690.0,708.0,702.0,700.0,731.0,722.0,697.0,698.0,694.0,694.0,684.0,698.0,703.0,687.0,686.0,688.0,691.0,703.0,706.0,705.0,703.0,709.0,704.0,698.0,702.0,717.0,711.0,719.0,724.0,720.0,717.0,707.0,716.0,724.0,716.0,725.0,702.0,701.0,701.0,695.0,699.0,690.0,709.0,698.0,697.0,705.0,695.0,697.0,692.0,707.0,698.0,695.0,704.0,708.0,713.0,700.0,713.0,720.0,721.0,743.0,723.0,728.0,724.0,738.0,740.0,741.0,720.0,725.0,728.0,703.0,710.0,720.0,729.0,716.0,716.0,726.0,737.0,743.0,735.0,751.0,750.0,743.0,736.0,744.0,742.0,738.0,740.0,729.0,721.0,732.0,722.0,722.0,711.0,706.0,710.0,709.0,704.0,693.0,707.0,687.0,702.0,694.0,692.0,693.0,701.0,692.0,703.0,698.0,698.0,710.0,700.0,725.0,720.0,734.0,719.0,728.0,732.0,726.0,709.0,697.0,696.0,693.0,692.0,680.0,684.0,670.0,679.0,670.0,673.0,673.0,683.0,664.0,659.0,662.0,662.0,679.0,663.0,668.0,685.0,667.0,684.0,687.0,691.0,694.0,682.0,701.0,699.0,700.0,693.0,690.0,679.0,687,685.0,688.0,677.0,692.0,679.0,683.0,687.0,684.0,682.0,695.0,700.0,693.0,697.0,700.0,706.0,706.0,707.0,686.0,685.0,689.0,677.0,677.0,674.0,669.0,671.0,649.0,654.0,655.0,649.0,652.0,654.0,650.0,651.0,641.0,650.0,646.0,651.0,649.0,635.0,635.0,645.0,640.0,637.0,651.0,633.0,636.0,643.0,635.0,646.0,636.0,632.0,630.0,637.0,643.0,633.0,637.0,636.0,634.0,632.0,638.0,636.0,635.0,632.0,640.0,638.0,633.0,635.0,640.0,646.0,640.0,633.0,642.0,648.0,640.0,633.0,644.0,631.0,638.0,635.0,635.0,633.0,641.0,637.0,638.0,644.0,641.0,638.0,636.0,632.0,644.0,631.0,635.0,632.0,636.0,637.0,641.0,632.0,635.0,635.0,632.0,644.0,640.0,641.0,637.0
669.0,670.0,680.0,680.0,672.0,670.0,677.0,678.0,669.0,675.0,675.0,670.0,669.0,670.0,669.0,668.0,663.0,689.0,693.0,677.0,677.0,675.0,664.0,667.0,659.0,668.0,667.0,657.0,671.0,677.0,671.0,669.0,665.0,682.0,669.0,670.0,672.0,666.0,663.0,670.0,673.0,670.0,667.0,661.0,663.0,661.0,655.0,668.0,669.0,677.0,665.0,664.0,660.0,665.0,673.0,674.0,664.0,659.0,668.0,668.0,666.0,672.0,671.0,664.0,670.0,669.0,660.0,680.0,665.0,667.0,687.0,672.0,681.0,680.0,682.0,677.0,680.0,686.0,686.0,688.0,678.0,684.0,682.0,672.0,684.0,691.0,703.0,707.0,700.0,683.0,689.0,700.0,690.0,702.0,696.0,690.0,680.0,691.0,684.0,689.0,695.0,691.0,689.0,708.0,686.0,703.0,684.0,690.0,696.0,695.0,705.0,702.0,699.0,709.0,702.0,694.0,716.0,705.0,716.0,697.0,725.0,702.0,696.0,698.0,707.0,703.0,698.0,701.0,710.0,722.0,702.0,716.0,717.0,714.0,719.0,705.0,738.0,746.0,739.0,719.0,720.0,710.0,712.0,714.0,707.0,714.0,712.0,709.0,722.0,710.0,721.0,702.0,726.0,721.0,725.0,737.0,731.0,732.0,743.0,741.0,724.0,728.0,719.0,727.0,728.0,724.0,739.0,735.0,738.0,714.0,726.0,707.0,715.0,719.0,720.0,720.0,705.0,720.0,714.0,713.0,715.0,703.0,711.0,722.0,712.0,719.0,712.0,735.0,728.0,739.0,736.0,741.0,763.0,758.0,745.0,764.0,754.0,760.0,755.0,766.0,747.0,746.0,715.0,744.0,730.0,738.0,746.0,740.0,774.0,764.0,764.0,781.0,766.0,771.0,771.0,765.0,761.0,774.0,770.0,763.0,762.0,742.0,756.0,744.0,738.0,745.0,731.0,728.0,714.0,720.0,717.0,714.0,720.0,716.0,728.0,710.0,714.0,716.0,722.0,710.0,713.0,713.0,740.0,735.0,757.0,757.0,762.0,752.0,756.0,746.0,738.0,724.0,719.0,719.0,719.0,708.0,704.0,690.0,685.0,688.0,678.0,678.0,686.0,676.0,685.0,681.0,679.0,670.0,672.0,681.0,699.0,682.0,681.0,690.0,699.0,702.0,704.0,706.0,714.0,706.0,700.0,697.0,699.0,690.0,706,706.0,686.0,706.0,702.0,704.0,702.0,694.0,699.0,698.0,701.0,715.0,710.0,731.0,724.0,726.0,719.0,723.0,727.0,716.0,704.0,697.0,675.0,687.0,677.0,681.0,656.0,651.0,659.0,658.0,663.0,656.0,659.0,655.0,655.0,646.0,652.0,646.0,647.0,644.0,643.0,643.0,645.0,651.0,649.0,640.0,641.0,648.0,650.0,644.0,647.0,642.0,632.0,645.0,640.0,630.0,649.0,640.0,642.0,632.0,636.0,640.0,648.0,640.0,633.0,640.0,642.0,639.0,640.0,640.0,644.0,641.0,647.0,642.0,638.0,638.0,645.0,639.0,636.0,642.0,654.0,640.0,643.0,644.0,648.0,641.0,654.0,651.0,639.0,634.0,644.0,644.0,644.0,641.0,643.0,636.0,648.0,2321.0,717.0,643.0,635.0,632.0,637.0,636.0,636.0
673.0,679.0,676.0,682.0,668.0,669.0,671.0,676.0,670.0,668.0,671.0,671.0,662.0,665.0,675.0,660.0,675.0,685.0,670.0,671.0,665.0,663.0,662.0,657.0,673.0,662.0,672.0,668.0,674.0,674.0,676.0,658.0,662.0,663.0,664.0,665.0,663.0,660.0,663.0,670.0,668.0,669.0,660.0,666.0,669.0,661.0,651.0,666.0,664.0,666.0,660.0,658.0,657.0,658.0,672.0,669.0,658.0,660.0,668.0,663.0,664.0,671.0,665.0,662.0,662.0,663.0,670.0,678.0,668.0,660.0,667.0,680.0,674.0,669.0,675.0,669.0,667.0,694.0,686.0,671.0,684.0,675.0,685.0,681.0,680.0,690.0,702.0,704.0,688.0,691.0,682.0,690.0,693.0,691.0,689.0,700.0,688.0,684.0,681.0,683.0,696.0,686.0,683.0,705.0,690.0,675.0,680.0,678.0,697.0,691.0,694.0,698.0,688.0,685.0,699.0,698.0,698.0,701.0,699.0,703.0,702.0,708.0,700.0,690.0,697.0,686.0,704.0,701.0,705.0,692.0,695.0,697.0,708.0,693.0,717.0,722.0,723.0,739.0,728.0,719.0,712.0,703.0,708.0,698.0,701.0,703.0,709.0,705.0,706.0,706.0,706.0,702.0,701.0,721.0,709.0,709.0,737.0,716.0,717.0,726.0,737.0,718.0,734.0,717.0,729.0,727.0,734.0,732.0,721.0,711.0,694.0,712.0,708.0,712.0,701.0,715.0,717.0,704.0,711.0,702.0,704.0,703.0,709.0,698.0,706.0,716.0,728.0,735.0,718.0,732.0,734.0,742.0,743.0,753.0,750.0,746.0,747.0,754.0,734.0,748.0,743.0,733.0,737.0,742.0,729.0,739.0,725.0,732.0,746.0,738.0,766.0,765.0,767.0,761.0,747.0,740.0,767.0,748.0,763.0,761.0,750.0,738.0,729.0,733.0,725.0,740.0,717.0,725.0,725.0,710.0,710.0,723.0,699.0,705.0,707.0,707.0,707.0,703.0,708.0,721.0,713.0,699.0,715.0,726.0,741.0,737.0,751.0,726.0,748.0,738.0,724.0,718.0,721.0,714.0,707.0,696.0,701.0,692.0,676.0,681.0,684.0,666.0,673.0,674.0,672.0,665.0,677.0,662.0,690.0,672.0,684.0,686.0,677.0,689.0,686.0,692.0,702.0,705.0,712.0,714.0,696.0,696.0,681.0,682.0,687,697.0,695.0,693.0,690.0,687.0,692.0,686.0,698.0,694.0,696.0,711.0,694.0,708.0,707.0,718.0,715.0,714.0,708.0,708.0,702.0,687.0,689.0,673.0,668.0,677.0,657.0,659.0,668.0,643.0,658.0,650.0,653.0,643.0,650.0,637.0,649.0,638.0,640.0,645.0,638.0,645.0,638.0,653.0,652.0,638.0,643.0,640.0,641.0,642.0,633.0,639.0,645.0,640.0,645.0,639.0,644.0,644.0,640.0,637.0,649.0,631.0,638.0,631.0,635.0,639.0,634.0,646.0,628.0,636.0,639.0,637.0,645.0,633.0,640.0,636.0,636.0,632.0,626.0,629.0,637.0,642.0,638.0,643.0,640.0,644.0,646.0,646.0,640.0,634.0,646.0,635.0,637.0,648.0,629.0,642.0,630.0,629.0,639.0,638.0,638.0,633.0,639.0,645.0,622.0
653.0,656.0,648.0,651.0,661.0,645.0,646.0,648.0,643.0,650.0,644.0,647.0,650.0,643.0,653.0,653.0,659.0,680.0,671.0,645.0,651.0,639.0,651.0,649.0,647.0,646.0,650.0,645.0,643.0,651.0,654.0,646.0,639.0,647.0,646.0,647.0,653.0,636.0,648.0,657.0,647.0,646.0,639.0,638.0,642.0,640.0,637.0,644.0,642.0,637.0,641.0,645.0,647.0,638.0,649.0,638.0,645.0,641.0,648.0,650.0,642.0,654.0,645.0,642.0,643.0,648.0,646.0,639.0,644.0,640.0,654.0,645.0,646.0,646.0,651.0,644.0,641.0,656.0,660.0,652.0,651.0,641.0,646.0,650.0,653.0,646.0,652.0,660.0,655.0,657.0,655.0,646.0,656.0,658.0,655.0,656.0,639.0,667.0,645.0,659.0,655.0,650.0,650.0,661.0,646.0,650.0,643.0,656.0,667.0,653.0,662.0,659.0,666.0,650.0,660.0,656.0,657.0,661.0,667.0,678.0,651.0,663.0,659.0,657.0,659.0,658.0,657.0,659.0,664.0,664.0,668.0,663.0,663.0,665.0,660.0,672.0,671.0,682.0,678.0,676.0,659.0,660.0,668.0,666.0,666.0,661.0,664.0,656.0,667.0,661.0,664.0,671.0,675.0,667.0,666.0,677.0,671.0,664.0,676.0,668.0,675.0,672.0,674.0,669.0,661.0,668.0,679.0,677.0,673.0,666.0,669.0,659.0,654.0,659.0,664.0,662.0,668.0,678.0,673.0,662.0,656.0,665.0,662.0,662.0,659.0,665.0,666.0,663.0,668.0,672.0,678.0,679.0,686.0,683.0,678.0,687.0,679.0,690.0,693.0,696.0,686.0,682.0,681.0,681.0,668.0,677.0,681.0,675.0,687.0,682.0,691.0,684.0,695.0,686.0,698.0,682.0,693.0,692.0,695.0,697.0,678.0,678.0,671.0,680.0,678.0,677.0,671.0,665.0,670.0,663.0,663.0,669.0,670.0,661.0,657.0,672.0,655.0,651.0,656.0,651.0,670.0,665.0,666.0,671.0,680.0,684.0,677.0,669.0,697.0,685.0,681.0,672.0,658.0,666.0,658.0,649.0,658.0,643.0,642.0,652.0,643.0,641.0,649.0,636.0,665.0,647.0,651.0,640.0,661.0,655.0,656.0,653.0,648.0,660.0,661.0,648.0,680.0,666.0,675.0,658.0,670.0,654.0,663.0,666.0,656,655.0,661.0,659.0,651.0,660.0,656.0,657.0,661.0,657.0,663.0,678.0,666.0,671.0,671.0,679.0,655.0,672.0,667.0,667.0,666.0,656.0,649.0,654.0,647.0,647.0,644.0,640.0,636.0,631.0,641.0,638.0,637.0,646.0,635.0,636.0,640.0,642.0,633.0,634.0,628.0,629.0,630.0,636.0,642.0,626.0,637.0,629.0,636.0,629.0,625.0,631.0,623.0,629.0,630.0,628.0,631.0,625.0,630.0,614.0,624.0,620.0,631.0,624.0,634.0,625.0,631.0,627.0,618.0,629.0,623.0,621.0,627.0,624.0,624.0,625.0,634.0,625.0,620.0,627.0,631.0,629.0,627.0,620.0,631.0,638.0,630.0,632.0,637.0,622.0,627.0,631.0,622.0,624.0,640.0,636.0,625.0,622.0,621.0,624.0,617.0,619.0,621.0,625.0,619.0
656.0,666.0,658.0,652.0,651.0,653.0,659.0,655.0,654.0,656.0,663.0,653.0,661.0,651.0,657.0,652.0,659.0,663.0,675.0,653.0,655.0,656.0,651.0,643.0,648.0,651.0,646.0,653.0,656.0,659.0,653.0,657.0,652.0,655.0,655.0,651.0,651.0,644.0,660.0,654.0,655.0,651.0,645.0,653.0,640.0,654.0,636.0,647.0,651.0,640.0,649.0,645.0,645.0,649.0,650.0,651.0,644.0,646.0,652.0,653.0,655.0,651.0,649.0,647.0,656.0,652.0,654.0,646.0,656.0,645.0,659.0,662.0,661.0,659.0,656.0,656.0,653.0,666.0,663.0,658.0,648.0,658.0,658.0,652.0,660.0,672.0,671.0,679.0,659.0,665.0,664.0,673.0,667.0,669.0,668.0,667.0,667.0,671.0,664.0,676.0,664.0,662.0,666.0,672.0,679.0,670.0,668.0,663.0,666.0,669.0,668.0,676.0,667.0,671.0,668.0,666.0,675.0,677.0,665.0,662.0,670.0,676.0,668.0,678.0,678.0,673.0,681.0,688.0,681.0,677.0,678.0,681.0,675.0,673.0,670.0,673.0,691.0,700.0,687.0,680.0,665.0,679.0,674.0,676.0,670.0,687.0,680.0,663.0,679.0,673.0,684.0,688.0,681.0,682.0,688.0,685.0,683.0,677.0,690.0,685.0,691.0,689.0,689.0,682.0,682.0,680.0,696.0,685.0,695.0,674.0,672.0,666.0,671.0,668.0,672.0,677.0,670.0,677.0,683.0,684.0,667.0,668.0,680.0,672.0,673.0,678.0,695.0,687.0,686.0,691.0,690.0,697.0,715.0,701.0,699.0,700.0,710.0,702.0,694.0,701.0,697.0,689.0,696.0,694.0,691.0,697.0,690.0,700.0,711.0,715.0,706.0,704.0,715.0,707.0,704.0,715.0,718.0,710.0,717.0,714.0,713.0,696.0,697.0,700.0,693.0,692.0,685.0,678.0,689.0,681.0,680.0,682.0,670.0,686.0,679.0,677.0,673.0,683.0,683.0,684.0,678.0,677.0,681.0,694.0,710.0,708.0,713.0,692.0,719.0,697.0,703.0,689.0,687.0,683.0,674.0,682.0,667.0,654.0,660.0,654.0,656.0,654.0,651.0,649.0,653.0,649.0,653.0,649.0,665.0,644.0,666.0,665.0,656.0,673.0,667.0,663.0,686.0,681.0,675.0,675.0,680.0,671.0,672.0,671.0,674,677.0,668.0,664.0,669.0,675.0,665.0,665.0,668.0,668.0,673.0,682.0,660.0,687.0,691.0,693.0,679.0,683.0,683.0,689.0,674.0,665.0,660.0,663.0,651.0,648.0,649.0,637.0,648.0,632.0,646.0,645.0,645.0,635.0,629.0,635.0,632.0,636.0,635.0,639.0,634.0,630.0,633.0,633.0,636.0,629.0,624.0,635.0,632.0,629.0,635.0,632.0,630.0,630.0,629.0,625.0,639.0,630.0,627.0,624.0,637.0,630.0,636.0,630.0,624.0,627.0,624.0,630.0,620.0,629.0,627.0,624.0,633.0,625.0,628.0,633.0,635.0,637.0,625.0,627.0,624.0,623.0,637.0,625.0,633.0,617.0,635.0,638.0,632.0,628.0,630.0,629.0,623.0,627.0,622.0,630.0,625.0,622.0,628.0,628.0,623.0,629.0,626.0,621.0,626.0
661.0,670.0,671.0,671.0,670.0,657.0,665.0,658.0,663.0,662.0,658.0,667.0,667.0,665.0,656.0,658.0,667.0,674.0,691.0,662.0,657.0,672.0,668.0,646.0,651.0,662.0,665.0,662.0,666.0,662.0,661.0,665.0,655.0,654.0,674.0,659.0,646.0,652.0,653.0,659.0,666.0,658.0,649.0,658.0,653.0,651.0,642.0,656.0,660.0,656.0,655.0,652.0,652.0,660.0,666.0,652.0,666.0,661.0,661.0,651.0,662.0,681.0,670.0,666.0,658.0,666.0,656.0,651.0,665.0,651.0,667.0,666.0,668.0,657.0,666.0,668.0,674.0,677.0,669.0,675.0,674.0,673.0,671.0,663.0,670.0,669.0,687.0,695.0,678.0,680.0,678.0,672.0,685.0,675.0,680.0,680.0,664.0,683.0,683.0,692.0,668.0,684.0,681.0,692.0,680.0,682.0,675.0,680.0,682.0,683.0,676.0,684.0,686.0,690.0,685.0,674.0,689.0,696.0,685.0,684.0,691.0,694.0,683.0,694.0,695.0,679.0,682.0,682.0,686.0,680.0,697.0,698.0,705.0,692.0,697.0,693.0,704.0,703.0,725.0,694.0,692.0,688.0,704.0,699.0,688.0,698.0,697.0,705.0,700.0,702.0,697.0,685.0,701.0,694.0,702.0,704.0,713.0,714.0,702.0,704.0,716.0,699.0,709.0,708.0,697.0,714.0,708.0,690.0,701.0,690.0,689.0,679.0,685.0,699.0,696.0,691.0,701.0,701.0,712.0,693.0,703.0,684.0,700.0,684.0,692.0,699.0,696.0,712.0,694.0,699.0,706.0,716.0,728.0,733.0,726.0,742.0,707.0,720.0,715.0,733.0,716.0,708.0,713.0,707.0,712.0,721.0,700.0,712.0,712.0,723.0,737.0,731.0,744.0,725.0,718.0,718.0,721.0,743.0,726.0,732.0,736.0,716.0,717.0,719.0,706.0,708.0,711.0,690.0,699.0,690.0,701.0,705.0,697.0,698.0,694.0,691.0,684.0,674.0,690.0,695.0,691.0,697.0,709.0,694.0,708.0,712.0,730.0,723.0,725.0,715.0,712.0,699.0,702.0,692.0,685.0,697.0,683.0,680.0,673.0,664.0,660.0,665.0,664.0,664.0,670.0,659.0,664.0,659.0,675.0,654.0,673.0,667.0,662.0,671.0,694.0,673.0,683.0,686.0,694.0,692.0,694.0,682.0,672.0,680.0,686,681.0,662.0,674.0,677.0,687.0,667.0,667.0,677.0,680.0,687.0,696.0,691.0,693.0,690.0,704.0,694.0,693.0,683.0,693.0,681.0,674.0,655.0,672.0,664.0,659.0,655.0,646.0,658.0,640.0,651.0,649.0,649.0,633.0,636.0,634.0,644.0,644.0,644.0,640.0,636.0,651.0,626.0,640.0,640.0,634.0,636.0,640.0,642.0,637.0,633.0,634.0,638.0,636.0,637.0,638.0,634.0,630.0,629.0,628.0,631.0,633.0,637.0,623.0,636.0,634.0,633.0,635.0,629.0,629.0,638.0,632.0,643.0,636.0,629.0,628.0,633.0,626.0,636.0,639.0,638.0,628.0,628.0,632.0,641.0,629.0,643.0,640.0,625.0,640.0,632.0,632.0,619.0,625.0,628.0,636.0,624.0,636.0,641.0,631.0,625.0,633.0,634.0,640.0,623.0
678.0,676.0,689.0,682.0,677.0,682.0,669.0,673.0,667.0,653.0,668.0,675.0,664.0,668.0,673.0,670.0,671.0,687.0,682.0,675.0,674.0,671.0,677.0,665.0,666.0,666.0,677.0,676.0,671.0,671.0,669.0,669.0,672.0,677.0,674.0,665.0,662.0,667.0,677.0,664.0,668.0,662.0,670.0,663.0,651.0,661.0,661.0,663.0,665.0,653.0,676.0,660.0,667.0,661.0,669.0,678.0,656.0,671.0,657.0,665.0,670.0,680.0,676.0,675.0,670.0,665.0,667.0,665.0,672.0,669.0,683.0,670.0,685.0,684.0,685.0,686.0,669.0,699.0,699.0,690.0,689.0,681.0,676.0,683.0,685.0,691.0,708.0,708.0,688.0,689.0,687.0,698.0,687.0,700.0,685.0,693.0,675.0,702.0,675.0,695.0,692.0,694.0,694.0,709.0,697.0,691.0,693.0,695.0,694.0,698.0,700.0,699.0,707.0,709.0,699.0,696.0,703.0,712.0,711.0,705.0,714.0,716.0,696.0,709.0,705.0,717.0,712.0,708.0,711.0,719.0,714.0,713.0,712.0,711.0,719.0,720.0,728.0,753.0,742.0,716.0,710.0,707.0,711.0,717.0,712.0,722.0,722.0,711.0,721.0,723.0,716.0,713.0,716.0,726.0,736.0,723.0,730.0,738.0,750.0,730.0,735.0,738.0,738.0,742.0,732.0,747.0,734.0,746.0,734.0,719.0,709.0,716.0,730.0,717.0,714.0,717.0,734.0,721.0,725.0,721.0,734.0,710.0,711.0,718.0,720.0,723.0,722.0,731.0,716.0,733.0,731.0,752.0,763.0,755.0,756.0,763.0,773.0,764.0,755.0,762.0,758.0,751.0,744.0,756.0,744.0,751.0,752.0,741.0,761.0,768.0,780.0,784.0,773.0,772.0,772.0,767.0,772.0,769.0,781.0,773.0,769.0,738.0,750.0,741.0,738.0,749.0,732.0,727.0,729.0,719.0,725.0,740.0,723.0,729.0,722.0,724.0,710.0,723.0,714.0,717.0,718.0,719.0,727.0,732.0,752.0,749.0,760.0,755.0,761.0,755.0,744.0,732.0,723.0,720.0,731.0,714.0,694.0,691.0,680.0,679.0,684.0,676.0,687.0,676.0,683.0,684.0,690.0,675.0,694.0,691.0,698.0,690.0,690.0,703.0,712.0,709.0,731.0,721.0,733.0,727.0,715.0,711.0,719.0,705.0,706,695.0,693.0,703.0,698.0,703.0,702.0,712.0,708.0,703.0,700.0,720.0,709.0,742.0,724.0,727.0,716.0,720.0,709.0,721.0,713.0,700.0,686.0,696.0,682.0,675.0,677.0,672.0,667.0,669.0,665.0,655.0,658.0,650.0,651.0,649.0,652.0,655.0,648.0,652.0,656.0,654.0,652.0,657.0,654.0,649.0,654.0,642.0,650.0,646.0,646.0,643.0,635.0,654.0,649.0,646.0,649.0,652.0,641.0,645.0,646.0,640.0,649.0,646.0,639.0,643.0,642.0,639.0,643.0,643.0,647.0,643.0,650.0,649.0,645.0,655.0,637.0,644.0,658.0,640.0,648.0,643.0,647.0,642.0,648.0,641.0,648.0,655.0,645.0,643.0,649.0,642.0,640.0,642.0,652.0,642.0,642.0,639.0,641.0,639.0,640.0,640.0,646.0,639.0,630.0
666.0,666.0,661.0,669.0,668.0,664.0,655.0,659.0,658.0,658.0,660.0,666.0,655.0,651.0,663.0,652.0,658.0,683.0,679.0,653.0,658.0,656.0,653.0,669.0,662.0,660.0,658.0,659.0,660.0,669.0,655.0,664.0,662.0,653.0,651.0,660.0,652.0,660.0,664.0,663.0,657.0,661.0,652.0,658.0,659.0,656.0,653.0,650.0,663.0,655.0,659.0,661.0,658.0,655.0,657.0,649.0,658.0,652.0,661.0,659.0,647.0,671.0,663.0,659.0,666.0,660.0,650.0,658.0,664.0,661.0,669.0,663.0,669.0,667.0,665.0,667.0,659.0,679.0,681.0,679.0,672.0,673.0,674.0,669.0,671.0,667.0,682.0,685.0,675.0,667.0,668.0,676.0,670.0,670.0,673.0,674.0,669.0,680.0,673.0,679.0,685.0,679.0,674.0,683.0,674.0,676.0,682.0,677.0,678.0,680.0,680.0,677.0,689.0,682.0,684.0,673.0,684.0,688.0,689.0,686.0,686.0,692.0,687.0,692.0,682.0,702.0,685.0,692.0,686.0,698.0,682.0,695.0,694.0,694.0,703.0,693.0,708.0,727.0,696.0,697.0,684.0,679.0,687.0,688.0,683.0,696.0,698.0,693.0,694.0,690.0,697.0,688.0,703.0,702.0,710.0,704.0,709.0,701.0,707.0,700.0,717.0,710.0,717.0,701.0,704.0,713.0,716.0,714.0,720.0,697.0,701.0,690.0,701.0,693.0,693.0,693.0,706.0,701.0,702.0,693.0,694.0,690.0,685.0,694.0,696.0,704.0,699.0,712.0,699.0,720.0,713.0,719.0,734.0,724.0,720.0,740.0,732.0,729.0,737.0,721.0,728.0,721.0,709.0,715.0,716.0,724.0,709.0,722.0,739.0,733.0,736.0,740.0,737.0,745.0,734.0,738.0,741.0,731.0,735.0,732.0,729.0,717.0,718.0,715.0,711.0,727.0,714.0,702.0,703.0,696.0,704.0,700.0,703.0,699.0,693.0,707.0,693.0,692.0,710.0,707.0,679.0,690.0,708.0,704.0,717.0,725.0,726.0,710.0,724.0,723.0,714.0,709.0,705.0,704.0,692.0,701.0,686.0,673.0,672.0,670.0,662.0,668.0,667.0,656.0,671.0,666.0,667.0,658.0,669.0,658.0,670.0,673.0,669.0,680.0,688.0,675.0,702.0,701.0,696.0,693.0,698.0,701.0,676.0,684.0,689,688.0,687.0,678.0,685.0,685.0,687.0,689.0,684.0,688.0,677.0,695.0,690.0,703.0,705.0,703.0,706.0,699.0,695.0,689.0,692.0,691.0,672.0,680.0,664.0,673.0,654.0,662.0,662.0,651.0,656.0,661.0,649.0,650.0,642.0,647.0,652.0,644.0,642.0,640.0,641.0,646.0,646.0,638.0,652.0,644.0,642.0,653.0,637.0,643.0,643.0,637.0,641.0,644.0,640.0,642.0,634.0,643.0,639.0,630.0,634.0,642.0,641.0,632.0,644.0,639.0,635.0,644.0,643.0,638.0,648.0,633.0,653.0,640.0,641.0,638.0,642.0,629.0,637.0,635.0,645.0,637.0,640.0,636.0,640.0,636.0,643.0,643.0,638.0,643.0,643.0,642.0,635.0,633.0,640.0,645.0,643.0,635.0,641.0,639.0,636.0,638.0,635.0,639.0,639.0
657.0,668.0,669.0,655.0,657.0,659.0,660.0,660.0,650.0,647.0,659.0,653.0,655.0,636.0,654.0,655.0,663.0,665.0,667.0,650.0,661.0,662.0,655.0,663.0,662.0,655.0,665.0,649.0,662.0,658.0,659.0,654.0,664.0,649.0,661.0,654.0,655.0,641.0,655.0,650.0,651.0,658.0,659.0,649.0,642.0,651.0,651.0,655.0,652.0,655.0,663.0,647.0,645.0,655.0,649.0,658.0,662.0,643.0,651.0,660.0,655.0,674.0,655.0,657.0,661.0,653.0,647.0,653.0,652.0,656.0,658.0,655.0,667.0,666.0,671.0,660.0,667.0,663.0,670.0,668.0,665.0,673.0,672.0,675.0,662.0,665.0,685.0,678.0,656.0,677.0,658.0,666.0,676.0,671.0,673.0,674.0,671.0,689.0,662.0,675.0,673.0,662.0,669.0,687.0,674.0,675.0,668.0,664.0,679.0,686.0,683.0,680.0,690.0,690.0,680.0,679.0,675.0,674.0,689.0,679.0,682.0,682.0,670.0,684.0,678.0,689.0,688.0,698.0,677.0,694.0,685.0,688.0,686.0,686.0,687.0,685.0,699.0,728.0,707.0,699.0,695.0,682.0,695.0,683.0,684.0,699.0,686.0,690.0,690.0,691.0,696.0,693.0,706.0,699.0,691.0,704.0,707.0,706.0,718.0,715.0,713.0,708.0,692.0,693.0,714.0,702.0,714.0,720.0,729.0,687.0,696.0,693.0,690.0,692.0,680.0,685.0,706.0,700.0,696.0,697.0,697.0,691.0,694.0,690.0,693.0,700.0,691.0,705.0,708.0,697.0,718.0,721.0,735.0,714.0,723.0,726.0,718.0,725.0,734.0,708.0,716.0,719.0,716.0,711.0,715.0,714.0,715.0,715.0,728.0,719.0,735.0,735.0,733.0,730.0,739.0,745.0,726.0,739.0,739.0,735.0,729.0,714.0,691.0,707.0,702.0,713.0,703.0,713.0,704.0,691.0,704.0,699.0,683.0,702.0,687.0,691.0,693.0,681.0,688.0,700.0,694.0,692.0,689.0,705.0,722.0,728.0,721.0,708.0,730.0,723.0,717.0,701.0,697.0,697.0,687.0,682.0,674.0,664.0,669.0,680.0,665.0,655.0,671.0,668.0,664.0,672.0,665.0,661.0,665.0,665.0,680.0,664.0,688.0,672.0,682.0,679.0,700.0,700.0,685.0,693.0,685.0,696.0,683.0,664.0,675,695.0,669.0,682.0,691.0,686.0,672.0,682.0,681.0,686.0,687.0,695.0,685.0,699.0,699.0,702.0,695.0,707.0,697.0,693.0,703.0,679.0,665.0,678.0,657.0,660.0,652.0,663.0,659.0,655.0,654.0,651.0,644.0,643.0,648.0,643.0,650.0,643.0,635.0,636.0,647.0,637.0,638.0,641.0,644.0,635.0,641.0,641.0,635.0,636.0,635.0,642.0,636.0,639.0,639.0,627.0,639.0,637.0,632.0,623.0,637.0,635.0,640.0,636.0,633.0,641.0,630.0,637.0,625.0,639.0,636.0,623.0,631.0,636.0,626.0,640.0,638.0,634.0,634.0,633.0,631.0,639.0,634.0,630.0,644.0,639.0,636.0,644.0,634.0,635.0,636.0,642.0,625.0,632.0,633.0,640.0,629.0,619.0,632.0,629.0,631.0,634.0,628.0,633.0,637.0
654.0,655.0,658.0,661.0,667.0,662.0,653.0,654.0,652.0,650.0,654.0,655.0,654.0,646.0,655.0,645.0,648.0,671.0,665.0,657.0,650.0,660.0,657.0,652.0,659.0,653.0,659.0,652.0,651.0,663.0,664.0,649.0,655.0,657.0,654.0,655.0,650.0,649.0,652.0,652.0,653.0,651.0,652.0,652.0,649.0,647.0,641.0,649.0,643.0,651.0,651.0,654.0,646.0,642.0,646.0,654.0,641.0,642.0,653.0,654.0,650.0,641.0,648.0,647.0,650.0,656.0,652.0,650.0,649.0,647.0,668.0,665.0,667.0,655.0,666.0,666.0,662.0,665.0,660.0,667.0,671.0,659.0,657.0,660.0,670.0,665.0,675.0,669.0,663.0,662.0,661.0,671.0,672.0,671.0,666.0,669.0,665.0,676.0,666.0,680.0,669.0,673.0,674.0,670.0,667.0,667.0,676.0,677.0,681.0,675.0,677.0,678.0,685.0,678.0,682.0,667.0,677.0,693.0,682.0,675.0,676.0,694.0,684.0,682.0,681.0,684.0,684.0,694.0,698.0,693.0,689.0,688.0,689.0,685.0,695.0,702.0,697.0,719.0,709.0,689.0,674.0,689.0,692.0,686.0,693.0,693.0,682.0,689.0,685.0,693.0,684.0,684.0,694.0,702.0,709.0,706.0,712.0,688.0,706.0,695.0,697.0,709.0,701.0,697.0,699.0,712.0,710.0,706.0,718.0,695.0,690.0,677.0,697.0,687.0,687.0,703.0,693.0,704.0,693.0,689.0,682.0,684.0,688.0,696.0,692.0,693.0,705.0,703.0,705.0,718.0,712.0,723.0,733.0,719.0,731.0,730.0,728.0,722.0,724.0,718.0,726.0,706.0,705.0,719.0,705.0,710.0,710.0,720.0,739.0,725.0,735.0,733.0,742.0,728.0,725.0,722.0,732.0,726.0,742.0,729.0,731.0,709.0,719.0,713.0,713.0,710.0,707.0,707.0,697.0,698.0,697.0,701.0,694.0,704.0,689.0,685.0,687.0,693.0,691.0,689.0,692.0,687.0,704.0,711.0,726.0,729.0,726.0,721.0,722.0,716.0,715.0,700.0,698.0,698.0,703.0,679.0,673.0,662.0,677.0,655.0,662.0,653.0,662.0,667.0,672.0,661.0,665.0,660.0,673.0,662.0,665.0,674.0,666.0,689.0,680.0,683.0,698.0,680.0,695.0,692.0,686.0,686.0,669.0,678.0,680,686.0,682.0,683.0,676.0,679.0,681.0,675.0,682.0,679.0,688.0,706.0,692.0,704.0,700.0,697.0,695.0,692.0,694.0,696.0,689.0,680.0,671.0,674.0,664.0,666.0,651.0,648.0,653.0,640.0,644.0,645.0,644.0,639.0,646.0,645.0,650.0,640.0,640.0,642.0,642.0,641.0,640.0,639.0,643.0,637.0,637.0,638.0,637.0,634.0,639.0,638.0,631.0,630.0,639.0,643.0,638.0,639.0,632.0,639.0,644.0,637.0,638.0,638.0,626.0,636.0,635.0,637.0,633.0,634.0,642.0,628.0,635.0,634.0,625.0,626.0,639.0,631.0,636.0,635.0,638.0,629.0,627.0,626.0,638.0,633.0,639.0,637.0,630.0,629.0,631.0,634.0,628.0,628.0,632.0,628.0,636.0,628.0,635.0,630.0,635.0,634.0,632.0,631.0,627.0
662.0,660.0,657.0,665.0,662.0,665.0,654.0,651.0,664.0,658.0,662.0,659.0,660.0,648.0,666.0,661.0,663.0,675.0,676.0,652.0,657.0,666.0,663.0,659.0,664.0,664.0,655.0,661.0,649.0,666.0,665.0,650.0,661.0,667.0,660.0,667.0,652.0,649.0,656.0,653.0,656.0,652.0,645.0,653.0,652.0,658.0,654.0,653.0,654.0,657.0,659.0,648.0,660.0,648.0,654.0,645.0,653.0,638.0,659.0,650.0,656.0,666.0,658.0,657.0,655.0,659.0,662.0,652.0,654.0,659.0,664.0,665.0,660.0,658.0,670.0,677.0,662.0,674.0,682.0,685.0,672.0,666.0,665.0,665.0,673.0,672.0,683.0,679.0,672.0,673.0,673.0,675.0,681.0,669.0,682.0,679.0,666.0,687.0,665.0,679.0,677.0,677.0,678.0,689.0,686.0,680.0,686.0,678.0,686.0,683.0,672.0,670.0,676.0,691.0,677.0,681.0,690.0,694.0,692.0,690.0,688.0,699.0,692.0,693.0,696.0,690.0,689.0,701.0,687.0,684.0,704.0,702.0,689.0,689.0,703.0,703.0,705.0,726.0,723.0,700.0,696.0,699.0,706.0,684.0,699.0,703.0,696.0,701.0,703.0,693.0,699.0,703.0,705.0,696.0,702.0,699.0,710.0,706.0,709.0,720.0,706.0,718.0,711.0,715.0,703.0,721.0,720.0,721.0,729.0,706.0,687.0,690.0,699.0,704.0,697.0,700.0,705.0,706.0,710.0,708.0,696.0,699.0,704.0,708.0,710.0,710.0,717.0,696.0,723.0,709.0,715.0,714.0,742.0,727.0,732.0,731.0,725.0,739.0,742.0,721.0,721.0,729.0,715.0,716.0,716.0,723.0,722.0,713.0,734.0,730.0,738.0,738.0,732.0,752.0,747.0,749.0,737.0,740.0,751.0,732.0,747.0,732.0,727.0,716.0,723.0,717.0,707.0,704.0,710.0,706.0,712.0,701.0,693.0,704.0,701.0,702.0,695.0,700.0,695.0,694.0,706.0,700.0,711.0,720.0,726.0,729.0,745.0,732.0,734.0,723.0,721.0,710.0,692.0,700.0,689.0,685.0,675.0,680.0,671.0,675.0,665.0,672.0,668.0,677.0,673.0,667.0,662.0,661.0,680.0,676.0,672.0,690.0,667.0,691.0,686.0,695.0,699.0,689.0,706.0,695.0,698.0,690.0,692.0,676.0,692,686.0,686.0,683.0,687.0,697.0,683.0,687.0,684.0,691.0,694.0,701.0,698.0,704.0,707.0,711.0,710.0,717.0,705.0,704.0,702.0,689.0,679.0,681.0,669.0,671.0,667.0,661.0,658.0,650.0,644.0,661.0,650.0,654.0,643.0,654.0,656.0,649.0,645.0,648.0,649.0,649.0,641.0,646.0,657.0,649.0,646.0,656.0,654.0,643.0,647.0,641.0,631.0,642.0,641.0,633.0,647.0,635.0,629.0,639.0,641.0,646.0,632.0,636.0,635.0,638.0,644.0,644.0,635.0,647.0,643.0,641.0,651.0,640.0,637.0,634.0,647.0,636.0,646.0,633.0,631.0,631.0,648.0,634.0,650.0,646.0,639.0,644.0,636.0,633.0,643.0,636.0,638.0,639.0,637.0,648.0,639.0,633.0,634.0,643.0,642.0,639.0,643.0,638.0,639.0
667.0,672.0,669.0,663.0,673.0,672.0,669.0,671.0,668.0,658.0,665.0,669.0,668.0,656.0,659.0,664.0,678.0,677.0,673.0,659.0,664.0,664.0,664.0,670.0,671.0,669.0,662.0,667.0,662.0,678.0,667.0,664.0,662.0,668.0,665.0,668.0,664.0,661.0,662.0,665.0,651.0,655.0,663.0,666.0,661.0,662.0,653.0,658.0,651.0,666.0,661.0,662.0,653.0,660.0,666.0,675.0,656.0,661.0,669.0,674.0,659.0,673.0,655.0,665.0,666.0,664.0,661.0,668.0,668.0,662.0,681.0,682.0,672.0,677.0,672.0,667.0,671.0,672.0,691.0,674.0,677.0,680.0,681.0,676.0,678.0,687.0,706.0,691.0,694.0,684.0,681.0,691.0,683.0,683.0,692.0,693.0,687.0,696.0,672.0,686.0,687.0,690.0,688.0,699.0,697.0,686.0,695.0,688.0,690.0,684.0,698.0,691.0,699.0,695.0,700.0,694.0,697.0,700.0,718.0,684.0,701.0,707.0,701.0,706.0,704.0,713.0,700.0,702.0,702.0,704.0,711.0,709.0,714.0,710.0,710.0,708.0,725.0,743.0,741.0,712.0,714.0,716.0,710.0,715.0,709.0,708.0,712.0,702.0,714.0,718.0,728.0,708.0,714.0,714.0,714.0,713.0,733.0,739.0,731.0,720.0,736.0,719.0,716.0,710.0,727.0,728.0,746.0,726.0,742.0,709.0,716.0,695.0,714.0,706.0,708.0,713.0,715.0,712.0,722.0,718.0,712.0,699.0,717.0,706.0,715.0,715.0,715.0,720.0,718.0,729.0,739.0,735.0,763.0,752.0,746.0,748.0,746.0,753.0,759.0,749.0,743.0,738.0,725.0,745.0,726.0,757.0,739.0,746.0,744.0,758.0,768.0,773.0,755.0,757.0,761.0,746.0,761.0,761.0,759.0,753.0,743.0,748.0,734.0,735.0,737.0,725.0,724.0,736.0,717.0,723.0,717.0,724.0,717.0,713.0,710.0,722.0,704.0,702.0,717.0,710.0,708.0,710.0,721.0,728.0,747.0,752.0,770.0,744.0,751.0,736.0,728.0,717.0,725.0,719.0,708.0,708.0,701.0,682.0,693.0,683.0,678.0,665.0,685.0,676.0,670.0,690.0,677.0,675.0,688.0,674.0,699.0,685.0,679.0,699.0,699.0,699.0,712.0,711.0,705.0,714.0,706.0,709.0,692.0,691.0,696,699.0,695.0,696.0,691.0,693.0,697.0,695.0,698.0,688.0,711.0,710.0,720.0,726.0,724.0,724.0,715.0,716.0,721.0,699.0,696.0,694.0,691.0,682.0,677.0,682.0,665.0,663.0,669.0,654.0,655.0,662.0,660.0,654.0,658.0,658.0,645.0,653.0,645.0,648.0,657.0,653.0,656.0,653.0,652.0,644.0,650.0,637.0,646.0,646.0,646.0,643.0,646.0,646.0,645.0,639.0,642.0,637.0,642.0,644.0,638.0,642.0,646.0,640.0,636.0,635.0,650.0,645.0,639.0,644.0,650.0,642.0,645.0,645.0,644.0,650.0,647.0,638.0,636.0,645.0,644.0,644.0,643.0,648.0,637.0,646.0,652.0,645.0,650.0,638.0,641.0,649.0,650.0,631.0,643.0,646.0,647.0,953.0,657.0,648.0,642.0,644.0,645.0,633.0,642.0
667.0,674.0,684.0,677.0,662.0,677.0,663.0,674.0,670.0,673.0,659.0,667.0,667.0,651.0,666.0,656.0,658.0,680.0,675.0,664.0,666.0,677.0,667.0,667.0,671.0,666.0,672.0,667.0,675.0,677.0,668.0,663.0,660.0,670.0,672.0,684.0,668.0,661.0,668.0,666.0,662.0,673.0,668.0,663.0,668.0,657.0,655.0,661.0,660.0,674.0,667.0,652.0,666.0,660.0,671.0,660.0,663.0,651.0,667.0,659.0,666.0,671.0,665.0,670.0,668.0,670.0,668.0,663.0,668.0,671.0,667.0,680.0,678.0,681.0,680.0,679.0,671.0,689.0,683.0,669.0,685.0,675.0,675.0,678.0,681.0,680.0,698.0,688.0,679.0,681.0,684.0,690.0,696.0,688.0,697.0,684.0,668.0,682.0,672.0,687.0,687.0,683.0,686.0,691.0,690.0,687.0,674.0,687.0,678.0,687.0,690.0,693.0,696.0,697.0,695.0,679.0,701.0,684.0,704.0,698.0,701.0,706.0,702.0,695.0,702.0,692.0,702.0,704.0,699.0,702.0,697.0,699.0,700.0,696.0,706.0,708.0,715.0,727.0,724.0,700.0,699.0,697.0,706.0,697.0,699.0,696.0,701.0,692.0,706.0,706.0,702.0,701.0,702.0,714.0,718.0,701.0,717.0,719.0,720.0,719.0,722.0,722.0,719.0,718.0,714.0,712.0,715.0,735.0,720.0,691.0,703.0,691.0,697.0,708.0,693.0,704.0,712.0,707.0,704.0,692.0,697.0,700.0,696.0,698.0,718.0,698.0,716.0,713.0,718.0,725.0,732.0,736.0,743.0,751.0,729.0,748.0,752.0,741.0,730.0,736.0,738.0,737.0,725.0,724.0,715.0,720.0,745.0,730.0,741.0,739.0,747.0,741.0,742.0,753.0,746.0,745.0,747.0,742.0,745.0,750.0,752.0,732.0,730.0,730.0,717.0,729.0,720.0,714.0,721.0,705.0,704.0,722.0,698.0,709.0,700.0,701.0,702.0,695.0,711.0,700.0,708.0,707.0,708.0,727.0,719.0,744.0,752.0,722.0,736.0,731.0,726.0,699.0,716.0,709.0,703.0,696.0,696.0,687.0,680.0,679.0,672.0,666.0,687.0,680.0,673.0,682.0,674.0,671.0,682.0,671.0,687.0,682.0,678.0,681.0,699.0,683.0,700.0,702.0,705.0,695.0,693.0,703.0,681.0,682.0,689,697.0,688.0,699.0,689.0,690.0,683.0,691.0,696.0,690.0,697.0,711.0,687.0,719.0,718.0,719.0,715.0,725.0,701.0,709.0,695.0,681.0,688.0,685.0,669.0,671.0,658.0,662.0,658.0,642.0,666.0,661.0,647.0,641.0,657.0,648.0,648.0,646.0,648.0,642.0,641.0,649.0,639.0,652.0,643.0,651.0,636.0,645.0,633.0,651.0,639.0,634.0,641.0,641.0,649.0,643.0,648.0,643.0,643.0,631.0,639.0,640.0,643.0,634.0,635.0,634.0,631.0,642.0,633.0,643.0,641.0,635.0,642.0,645.0,641.0,637.0,638.0,632.0,640.0,636.0,641.0,637.0,648.0,634.0,647.0,646.0,640.0,638.0,636.0,636.0,643.0,644.0,635.0,644.0,638.0,629.0,636.0,636.0,640.0,641.0,640.0,635.0,643.0,635.0,635.0
672.0,669.0,672.0,669.0,661.0,661.0,657.0,657.0,655.0,650.0,660.0,650.0,659.0,661.0,661.0,664.0,670.0,696.0,677.0,653.0,658.0,660.0,660.0,653.0,659.0,659.0,662.0,658.0,652.0,661.0,671.0,658.0,653.0,650.0,664.0,652.0,653.0,649.0,655.0,662.0,652.0,650.0,656.0,647.0,647.0,650.0,648.0,648.0,651.0,649.0,648.0,649.0,645.0,638.0,651.0,645.0,646.0,655.0,647.0,654.0,654.0,655.0,656.0,649.0,657.0,657.0,651.0,650.0,662.0,647.0,666.0,654.0,653.0,647.0,661.0,656.0,654.0,653.0,673.0,660.0,655.0,653.0,653.0,647.0,664.0,657.0,669.0,671.0,665.0,669.0,655.0,661.0,662.0,671.0,662.0,667.0,661.0,676.0,657.0,668.0,663.0,660.0,649.0,676.0,667.0,671.0,655.0,669.0,664.0,662.0,675.0,667.0,679.0,665.0,672.0,662.0,670.0,681.0,671.0,671.0,662.0,676.0,671.0,670.0,682.0,675.0,674.0,683.0,670.0,678.0,677.0,665.0,681.0,677.0,672.0,683.0,686.0,693.0,698.0,676.0,664.0,666.0,682.0,675.0,671.0,677.0,678.0,670.0,674.0,681.0,681.0,671.0,677.0,675.0,679.0,678.0,690.0,687.0,692.0,677.0,686.0,694.0,681.0,690.0,678.0,683.0,685.0,678.0,689.0,667.0,672.0,676.0,673.0,677.0,673.0,676.0,674.0,680.0,681.0,685.0,671.0,679.0,666.0,667.0,673.0,671.0,679.0,685.0,677.0,685.0,685.0,691.0,699.0,701.0,699.0,707.0,701.0,712.0,702.0,701.0,713.0,695.0,693.0,695.0,691.0,693.0,683.0,684.0,699.0,697.0,709.0,701.0,725.0,698.0,713.0,709.0,702.0,709.0,710.0,703.0,693.0,686.0,698.0,687.0,692.0,678.0,677.0,683.0,673.0,682.0,670.0,675.0,673.0,674.0,674.0,679.0,671.0,656.0,667.0,663.0,663.0,677.0,687.0,692.0,693.0,698.0,695.0,688.0,711.0,692.0,686.0,683.0,668.0,669.0,674.0,669.0,667.0,658.0,650.0,646.0,648.0,651.0,651.0,646.0,663.0,657.0,661.0,641.0,664.0,652.0,665.0,658.0,665.0,667.0,665.0,652.0,688.0,673.0,675.0,673.0,673.0,667.0,660.0,665.0,661,666.0,663.0,672.0,669.0,677.0,670.0,658.0,671.0,679.0,668.0,671.0,684.0,679.0,690.0,684.0,686.0,697.0,676.0,682.0,672.0,667.0,656.0,650.0,659.0,655.0,647.0,649.0,644.0,635.0,645.0,646.0,640.0,634.0,641.0,638.0,636.0,641.0,626.0,631.0,631.0,636.0,632.0,645.0,643.0,638.0,639.0,632.0,634.0,630.0,634.0,634.0,628.0,639.0,636.0,633.0,635.0,629.0,626.0,624.0,630.0,625.0,638.0,629.0,632.0,627.0,630.0,630.0,627.0,635.0,631.0,626.0,633.0,628.0,632.0,624.0,635.0,632.0,624.0,633.0,625.0,632.0,631.0,632.0,637.0,639.0,628.0,633.0,638.0,631.0,635.0,640.0,624.0,633.0,634.0,635.0,637.0,631.0,631.0,636.0,624.0,627.0,628.0,635.0,619.0
657.0,663.0,666.0,663.0,650.0,659.0,655.0,654.0,659.0,661.0,657.0,645.0,656.0,650.0,652.0,651.0,655.0,660.0,668.0,651.0,658.0,655.0,654.0,645.0,646.0,654.0,650.0,655.0,651.0,659.0,657.0,659.0,650.0,656.0,655.0,650.0,653.0,650.0,656.0,647.0,653.0,651.0,651.0,652.0,645.0,654.0,646.0,648.0,648.0,647.0,650.0,644.0,641.0,649.0,651.0,647.0,638.0,646.0,653.0,653.0,652.0,655.0,650.0,648.0,665.0,654.0,656.0,652.0,654.0,644.0,665.0,662.0,662.0,655.0,659.0,660.0,653.0,667.0,662.0,661.0,659.0,658.0,662.0,651.0,662.0,671.0,668.0,686.0,664.0,667.0,662.0,675.0,674.0,675.0,676.0,671.0,671.0,676.0,661.0,673.0,663.0,664.0,679.0,670.0,676.0,670.0,666.0,665.0,671.0,668.0,676.0,679.0,672.0,674.0,675.0,670.0,681.0,677.0,663.0,668.0,672.0,684.0,678.0,681.0,674.0,672.0,679.0,689.0,681.0,679.0,677.0,701.0,677.0,671.0,675.0,681.0,691.0,710.0,702.0,693.0,676.0,669.0,682.0,684.0,680.0,690.0,680.0,677.0,678.0,678.0,698.0,681.0,692.0,682.0,696.0,695.0,684.0,684.0,692.0,690.0,700.0,696.0,690.0,692.0,692.0,691.0,701.0,687.0,704.0,674.0,676.0,677.0,683.0,671.0,680.0,673.0,686.0,683.0,685.0,688.0,677.0,678.0,686.0,675.0,678.0,682.0,691.0,688.0,691.0,692.0,701.0,701.0,716.0,712.0,705.0,713.0,711.0,706.0,703.0,707.0,707.0,696.0,697.0,704.0,699.0,692.0,704.0,704.0,706.0,724.0,713.0,710.0,726.0,715.0,711.0,727.0,721.0,723.0,716.0,722.0,714.0,707.0,696.0,701.0,696.0,697.0,690.0,683.0,687.0,682.0,680.0,680.0,675.0,680.0,681.0,679.0,668.0,684.0,688.0,687.0,680.0,686.0,684.0,699.0,710.0,706.0,721.0,703.0,724.0,708.0,711.0,685.0,695.0,676.0,679.0,676.0,671.0,657.0,660.0,653.0,656.0,651.0,659.0,654.0,656.0,653.0,662.0,648.0,657.0,641.0,655.0,662.0,661.0,672.0,666.0,668.0,687.0,676.0,684.0,681.0,679.0,667.0,667.0,672.0,677,669.0,669.0,671.0,669.0,670.0,669.0,666.0,662.0,675.0,674.0,685.0,672.0,694.0,687.0,688.0,683.0,688.0,674.0,691.0,670.0,677.0,659.0,661.0,650.0,648.0,644.0,641.0,649.0,636.0,638.0,648.0,638.0,633.0,629.0,631.0,638.0,638.0,634.0,633.0,641.0,626.0,630.0,634.0,637.0,628.0,632.0,634.0,631.0,624.0,638.0,625.0,634.0,627.0,627.0,628.0,636.0,628.0,630.0,621.0,637.0,631.0,629.0,629.0,622.0,631.0,622.0,633.0,622.0,626.0,625.0,625.0,628.0,622.0,627.0,629.0,629.0,627.0,630.0,621.0,628.0,623.0,635.0,624.0,636.0,621.0,632.0,631.0,626.0,632.0,633.0,634.0,623.0,626.0,624.0,628.0,632.0,623.0,624.0,626.0,620.0,628.0,625.0,619.0,626.0
653.0,662.0,660.0,653.0,657.0,658.0,651.0,639.0,650.0,652.0,647.0,657.0,657.0,649.0,653.0,646.0,652.0,654.0,666.0,640.0,654.0,653.0,650.0,651.0,643.0,643.0,664.0,648.0,651.0,644.0,649.0,657.0,654.0,650.0,654.0,649.0,656.0,643.0,642.0,646.0,646.0,652.0,648.0,648.0,649.0,643.0,646.0,646.0,648.0,648.0,636.0,645.0,648.0,645.0,651.0,659.0,642.0,652.0,656.0,650.0,646.0,644.0,646.0,647.0,643.0,653.0,645.0,643.0,650.0,640.0,657.0,654.0,648.0,656.0,661.0,662.0,655.0,656.0,662.0,669.0,663.0,662.0,649.0,651.0,664.0,659.0,666.0,670.0,657.0,655.0,661.0,670.0,678.0,661.0,664.0,667.0,654.0,673.0,647.0,676.0,666.0,671.0,662.0,666.0,671.0,657.0,677.0,662.0,660.0,670.0,662.0,675.0,668.0,672.0,676.0,663.0,670.0,672.0,668.0,679.0,666.0,686.0,671.0,680.0,675.0,657.0,671.0,679.0,667.0,667.0,667.0,685.0,671.0,678.0,689.0,679.0,706.0,692.0,690.0,683.0,671.0,660.0,675.0,693.0,660.0,676.0,685.0,675.0,675.0,667.0,666.0,675.0,684.0,679.0,687.0,697.0,687.0,683.0,699.0,694.0,686.0,694.0,681.0,673.0,683.0,681.0,682.0,687.0,686.0,676.0,665.0,677.0,672.0,674.0,674.0,681.0,679.0,670.0,668.0,669.0,667.0,665.0,665.0,660.0,672.0,668.0,674.0,694.0,681.0,685.0,690.0,703.0,715.0,690.0,695.0,693.0,700.0,701.0,714.0,694.0,695.0,695.0,697.0,692.0,679.0,710.0,691.0,686.0,708.0,718.0,710.0,704.0,701.0,713.0,697.0,705.0,716.0,701.0,725.0,698.0,690.0,691.0,685.0,705.0,689.0,683.0,687.0,695.0,684.0,672.0,683.0,683.0,680.0,682.0,674.0,683.0,680.0,671.0,676.0,678.0,682.0,682.0,685.0,706.0,706.0,717.0,700.0,703.0,709.0,700.0,698.0,682.0,676.0,687.0,674.0,666.0,658.0,649.0,651.0,662.0,650.0,644.0,651.0,652.0,656.0,650.0,642.0,642.0,664.0,649.0,649.0,662.0,652.0,675.0,667.0,658.0,678.0,681.0,677.0,665.0,684.0,667.0,662.0,661.0,657,662.0,668.0,648.0,668.0,668.0,665.0,660.0,661.0,663.0,680.0,675.0,666.0,672.0,683.0,685.0,682.0,677.0,671.0,694.0,669.0,664.0,643.0,660.0,643.0,658.0,643.0,650.0,640.0,629.0,639.0,634.0,637.0,632.0,638.0,630.0,631.0,628.0,630.0,635.0,634.0,633.0,626.0,629.0,627.0,621.0,632.0,629.0,630.0,629.0,635.0,629.0,629.0,632.0,636.0,626.0,626.0,630.0,626.0,628.0,635.0,626.0,625.0,625.0,626.0,620.0,626.0,626.0,625.0,630.0,632.0,623.0,641.0,622.0,625.0,622.0,623.0,625.0,628.0,623.0,615.0,626.0,631.0,619.0,627.0,627.0,641.0,631.0,635.0,627.0,620.0,633.0,626.0,624.0,630.0,624.0,625.0,615.0,630.0,623.0,632.0,624.0,627.0,626.0,626.0
683.0,683.0,688.0,683.0,689.0,690.0,678.0,676.0,671.0,665.0,682.0,678.0,676.0,663.0,675.0,666.0,675.0,694.0,687.0,678.0,673.0,673.0,683.0,665.0,668.0,671.0,679.0,682.0,667.0,683.0,678.0,671.0,675.0,682.0,680.0,668.0,671.0,668.0,682.0,675.0,672.0,665.0,670.0,666.0,665.0,669.0,664.0,660.0,667.0,667.0,673.0,669.0,667.0,677.0,672.0,672.0,665.0,665.0,673.0,669.0,679.0,679.0,680.0,680.0,673.0,671.0,668.0,664.0,678.0,676.0,683.0,685.0,688.0,683.0,691.0,694.0,685.0,699.0,697.0,683.0,696.0,685.0,698.0,697.0,683.0,700.0,708.0,707.0,700.0,694.0,684.0,690.0,700.0,705.0,691.0,691.0,685.0,701.0,684.0,692.0,689.0,695.0,693.0,700.0,703.0,694.0,692.0,702.0,690.0,699.0,707.0,705.0,706.0,717.0,704.0,701.0,709.0,719.0,715.0,720.0,711.0,708.0,704.0,718.0,704.0,724.0,723.0,724.0,727.0,731.0,711.0,720.0,712.0,710.0,723.0,727.0,725.0,750.0,735.0,723.0,711.0,714.0,712.0,713.0,713.0,717.0,720.0,718.0,720.0,728.0,738.0,719.0,731.0,733.0,742.0,731.0,737.0,739.0,743.0,741.0,735.0,748.0,727.0,742.0,735.0,743.0,749.0,749.0,737.0,718.0,720.0,713.0,716.0,723.0,724.0,724.0,728.0,724.0,725.0,717.0,723.0,710.0,715.0,719.0,719.0,727.0,736.0,735.0,730.0,741.0,740.0,750.0,762.0,768.0,760.0,766.0,764.0,777.0,757.0,762.0,768.0,746.0,737.0,748.0,739.0,761.0,761.0,745.0,759.0,771.0,766.0,775.0,779.0,760.0,773.0,772.0,762.0,779.0,777.0,768.0,767.0,742.0,750.0,749.0,738.0,758.0,727.0,728.0,731.0,728.0,725.0,731.0,725.0,716.0,725.0,726.0,711.0,719.0,716.0,714.0,726.0,720.0,733.0,741.0,761.0,754.0,765.0,759.0,763.0,757.0,753.0,741.0,734.0,722.0,730.0,716.0,697.0,691.0,691.0,686.0,677.0,677.0,689.0,678.0,685.0,684.0,688.0,679.0,696.0,689.0,700.0,691.0,694.0,710.0,704.0,707.0,728.0,721.0,726.0,719.0,720.0,713.0,706.0,697.0,710,705.0,707.0,704.0,711.0,710.0,708.0,708.0,705.0,699.0,713.0,729.0,718.0,742.0,736.0,732.0,728.0,721.0,710.0,730.0,718.0,708.0,691.0,693.0,682.0,680.0,675.0,673.0,668.0,662.0,669.0,664.0,657.0,655.0,655.0,658.0,660.0,664.0,646.0,650.0,659.0,655.0,653.0,647.0,657.0,647.0,655.0,642.0,651.0,651.0,647.0,645.0,644.0,656.0,645.0,643.0,653.0,647.0,643.0,649.0,654.0,642.0,649.0,652.0,644.0,646.0,639.0,645.0,641.0,649.0,650.0,638.0,644.0,651.0,649.0,642.0,639.0,644.0,649.0,642.0,651.0,644.0,651.0,637.0,654.0,638.0,651.0,654.0,648.0,643.0,649.0,653.0,636.0,640.0,645.0,642.0,644.0,647.0,641.0,642.0,646.0,643.0,652.0,641.0,631.0
670.0,671.0,667.0,672.0,674.0,664.0,664.0,666.0,670.0,668.0,659.0,672.0,666.0,662.0,669.0,655.0,673.0,680.0,681.0,667.0,657.0,660.0,667.0,672.0,654.0,665.0,664.0,668.0,663.0,679.0,657.0,661.0,661.0,665.0,664.0,665.0,664.0,665.0,665.0,663.0,662.0,663.0,660.0,665.0,672.0,655.0,657.0,654.0,659.0,666.0,660.0,666.0,657.0,663.0,666.0,653.0,663.0,664.0,662.0,668.0,660.0,670.0,674.0,665.0,670.0,667.0,653.0,658.0,673.0,657.0,681.0,675.0,672.0,672.0,678.0,675.0,670.0,682.0,680.0,687.0,669.0,679.0,684.0,681.0,684.0,685.0,694.0,701.0,681.0,677.0,682.0,684.0,686.0,680.0,689.0,688.0,681.0,690.0,680.0,681.0,684.0,693.0,674.0,692.0,687.0,685.0,694.0,682.0,694.0,693.0,692.0,685.0,700.0,699.0,698.0,689.0,693.0,703.0,695.0,689.0,689.0,711.0,698.0,702.0,686.0,705.0,699.0,710.0,697.0,707.0,704.0,705.0,704.0,695.0,715.0,701.0,722.0,740.0,720.0,706.0,696.0,687.0,709.0,706.0,700.0,709.0,712.0,704.0,705.0,709.0,714.0,696.0,709.0,711.0,717.0,719.0,718.0,721.0,732.0,724.0,732.0,721.0,715.0,712.0,708.0,723.0,722.0,736.0,728.0,700.0,707.0,700.0,708.0,702.0,704.0,711.0,716.0,711.0,712.0,701.0,719.0,705.0,694.0,703.0,711.0,712.0,718.0,725.0,713.0,729.0,737.0,727.0,747.0,745.0,752.0,754.0,752.0,745.0,737.0,743.0,751.0,728.0,727.0,727.0,731.0,739.0,724.0,731.0,750.0,745.0,750.0,749.0,765.0,747.0,754.0,749.0,756.0,752.0,745.0,756.0,745.0,734.0,741.0,739.0,734.0,728.0,726.0,727.0,718.0,707.0,710.0,715.0,715.0,712.0,711.0,703.0,703.0,697.0,714.0,722.0,704.0,708.0,719.0,717.0,730.0,736.0,739.0,732.0,749.0,733.0,732.0,723.0,716.0,716.0,713.0,700.0,694.0,686.0,685.0,681.0,670.0,666.0,676.0,664.0,679.0,678.0,673.0,667.0,689.0,672.0,677.0,690.0,684.0,695.0,695.0,688.0,710.0,712.0,718.0,698.0,708.0,708.0,685.0,694.0,694,704.0,694.0,692.0,686.0,692.0,699.0,690.0,692.0,697.0,694.0,712.0,704.0,711.0,725.0,720.0,718.0,715.0,708.0,698.0,704.0,696.0,679.0,686.0,672.0,675.0,662.0,663.0,659.0,650.0,652.0,672.0,652.0,653.0,645.0,645.0,645.0,643.0,645.0,641.0,651.0,652.0,641.0,639.0,647.0,642.0,642.0,654.0,639.0,644.0,643.0,635.0,643.0,644.0,643.0,637.0,636.0,643.0,644.0,631.0,644.0,645.0,643.0,641.0,644.0,639.0,635.0,639.0,642.0,645.0,640.0,636.0,647.0,638.0,645.0,639.0,639.0,632.0,639.0,643.0,640.0,638.0,635.0,637.0,646.0,643.0,644.0,646.0,640.0,647.0,641.0,640.0,636.0,636.0,642.0,639.0,640.0,641.0,638.0,643.0,641.0,644.0,646.0,637.0,636.0
655.0,664.0,663.0,663.0,661.0,656.0,663.0,647.0,657.0,658.0,649.0,663.0,656.0,649.0,657.0,658.0,657.0,671.0,658.0,643.0,660.0,656.0,660.0,651.0,667.0,649.0,662.0,649.0,654.0,661.0,660.0,662.0,663.0,654.0,659.0,654.0,657.0,641.0,657.0,651.0,658.0,662.0,651.0,656.0,648.0,650.0,645.0,650.0,651.0,652.0,644.0,656.0,656.0,651.0,658.0,650.0,642.0,657.0,663.0,659.0,644.0,660.0,678.0,657.0,647.0,662.0,663.0,653.0,656.0,654.0,666.0,667.0,681.0,657.0,671.0,659.0,656.0,674.0,673.0,676.0,679.0,672.0,674.0,681.0,673.0,675.0,686.0,690.0,687.0,682.0,679.0,681.0,685.0,675.0,671.0,688.0,666.0,679.0,669.0,676.0,674.0,683.0,683.0,678.0,678.0,680.0,675.0,680.0,680.0,687.0,679.0,678.0,694.0,683.0,697.0,676.0,686.0,692.0,691.0,692.0,684.0,682.0,683.0,676.0,692.0,697.0,685.0,703.0,690.0,701.0,697.0,706.0,688.0,692.0,696.0,701.0,706.0,720.0,713.0,691.0,691.0,698.0,691.0,702.0,702.0,683.0,700.0,698.0,702.0,679.0,704.0,699.0,701.0,695.0,709.0,702.0,716.0,699.0,708.0,710.0,723.0,720.0,718.0,710.0,712.0,713.0,705.0,717.0,710.0,697.0,693.0,689.0,694.0,703.0,686.0,697.0,699.0,696.0,710.0,692.0,687.0,705.0,695.0,699.0,701.0,709.0,709.0,721.0,716.0,715.0,710.0,722.0,731.0,721.0,730.0,742.0,729.0,738.0,730.0,730.0,733.0,715.0,709.0,706.0,710.0,718.0,729.0,730.0,733.0,719.0,744.0,736.0,740.0,731.0,751.0,746.0,739.0,754.0,766.0,733.0,737.0,728.0,721.0,718.0,721.0,712.0,708.0,706.0,706.0,693.0,709.0,717.0,694.0,720.0,699.0,691.0,685.0,688.0,698.0,691.0,684.0,693.0,715.0,715.0,742.0,724.0,729.0,718.0,722.0,720.0,730.0,693.0,703.0,698.0,690.0,683.0,686.0,668.0,667.0,670.0,665.0,663.0,670.0,661.0,667.0,669.0,676.0,661.0,679.0,666.0,674.0,677.0,679.0,683.0,697.0,675.0,704.0,700.0,698.0,697.0,704.0,695.0,693.0,684.0,676,668.0,695.0,681.0,683.0,695.0,689.0,679.0,687.0,687.0,701.0,687.0,687.0,695.0,708.0,719.0,703.0,707.0,695.0,706.0,697.0,687.0,683.0,686.0,667.0,669.0,650.0,655.0,652.0,641.0,651.0,645.0,639.0,630.0,639.0,636.0,649.0,638.0,638.0,635.0,646.0,640.0,641.0,636.0,640.0,636.0,650.0,643.0,638.0,646.0,638.0,628.0,636.0,631.0,638.0,641.0,627.0,642.0,629.0,627.0,630.0,632.0,640.0,638.0,629.0,631.0,628.0,636.0,636.0,627.0,633.0,623.0,632.0,631.0,629.0,638.0,639.0,637.0,626.0,631.0,626.0,629.0,632.0,630.0,640.0,632.0,634.0,635.0,638.0,637.0,634.0,646.0,626.0,634.0,629.0,636.0,630.0,634.0,632.0,629.0,619.0,636.0,636.0,623.0,623.0
651.0,658.0,660.0,662.0,665.0,666.0,656.0,658.0,651.0,654.0,653.0,655.0,656.0,641.0,652.0,652.0,653.0,666.0,667.0,659.0,648.0,654.0,650.0,654.0,657.0,656.0,664.0,656.0,650.0,661.0,661.0,651.0,648.0,649.0,654.0,655.0,657.0,645.0,652.0,657.0,650.0,651.0,648.0,649.0,648.0,649.0,644.0,648.0,642.0,643.0,648.0,645.0,644.0,644.0,646.0,647.0,646.0,640.0,652.0,649.0,650.0,650.0,653.0,641.0,651.0,659.0,647.0,652.0,650.0,650.0,666.0,670.0,667.0,659.0,666.0,663.0,656.0,661.0,663.0,669.0,663.0,657.0,659.0,659.0,671.0,664.0,674.0,666.0,662.0,660.0,664.0,666.0,665.0,671.0,667.0,664.0,660.0,677.0,662.0,676.0,662.0,676.0,669.0,678.0,665.0,659.0,672.0,667.0,674.0,679.0,676.0,670.0,679.0,674.0,674.0,672.0,681.0,685.0,676.0,674.0,674.0,691.0,681.0,678.0,685.0,686.0,688.0,694.0,699.0,693.0,691.0,689.0,687.0,683.0,687.0,690.0,696.0,720.0,714.0,683.0,684.0,679.0,684.0,679.0,694.0,695.0,687.0,689.0,688.0,687.0,691.0,690.0,700.0,694.0,709.0,699.0,709.0,688.0,709.0,700.0,688.0,706.0,705.0,703.0,698.0,708.0,717.0,713.0,719.0,689.0,684.0,678.0,696.0,686.0,689.0,696.0,696.0,700.0,693.0,694.0,687.0,685.0,696.0,695.0,684.0,693.0,699.0,701.0,704.0,716.0,716.0,716.0,738.0,723.0,728.0,725.0,726.0,726.0,716.0,724.0,720.0,702.0,701.0,716.0,704.0,714.0,709.0,708.0,734.0,726.0,726.0,728.0,745.0,730.0,722.0,713.0,725.0,729.0,734.0,723.0,729.0,702.0,718.0,707.0,707.0,694.0,717.0,694.0,703.0,696.0,691.0,696.0,692.0,707.0,681.0,689.0,690.0,692.0,687.0,689.0,694.0,680.0,698.0,711.0,718.0,717.0,719.0,703.0,718.0,722.0,708.0,693.0,693.0,689.0,698.0,676.0,675.0,665.0,667.0,658.0,661.0,657.0,666.0,671.0,668.0,666.0,665.0,660.0,667.0,658.0,670.0,676.0,669.0,686.0,684.0,675.0,688.0,675.0,690.0,694.0,689.0,692.0,671.0,675.0,680,684.0,683.0,675.0,676.0,678.0,682.0,680.0,682.0,677.0,681.0,694.0,685.0,695.0,697.0,691.0,693.0,694.0,687.0,694.0,688.0,673.0,668.0,666.0,663.0,669.0,649.0,657.0,651.0,637.0,649.0,646.0,644.0,637.0,641.0,639.0,653.0,643.0,638.0,638.0,641.0,643.0,637.0,635.0,639.0,638.0,638.0,637.0,634.0,634.0,632.0,636.0,633.0,638.0,638.0,637.0,634.0,635.0,632.0,631.0,642.0,634.0,633.0,635.0,630.0,631.0,630.0,637.0,633.0,624.0,639.0,625.0,637.0,634.0,623.0,625.0,634.0,636.0,634.0,634.0,634.0,631.0,633.0,629.0,632.0,629.0,634.0,635.0,633.0,633.0,627.0,637.0,630.0,635.0,632.0,630.0,633.0,628.0,633.0,639.0,628.0,630.0,631.0,630.0,629.0
659.0,667.0,660.0,662.0,666.0,670.0,665.0,653.0,670.0,654.0,661.0,659.0,660.0,655.0,668.0,663.0,663.0,680.0,685.0,659.0,648.0,660.0,667.0,664.0,665.0,663.0,659.0,657.0,648.0,670.0,660.0,657.0,660.0,653.0,653.0,653.0,662.0,656.0,650.0,662.0,656.0,652.0,651.0,656.0,655.0,662.0,654.0,654.0,655.0,656.0,659.0,654.0,647.0,652.0,657.0,654.0,658.0,651.0,655.0,658.0,662.0,664.0,660.0,653.0,666.0,649.0,667.0,653.0,664.0,661.0,672.0,660.0,660.0,664.0,672.0,664.0,660.0,672.0,674.0,670.0,668.0,670.0,675.0,666.0,666.0,687.0,674.0,682.0,669.0,672.0,672.0,676.0,669.0,670.0,675.0,680.0,669.0,675.0,673.0,682.0,675.0,669.0,670.0,688.0,681.0,685.0,678.0,676.0,681.0,676.0,676.0,684.0,689.0,672.0,681.0,673.0,678.0,691.0,685.0,680.0,677.0,696.0,680.0,685.0,686.0,691.0,689.0,684.0,687.0,680.0,691.0,690.0,692.0,682.0,695.0,705.0,692.0,726.0,707.0,698.0,677.0,695.0,703.0,691.0,685.0,696.0,683.0,686.0,699.0,688.0,686.0,692.0,709.0,700.0,701.0,696.0,706.0,711.0,715.0,703.0,710.0,700.0,713.0,704.0,699.0,702.0,724.0,719.0,703.0,699.0,694.0,679.0,684.0,701.0,695.0,691.0,698.0,698.0,697.0,693.0,692.0,687.0,688.0,698.0,694.0,698.0,701.0,705.0,719.0,703.0,716.0,711.0,733.0,732.0,724.0,726.0,721.0,724.0,726.0,713.0,724.0,715.0,727.0,719.0,699.0,720.0,725.0,713.0,731.0,725.0,733.0,729.0,737.0,730.0,735.0,744.0,747.0,740.0,738.0,731.0,746.0,733.0,719.0,710.0,711.0,692.0,709.0,704.0,696.0,702.0,704.0,701.0,699.0,696.0,693.0,692.0,691.0,693.0,687.0,688.0,696.0,704.0,695.0,719.0,721.0,718.0,735.0,731.0,721.0,722.0,707.0,708.0,702.0,682.0,694.0,683.0,672.0,672.0,667.0,668.0,670.0,662.0,671.0,663.0,667.0,671.0,677.0,663.0,667.0,665.0,680.0,670.0,675.0,692.0,696.0,681.0,705.0,691.0,704.0,698.0,697.0,693.0,678.0,674.0,687,686.0,690.0,684.0,678.0,698.0,673.0,687.0,683.0,690.0,680.0,693.0,684.0,719.0,716.0,725.0,710.0,718.0,687.0,699.0,691.0,697.0,678.0,672.0,660.0,666.0,655.0,651.0,654.0,647.0,654.0,643.0,649.0,649.0,647.0,645.0,650.0,641.0,637.0,647.0,644.0,648.0,647.0,647.0,645.0,643.0,637.0,645.0,641.0,642.0,636.0,642.0,631.0,637.0,634.0,627.0,638.0,642.0,637.0,639.0,637.0,630.0,636.0,637.0,637.0,636.0,634.0,639.0,632.0,638.0,641.0,632.0,647.0,632.0,642.0,637.0,643.0,637.0,641.0,640.0,629.0,633.0,645.0,639.0,645.0,640.0,638.0,640.0,636.0,643.0,641.0,641.0,632.0,637.0,637.0,647.0,631.0,636.0,633.0,645.0,637.0,633.0,640.0,636.0,625.0
690.0,680.0,675.0,685.0,691.0,677.0,696.0,675.0,678.0,675.0,692.0,681.0,680.0,668.0,674.0,670.0,682.0,698.0,678.0,668.0,674.0,683.0,682.0,677.0,683.0,676.0,670.0,684.0,671.0,680.0,682.0,677.0,687.0,671.0,663.0,683.0,676.0,674.0,669.0,674.0,672.0,666.0,673.0,669.0,666.0,668.0,672.0,671.0,673.0,681.0,668.0,672.0,664.0,672.0,677.0,667.0,670.0,665.0,678.0,682.0,683.0,688.0,676.0,681.0,674.0,674.0,672.0,680.0,687.0,671.0,693.0,688.0,699.0,685.0,693.0,691.0,688.0,692.0,691.0,690.0,699.0,696.0,691.0,689.0,699.0,700.0,714.0,700.0,706.0,705.0,687.0,697.0,701.0,705.0,713.0,705.0,690.0,725.0,693.0,709.0,699.0,700.0,700.0,722.0,704.0,696.0,699.0,697.0,703.0,715.0,712.0,713.0,705.0,718.0,704.0,699.0,711.0,713.0,724.0,715.0,708.0,724.0,719.0,717.0,711.0,711.0,714.0,712.0,707.0,737.0,723.0,719.0,722.0,724.0,726.0,713.0,738.0,746.0,764.0,731.0,727.0,726.0,717.0,723.0,728.0,727.0,720.0,721.0,727.0,727.0,734.0,739.0,733.0,734.0,735.0,750.0,745.0,747.0,754.0,753.0,747.0,759.0,743.0,736.0,740.0,736.0,754.0,745.0,751.0,720.0,725.0,713.0,717.0,718.0,726.0,722.0,728.0,718.0,737.0,718.0,712.0,724.0,711.0,720.0,728.0,727.0,724.0,742.0,728.0,737.0,736.0,763.0,771.0,754.0,767.0,787.0,770.0,774.0,778.0,771.0,756.0,752.0,753.0,758.0,762.0,755.0,758.0,755.0,764.0,775.0,785.0,787.0,804.0,795.0,776.0,794.0,771.0,795.0,802.0,777.0,774.0,770.0,764.0,757.0,759.0,757.0,753.0,758.0,739.0,729.0,728.0,733.0,719.0,722.0,727.0,721.0,702.0,731.0,721.0,725.0,741.0,736.0,735.0,753.0,770.0,759.0,774.0,776.0,780.0,762.0,759.0,735.0,746.0,735.0,726.0,724.0,709.0,694.0,697.0,690.0,693.0,678.0,688.0,684.0,684.0,686.0,683.0,671.0,709.0,684.0,703.0,693.0,691.0,701.0,701.0,711.0,736.0,722.0,724.0,738.0,721.0,716.0,702.0,708.0,711,710.0,712.0,705.0,724.0,717.0,715.0,706.0,712.0,718.0,732.0,734.0,728.0,752.0,733.0,738.0,746.0,760.0,728.0,729.0,721.0,707.0,694.0,708.0,677.0,691.0,682.0,664.0,671.0,660.0,658.0,662.0,662.0,652.0,656.0,649.0,656.0,655.0,646.0,660.0,657.0,652.0,653.0,649.0,655.0,645.0,648.0,649.0,643.0,647.0,642.0,632.0,643.0,652.0,648.0,644.0,649.0,641.0,645.0,641.0,647.0,645.0,646.0,650.0,637.0,643.0,646.0,647.0,644.0,647.0,635.0,636.0,648.0,636.0,640.0,643.0,647.0,635.0,644.0,647.0,643.0,651.0,644.0,643.0,652.0,638.0,656.0,657.0,652.0,645.0,642.0,640.0,644.0,644.0,647.0,646.0,647.0,637.0,645.0,647.0,653.0,644.0,647.0,647.0,644.0
675.0,691.0,694.0,683.0,686.0,677.0,689.0,674.0,672.0,682.0,670.0,685.0,679.0,676.0,671.0,684.0,689.0,701.0,696.0,672.0,664.0,681.0,678.0,679.0,672.0,678.0,699.0,687.0,692.0,694.0,673.0,682.0,690.0,671.0,679.0,681.0,674.0,668.0,690.0,683.0,674.0,685.0,680.0,674.0,667.0,674.0,675.0,673.0,672.0,683.0,675.0,672.0,672.0,674.0,668.0,669.0,670.0,675.0,684.0,680.0,680.0,688.0,677.0,682.0,682.0,683.0,681.0,676.0,685.0,662.0,686.0,688.0,693.0,687.0,690.0,683.0,693.0,701.0,719.0,694.0,698.0,696.0,691.0,682.0,694.0,707.0,726.0,715.0,701.0,698.0,702.0,707.0,709.0,707.0,713.0,711.0,690.0,708.0,680.0,707.0,700.0,710.0,709.0,715.0,709.0,705.0,688.0,704.0,711.0,712.0,717.0,720.0,718.0,715.0,743.0,702.0,719.0,716.0,727.0,716.0,721.0,730.0,714.0,735.0,726.0,729.0,730.0,721.0,733.0,719.0,722.0,734.0,720.0,721.0,740.0,736.0,743.0,768.0,760.0,725.0,732.0,711.0,725.0,733.0,736.0,732.0,727.0,729.0,745.0,743.0,750.0,735.0,745.0,741.0,745.0,749.0,750.0,747.0,766.0,755.0,753.0,751.0,741.0,745.0,734.0,736.0,755.0,762.0,755.0,735.0,732.0,711.0,738.0,734.0,735.0,738.0,739.0,727.0,723.0,720.0,733.0,734.0,720.0,742.0,724.0,743.0,747.0,738.0,753.0,744.0,756.0,770.0,776.0,780.0,765.0,783.0,776.0,768.0,779.0,773.0,778.0,749.0,767.0,749.0,758.0,758.0,779.0,776.0,799.0,787.0,795.0,781.0,785.0,790.0,791.0,792.0,780.0,790.0,789.0,788.0,767.0,771.0,769.0,767.0,757.0,751.0,744.0,743.0,733.0,730.0,740.0,742.0,724.0,733.0,729.0,741.0,713.0,721.0,734.0,729.0,730.0,729.0,741.0,765.0,763.0,771.0,767.0,772.0,760.0,750.0,759.0,739.0,732.0,726.0,738.0,717.0,709.0,698.0,704.0,695.0,703.0,679.0,692.0,706.0,701.0,705.0,694.0,675.0,708.0,692.0,698.0,706.0,699.0,704.0,703.0,705.0,731.0,720.0,733.0,743.0,729.0,716.0,710.0,710.0,719,718.0,716.0,711.0,720.0,705.0,715.0,723.0,719.0,716.0,725.0,731.0,719.0,736.0,742.0,739.0,730.0,748.0,712.0,731.0,730.0,706.0,697.0,697.0,697.0,688.0,671.0,676.0,671.0,655.0,687.0,670.0,652.0,658.0,657.0,665.0,668.0,668.0,655.0,660.0,664.0,657.0,657.0,658.0,667.0,651.0,656.0,663.0,649.0,658.0,655.0,648.0,650.0,662.0,658.0,651.0,649.0,649.0,661.0,649.0,656.0,656.0,651.0,654.0,650.0,646.0,653.0,659.0,646.0,649.0,654.0,640.0,665.0,666.0,647.0,651.0,645.0,651.0,648.0,645.0,639.0,646.0,652.0,641.0,647.0,652.0,661.0,650.0,644.0,656.0,661.0,658.0,647.0,660.0,646.0,664.0,652.0,648.0,656.0,648.0,649.0,649.0,647.0,650.0,641.0
682.0,675.0,681.0,673.0,681.0,675.0,675.0,674.0,671.0,658.0,670.0,667.0,679.0,678.0,678.0,675.0,693.0,742.0,724.0,676.0,671.0,674.0,666.0,664.0,674.0,662.0,672.0,665.0,665.0,683.0,666.0,663.0,662.0,665.0,671.0,662.0,659.0,660.0,672.0,662.0,661.0,660.0,657.0,663.0,654.0,654.0,647.0,657.0,658.0,649.0,647.0,655.0,653.0,661.0,655.0,654.0,648.0,665.0,657.0,656.0,656.0,670.0,666.0,660.0,654.0,652.0,653.0,653.0,663.0,657.0,667.0,665.0,652.0,654.0,661.0,658.0,667.0,670.0,673.0,678.0,666.0,664.0,673.0,656.0,657.0,664.0,675.0,679.0,663.0,665.0,668.0,664.0,671.0,674.0,672.0,667.0,661.0,676.0,660.0,673.0,666.0,668.0,651.0,678.0,675.0,667.0,665.0,677.0,668.0,667.0,672.0,671.0,689.0,672.0,667.0,673.0,671.0,700.0,672.0,677.0,665.0,685.0,677.0,675.0,684.0,684.0,677.0,680.0,689.0,695.0,684.0,689.0,678.0,681.0,680.0,682.0,681.0,699.0,691.0,689.0,691.0,679.0,676.0,689.0,670.0,693.0,679.0,681.0,690.0,694.0,687.0,678.0,688.0,690.0,688.0,702.0,694.0,696.0,698.0,704.0,700.0,702.0,695.0,698.0,704.0,699.0,685.0,695.0,698.0,697.0,675.0,679.0,686.0,684.0,681.0,684.0,683.0,688.0,680.0,683.0,680.0,675.0,681.0,684.0,692.0,680.0,687.0,693.0,697.0,685.0,705.0,702.0,716.0,708.0,702.0,718.0,704.0,711.0,699.0,699.0,709.0,699.0,698.0,700.0,699.0,708.0,696.0,697.0,719.0,715.0,724.0,718.0,716.0,707.0,707.0,711.0,707.0,714.0,725.0,714.0,709.0,700.0,688.0,702.0,696.0,687.0,695.0,703.0,688.0,705.0,688.0,691.0,682.0,677.0,676.0,683.0,684.0,680.0,683.0,678.0,683.0,688.0,695.0,710.0,700.0,711.0,717.0,702.0,727.0,716.0,700.0,693.0,685.0,672.0,680.0,680.0,675.0,663.0,670.0,656.0,658.0,655.0,671.0,664.0,670.0,669.0,661.0,651.0,673.0,654.0,673.0,677.0,663.0,676.0,685.0,676.0,693.0,681.0,684.0,683.0,691.0,683.0,672.0,676.0,682,684.0,681.0,681.0,687.0,681.0,685.0,676.0,669.0,688.0,682.0,679.0,691.0,702.0,705.0,698.0,697.0,695.0,684.0,692.0,675.0,686.0,669.0,668.0,663.0,665.0,659.0,655.0,650.0,648.0,661.0,653.0,650.0,646.0,648.0,654.0,650.0,644.0,648.0,646.0,655.0,652.0,646.0,651.0,647.0,651.0,649.0,640.0,645.0,642.0,634.0,631.0,636.0,644.0,642.0,639.0,645.0,644.0,643.0,629.0,642.0,633.0,641.0,638.0,641.0,637.0,641.0,640.0,641.0,639.0,640.0,632.0,642.0,645.0,637.0,640.0,643.0,640.0,644.0,642.0,643.0,637.0,644.0,640.0,644.0,649.0,643.0,648.0,645.0,642.0,641.0,651.0,634.0,636.0,633.0,638.0,639.0,630.0,647.0,639.0,631.0,637.0,631.0,640.0,638.0
658.0,663.0,670.0,658.0,661.0,667.0,656.0,660.0,659.0,651.0,655.0,650.0,658.0,652.0,654.0,651.0,660.0,660.0,661.0,656.0,654.0,655.0,658.0,656.0,648.0,648.0,656.0,658.0,651.0,657.0,653.0,653.0,648.0,652.0,658.0,646.0,656.0,650.0,657.0,649.0,649.0,651.0,645.0,646.0,646.0,649.0,647.0,648.0,639.0,657.0,651.0,647.0,646.0,651.0,656.0,648.0,644.0,650.0,648.0,644.0,662.0,653.0,660.0,649.0,662.0,652.0,648.0,650.0,650.0,640.0,665.0,653.0,656.0,650.0,655.0,668.0,655.0,674.0,658.0,670.0,668.0,664.0,658.0,654.0,665.0,670.0,669.0,683.0,665.0,673.0,665.0,672.0,670.0,673.0,671.0,668.0,668.0,671.0,665.0,670.0,671.0,666.0,675.0,673.0,675.0,675.0,662.0,663.0,667.0,674.0,679.0,678.0,665.0,675.0,685.0,668.0,688.0,681.0,671.0,674.0,673.0,684.0,669.0,685.0,675.0,682.0,689.0,691.0,678.0,688.0,680.0,706.0,687.0,684.0,690.0,695.0,691.0,720.0,717.0,699.0,691.0,677.0,691.0,695.0,689.0,697.0,689.0,687.0,699.0,696.0,703.0,684.0,701.0,696.0,699.0,706.0,699.0,701.0,699.0,709.0,699.0,705.0,702.0,700.0,705.0,701.0,716.0,709.0,701.0,692.0,688.0,686.0,683.0,693.0,689.0,687.0,692.0,700.0,692.0,691.0,691.0,691.0,690.0,684.0,689.0,688.0,695.0,689.0,693.0,704.0,712.0,712.0,729.0,722.0,708.0,727.0,713.0,715.0,709.0,721.0,716.0,703.0,699.0,718.0,714.0,709.0,717.0,717.0,724.0,720.0,716.0,720.0,729.0,719.0,726.0,725.0,728.0,726.0,720.0,717.0,730.0,715.0,711.0,710.0,704.0,707.0,696.0,695.0,695.0,700.0,698.0,688.0,692.0,682.0,687.0,680.0,675.0,691.0,686.0,687.0,685.0,692.0,704.0,702.0,717.0,713.0,715.0,726.0,721.0,715.0,709.0,695.0,689.0,674.0,682.0,687.0,671.0,667.0,667.0,660.0,670.0,655.0,670.0,664.0,662.0,667.0,670.0,647.0,661.0,654.0,663.0,670.0,665.0,672.0,678.0,675.0,692.0,681.0,682.0,686.0,695.0,673.0,674.0,677.0,682,676.0,682.0,685.0,671.0,680.0,676.0,665.0,666.0,677.0,678.0,689.0,672.0,705.0,689.0,691.0,693.0,694.0,683.0,699.0,681.0,677.0,663.0,657.0,655.0,648.0,653.0,656.0,648.0,645.0,642.0,644.0,634.0,639.0,646.0,640.0,647.0,638.0,637.0,632.0,633.0,638.0,639.0,639.0,641.0,632.0,639.0,643.0,633.0,637.0,642.0,630.0,635.0,636.0,631.0,635.0,636.0,633.0,629.0,633.0,638.0,631.0,632.0,642.0,629.0,634.0,632.0,637.0,627.0,631.0,632.0,629.0,633.0,633.0,630.0,631.0,629.0,635.0,638.0,628.0,642.0,631.0,629.0,629.0,637.0,631.0,637.0,633.0,635.0,642.0,637.0,638.0,625.0,631.0,631.0,630.0,632.0,630.0,629.0,628.0,630.0,631.0,629.0,626.0,626.0
642.0,642.0,648.0,644.0,650.0,637.0,650.0,647.0,644.0,635.0,642.0,639.0,641.0,631.0,638.0,640.0,640.0,651.0,653.0,635.0,647.0,654.0,655.0,642.0,643.0,639.0,639.0,640.0,644.0,639.0,653.0,637.0,640.0,640.0,639.0,647.0,644.0,632.0,639.0,643.0,637.0,642.0,643.0,636.0,621.0,634.0,633.0,635.0,637.0,637.0,636.0,636.0,643.0,636.0,638.0,645.0,636.0,640.0,647.0,640.0,638.0,655.0,635.0,633.0,635.0,643.0,636.0,638.0,635.0,641.0,647.0,652.0,646.0,631.0,654.0,655.0,644.0,650.0,648.0,654.0,642.0,655.0,650.0,642.0,658.0,663.0,651.0,651.0,653.0,645.0,660.0,653.0,651.0,648.0,652.0,649.0,641.0,673.0,645.0,660.0,651.0,666.0,658.0,665.0,657.0,648.0,652.0,659.0,647.0,662.0,661.0,655.0,666.0,664.0,671.0,652.0,662.0,672.0,654.0,656.0,668.0,673.0,654.0,677.0,660.0,651.0,655.0,672.0,663.0,671.0,657.0,667.0,675.0,667.0,685.0,664.0,663.0,692.0,687.0,664.0,665.0,671.0,675.0,672.0,658.0,660.0,663.0,671.0,672.0,670.0,665.0,671.0,684.0,678.0,670.0,686.0,687.0,673.0,678.0,674.0,674.0,681.0,683.0,679.0,686.0,677.0,676.0,681.0,669.0,663.0,667.0,666.0,659.0,665.0,674.0,680.0,663.0,672.0,672.0,675.0,662.0,666.0,666.0,662.0,671.0,674.0,677.0,679.0,681.0,681.0,669.0,674.0,696.0,686.0,701.0,699.0,696.0,707.0,683.0,686.0,699.0,690.0,671.0,688.0,673.0,694.0,686.0,677.0,711.0,696.0,705.0,713.0,697.0,688.0,689.0,696.0,703.0,711.0,709.0,692.0,689.0,695.0,684.0,685.0,676.0,688.0,673.0,679.0,691.0,673.0,680.0,677.0,667.0,672.0,678.0,682.0,666.0,671.0,667.0,680.0,669.0,664.0,670.0,686.0,688.0,679.0,691.0,702.0,699.0,674.0,681.0,687.0,676.0,668.0,667.0,654.0,675.0,659.0,649.0,659.0,647.0,645.0,644.0,653.0,661.0,647.0,656.0,644.0,654.0,640.0,659.0,646.0,655.0,663.0,669.0,642.0,666.0,661.0,664.0,666.0,667.0,665.0,652.0,670.0,653,656.0,672.0,652.0,656.0,664.0,652.0,656.0,670.0,672.0,669.0,677.0,663.0,674.0,671.0,682.0,665.0,671.0,664.0,674.0,659.0,656.0,652.0,659.0,647.0,647.0,639.0,639.0,640.0,630.0,629.0,643.0,633.0,639.0,639.0,629.0,638.0,631.0,631.0,638.0,641.0,628.0,624.0,630.0,631.0,630.0,639.0,630.0,622.0,629.0,629.0,630.0,630.0,641.0,631.0,625.0,628.0,634.0,630.0,629.0,640.0,632.0,629.0,617.0,619.0,626.0,635.0,621.0,625.0,625.0,639.0,620.0,634.0,636.0,625.0,619.0,625.0,622.0,634.0,629.0,631.0,626.0,623.0,623.0,629.0,631.0,636.0,634.0,620.0,632.0,628.0,634.0,628.0,634.0,626.0,627.0,619.0,628.0,636.0,634.0,629.0,629.0,629.0,633.0,630.0
689.0,686.0,694.0,693.0,693.0,682.0,682.0,679.0,685.0,680.0,687.0,679.0,683.0,675.0,683.0,670.0,683.0,707.0,696.0,683.0,680.0,689.0,677.0,681.0,674.0,685.0,680.0,687.0,674.0,687.0,685.0,676.0,683.0,683.0,688.0,675.0,684.0,674.0,680.0,678.0,683.0,671.0,673.0,680.0,675.0,680.0,668.0,664.0,681.0,676.0,673.0,672.0,681.0,679.0,677.0,681.0,668.0,675.0,678.0,682.0,675.0,682.0,684.0,683.0,677.0,674.0,674.0,671.0,680.0,672.0,690.0,692.0,700.0,685.0,695.0,694.0,689.0,702.0,704.0,682.0,693.0,692.0,700.0,698.0,691.0,701.0,712.0,712.0,708.0,705.0,695.0,690.0,703.0,709.0,710.0,700.0,699.0,713.0,701.0,700.0,691.0,707.0,693.0,704.0,709.0,694.0,699.0,704.0,696.0,711.0,711.0,712.0,716.0,707.0,717.0,709.0,713.0,724.0,725.0,725.0,717.0,725.0,722.0,724.0,720.0,730.0,726.0,741.0,739.0,725.0,720.0,726.0,720.0,726.0,736.0,732.0,731.0,761.0,749.0,739.0,718.0,726.0,723.0,721.0,722.0,736.0,738.0,716.0,726.0,738.0,736.0,733.0,735.0,729.0,747.0,747.0,748.0,744.0,752.0,758.0,759.0,760.0,755.0,742.0,740.0,738.0,749.0,755.0,743.0,724.0,719.0,720.0,718.0,730.0,723.0,724.0,730.0,739.0,736.0,728.0,718.0,726.0,727.0,728.0,726.0,729.0,749.0,744.0,741.0,761.0,749.0,759.0,780.0,783.0,776.0,776.0,774.0,783.0,771.0,776.0,775.0,760.0,756.0,758.0,749.0,760.0,768.0,765.0,784.0,780.0,784.0,773.0,794.0,792.0,784.0,797.0,791.0,786.0,788.0,778.0,786.0,761.0,762.0,757.0,748.0,762.0,740.0,748.0,746.0,742.0,744.0,732.0,735.0,735.0,730.0,726.0,729.0,733.0,722.0,722.0,735.0,727.0,740.0,759.0,782.0,770.0,780.0,774.0,780.0,764.0,763.0,748.0,747.0,737.0,739.0,721.0,713.0,700.0,695.0,691.0,685.0,685.0,690.0,687.0,690.0,680.0,683.0,688.0,695.0,680.0,701.0,687.0,700.0,703.0,706.0,706.0,730.0,722.0,728.0,726.0,736.0,730.0,708.0,703.0,714,713.0,704.0,712.0,718.0,713.0,707.0,722.0,705.0,723.0,722.0,729.0,734.0,740.0,739.0,755.0,741.0,735.0,725.0,737.0,726.0,711.0,698.0,704.0,699.0,680.0,681.0,669.0,669.0,680.0,667.0,671.0,655.0,660.0,650.0,658.0,659.0,670.0,663.0,654.0,658.0,654.0,658.0,649.0,652.0,658.0,654.0,657.0,652.0,652.0,654.0,643.0,646.0,652.0,647.0,647.0,653.0,645.0,645.0,648.0,658.0,647.0,650.0,642.0,638.0,653.0,643.0,648.0,633.0,650.0,655.0,636.0,650.0,651.0,652.0,646.0,650.0,645.0,640.0,647.0,644.0,646.0,656.0,634.0,653.0,647.0,652.0,652.0,646.0,643.0,649.0,654.0,641.0,645.0,645.0,647.0,645.0,647.0,646.0,643.0,650.0,643.0,650.0,642.0,640.0
673.0,669.0,673.0,668.0,670.0,667.0,668.0,667.0,675.0,671.0,664.0,675.0,674.0,668.0,667.0,667.0,672.0,685.0,674.0,673.0,664.0,673.0,684.0,666.0,659.0,669.0,671.0,674.0,664.0,675.0,671.0,661.0,667.0,663.0,665.0,664.0,665.0,662.0,665.0,665.0,661.0,665.0,661.0,656.0,668.0,654.0,660.0,653.0,668.0,668.0,656.0,659.0,657.0,660.0,666.0,664.0,658.0,673.0,664.0,673.0,673.0,671.0,667.0,664.0,664.0,671.0,668.0,658.0,672.0,661.0,676.0,676.0,681.0,682.0,687.0,675.0,674.0,674.0,681.0,670.0,671.0,682.0,679.0,682.0,673.0,695.0,700.0,695.0,689.0,675.0,689.0,693.0,694.0,692.0,686.0,689.0,680.0,693.0,682.0,681.0,685.0,690.0,674.0,687.0,688.0,681.0,687.0,689.0,687.0,691.0,689.0,688.0,702.0,696.0,690.0,693.0,702.0,689.0,700.0,693.0,692.0,699.0,696.0,705.0,690.0,694.0,702.0,704.0,700.0,702.0,695.0,702.0,706.0,686.0,708.0,709.0,715.0,743.0,738.0,700.0,696.0,700.0,715.0,706.0,705.0,705.0,704.0,714.0,700.0,720.0,711.0,704.0,716.0,717.0,712.0,728.0,724.0,719.0,724.0,732.0,732.0,722.0,719.0,712.0,707.0,720.0,720.0,732.0,732.0,705.0,702.0,701.0,696.0,699.0,708.0,707.0,716.0,697.0,718.0,697.0,698.0,704.0,701.0,699.0,723.0,711.0,727.0,716.0,710.0,727.0,730.0,730.0,759.0,747.0,754.0,757.0,757.0,752.0,735.0,744.0,746.0,730.0,733.0,735.0,735.0,738.0,740.0,735.0,765.0,737.0,750.0,754.0,770.0,754.0,772.0,755.0,754.0,767.0,756.0,770.0,755.0,734.0,734.0,746.0,736.0,732.0,730.0,716.0,722.0,712.0,716.0,722.0,713.0,711.0,713.0,705.0,698.0,698.0,713.0,717.0,708.0,710.0,721.0,734.0,737.0,744.0,742.0,746.0,750.0,751.0,723.0,720.0,718.0,712.0,716.0,701.0,697.0,701.0,678.0,677.0,670.0,665.0,674.0,672.0,678.0,670.0,673.0,668.0,690.0,666.0,678.0,681.0,681.0,700.0,691.0,690.0,714.0,706.0,705.0,714.0,707.0,704.0,689.0,692.0,687,700.0,692.0,690.0,687.0,690.0,692.0,695.0,690.0,701.0,697.0,712.0,699.0,713.0,722.0,717.0,717.0,728.0,710.0,707.0,704.0,695.0,681.0,696.0,681.0,674.0,665.0,671.0,663.0,640.0,653.0,660.0,660.0,646.0,642.0,643.0,641.0,647.0,645.0,644.0,643.0,649.0,636.0,641.0,648.0,634.0,640.0,648.0,632.0,639.0,637.0,640.0,638.0,638.0,638.0,632.0,639.0,643.0,636.0,633.0,641.0,632.0,642.0,639.0,635.0,635.0,635.0,638.0,638.0,644.0,631.0,628.0,637.0,636.0,638.0,630.0,630.0,628.0,632.0,637.0,641.0,640.0,641.0,636.0,641.0,639.0,642.0,639.0,642.0,634.0,631.0,633.0,636.0,630.0,632.0,636.0,637.0,631.0,643.0,641.0,637.0,639.0,639.0,626.0,625.0
678.0,675.0,676.0,673.0,665.0,688.0,682.0,679.0,668.0,660.0,676.0,662.0,665.0,657.0,671.0,663.0,675.0,684.0,672.0,655.0,659.0,663.0,668.0,664.0,664.0,647.0,675.0,669.0,666.0,686.0,675.0,658.0,670.0,659.0,657.0,669.0,677.0,664.0,673.0,652.0,649.0,661.0,661.0,666.0,649.0,670.0,654.0,669.0,673.0,665.0,657.0,667.0,670.0,662.0,674.0,663.0,652.0,660.0,676.0,662.0,662.0,687.0,677.0,670.0,674.0,672.0,673.0,658.0,670.0,663.0,683.0,677.0,696.0,673.0,664.0,688.0,674.0,669.0,686.0,678.0,686.0,673.0,676.0,680.0,672.0,689.0,706.0,712.0,693.0,691.0,672.0,690.0,694.0,687.0,698.0,712.0,680.0,691.0,682.0,692.0,693.0,683.0,688.0,704.0,691.0,695.0,692.0,692.0,669.0,693.0,685.0,692.0,705.0,696.0,702.0,697.0,701.0,691.0,690.0,697.0,691.0,709.0,694.0,701.0,701.0,700.0,693.0,702.0,696.0,718.0,706.0,702.0,705.0,695.0,709.0,710.0,703.0,734.0,738.0,710.0,709.0,703.0,703.0,710.0,701.0,721.0,706.0,713.0,717.0,706.0,709.0,707.0,714.0,714.0,712.0,702.0,717.0,715.0,721.0,721.0,735.0,722.0,725.0,705.0,712.0,726.0,712.0,717.0,718.0,707.0,702.0,695.0,707.0,704.0,693.0,710.0,698.0,715.0,694.0,716.0,711.0,703.0,706.0,698.0,720.0,715.0,722.0,715.0,713.0,716.0,719.0,732.0,756.0,744.0,760.0,771.0,752.0,757.0,750.0,745.0,732.0,736.0,727.0,738.0,733.0,730.0,725.0,732.0,758.0,757.0,748.0,759.0,758.0,750.0,753.0,746.0,753.0,765.0,763.0,755.0,745.0,745.0,735.0,733.0,726.0,738.0,714.0,715.0,718.0,713.0,723.0,709.0,720.0,714.0,711.0,693.0,697.0,709.0,699.0,712.0,706.0,711.0,720.0,734.0,738.0,741.0,756.0,719.0,762.0,743.0,731.0,718.0,709.0,718.0,708.0,697.0,695.0,684.0,694.0,684.0,678.0,671.0,680.0,672.0,672.0,674.0,676.0,672.0,676.0,666.0,677.0,678.0,673.0,706.0,698.0,697.0,711.0,727.0,709.0,717.0,712.0,708.0,706.0,695.0,694,693.0,699.0,694.0,698.0,703.0,696.0,688.0,690.0,697.0,702.0,716.0,704.0,724.0,728.0,731.0,709.0,734.0,717.0,706.0,704.0,695.0,693.0,700.0,673.0,666.0,671.0,655.0,662.0,650.0,663.0,661.0,649.0,646.0,659.0,643.0,650.0,641.0,645.0,637.0,646.0,650.0,647.0,634.0,646.0,642.0,642.0,638.0,630.0,639.0,644.0,635.0,635.0,643.0,646.0,642.0,635.0,643.0,637.0,630.0,643.0,641.0,647.0,629.0,634.0,632.0,639.0,639.0,633.0,629.0,637.0,631.0,640.0,631.0,640.0,635.0,639.0,631.0,639.0,640.0,646.0,642.0,639.0,638.0,639.0,645.0,647.0,644.0,638.0,639.0,642.0,644.0,637.0,636.0,637.0,640.0,631.0,631.0,640.0,640.0,632.0,632.0,645.0,635.0,633.0
652.0,652.0,651.0,652.0,661.0,660.0,650.0,647.0,649.0,645.0,649.0,651.0,649.0,637.0,651.0,649.0,649.0,650.0,654.0,648.0,647.0,648.0,643.0,646.0,647.0,644.0,656.0,652.0,641.0,656.0,640.0,648.0,639.0,639.0,646.0,646.0,647.0,646.0,646.0,648.0,650.0,641.0,640.0,641.0,637.0,644.0,633.0,643.0,639.0,639.0,646.0,639.0,639.0,645.0,642.0,645.0,638.0,637.0,646.0,639.0,645.0,649.0,649.0,639.0,647.0,650.0,643.0,646.0,647.0,645.0,653.0,657.0,660.0,651.0,660.0,660.0,650.0,653.0,651.0,655.0,654.0,655.0,658.0,658.0,658.0,661.0,669.0,669.0,657.0,656.0,666.0,659.0,656.0,665.0,661.0,657.0,657.0,665.0,654.0,662.0,653.0,659.0,666.0,674.0,658.0,652.0,662.0,661.0,663.0,666.0,666.0,665.0,668.0,666.0,656.0,661.0,671.0,663.0,665.0,674.0,662.0,680.0,667.0,670.0,670.0,668.0,671.0,676.0,678.0,671.0,675.0,681.0,676.0,675.0,680.0,680.0,687.0,702.0,696.0,673.0,683.0,672.0,677.0,674.0,673.0,677.0,678.0,675.0,679.0,678.0,692.0,679.0,684.0,681.0,683.0,684.0,687.0,682.0,696.0,688.0,685.0,690.0,688.0,691.0,691.0,684.0,694.0,700.0,701.0,679.0,673.0,677.0,682.0,676.0,678.0,677.0,684.0,683.0,672.0,675.0,668.0,678.0,681.0,685.0,673.0,684.0,682.0,686.0,687.0,690.0,695.0,696.0,720.0,708.0,707.0,708.0,707.0,709.0,702.0,710.0,707.0,697.0,690.0,694.0,686.0,698.0,695.0,700.0,718.0,715.0,713.0,713.0,724.0,713.0,710.0,705.0,710.0,719.0,715.0,711.0,711.0,698.0,696.0,703.0,694.0,688.0,702.0,688.0,689.0,681.0,684.0,679.0,681.0,686.0,679.0,676.0,679.0,679.0,682.0,666.0,680.0,670.0,683.0,697.0,700.0,697.0,703.0,696.0,707.0,695.0,694.0,683.0,689.0,671.0,689.0,669.0,667.0,662.0,654.0,652.0,652.0,653.0,658.0,654.0,663.0,654.0,654.0,654.0,659.0,651.0,666.0,664.0,655.0,665.0,670.0,661.0,678.0,668.0,680.0,675.0,681.0,679.0,662.0,669.0,674,663.0,663.0,667.0,667.0,665.0,663.0,666.0,666.0,671.0,667.0,673.0,673.0,692.0,684.0,692.0,688.0,687.0,669.0,673.0,681.0,665.0,654.0,666.0,646.0,655.0,647.0,653.0,640.0,630.0,643.0,644.0,635.0,630.0,627.0,629.0,641.0,635.0,629.0,632.0,631.0,632.0,627.0,623.0,635.0,634.0,627.0,634.0,623.0,628.0,628.0,630.0,622.0,630.0,627.0,627.0,630.0,629.0,628.0,621.0,630.0,627.0,626.0,622.0,619.0,625.0,625.0,636.0,629.0,623.0,631.0,619.0,632.0,625.0,624.0,619.0,624.0,630.0,631.0,620.0,627.0,628.0,627.0,624.0,626.0,623.0,623.0,631.0,628.0,627.0,624.0,630.0,628.0,634.0,623.0,628.0,621.0,617.0,627.0,634.0,623.0,623.0,631.0,625.0,621.0
648.0,656.0,657.0,652.0,656.0,658.0,660.0,648.0,651.0,638.0,647.0,655.0,654.0,638.0,650.0,648.0,656.0,668.0,659.0,656.0,640.0,660.0,651.0,641.0,640.0,649.0,645.0,650.0,647.0,658.0,644.0,641.0,652.0,654.0,654.0,650.0,641.0,646.0,646.0,643.0,647.0,642.0,644.0,639.0,638.0,648.0,645.0,638.0,643.0,657.0,636.0,644.0,640.0,648.0,647.0,644.0,642.0,642.0,649.0,643.0,643.0,660.0,648.0,647.0,658.0,648.0,645.0,643.0,656.0,642.0,660.0,654.0,650.0,658.0,650.0,658.0,642.0,660.0,657.0,658.0,654.0,652.0,651.0,658.0,662.0,662.0,660.0,675.0,652.0,656.0,655.0,663.0,666.0,658.0,666.0,660.0,652.0,670.0,646.0,663.0,658.0,656.0,659.0,666.0,666.0,655.0,665.0,670.0,663.0,666.0,660.0,673.0,662.0,661.0,673.0,661.0,659.0,666.0,665.0,665.0,659.0,676.0,664.0,678.0,661.0,669.0,665.0,667.0,669.0,673.0,666.0,683.0,667.0,662.0,678.0,675.0,678.0,698.0,686.0,675.0,672.0,670.0,672.0,672.0,677.0,671.0,672.0,661.0,675.0,674.0,676.0,674.0,683.0,689.0,680.0,681.0,689.0,691.0,679.0,676.0,685.0,675.0,684.0,683.0,682.0,681.0,691.0,688.0,684.0,671.0,672.0,662.0,667.0,666.0,673.0,674.0,676.0,677.0,677.0,675.0,667.0,674.0,665.0,671.0,661.0,687.0,675.0,679.0,673.0,679.0,689.0,692.0,712.0,689.0,680.0,696.0,699.0,704.0,693.0,703.0,693.0,685.0,684.0,698.0,687.0,698.0,702.0,689.0,710.0,701.0,702.0,714.0,714.0,704.0,700.0,714.0,710.0,711.0,716.0,715.0,697.0,687.0,688.0,693.0,690.0,674.0,692.0,671.0,670.0,675.0,671.0,679.0,672.0,678.0,674.0,665.0,666.0,675.0,667.0,678.0,675.0,676.0,673.0,692.0,690.0,694.0,708.0,702.0,699.0,700.0,695.0,674.0,673.0,674.0,680.0,681.0,668.0,653.0,652.0,644.0,659.0,641.0,651.0,649.0,654.0,656.0,648.0,640.0,660.0,644.0,661.0,651.0,656.0,665.0,663.0,648.0,683.0,673.0,678.0,672.0,683.0,664.0,662.0,660.0,660,657.0,666.0,667.0,656.0,681.0,663.0,659.0,663.0,660.0,663.0,687.0,663.0,676.0,685.0,692.0,679.0,684.0,665.0,680.0,674.0,664.0,644.0,659.0,651.0,646.0,644.0,643.0,639.0,639.0,638.0,639.0,638.0,631.0,632.0,635.0,645.0,631.0,631.0,628.0,627.0,634.0,618.0,631.0,641.0,635.0,627.0,628.0,623.0,633.0,630.0,626.0,618.0,632.0,629.0,622.0,626.0,625.0,623.0,627.0,630.0,627.0,627.0,623.0,630.0,629.0,621.0,622.0,624.0,628.0,631.0,615.0,636.0,632.0,625.0,626.0,625.0,627.0,628.0,626.0,634.0,623.0,628.0,620.0,626.0,629.0,631.0,633.0,622.0,624.0,621.0,619.0,624.0,631.0,621.0,628.0,627.0,617.0,624.0,628.0,623.0,622.0,622.0,626.0,612.0
656.0,646.0,657.0,659.0,657.0,648.0,662.0,659.0,655.0,655.0,658.0,656.0,652.0,650.0,654.0,648.0,650.0,682.0,675.0,654.0,654.0,653.0,658.0,651.0,653.0,653.0,657.0,656.0,653.0,649.0,649.0,654.0,651.0,654.0,651.0,653.0,648.0,647.0,652.0,649.0,648.0,647.0,645.0,650.0,654.0,644.0,643.0,645.0,647.0,649.0,648.0,644.0,646.0,648.0,656.0,650.0,643.0,647.0,654.0,639.0,648.0,658.0,652.0,645.0,651.0,646.0,641.0,648.0,662.0,644.0,665.0,648.0,655.0,660.0,655.0,660.0,646.0,658.0,660.0,667.0,661.0,665.0,667.0,661.0,664.0,664.0,676.0,666.0,661.0,669.0,668.0,661.0,670.0,674.0,669.0,672.0,665.0,671.0,653.0,663.0,666.0,666.0,661.0,679.0,673.0,671.0,661.0,666.0,675.0,676.0,668.0,673.0,672.0,670.0,678.0,664.0,660.0,670.0,671.0,677.0,677.0,676.0,678.0,687.0,675.0,664.0,677.0,668.0,673.0,686.0,681.0,676.0,682.0,681.0,679.0,683.0,680.0,698.0,705.0,685.0,683.0,684.0,681.0,678.0,670.0,684.0,685.0,674.0,678.0,675.0,686.0,689.0,694.0,679.0,691.0,688.0,702.0,688.0,699.0,699.0,689.0,696.0,687.0,683.0,680.0,692.0,695.0,680.0,682.0,672.0,682.0,666.0,665.0,683.0,669.0,689.0,680.0,671.0,691.0,683.0,670.0,672.0,675.0,673.0,685.0,678.0,685.0,699.0,685.0,701.0,700.0,694.0,717.0,710.0,701.0,726.0,699.0,714.0,709.0,717.0,705.0,695.0,689.0,702.0,693.0,697.0,708.0,702.0,711.0,710.0,720.0,718.0,729.0,722.0,716.0,717.0,717.0,725.0,740.0,723.0,714.0,697.0,713.0,701.0,688.0,699.0,691.0,699.0,682.0,696.0,682.0,687.0,673.0,682.0,679.0,685.0,678.0,683.0,674.0,669.0,680.0,685.0,693.0,698.0,726.0,705.0,715.0,702.0,715.0,712.0,711.0,701.0,690.0,690.0,678.0,678.0,669.0,667.0,666.0,655.0,657.0,657.0,654.0,651.0,668.0,663.0,659.0,654.0,666.0,656.0,663.0,670.0,657.0,676.0,672.0,670.0,691.0,685.0,685.0,681.0,682.0,676.0,660.0,671.0,670,680.0,664.0,676.0,676.0,677.0,678.0,675.0,673.0,679.0,680.0,673.0,684.0,700.0,686.0,705.0,689.0,698.0,686.0,687.0,676.0,671.0,652.0,677.0,662.0,661.0,646.0,648.0,651.0,641.0,635.0,656.0,647.0,640.0,632.0,637.0,643.0,639.0,633.0,632.0,626.0,636.0,637.0,637.0,638.0,629.0,637.0,639.0,627.0,631.0,625.0,624.0,628.0,630.0,630.0,623.0,631.0,636.0,628.0,628.0,628.0,626.0,629.0,626.0,617.0,631.0,635.0,636.0,630.0,626.0,626.0,630.0,628.0,629.0,625.0,625.0,631.0,629.0,625.0,623.0,633.0,630.0,624.0,623.0,630.0,637.0,645.0,640.0,633.0,629.0,629.0,625.0,632.0,631.0,632.0,637.0,632.0,623.0,629.0,623.0,624.0,619.0,623.0,635.0,619.0
664.0,671.0,681.0,668.0,663.0,663.0,671.0,660.0,669.0,655.0,652.0,659.0,668.0,660.0,658.0,664.0,674.0,679.0,687.0,655.0,658.0,668.0,663.0,652.0,664.0,664.0,664.0,660.0,665.0,677.0,663.0,674.0,675.0,671.0,672.0,656.0,668.0,658.0,662.0,658.0,667.0,665.0,655.0,665.0,663.0,653.0,665.0,647.0,658.0,656.0,657.0,656.0,651.0,661.0,661.0,662.0,650.0,662.0,666.0,666.0,666.0,672.0,669.0,663.0,664.0,658.0,669.0,671.0,659.0,669.0,682.0,674.0,669.0,673.0,670.0,674.0,675.0,671.0,691.0,676.0,675.0,681.0,673.0,684.0,681.0,691.0,693.0,689.0,689.0,685.0,687.0,683.0,683.0,686.0,691.0,691.0,679.0,691.0,676.0,685.0,694.0,677.0,700.0,688.0,690.0,692.0,683.0,680.0,687.0,696.0,687.0,686.0,703.0,700.0,693.0,685.0,695.0,699.0,702.0,702.0,689.0,707.0,687.0,702.0,699.0,709.0,707.0,712.0,702.0,705.0,692.0,705.0,704.0,709.0,704.0,705.0,728.0,739.0,724.0,716.0,695.0,699.0,698.0,706.0,694.0,717.0,712.0,713.0,717.0,707.0,715.0,700.0,721.0,703.0,719.0,719.0,715.0,714.0,735.0,723.0,720.0,719.0,732.0,725.0,711.0,720.0,737.0,725.0,734.0,713.0,709.0,716.0,693.0,704.0,706.0,705.0,714.0,713.0,715.0,699.0,711.0,713.0,704.0,709.0,710.0,713.0,711.0,725.0,721.0,717.0,721.0,728.0,733.0,743.0,742.0,745.0,745.0,734.0,735.0,732.0,743.0,739.0,727.0,738.0,736.0,727.0,749.0,734.0,758.0,753.0,759.0,741.0,758.0,764.0,740.0,752.0,733.0,750.0,758.0,739.0,751.0,737.0,742.0,727.0,733.0,724.0,725.0,710.0,712.0,705.0,701.0,718.0,719.0,710.0,702.0,709.0,697.0,706.0,712.0,712.0,708.0,716.0,720.0,730.0,725.0,736.0,743.0,735.0,728.0,721.0,715.0,704.0,730.0,710.0,701.0,699.0,703.0,692.0,688.0,670.0,681.0,679.0,679.0,666.0,672.0,678.0,678.0,656.0,680.0,676.0,680.0,693.0,685.0,692.0,707.0,677.0,718.0,693.0,701.0,710.0,714.0,692.0,690.0,690.0,689,690.0,694.0,688.0,690.0,696.0,701.0,683.0,691.0,700.0,702.0,709.0,695.0,714.0,720.0,717.0,715.0,711.0,693.0,704.0,696.0,695.0,687.0,674.0,680.0,669.0,666.0,667.0,671.0,654.0,672.0,660.0,655.0,657.0,658.0,657.0,654.0,654.0,648.0,648.0,651.0,648.0,649.0,658.0,653.0,647.0,639.0,655.0,646.0,647.0,653.0,651.0,648.0,657.0,655.0,640.0,651.0,646.0,651.0,644.0,649.0,643.0,647.0,636.0,647.0,643.0,648.0,645.0,645.0,649.0,644.0,637.0,648.0,649.0,647.0,643.0,640.0,652.0,650.0,641.0,638.0,636.0,646.0,636.0,654.0,648.0,650.0,645.0,639.0,643.0,648.0,645.0,645.0,650.0,653.0,639.0,644.0,639.0,653.0,644.0,643.0,644.0,644.0,642.0,637.0
653.0,662.0,661.0,662.0,658.0,653.0,660.0,660.0,657.0,647.0,658.0,653.0,646.0,658.0,661.0,659.0,661.0,682.0,669.0,660.0,657.0,655.0,655.0,650.0,653.0,654.0,658.0,649.0,651.0,665.0,660.0,648.0,651.0,649.0,656.0,646.0,655.0,644.0,660.0,656.0,656.0,653.0,649.0,646.0,658.0,653.0,641.0,644.0,647.0,651.0,652.0,645.0,653.0,650.0,650.0,658.0,645.0,646.0,651.0,647.0,649.0,652.0,658.0,652.0,644.0,647.0,648.0,648.0,653.0,647.0,658.0,662.0,654.0,648.0,654.0,656.0,658.0,653.0,656.0,664.0,652.0,660.0,658.0,649.0,650.0,660.0,663.0,674.0,665.0,662.0,660.0,662.0,667.0,666.0,659.0,670.0,652.0,676.0,652.0,664.0,661.0,665.0,653.0,673.0,665.0,662.0,669.0,663.0,663.0,672.0,666.0,663.0,669.0,668.0,662.0,664.0,670.0,684.0,670.0,677.0,666.0,680.0,676.0,681.0,672.0,677.0,676.0,680.0,670.0,677.0,673.0,678.0,677.0,666.0,693.0,678.0,686.0,693.0,693.0,682.0,681.0,676.0,676.0,680.0,667.0,688.0,677.0,673.0,680.0,681.0,693.0,671.0,679.0,682.0,675.0,687.0,688.0,682.0,686.0,688.0,691.0,689.0,683.0,682.0,689.0,693.0,685.0,696.0,687.0,685.0,665.0,669.0,679.0,666.0,677.0,672.0,676.0,678.0,679.0,673.0,668.0,678.0,671.0,672.0,679.0,671.0,685.0,682.0,688.0,683.0,702.0,694.0,710.0,696.0,695.0,701.0,704.0,694.0,694.0,693.0,707.0,691.0,694.0,688.0,690.0,691.0,693.0,689.0,708.0,707.0,706.0,712.0,705.0,702.0,705.0,713.0,711.0,703.0,714.0,701.0,703.0,698.0,686.0,688.0,682.0,695.0,685.0,683.0,682.0,689.0,686.0,675.0,671.0,674.0,669.0,672.0,674.0,669.0,676.0,685.0,674.0,678.0,687.0,689.0,700.0,702.0,701.0,695.0,711.0,711.0,696.0,678.0,677.0,677.0,676.0,669.0,667.0,656.0,664.0,662.0,660.0,647.0,654.0,660.0,668.0,650.0,654.0,645.0,664.0,648.0,669.0,660.0,655.0,669.0,662.0,657.0,682.0,676.0,679.0,675.0,671.0,680.0,665.0,671.0,667,669.0,677.0,663.0,673.0,672.0,670.0,672.0,668.0,671.0,674.0,677.0,673.0,696.0,689.0,675.0,679.0,684.0,680.0,677.0,670.0,678.0,664.0,660.0,653.0,658.0,654.0,643.0,654.0,639.0,644.0,643.0,640.0,641.0,640.0,641.0,648.0,643.0,652.0,633.0,646.0,637.0,634.0,635.0,642.0,633.0,648.0,639.0,629.0,638.0,627.0,627.0,626.0,636.0,640.0,637.0,636.0,633.0,638.0,622.0,642.0,633.0,626.0,637.0,634.0,627.0,635.0,629.0,636.0,630.0,628.0,627.0,641.0,646.0,636.0,642.0,636.0,634.0,637.0,636.0,633.0,643.0,640.0,629.0,640.0,636.0,641.0,642.0,641.0,635.0,639.0,641.0,635.0,641.0,633.0,640.0,642.0,628.0,647.0,635.0,629.0,634.0,641.0,635.0,647.0
655.0,657.0,663.0,657.0,664.0,667.0,657.0,659.0,655.0,650.0,655.0,654.0,652.0,654.0,659.0,655.0,660.0,662.0,656.0,653.0,651.0,653.0,656.0,653.0,646.0,651.0,653.0,654.0,655.0,660.0,656.0,654.0,655.0,653.0,665.0,650.0,647.0,648.0,656.0,653.0,644.0,656.0,644.0,650.0,650.0,648.0,644.0,650.0,641.0,651.0,651.0,649.0,652.0,651.0,654.0,653.0,650.0,648.0,650.0,647.0,657.0,656.0,661.0,651.0,654.0,648.0,652.0,647.0,654.0,636.0,661.0,658.0,660.0,650.0,657.0,660.0,653.0,673.0,660.0,666.0,669.0,663.0,661.0,661.0,665.0,675.0,677.0,678.0,666.0,670.0,673.0,678.0,671.0,673.0,672.0,672.0,663.0,675.0,671.0,670.0,678.0,666.0,659.0,676.0,679.0,668.0,664.0,670.0,665.0,678.0,672.0,675.0,670.0,679.0,678.0,665.0,694.0,688.0,675.0,676.0,680.0,686.0,674.0,685.0,682.0,686.0,687.0,693.0,680.0,688.0,682.0,692.0,689.0,691.0,699.0,701.0,688.0,710.0,714.0,687.0,697.0,679.0,683.0,693.0,683.0,691.0,690.0,687.0,703.0,698.0,692.0,683.0,699.0,697.0,692.0,697.0,705.0,703.0,702.0,706.0,696.0,703.0,705.0,694.0,696.0,707.0,710.0,723.0,707.0,692.0,689.0,686.0,677.0,694.0,688.0,690.0,698.0,690.0,692.0,694.0,690.0,683.0,692.0,685.0,691.0,687.0,687.0,696.0,705.0,708.0,714.0,705.0,729.0,717.0,711.0,732.0,722.0,720.0,713.0,709.0,712.0,705.0,699.0,715.0,708.0,720.0,708.0,715.0,726.0,715.0,720.0,719.0,729.0,723.0,730.0,716.0,730.0,732.0,718.0,709.0,733.0,716.0,714.0,710.0,702.0,696.0,694.0,698.0,696.0,702.0,702.0,698.0,692.0,691.0,690.0,682.0,686.0,683.0,676.0,692.0,693.0,692.0,709.0,701.0,716.0,717.0,716.0,721.0,720.0,713.0,709.0,701.0,693.0,683.0,684.0,686.0,682.0,672.0,663.0,663.0,667.0,655.0,665.0,661.0,661.0,663.0,670.0,655.0,663.0,662.0,675.0,675.0,664.0,671.0,682.0,676.0,679.0,687.0,681.0,683.0,692.0,679.0,676.0,682.0,676,678.0,681.0,676.0,670.0,687.0,671.0,666.0,668.0,678.0,676.0,691.0,672.0,695.0,688.0,687.0,691.0,698.0,691.0,695.0,680.0,674.0,671.0,664.0,658.0,656.0,652.0,652.0,645.0,647.0,644.0,639.0,637.0,634.0,646.0,649.0,645.0,639.0,633.0,633.0,633.0,633.0,641.0,645.0,645.0,638.0,641.0,645.0,637.0,639.0,633.0,631.0,630.0,641.0,633.0,634.0,639.0,637.0,626.0,633.0,642.0,634.0,639.0,637.0,634.0,635.0,640.0,641.0,633.0,637.0,637.0,632.0,636.0,639.0,629.0,631.0,637.0,641.0,637.0,634.0,645.0,626.0,629.0,629.0,638.0,632.0,638.0,629.0,634.0,640.0,638.0,637.0,629.0,633.0,638.0,638.0,630.0,625.0,627.0,636.0,635.0,627.0,632.0,628.0,622.0
657.0,655.0,658.0,665.0,650.0,661.0,675.0,665.0,667.0,654.0,655.0,662.0,659.0,648.0,669.0,660.0,650.0,671.0,669.0,658.0,656.0,662.0,654.0,649.0,657.0,644.0,663.0,653.0,657.0,666.0,654.0,652.0,663.0,649.0,651.0,647.0,655.0,654.0,652.0,650.0,657.0,652.0,654.0,648.0,651.0,647.0,647.0,659.0,655.0,651.0,647.0,648.0,653.0,643.0,646.0,660.0,647.0,650.0,658.0,651.0,654.0,668.0,664.0,659.0,660.0,652.0,661.0,652.0,650.0,649.0,670.0,671.0,666.0,660.0,661.0,664.0,672.0,676.0,670.0,667.0,670.0,672.0,664.0,669.0,662.0,679.0,666.0,667.0,673.0,659.0,674.0,681.0,678.0,669.0,669.0,672.0,667.0,676.0,664.0,680.0,668.0,680.0,680.0,685.0,675.0,684.0,679.0,682.0,668.0,675.0,680.0,679.0,681.0,681.0,699.0,661.0,692.0,691.0,694.0,680.0,684.0,691.0,671.0,699.0,695.0,693.0,696.0,684.0,682.0,693.0,695.0,682.0,695.0,691.0,695.0,693.0,703.0,703.0,724.0,688.0,682.0,689.0,700.0,695.0,697.0,693.0,686.0,683.0,696.0,701.0,703.0,689.0,694.0,703.0,704.0,693.0,695.0,705.0,714.0,714.0,700.0,705.0,691.0,711.0,703.0,707.0,711.0,721.0,716.0,692.0,697.0,696.0,690.0,699.0,692.0,701.0,696.0,710.0,709.0,690.0,688.0,697.0,686.0,670.0,690.0,698.0,698.0,703.0,694.0,711.0,712.0,732.0,722.0,731.0,724.0,727.0,730.0,725.0,722.0,717.0,715.0,720.0,712.0,716.0,718.0,721.0,709.0,712.0,730.0,734.0,731.0,723.0,728.0,736.0,741.0,728.0,727.0,744.0,733.0,731.0,739.0,721.0,713.0,709.0,719.0,718.0,702.0,694.0,708.0,702.0,698.0,696.0,695.0,706.0,692.0,696.0,681.0,692.0,695.0,690.0,704.0,699.0,701.0,706.0,732.0,719.0,739.0,710.0,727.0,720.0,711.0,707.0,694.0,687.0,687.0,685.0,681.0,665.0,680.0,669.0,674.0,662.0,651.0,653.0,674.0,663.0,660.0,652.0,674.0,666.0,687.0,677.0,679.0,684.0,674.0,682.0,690.0,684.0,691.0,687.0,696.0,694.0,676.0,687.0,694,679.0,691.0,670.0,688.0,690.0,674.0,677.0,674.0,700.0,680.0,701.0,690.0,707.0,704.0,705.0,693.0,704.0,700.0,703.0,691.0,684.0,677.0,676.0,668.0,658.0,652.0,645.0,650.0,632.0,648.0,650.0,646.0,646.0,643.0,645.0,643.0,633.0,649.0,637.0,643.0,639.0,635.0,657.0,637.0,644.0,636.0,649.0,642.0,641.0,634.0,650.0,642.0,642.0,641.0,634.0,623.0,633.0,642.0,643.0,616.0,637.0,636.0,626.0,636.0,628.0,630.0,639.0,625.0,638.0,638.0,631.0,640.0,637.0,642.0,629.0,630.0,637.0,633.0,640.0,640.0,637.0,623.0,643.0,634.0,642.0,644.0,649.0,638.0,636.0,633.0,637.0,642.0,641.0,650.0,632.0,636.0,632.0,641.0,646.0,644.0,635.0,638.0,632.0,629.0
668.0,665.0,673.0,676.0,666.0,667.0,669.0,663.0,668.0,659.0,665.0,656.0,661.0,663.0,661.0,659.0,663.0,689.0,666.0,660.0,666.0,671.0,660.0,664.0,660.0,660.0,664.0,666.0,661.0,661.0,663.0,661.0,669.0,664.0,664.0,661.0,661.0,662.0,668.0,668.0,665.0,659.0,658.0,664.0,656.0,660.0,650.0,655.0,661.0,666.0,669.0,654.0,663.0,661.0,665.0,667.0,648.0,660.0,655.0,661.0,654.0,662.0,660.0,670.0,661.0,658.0,661.0,660.0,655.0,657.0,675.0,670.0,681.0,667.0,675.0,675.0,672.0,685.0,680.0,670.0,677.0,681.0,666.0,667.0,672.0,680.0,681.0,693.0,669.0,679.0,681.0,674.0,679.0,681.0,685.0,686.0,674.0,694.0,671.0,680.0,671.0,681.0,682.0,692.0,676.0,674.0,680.0,682.0,675.0,685.0,687.0,681.0,697.0,677.0,696.0,688.0,689.0,690.0,689.0,690.0,688.0,694.0,691.0,691.0,695.0,693.0,700.0,708.0,701.0,689.0,693.0,695.0,700.0,703.0,697.0,705.0,707.0,721.0,729.0,715.0,692.0,698.0,702.0,695.0,694.0,700.0,699.0,692.0,701.0,707.0,709.0,704.0,703.0,691.0,710.0,709.0,715.0,709.0,720.0,729.0,724.0,730.0,724.0,705.0,699.0,704.0,714.0,713.0,720.0,693.0,688.0,692.0,695.0,691.0,692.0,699.0,708.0,699.0,703.0,705.0,693.0,691.0,701.0,697.0,701.0,697.0,705.0,708.0,710.0,720.0,714.0,720.0,738.0,729.0,742.0,741.0,733.0,741.0,736.0,744.0,729.0,724.0,725.0,727.0,725.0,717.0,728.0,725.0,747.0,739.0,741.0,735.0,759.0,747.0,758.0,749.0,752.0,744.0,751.0,743.0,749.0,724.0,725.0,720.0,718.0,727.0,715.0,713.0,722.0,699.0,711.0,696.0,704.0,705.0,700.0,695.0,704.0,700.0,697.0,697.0,696.0,693.0,713.0,717.0,735.0,736.0,737.0,735.0,743.0,728.0,725.0,706.0,702.0,706.0,714.0,695.0,690.0,671.0,663.0,668.0,666.0,677.0,672.0,673.0,668.0,664.0,667.0,659.0,675.0,661.0,677.0,675.0,673.0,672.0,679.0,686.0,699.0,690.0,703.0,694.0,706.0,691.0,688.0,687.0,687,684.0,678.0,689.0,682.0,685.0,682.0,692.0,686.0,698.0,694.0,699.0,699.0,714.0,703.0,724.0,703.0,708.0,699.0,706.0,701.0,685.0,682.0,692.0,669.0,662.0,666.0,649.0,657.0,655.0,647.0,657.0,635.0,646.0,638.0,642.0,644.0,651.0,647.0,638.0,644.0,643.0,640.0,638.0,636.0,644.0,638.0,637.0,633.0,639.0,645.0,639.0,636.0,637.0,640.0,631.0,641.0,628.0,644.0,635.0,634.0,633.0,637.0,629.0,630.0,644.0,633.0,634.0,630.0,628.0,645.0,627.0,639.0,637.0,641.0,638.0,634.0,629.0,632.0,635.0,634.0,633.0,642.0,625.0,643.0,637.0,636.0,643.0,635.0,634.0,636.0,647.0,630.0,636.0,632.0,638.0,633.0,633.0,637.0,634.0,632.0,631.0,635.0,630.0,635.0
666.0,657.0,666.0,662.0,664.0,661.0,664.0,661.0,663.0,661.0,655.0,664.0,662.0,655.0,654.0,655.0,660.0,676.0,664.0,668.0,667.0,662.0,661.0,652.0,657.0,660.0,654.0,657.0,657.0,661.0,661.0,653.0,651.0,656.0,652.0,661.0,656.0,651.0,657.0,655.0,655.0,655.0,647.0,649.0,651.0,641.0,653.0,648.0,654.0,653.0,659.0,642.0,650.0,647.0,656.0,665.0,643.0,653.0,657.0,655.0,649.0,658.0,654.0,657.0,657.0,661.0,656.0,652.0,646.0,655.0,671.0,665.0,668.0,666.0,668.0,655.0,663.0,672.0,667.0,656.0,668.0,669.0,656.0,669.0,665.0,679.0,676.0,673.0,674.0,663.0,678.0,682.0,677.0,683.0,663.0,674.0,660.0,680.0,659.0,667.0,676.0,663.0,668.0,675.0,675.0,672.0,673.0,675.0,672.0,673.0,677.0,674.0,676.0,670.0,673.0,670.0,666.0,677.0,685.0,675.0,677.0,685.0,676.0,688.0,674.0,675.0,681.0,695.0,681.0,675.0,670.0,682.0,677.0,678.0,685.0,694.0,695.0,715.0,704.0,695.0,675.0,679.0,689.0,682.0,688.0,685.0,691.0,688.0,683.0,682.0,696.0,691.0,699.0,696.0,686.0,700.0,702.0,697.0,693.0,696.0,704.0,694.0,701.0,695.0,693.0,690.0,706.0,706.0,707.0,683.0,679.0,686.0,685.0,684.0,689.0,691.0,702.0,681.0,692.0,680.0,675.0,682.0,686.0,670.0,688.0,697.0,691.0,694.0,688.0,700.0,700.0,710.0,720.0,706.0,726.0,733.0,720.0,728.0,719.0,716.0,714.0,704.0,710.0,696.0,698.0,712.0,715.0,702.0,721.0,712.0,722.0,728.0,737.0,736.0,738.0,730.0,723.0,732.0,740.0,725.0,720.0,715.0,704.0,714.0,695.0,708.0,707.0,694.0,694.0,698.0,691.0,701.0,686.0,682.0,687.0,678.0,688.0,689.0,684.0,689.0,686.0,686.0,697.0,700.0,725.0,717.0,724.0,710.0,720.0,715.0,700.0,696.0,696.0,689.0,701.0,690.0,678.0,672.0,665.0,662.0,660.0,657.0,665.0,655.0,658.0,657.0,659.0,651.0,677.0,662.0,671.0,664.0,654.0,670.0,675.0,681.0,690.0,681.0,689.0,699.0,682.0,681.0,679.0,682.0,681,677.0,669.0,681.0,675.0,677.0,679.0,673.0,669.0,691.0,682.0,691.0,680.0,696.0,695.0,709.0,698.0,710.0,697.0,695.0,695.0,686.0,660.0,672.0,666.0,659.0,657.0,660.0,655.0,644.0,649.0,647.0,647.0,639.0,642.0,642.0,641.0,637.0,641.0,634.0,644.0,643.0,633.0,641.0,645.0,636.0,639.0,642.0,630.0,634.0,631.0,639.0,633.0,634.0,632.0,626.0,638.0,639.0,633.0,631.0,635.0,630.0,634.0,625.0,628.0,634.0,631.0,631.0,634.0,635.0,634.0,620.0,636.0,633.0,625.0,632.0,628.0,633.0,629.0,640.0,642.0,627.0,631.0,626.0,635.0,631.0,635.0,635.0,641.0,633.0,633.0,632.0,634.0,635.0,632.0,636.0,627.0,629.0,641.0,644.0,625.0,627.0,634.0,630.0,624.0
667.0,675.0,675.0,663.0,667.0,666.0,657.0,656.0,648.0,656.0,656.0,668.0,663.0,648.0,665.0,648.0,672.0,683.0,669.0,657.0,663.0,670.0,669.0,670.0,666.0,664.0,667.0,662.0,656.0,675.0,675.0,656.0,678.0,658.0,661.0,652.0,654.0,649.0,651.0,658.0,654.0,653.0,656.0,657.0,658.0,658.0,652.0,651.0,650.0,664.0,668.0,654.0,661.0,645.0,660.0,651.0,656.0,662.0,662.0,656.0,660.0,662.0,665.0,649.0,651.0,666.0,660.0,655.0,668.0,662.0,675.0,661.0,678.0,661.0,669.0,671.0,672.0,675.0,667.0,682.0,669.0,656.0,684.0,665.0,679.0,677.0,695.0,688.0,674.0,674.0,678.0,671.0,690.0,676.0,697.0,679.0,667.0,684.0,673.0,667.0,684.0,664.0,679.0,684.0,668.0,667.0,683.0,681.0,675.0,690.0,674.0,681.0,689.0,692.0,690.0,683.0,680.0,704.0,690.0,687.0,681.0,692.0,693.0,686.0,701.0,685.0,698.0,693.0,674.0,681.0,681.0,700.0,693.0,683.0,687.0,697.0,716.0,727.0,715.0,698.0,691.0,693.0,697.0,700.0,689.0,695.0,689.0,689.0,693.0,682.0,697.0,691.0,697.0,701.0,707.0,690.0,705.0,703.0,710.0,716.0,691.0,711.0,705.0,717.0,703.0,721.0,702.0,692.0,700.0,684.0,685.0,675.0,684.0,682.0,692.0,693.0,695.0,695.0,686.0,696.0,703.0,684.0,695.0,685.0,674.0,690.0,687.0,712.0,706.0,711.0,701.0,717.0,734.0,729.0,720.0,734.0,734.0,733.0,736.0,723.0,729.0,727.0,716.0,711.0,716.0,717.0,714.0,719.0,729.0,730.0,741.0,733.0,737.0,753.0,761.0,734.0,740.0,739.0,750.0,744.0,738.0,718.0,717.0,715.0,722.0,718.0,715.0,719.0,699.0,701.0,698.0,699.0,704.0,700.0,686.0,697.0,697.0,697.0,694.0,697.0,699.0,702.0,708.0,721.0,712.0,724.0,736.0,740.0,739.0,720.0,727.0,716.0,708.0,703.0,696.0,691.0,690.0,667.0,664.0,663.0,661.0,666.0,663.0,673.0,660.0,659.0,662.0,657.0,672.0,653.0,672.0,663.0,670.0,687.0,690.0,673.0,690.0,701.0,717.0,693.0,692.0,677.0,678.0,681.0,677,675.0,698.0,687.0,687.0,690.0,677.0,690.0,685.0,691.0,698.0,707.0,693.0,707.0,710.0,713.0,699.0,712.0,710.0,690.0,699.0,691.0,670.0,679.0,661.0,673.0,653.0,650.0,651.0,643.0,651.0,645.0,641.0,648.0,638.0,631.0,638.0,639.0,633.0,631.0,646.0,643.0,646.0,645.0,646.0,635.0,640.0,640.0,638.0,643.0,634.0,627.0,636.0,628.0,631.0,636.0,638.0,630.0,627.0,634.0,645.0,637.0,635.0,638.0,628.0,620.0,638.0,633.0,622.0,637.0,639.0,624.0,638.0,638.0,631.0,626.0,644.0,629.0,635.0,636.0,635.0,635.0,637.0,632.0,635.0,626.0,645.0,643.0,632.0,628.0,629.0,633.0,630.0,624.0,628.0,628.0,640.0,631.0,630.0,621.0,631.0,631.0,633.0,627.0,627.0
660.0,651.0,649.0,652.0,658.0,660.0,652.0,650.0,651.0,647.0,655.0,648.0,647.0,643.0,657.0,645.0,653.0,657.0,661.0,657.0,652.0,647.0,644.0,650.0,646.0,646.0,649.0,648.0,645.0,658.0,646.0,645.0,644.0,646.0,645.0,650.0,646.0,650.0,649.0,652.0,647.0,646.0,649.0,644.0,638.0,644.0,638.0,641.0,649.0,645.0,650.0,643.0,642.0,645.0,648.0,651.0,644.0,640.0,653.0,639.0,649.0,651.0,644.0,644.0,649.0,643.0,649.0,647.0,651.0,641.0,661.0,661.0,662.0,654.0,660.0,664.0,656.0,660.0,660.0,658.0,653.0,660.0,661.0,662.0,663.0,663.0,674.0,672.0,664.0,667.0,664.0,663.0,661.0,673.0,665.0,662.0,664.0,670.0,654.0,663.0,659.0,656.0,675.0,668.0,662.0,656.0,658.0,661.0,659.0,667.0,668.0,669.0,668.0,670.0,669.0,663.0,674.0,666.0,665.0,672.0,660.0,682.0,667.0,660.0,661.0,664.0,676.0,674.0,677.0,673.0,675.0,680.0,671.0,671.0,673.0,681.0,689.0,700.0,695.0,670.0,677.0,668.0,673.0,674.0,664.0,675.0,673.0,672.0,680.0,678.0,686.0,679.0,678.0,678.0,674.0,687.0,686.0,682.0,694.0,687.0,685.0,689.0,674.0,689.0,684.0,679.0,681.0,694.0,687.0,682.0,679.0,674.0,675.0,679.0,674.0,669.0,678.0,679.0,673.0,667.0,661.0,670.0,664.0,671.0,677.0,678.0,674.0,690.0,680.0,685.0,686.0,685.0,711.0,710.0,702.0,713.0,703.0,710.0,710.0,701.0,707.0,694.0,688.0,690.0,682.0,695.0,691.0,702.0,718.0,706.0,710.0,709.0,719.0,712.0,714.0,720.0,714.0,721.0,720.0,710.0,707.0,707.0,690.0,707.0,696.0,705.0,694.0,698.0,690.0,676.0,679.0,680.0,679.0,689.0,683.0,672.0,675.0,678.0,684.0,668.0,674.0,676.0,686.0,687.0,699.0,710.0,713.0,709.0,722.0,699.0,690.0,687.0,692.0,682.0,685.0,673.0,662.0,671.0,661.0,660.0,655.0,658.0,659.0,653.0,660.0,656.0,657.0,648.0,662.0,647.0,670.0,658.0,657.0,664.0,665.0,658.0,683.0,681.0,677.0,676.0,682.0,674.0,666.0,670.0,671,667.0,660.0,677.0,675.0,661.0,666.0,658.0,673.0,673.0,674.0,686.0,679.0,691.0,682.0,692.0,692.0,690.0,676.0,672.0,678.0,669.0,652.0,673.0,650.0,655.0,655.0,643.0,641.0,633.0,643.0,646.0,637.0,633.0,628.0,637.0,639.0,637.0,630.0,637.0,634.0,630.0,633.0,630.0,632.0,630.0,626.0,631.0,624.0,631.0,633.0,638.0,628.0,630.0,628.0,627.0,632.0,627.0,627.0,622.0,628.0,626.0,631.0,620.0,620.0,623.0,630.0,632.0,632.0,629.0,635.0,619.0,631.0,628.0,627.0,619.0,631.0,625.0,629.0,624.0,628.0,623.0,629.0,623.0,629.0,632.0,627.0,629.0,624.0,626.0,623.0,628.0,624.0,633.0,621.0,630.0,621.0,615.0,627.0,637.0,624.0,624.0,630.0,626.0,624.0
639.0,641.0,645.0,640.0,644.0,644.0,640.0,643.0,652.0,640.0,634.0,640.0,641.0,640.0,639.0,632.0,643.0,650.0,652.0,633.0,645.0,647.0,639.0,635.0,632.0,637.0,639.0,647.0,639.0,642.0,643.0,636.0,643.0,650.0,640.0,637.0,651.0,638.0,643.0,636.0,634.0,629.0,644.0,644.0,643.0,639.0,625.0,635.0,635.0,636.0,641.0,635.0,639.0,650.0,637.0,638.0,638.0,637.0,645.0,647.0,646.0,644.0,644.0,635.0,639.0,639.0,639.0,635.0,647.0,629.0,655.0,653.0,649.0,646.0,638.0,644.0,644.0,643.0,651.0,645.0,655.0,642.0,648.0,654.0,649.0,655.0,646.0,675.0,644.0,650.0,649.0,650.0,662.0,649.0,658.0,656.0,648.0,660.0,644.0,661.0,653.0,649.0,646.0,662.0,653.0,640.0,659.0,655.0,651.0,651.0,657.0,650.0,659.0,647.0,656.0,647.0,662.0,661.0,657.0,654.0,653.0,660.0,658.0,657.0,656.0,663.0,661.0,659.0,648.0,655.0,660.0,661.0,646.0,644.0,664.0,678.0,672.0,680.0,676.0,666.0,650.0,649.0,660.0,659.0,657.0,665.0,657.0,657.0,665.0,663.0,663.0,658.0,664.0,656.0,660.0,665.0,673.0,671.0,680.0,663.0,672.0,671.0,671.0,672.0,668.0,660.0,664.0,662.0,670.0,663.0,658.0,655.0,663.0,654.0,645.0,665.0,662.0,657.0,663.0,658.0,658.0,656.0,646.0,649.0,656.0,666.0,664.0,672.0,664.0,670.0,679.0,679.0,696.0,693.0,677.0,687.0,683.0,693.0,684.0,677.0,689.0,678.0,674.0,677.0,673.0,684.0,689.0,672.0,697.0,676.0,689.0,687.0,695.0,691.0,693.0,697.0,690.0,690.0,700.0,696.0,692.0,677.0,671.0,681.0,678.0,671.0,672.0,667.0,665.0,665.0,660.0,670.0,660.0,664.0,659.0,667.0,663.0,660.0,657.0,669.0,674.0,659.0,677.0,679.0,686.0,686.0,693.0,674.0,689.0,682.0,678.0,668.0,667.0,672.0,663.0,660.0,652.0,642.0,645.0,645.0,644.0,637.0,643.0,655.0,647.0,644.0,642.0,637.0,645.0,631.0,646.0,640.0,639.0,664.0,656.0,653.0,672.0,667.0,668.0,660.0,668.0,653.0,650.0,659.0,663,639.0,654.0,652.0,652.0,656.0,658.0,653.0,647.0,654.0,657.0,675.0,662.0,678.0,679.0,671.0,667.0,667.0,661.0,676.0,661.0,644.0,650.0,643.0,648.0,645.0,632.0,640.0,635.0,633.0,635.0,632.0,633.0,627.0,620.0,624.0,630.0,618.0,622.0,627.0,626.0,628.0,616.0,619.0,624.0,625.0,617.0,626.0,612.0,624.0,629.0,619.0,616.0,624.0,624.0,628.0,621.0,616.0,616.0,610.0,622.0,621.0,621.0,627.0,609.0,625.0,614.0,618.0,619.0,610.0,616.0,618.0,627.0,618.0,627.0,619.0,616.0,621.0,624.0,629.0,626.0,621.0,624.0,620.0,623.0,616.0,625.0,625.0,619.0,616.0,626.0,615.0,624.0,620.0,618.0,622.0,619.0,609.0,623.0,620.0,616.0,616.0,617.0,623.0,604.0
652.0,654.0,651.0,647.0,657.0,651.0,659.0,659.0,649.0,639.0,649.0,646.0,648.0,643.0,648.0,646.0,658.0,677.0,666.0,643.0,645.0,645.0,653.0,642.0,644.0,644.0,650.0,657.0,644.0,655.0,642.0,647.0,638.0,655.0,657.0,637.0,634.0,647.0,641.0,655.0,636.0,653.0,643.0,646.0,635.0,641.0,631.0,644.0,645.0,640.0,641.0,638.0,647.0,639.0,651.0,647.0,637.0,634.0,641.0,640.0,635.0,654.0,638.0,636.0,648.0,640.0,635.0,648.0,649.0,642.0,657.0,649.0,643.0,640.0,647.0,648.0,647.0,651.0,652.0,646.0,657.0,647.0,651.0,645.0,649.0,648.0,656.0,661.0,651.0,649.0,656.0,653.0,659.0,652.0,651.0,660.0,655.0,664.0,647.0,649.0,653.0,655.0,656.0,661.0,664.0,651.0,653.0,651.0,659.0,664.0,657.0,659.0,663.0,665.0,657.0,655.0,661.0,668.0,661.0,666.0,656.0,662.0,658.0,666.0,662.0,656.0,662.0,662.0,665.0,656.0,661.0,662.0,667.0,653.0,671.0,674.0,666.0,689.0,672.0,656.0,664.0,659.0,664.0,660.0,666.0,669.0,665.0,655.0,663.0,659.0,671.0,672.0,674.0,671.0,677.0,665.0,687.0,674.0,680.0,678.0,669.0,665.0,672.0,672.0,664.0,673.0,673.0,666.0,662.0,652.0,664.0,655.0,658.0,661.0,657.0,657.0,658.0,666.0,660.0,661.0,652.0,659.0,654.0,667.0,664.0,655.0,680.0,672.0,668.0,670.0,670.0,684.0,692.0,690.0,699.0,704.0,690.0,696.0,702.0,696.0,690.0,692.0,669.0,688.0,680.0,690.0,674.0,679.0,707.0,692.0,690.0,697.0,698.0,707.0,703.0,683.0,696.0,690.0,703.0,703.0,701.0,673.0,687.0,674.0,672.0,674.0,672.0,672.0,670.0,670.0,673.0,668.0,672.0,664.0,664.0,664.0,670.0,656.0,661.0,658.0,665.0,674.0,683.0,682.0,691.0,693.0,688.0,697.0,714.0,693.0,680.0,681.0,676.0,680.0,674.0,669.0,658.0,657.0,640.0,643.0,645.0,641.0,638.0,643.0,640.0,649.0,643.0,638.0,645.0,644.0,641.0,656.0,632.0,652.0,653.0,662.0,675.0,663.0,656.0,668.0,665.0,654.0,656.0,653.0,651,669.0,649.0,662.0,657.0,651.0,648.0,659.0,663.0,659.0,665.0,673.0,679.0,685.0,681.0,688.0,675.0,676.0,669.0,682.0,673.0,659.0,643.0,664.0,651.0,645.0,643.0,636.0,642.0,628.0,638.0,647.0,629.0,631.0,623.0,627.0,635.0,631.0,628.0,620.0,624.0,625.0,626.0,627.0,630.0,625.0,626.0,628.0,619.0,621.0,621.0,627.0,614.0,629.0,622.0,616.0,621.0,621.0,623.0,616.0,624.0,624.0,609.0,621.0,614.0,609.0,625.0,624.0,618.0,623.0,619.0,615.0,620.0,617.0,618.0,617.0,627.0,621.0,627.0,620.0,618.0,619.0,619.0,618.0,620.0,624.0,629.0,634.0,625.0,616.0,619.0,622.0,612.0,620.0,609.0,624.0,624.0,611.0,623.0,628.0,621.0,617.0,622.0,618.0,623.0
679.0,669.0,675.0,675.0,670.0,663.0,667.0,669.0,675.0,662.0,665.0,668.0,668.0,655.0,662.0,668.0,661.0,678.0,676.0,667.0,655.0,668.0,658.0,668.0,671.0,666.0,672.0,662.0,661.0,676.0,672.0,660.0,672.0,669.0,665.0,664.0,667.0,670.0,659.0,654.0,663.0,672.0,668.0,666.0,664.0,672.0,655.0,659.0,656.0,663.0,662.0,659.0,659.0,664.0,671.0,665.0,655.0,655.0,665.0,663.0,666.0,672.0,682.0,649.0,672.0,660.0,672.0,664.0,675.0,666.0,675.0,671.0,669.0,676.0,677.0,682.0,681.0,673.0,687.0,679.0,672.0,668.0,671.0,680.0,687.0,686.0,694.0,680.0,679.0,686.0,670.0,695.0,705.0,692.0,687.0,687.0,693.0,693.0,678.0,691.0,694.0,688.0,682.0,696.0,700.0,691.0,687.0,682.0,695.0,691.0,695.0,691.0,697.0,690.0,711.0,690.0,696.0,704.0,712.0,708.0,701.0,710.0,690.0,695.0,702.0,707.0,716.0,707.0,709.0,711.0,713.0,714.0,708.0,696.0,718.0,706.0,724.0,733.0,747.0,705.0,715.0,714.0,705.0,710.0,713.0,707.0,706.0,706.0,713.0,713.0,725.0,717.0,711.0,720.0,720.0,720.0,737.0,728.0,728.0,741.0,728.0,734.0,738.0,733.0,719.0,727.0,735.0,740.0,747.0,708.0,712.0,712.0,704.0,737.0,717.0,712.0,738.0,721.0,719.0,705.0,710.0,711.0,707.0,698.0,705.0,719.0,709.0,712.0,718.0,734.0,744.0,740.0,749.0,751.0,731.0,758.0,757.0,740.0,747.0,732.0,745.0,733.0,730.0,732.0,731.0,725.0,744.0,742.0,757.0,748.0,776.0,750.0,757.0,748.0,758.0,756.0,754.0,768.0,751.0,758.0,752.0,731.0,736.0,732.0,724.0,724.0,730.0,730.0,725.0,714.0,722.0,738.0,721.0,712.0,706.0,705.0,702.0,700.0,702.0,718.0,723.0,717.0,728.0,728.0,741.0,734.0,737.0,741.0,731.0,744.0,733.0,727.0,722.0,723.0,713.0,709.0,697.0,686.0,684.0,682.0,682.0,678.0,691.0,674.0,677.0,667.0,685.0,674.0,694.0,679.0,687.0,688.0,685.0,700.0,704.0,683.0,696.0,717.0,717.0,712.0,707.0,712.0,691.0,690.0,707,691.0,698.0,693.0,696.0,707.0,701.0,701.0,692.0,694.0,695.0,724.0,704.0,717.0,721.0,703.0,716.0,731.0,716.0,708.0,710.0,690.0,683.0,683.0,671.0,674.0,667.0,659.0,666.0,665.0,661.0,660.0,661.0,656.0,657.0,661.0,651.0,658.0,659.0,651.0,658.0,665.0,662.0,667.0,659.0,642.0,650.0,661.0,654.0,644.0,643.0,648.0,645.0,658.0,654.0,644.0,648.0,650.0,644.0,654.0,656.0,648.0,649.0,641.0,638.0,658.0,647.0,652.0,661.0,653.0,662.0,643.0,665.0,651.0,651.0,646.0,653.0,654.0,669.0,656.0,643.0,653.0,660.0,645.0,654.0,657.0,650.0,652.0,658.0,650.0,652.0,651.0,655.0,659.0,654.0,650.0,649.0,648.0,672.0,661.0,662.0,650.0,656.0,649.0,652.0
659.0,663.0,658.0,664.0,655.0,658.0,656.0,659.0,657.0,653.0,656.0,651.0,658.0,657.0,659.0,651.0,661.0,662.0,650.0,656.0,661.0,654.0,655.0,655.0,655.0,654.0,654.0,659.0,655.0,651.0,664.0,658.0,656.0,655.0,654.0,651.0,662.0,648.0,654.0,655.0,662.0,649.0,647.0,648.0,649.0,653.0,640.0,652.0,646.0,649.0,648.0,656.0,653.0,653.0,644.0,655.0,645.0,645.0,653.0,654.0,651.0,666.0,651.0,657.0,654.0,653.0,659.0,653.0,656.0,652.0,661.0,653.0,668.0,661.0,656.0,658.0,658.0,670.0,662.0,665.0,655.0,666.0,656.0,655.0,664.0,671.0,670.0,681.0,668.0,668.0,668.0,671.0,671.0,680.0,675.0,680.0,649.0,689.0,662.0,668.0,662.0,670.0,660.0,682.0,675.0,665.0,670.0,671.0,674.0,678.0,673.0,670.0,678.0,685.0,682.0,671.0,679.0,687.0,682.0,682.0,678.0,684.0,679.0,686.0,675.0,690.0,688.0,688.0,691.0,691.0,681.0,687.0,681.0,685.0,698.0,700.0,703.0,714.0,714.0,692.0,688.0,682.0,690.0,691.0,688.0,704.0,698.0,680.0,691.0,691.0,696.0,694.0,689.0,694.0,688.0,698.0,706.0,685.0,699.0,700.0,705.0,702.0,690.0,699.0,706.0,714.0,707.0,718.0,714.0,696.0,680.0,680.0,686.0,694.0,688.0,690.0,694.0,691.0,702.0,679.0,686.0,678.0,690.0,691.0,689.0,698.0,696.0,699.0,702.0,705.0,700.0,702.0,733.0,713.0,722.0,715.0,718.0,721.0,717.0,716.0,729.0,709.0,699.0,709.0,714.0,696.0,700.0,710.0,731.0,720.0,726.0,729.0,741.0,728.0,734.0,726.0,725.0,719.0,725.0,723.0,721.0,712.0,705.0,721.0,693.0,699.0,693.0,696.0,697.0,698.0,704.0,694.0,688.0,694.0,691.0,680.0,685.0,684.0,682.0,691.0,684.0,687.0,691.0,703.0,707.0,709.0,720.0,709.0,719.0,719.0,703.0,685.0,689.0,691.0,694.0,681.0,683.0,663.0,672.0,664.0,665.0,656.0,659.0,658.0,659.0,663.0,663.0,655.0,662.0,667.0,676.0,677.0,666.0,670.0,676.0,670.0,700.0,693.0,692.0,691.0,676.0,687.0,678.0,678.0,680,675.0,674.0,663.0,671.0,676.0,677.0,676.0,678.0,673.0,685.0,685.0,680.0,688.0,690.0,685.0,692.0,690.0,689.0,682.0,681.0,683.0,665.0,668.0,659.0,662.0,653.0,643.0,650.0,653.0,652.0,643.0,645.0,639.0,648.0,640.0,644.0,646.0,644.0,638.0,640.0,640.0,633.0,640.0,637.0,636.0,649.0,634.0,632.0,632.0,640.0,637.0,632.0,637.0,645.0,631.0,637.0,633.0,635.0,626.0,645.0,630.0,632.0,629.0,632.0,631.0,629.0,635.0,637.0,639.0,635.0,631.0,641.0,646.0,629.0,634.0,637.0,631.0,639.0,634.0,632.0,642.0,641.0,635.0,633.0,621.0,634.0,640.0,635.0,638.0,642.0,632.0,635.0,633.0,629.0,642.0,644.0,631.0,632.0,633.0,627.0,623.0,640.0,634.0,629.0
653.0,659.0,660.0,658.0,665.0,659.0,656.0,647.0,649.0,643.0,649.0,654.0,652.0,639.0,654.0,653.0,655.0,663.0,660.0,648.0,653.0,659.0,646.0,647.0,642.0,652.0,651.0,649.0,643.0,666.0,652.0,650.0,657.0,660.0,654.0,648.0,644.0,649.0,649.0,651.0,644.0,652.0,637.0,650.0,645.0,650.0,638.0,649.0,649.0,648.0,649.0,641.0,645.0,643.0,647.0,652.0,646.0,646.0,655.0,646.0,649.0,659.0,649.0,646.0,648.0,649.0,653.0,651.0,662.0,638.0,655.0,657.0,653.0,652.0,658.0,660.0,650.0,659.0,664.0,661.0,668.0,661.0,664.0,670.0,656.0,663.0,679.0,679.0,667.0,663.0,668.0,669.0,668.0,674.0,669.0,671.0,658.0,684.0,672.0,674.0,676.0,665.0,659.0,684.0,667.0,670.0,671.0,666.0,671.0,667.0,670.0,674.0,675.0,679.0,672.0,664.0,691.0,689.0,673.0,673.0,682.0,681.0,682.0,681.0,684.0,675.0,680.0,683.0,682.0,685.0,684.0,683.0,675.0,683.0,697.0,694.0,689.0,714.0,710.0,685.0,689.0,680.0,682.0,684.0,682.0,684.0,683.0,683.0,691.0,689.0,682.0,676.0,701.0,685.0,683.0,688.0,701.0,696.0,697.0,692.0,690.0,685.0,692.0,690.0,698.0,707.0,710.0,713.0,698.0,678.0,677.0,685.0,682.0,685.0,689.0,683.0,706.0,685.0,696.0,681.0,679.0,678.0,690.0,682.0,685.0,698.0,679.0,699.0,700.0,703.0,708.0,708.0,719.0,714.0,716.0,725.0,716.0,717.0,714.0,701.0,703.0,698.0,709.0,704.0,699.0,709.0,703.0,700.0,721.0,726.0,718.0,723.0,722.0,717.0,732.0,713.0,721.0,721.0,719.0,724.0,719.0,704.0,700.0,714.0,694.0,700.0,692.0,695.0,692.0,685.0,694.0,692.0,683.0,686.0,692.0,682.0,676.0,683.0,677.0,676.0,692.0,686.0,691.0,698.0,707.0,708.0,712.0,707.0,714.0,700.0,708.0,693.0,697.0,678.0,688.0,674.0,686.0,663.0,664.0,664.0,651.0,654.0,663.0,652.0,660.0,653.0,662.0,653.0,659.0,658.0,669.0,659.0,669.0,670.0,677.0,670.0,679.0,685.0,679.0,684.0,679.0,680.0,676.0,675.0,678,669.0,678.0,670.0,675.0,676.0,675.0,665.0,671.0,678.0,675.0,679.0,674.0,688.0,680.0,685.0,680.0,702.0,680.0,691.0,672.0,677.0,658.0,669.0,651.0,664.0,647.0,642.0,645.0,638.0,640.0,642.0,639.0,635.0,635.0,639.0,644.0,635.0,636.0,632.0,633.0,631.0,634.0,638.0,643.0,636.0,642.0,638.0,639.0,631.0,629.0,632.0,627.0,634.0,635.0,628.0,634.0,635.0,626.0,627.0,638.0,629.0,639.0,631.0,628.0,638.0,634.0,641.0,632.0,632.0,634.0,620.0,632.0,637.0,632.0,631.0,634.0,631.0,625.0,634.0,638.0,626.0,636.0,629.0,630.0,629.0,635.0,635.0,636.0,627.0,627.0,632.0,630.0,633.0,638.0,634.0,633.0,628.0,633.0,638.0,634.0,623.0,636.0,624.0,621.0
657.0,671.0,668.0,667.0,648.0,654.0,657.0,666.0,658.0,657.0,653.0,658.0,646.0,653.0,654.0,657.0,660.0,685.0,674.0,659.0,643.0,662.0,655.0,656.0,648.0,656.0,662.0,654.0,655.0,658.0,655.0,657.0,651.0,656.0,649.0,655.0,655.0,643.0,651.0,649.0,654.0,664.0,654.0,665.0,653.0,649.0,650.0,650.0,655.0,648.0,642.0,653.0,657.0,631.0,653.0,663.0,644.0,643.0,649.0,652.0,654.0,659.0,650.0,652.0,651.0,655.0,654.0,644.0,654.0,635.0,671.0,656.0,664.0,658.0,660.0,660.0,654.0,661.0,676.0,671.0,670.0,664.0,663.0,654.0,660.0,666.0,666.0,667.0,664.0,667.0,667.0,676.0,669.0,669.0,662.0,667.0,672.0,667.0,663.0,666.0,659.0,677.0,671.0,678.0,661.0,663.0,661.0,669.0,674.0,669.0,664.0,674.0,679.0,657.0,681.0,667.0,677.0,685.0,677.0,680.0,676.0,678.0,682.0,677.0,670.0,686.0,681.0,682.0,682.0,683.0,688.0,679.0,683.0,675.0,681.0,690.0,695.0,704.0,706.0,692.0,679.0,682.0,693.0,688.0,679.0,686.0,680.0,682.0,683.0,684.0,677.0,691.0,682.0,688.0,698.0,690.0,694.0,707.0,700.0,704.0,701.0,696.0,712.0,708.0,698.0,687.0,710.0,704.0,705.0,693.0,684.0,675.0,686.0,675.0,679.0,690.0,681.0,696.0,692.0,685.0,688.0,683.0,680.0,677.0,678.0,688.0,686.0,692.0,696.0,703.0,709.0,706.0,728.0,715.0,709.0,720.0,695.0,709.0,709.0,707.0,717.0,715.0,706.0,709.0,688.0,704.0,700.0,708.0,723.0,731.0,728.0,708.0,726.0,727.0,717.0,718.0,727.0,731.0,720.0,715.0,739.0,705.0,706.0,705.0,695.0,691.0,693.0,688.0,692.0,694.0,692.0,696.0,701.0,693.0,683.0,687.0,667.0,678.0,682.0,671.0,676.0,694.0,701.0,697.0,716.0,712.0,721.0,709.0,716.0,704.0,694.0,697.0,701.0,682.0,668.0,675.0,671.0,669.0,672.0,667.0,656.0,662.0,661.0,665.0,670.0,663.0,661.0,652.0,668.0,665.0,659.0,657.0,663.0,677.0,669.0,659.0,690.0,680.0,687.0,678.0,689.0,677.0,663.0,666.0,664,680.0,668.0,668.0,671.0,686.0,669.0,677.0,682.0,672.0,681.0,682.0,677.0,705.0,684.0,704.0,688.0,695.0,686.0,686.0,693.0,674.0,673.0,665.0,659.0,657.0,645.0,642.0,646.0,638.0,647.0,653.0,646.0,643.0,644.0,640.0,641.0,644.0,640.0,628.0,635.0,629.0,640.0,638.0,649.0,643.0,642.0,633.0,626.0,631.0,630.0,633.0,631.0,645.0,646.0,626.0,625.0,632.0,643.0,630.0,624.0,630.0,634.0,629.0,633.0,631.0,633.0,643.0,623.0,636.0,621.0,632.0,642.0,637.0,636.0,630.0,627.0,630.0,643.0,636.0,632.0,628.0,635.0,629.0,642.0,627.0,625.0,636.0,638.0,639.0,630.0,631.0,626.0,640.0,639.0,629.0,630.0,626.0,626.0,634.0,636.0,620.0,633.0,631.0,625.0
655.0,654.0,660.0,656.0,653.0,653.0,653.0,655.0,650.0,640.0,648.0,647.0,651.0,649.0,648.0,652.0,657.0,678.0,660.0,645.0,654.0,658.0,647.0,645.0,650.0,644.0,651.0,646.0,645.0,659.0,646.0,649.0,659.0,650.0,646.0,650.0,641.0,645.0,646.0,651.0,654.0,650.0,639.0,648.0,651.0,642.0,640.0,638.0,643.0,644.0,648.0,642.0,639.0,646.0,646.0,649.0,645.0,656.0,654.0,644.0,642.0,649.0,645.0,657.0,643.0,645.0,643.0,648.0,640.0,643.0,664.0,658.0,654.0,650.0,659.0,656.0,655.0,665.0,651.0,653.0,654.0,656.0,650.0,646.0,653.0,669.0,662.0,666.0,652.0,661.0,655.0,657.0,663.0,661.0,663.0,660.0,650.0,669.0,647.0,661.0,663.0,662.0,664.0,683.0,654.0,659.0,660.0,662.0,662.0,666.0,660.0,670.0,672.0,660.0,661.0,665.0,672.0,671.0,663.0,665.0,670.0,665.0,659.0,668.0,674.0,671.0,667.0,675.0,677.0,658.0,666.0,668.0,683.0,671.0,677.0,673.0,688.0,694.0,691.0,678.0,667.0,665.0,686.0,676.0,671.0,673.0,665.0,671.0,682.0,671.0,678.0,674.0,680.0,675.0,680.0,681.0,686.0,680.0,693.0,693.0,679.0,693.0,680.0,687.0,676.0,685.0,686.0,683.0,687.0,675.0,667.0,665.0,673.0,673.0,672.0,675.0,687.0,671.0,676.0,678.0,677.0,670.0,673.0,679.0,672.0,668.0,673.0,686.0,680.0,682.0,685.0,689.0,697.0,700.0,708.0,710.0,691.0,699.0,697.0,704.0,700.0,692.0,697.0,690.0,685.0,691.0,697.0,705.0,705.0,707.0,695.0,703.0,720.0,695.0,708.0,702.0,701.0,710.0,714.0,703.0,716.0,693.0,697.0,692.0,695.0,693.0,678.0,681.0,679.0,677.0,688.0,671.0,674.0,685.0,680.0,672.0,677.0,679.0,680.0,674.0,667.0,668.0,688.0,685.0,699.0,701.0,710.0,694.0,714.0,696.0,686.0,680.0,675.0,676.0,684.0,674.0,664.0,659.0,655.0,656.0,655.0,659.0,649.0,654.0,655.0,658.0,658.0,641.0,658.0,644.0,665.0,667.0,656.0,664.0,673.0,663.0,675.0,672.0,663.0,676.0,676.0,672.0,675.0,666.0,668,664.0,663.0,666.0,667.0,670.0,655.0,661.0,669.0,663.0,672.0,681.0,673.0,687.0,685.0,694.0,679.0,691.0,675.0,681.0,679.0,667.0,658.0,666.0,646.0,654.0,647.0,648.0,650.0,639.0,642.0,647.0,635.0,639.0,634.0,641.0,646.0,636.0,638.0,636.0,636.0,638.0,639.0,641.0,636.0,634.0,639.0,634.0,630.0,636.0,632.0,631.0,629.0,633.0,636.0,624.0,635.0,628.0,639.0,625.0,632.0,624.0,634.0,630.0,629.0,630.0,627.0,633.0,633.0,628.0,632.0,627.0,633.0,629.0,637.0,633.0,630.0,629.0,631.0,633.0,630.0,628.0,634.0,622.0,636.0,629.0,627.0,639.0,628.0,628.0,629.0,637.0,629.0,636.0,633.0,635.0,623.0,625.0,631.0,632.0,629.0,625.0,627.0,629.0,632.0
663.0,657.0,665.0,666.0,661.0,655.0,659.0,659.0,657.0,658.0,657.0,664.0,656.0,654.0,667.0,655.0,661.0,676.0,671.0,657.0,662.0,653.0,653.0,647.0,649.0,653.0,656.0,654.0,657.0,654.0,652.0,650.0,645.0,657.0,648.0,650.0,651.0,651.0,661.0,655.0,650.0,651.0,642.0,657.0,634.0,648.0,643.0,642.0,652.0,639.0,664.0,645.0,647.0,647.0,658.0,659.0,654.0,641.0,650.0,654.0,641.0,653.0,654.0,653.0,661.0,661.0,653.0,654.0,653.0,652.0,675.0,671.0,667.0,651.0,658.0,656.0,664.0,663.0,669.0,659.0,665.0,668.0,655.0,669.0,664.0,668.0,666.0,669.0,667.0,661.0,669.0,675.0,666.0,675.0,665.0,665.0,655.0,671.0,658.0,675.0,668.0,663.0,664.0,664.0,680.0,670.0,677.0,671.0,667.0,674.0,677.0,665.0,661.0,672.0,676.0,679.0,670.0,679.0,676.0,679.0,673.0,689.0,670.0,689.0,673.0,679.0,671.0,685.0,682.0,677.0,675.0,680.0,675.0,673.0,687.0,691.0,697.0,707.0,696.0,695.0,669.0,676.0,690.0,680.0,682.0,687.0,690.0,678.0,682.0,672.0,686.0,676.0,691.0,690.0,698.0,699.0,695.0,689.0,695.0,688.0,698.0,694.0,694.0,685.0,690.0,686.0,693.0,702.0,698.0,685.0,679.0,667.0,679.0,671.0,683.0,692.0,692.0,677.0,686.0,693.0,681.0,678.0,683.0,677.0,686.0,687.0,674.0,687.0,689.0,699.0,689.0,696.0,702.0,713.0,703.0,721.0,713.0,715.0,712.0,698.0,704.0,704.0,695.0,693.0,698.0,708.0,711.0,688.0,711.0,705.0,721.0,719.0,716.0,719.0,723.0,725.0,722.0,711.0,727.0,724.0,718.0,701.0,692.0,708.0,689.0,703.0,694.0,688.0,691.0,690.0,686.0,685.0,681.0,679.0,682.0,683.0,678.0,690.0,671.0,685.0,678.0,687.0,698.0,696.0,712.0,701.0,710.0,702.0,709.0,703.0,700.0,687.0,689.0,689.0,692.0,673.0,675.0,670.0,663.0,667.0,664.0,654.0,660.0,668.0,659.0,654.0,667.0,645.0,673.0,650.0,672.0,665.0,659.0,682.0,678.0,676.0,697.0,674.0,681.0,678.0,688.0,685.0,678.0,690.0,688,665.0,669.0,680.0,670.0,677.0,680.0,674.0,670.0,683.0,682.0,687.0,680.0,686.0,692.0,704.0,698.0,703.0,691.0,689.0,692.0,683.0,658.0,664.0,657.0,651.0,641.0,645.0,647.0,644.0,647.0,651.0,639.0,640.0,640.0,636.0,648.0,643.0,636.0,638.0,642.0,641.0,642.0,646.0,651.0,633.0,645.0,640.0,630.0,639.0,636.0,640.0,628.0,641.0,637.0,634.0,634.0,631.0,637.0,632.0,635.0,632.0,628.0,631.0,623.0,633.0,630.0,635.0,633.0,632.0,639.0,630.0,640.0,636.0,636.0,633.0,631.0,638.0,632.0,638.0,648.0,626.0,637.0,630.0,629.0,634.0,638.0,637.0,643.0,642.0,635.0,636.0,630.0,631.0,635.0,639.0,634.0,630.0,633.0,641.0,630.0,624.0,630.0,638.0,623.0
661.0,655.0,663.0,656.0,659.0,657.0,659.0,658.0,658.0,656.0,662.0,660.0,654.0,644.0,647.0,641.0,668.0,680.0,664.0,655.0,666.0,657.0,654.0,646.0,655.0,658.0,657.0,654.0,645.0,662.0,656.0,660.0,656.0,661.0,651.0,653.0,653.0,649.0,647.0,658.0,643.0,652.0,649.0,647.0,651.0,659.0,644.0,655.0,648.0,652.0,656.0,651.0,646.0,658.0,655.0,661.0,655.0,649.0,656.0,648.0,662.0,658.0,650.0,654.0,653.0,657.0,655.0,667.0,657.0,651.0,662.0,652.0,668.0,664.0,663.0,659.0,669.0,663.0,679.0,665.0,657.0,671.0,666.0,651.0,671.0,664.0,673.0,693.0,660.0,655.0,658.0,672.0,666.0,670.0,679.0,677.0,661.0,668.0,655.0,668.0,679.0,664.0,668.0,679.0,670.0,668.0,658.0,673.0,663.0,673.0,670.0,669.0,677.0,677.0,683.0,670.0,675.0,676.0,687.0,685.0,676.0,670.0,668.0,675.0,682.0,683.0,686.0,674.0,673.0,682.0,675.0,692.0,669.0,671.0,677.0,680.0,702.0,700.0,698.0,692.0,678.0,673.0,673.0,683.0,689.0,681.0,683.0,671.0,692.0,676.0,670.0,673.0,690.0,686.0,699.0,695.0,687.0,677.0,690.0,694.0,704.0,688.0,698.0,699.0,685.0,695.0,683.0,699.0,685.0,672.0,682.0,672.0,679.0,670.0,674.0,682.0,686.0,683.0,683.0,682.0,672.0,659.0,682.0,669.0,670.0,683.0,686.0,699.0,694.0,696.0,684.0,693.0,690.0,708.0,703.0,715.0,709.0,715.0,707.0,706.0,711.0,713.0,699.0,703.0,693.0,710.0,704.0,693.0,714.0,709.0,722.0,734.0,719.0,711.0,722.0,734.0,726.0,697.0,725.0,731.0,714.0,710.0,694.0,696.0,703.0,695.0,683.0,688.0,700.0,679.0,685.0,687.0,691.0,687.0,684.0,676.0,680.0,694.0,683.0,686.0,686.0,675.0,694.0,710.0,721.0,719.0,723.0,702.0,718.0,721.0,697.0,691.0,699.0,689.0,687.0,681.0,676.0,675.0,670.0,654.0,660.0,655.0,659.0,663.0,664.0,677.0,659.0,658.0,673.0,654.0,664.0,676.0,665.0,668.0,689.0,674.0,687.0,684.0,683.0,692.0,693.0,680.0,673.0,668.0,683,692.0,673.0,674.0,680.0,670.0,675.0,671.0,665.0,681.0,679.0,692.0,685.0,696.0,691.0,699.0,690.0,704.0,692.0,694.0,676.0,673.0,663.0,665.0,653.0,665.0,652.0,648.0,648.0,641.0,649.0,643.0,641.0,637.0,636.0,644.0,643.0,636.0,634.0,627.0,637.0,637.0,634.0,641.0,647.0,635.0,629.0,645.0,635.0,640.0,628.0,629.0,635.0,633.0,631.0,636.0,637.0,627.0,626.0,625.0,638.0,627.0,625.0,626.0,628.0,634.0,641.0,630.0,628.0,641.0,636.0,625.0,640.0,632.0,627.0,636.0,632.0,631.0,640.0,622.0,644.0,635.0,632.0,625.0,630.0,634.0,635.0,637.0,640.0,636.0,628.0,628.0,635.0,635.0,632.0,632.0,634.0,632.0,632.0,633.0,626.0,627.0,627.0,634.0,632.0
668.0,658.0,665.0,664.0,659.0,671.0,661.0,659.0,660.0,655.0,661.0,658.0,665.0,649.0,667.0,652.0,661.0,675.0,674.0,669.0,665.0,654.0,648.0,657.0,651.0,655.0,662.0,655.0,657.0,660.0,656.0,653.0,650.0,657.0,653.0,660.0,654.0,654.0,660.0,656.0,651.0,661.0,654.0,648.0,652.0,651.0,648.0,653.0,654.0,656.0,659.0,658.0,656.0,653.0,655.0,656.0,651.0,653.0,659.0,652.0,652.0,657.0,658.0,653.0,656.0,647.0,657.0,649.0,661.0,650.0,666.0,669.0,667.0,668.0,664.0,665.0,666.0,668.0,680.0,668.0,663.0,670.0,659.0,667.0,679.0,673.0,689.0,682.0,673.0,681.0,672.0,673.0,679.0,681.0,674.0,675.0,672.0,680.0,668.0,671.0,671.0,668.0,681.0,677.0,670.0,681.0,667.0,671.0,664.0,683.0,674.0,681.0,680.0,683.0,688.0,676.0,690.0,686.0,676.0,682.0,672.0,690.0,675.0,668.0,675.0,682.0,687.0,687.0,680.0,694.0,675.0,693.0,684.0,686.0,692.0,689.0,707.0,724.0,711.0,690.0,689.0,677.0,688.0,682.0,678.0,686.0,690.0,679.0,692.0,687.0,694.0,693.0,694.0,689.0,692.0,703.0,705.0,693.0,704.0,701.0,704.0,708.0,686.0,697.0,696.0,697.0,705.0,701.0,700.0,690.0,693.0,687.0,681.0,689.0,687.0,680.0,681.0,688.0,696.0,686.0,679.0,675.0,675.0,672.0,688.0,691.0,690.0,704.0,700.0,701.0,712.0,702.0,722.0,729.0,721.0,732.0,718.0,736.0,729.0,715.0,724.0,709.0,701.0,707.0,705.0,716.0,715.0,711.0,742.0,723.0,731.0,725.0,739.0,731.0,726.0,732.0,741.0,735.0,741.0,728.0,731.0,718.0,708.0,716.0,711.0,717.0,704.0,712.0,708.0,689.0,699.0,693.0,682.0,709.0,689.0,691.0,689.0,692.0,690.0,693.0,690.0,694.0,699.0,701.0,721.0,726.0,732.0,725.0,738.0,719.0,711.0,702.0,700.0,683.0,699.0,688.0,677.0,677.0,669.0,667.0,665.0,668.0,665.0,660.0,666.0,670.0,663.0,650.0,676.0,651.0,674.0,675.0,660.0,676.0,680.0,670.0,701.0,704.0,693.0,700.0,693.0,685.0,678.0,689.0,683,687.0,681.0,691.0,681.0,678.0,682.0,670.0,685.0,680.0,687.0,709.0,696.0,706.0,692.0,699.0,700.0,707.0,702.0,692.0,687.0,680.0,670.0,678.0,661.0,668.0,665.0,642.0,642.0,639.0,645.0,645.0,647.0,644.0,636.0,648.0,644.0,641.0,644.0,641.0,645.0,634.0,643.0,644.0,643.0,638.0,635.0,634.0,634.0,635.0,634.0,645.0,637.0,639.0,638.0,633.0,632.0,634.0,634.0,632.0,638.0,632.0,636.0,632.0,634.0,631.0,633.0,638.0,635.0,633.0,635.0,632.0,636.0,640.0,629.0,630.0,628.0,628.0,629.0,637.0,631.0,622.0,633.0,628.0,636.0,640.0,636.0,637.0,628.0,635.0,628.0,631.0,627.0,636.0,632.0,634.0,637.0,623.0,635.0,635.0,628.0,632.0,632.0,640.0,633.0
642.0,648.0,651.0,647.0,652.0,647.0,646.0,650.0,649.0,650.0,640.0,646.0,642.0,632.0,640.0,642.0,652.0,656.0,648.0,640.0,640.0,655.0,641.0,635.0,644.0,641.0,640.0,644.0,649.0,654.0,654.0,644.0,645.0,638.0,639.0,639.0,641.0,640.0,645.0,647.0,644.0,632.0,644.0,645.0,649.0,638.0,633.0,636.0,636.0,637.0,644.0,636.0,638.0,642.0,639.0,641.0,638.0,636.0,641.0,652.0,643.0,652.0,646.0,636.0,645.0,649.0,643.0,643.0,648.0,641.0,651.0,638.0,652.0,643.0,651.0,654.0,648.0,650.0,652.0,647.0,655.0,660.0,649.0,645.0,657.0,672.0,672.0,676.0,651.0,658.0,655.0,654.0,650.0,665.0,664.0,658.0,658.0,671.0,643.0,661.0,659.0,666.0,655.0,665.0,657.0,653.0,661.0,654.0,653.0,661.0,668.0,658.0,662.0,655.0,662.0,658.0,656.0,671.0,667.0,672.0,666.0,665.0,660.0,669.0,666.0,670.0,661.0,665.0,662.0,669.0,674.0,664.0,665.0,665.0,669.0,669.0,681.0,694.0,677.0,677.0,675.0,664.0,674.0,665.0,671.0,674.0,670.0,670.0,655.0,665.0,681.0,656.0,677.0,671.0,675.0,665.0,684.0,683.0,698.0,672.0,666.0,681.0,676.0,679.0,689.0,676.0,681.0,679.0,678.0,664.0,666.0,670.0,676.0,657.0,661.0,671.0,674.0,669.0,674.0,672.0,665.0,665.0,674.0,667.0,664.0,660.0,673.0,687.0,672.0,672.0,683.0,688.0,695.0,693.0,685.0,702.0,686.0,696.0,689.0,692.0,701.0,680.0,696.0,691.0,672.0,687.0,689.0,694.0,710.0,688.0,703.0,701.0,701.0,695.0,705.0,701.0,698.0,702.0,706.0,697.0,696.0,685.0,684.0,691.0,684.0,686.0,687.0,689.0,676.0,682.0,682.0,680.0,678.0,670.0,666.0,672.0,677.0,676.0,667.0,667.0,672.0,671.0,689.0,701.0,699.0,686.0,709.0,698.0,692.0,689.0,697.0,680.0,672.0,673.0,672.0,670.0,658.0,645.0,652.0,652.0,653.0,651.0,643.0,647.0,657.0,652.0,644.0,650.0,660.0,637.0,661.0,656.0,646.0,667.0,666.0,661.0,677.0,665.0,671.0,672.0,680.0,668.0,658.0,667.0,669,664.0,665.0,652.0,665.0,674.0,658.0,649.0,662.0,663.0,659.0,673.0,668.0,679.0,674.0,692.0,676.0,670.0,673.0,681.0,669.0,655.0,654.0,655.0,645.0,658.0,641.0,640.0,637.0,635.0,645.0,637.0,633.0,629.0,629.0,631.0,633.0,630.0,639.0,637.0,627.0,624.0,621.0,630.0,629.0,626.0,629.0,632.0,626.0,624.0,623.0,621.0,615.0,626.0,629.0,618.0,619.0,627.0,627.0,619.0,622.0,630.0,634.0,627.0,626.0,629.0,619.0,623.0,621.0,621.0,620.0,622.0,625.0,626.0,622.0,622.0,620.0,619.0,625.0,622.0,631.0,624.0,629.0,630.0,626.0,618.0,626.0,633.0,626.0,617.0,628.0,631.0,622.0,624.0,633.0,619.0,626.0,617.0,622.0,625.0,624.0,625.0,622.0,622.0,611.0
669.0,662.0,653.0,653.0,651.0,657.0,658.0,665.0,661.0,650.0,662.0,660.0,656.0,647.0,659.0,653.0,661.0,679.0,672.0,648.0,649.0,654.0,660.0,651.0,657.0,653.0,655.0,649.0,651.0,659.0,648.0,651.0,652.0,654.0,654.0,652.0,659.0,644.0,649.0,658.0,638.0,655.0,643.0,645.0,643.0,651.0,642.0,649.0,650.0,650.0,652.0,642.0,648.0,654.0,647.0,651.0,643.0,646.0,651.0,645.0,648.0,657.0,653.0,635.0,646.0,649.0,649.0,648.0,657.0,646.0,663.0,658.0,650.0,662.0,661.0,660.0,657.0,656.0,668.0,662.0,660.0,660.0,653.0,648.0,663.0,660.0,670.0,671.0,676.0,665.0,652.0,664.0,666.0,670.0,661.0,669.0,665.0,674.0,658.0,667.0,658.0,661.0,658.0,671.0,667.0,671.0,679.0,666.0,664.0,673.0,672.0,674.0,665.0,678.0,670.0,660.0,668.0,690.0,681.0,677.0,659.0,671.0,672.0,678.0,677.0,668.0,675.0,674.0,672.0,675.0,678.0,674.0,684.0,677.0,681.0,677.0,681.0,711.0,692.0,683.0,678.0,675.0,682.0,671.0,671.0,691.0,680.0,674.0,679.0,683.0,685.0,694.0,696.0,677.0,685.0,702.0,704.0,692.0,697.0,707.0,701.0,690.0,685.0,690.0,676.0,680.0,696.0,695.0,691.0,676.0,672.0,671.0,683.0,676.0,682.0,684.0,675.0,688.0,681.0,672.0,671.0,673.0,677.0,679.0,678.0,682.0,685.0,680.0,686.0,698.0,697.0,700.0,719.0,698.0,704.0,716.0,716.0,712.0,709.0,707.0,704.0,710.0,696.0,698.0,692.0,695.0,707.0,700.0,719.0,705.0,715.0,710.0,725.0,726.0,713.0,712.0,720.0,719.0,721.0,717.0,716.0,702.0,703.0,700.0,691.0,695.0,687.0,687.0,692.0,687.0,678.0,676.0,687.0,677.0,679.0,682.0,684.0,675.0,679.0,685.0,679.0,688.0,683.0,695.0,719.0,704.0,713.0,709.0,709.0,714.0,699.0,687.0,683.0,676.0,690.0,676.0,672.0,659.0,654.0,662.0,652.0,655.0,657.0,654.0,657.0,658.0,655.0,652.0,665.0,641.0,666.0,670.0,657.0,664.0,669.0,666.0,687.0,683.0,671.0,683.0,695.0,672.0,667.0,664.0,661,675.0,668.0,669.0,674.0,673.0,668.0,670.0,664.0,672.0,670.0,691.0,685.0,692.0,675.0,696.0,701.0,692.0,681.0,682.0,669.0,676.0,657.0,676.0,648.0,650.0,650.0,649.0,639.0,632.0,637.0,643.0,634.0,634.0,636.0,640.0,639.0,643.0,636.0,633.0,631.0,644.0,632.0,640.0,637.0,633.0,634.0,637.0,623.0,625.0,628.0,632.0,630.0,641.0,635.0,623.0,626.0,632.0,627.0,627.0,635.0,623.0,631.0,630.0,630.0,633.0,624.0,632.0,625.0,632.0,624.0,627.0,632.0,633.0,622.0,637.0,632.0,624.0,640.0,633.0,620.0,631.0,634.0,621.0,634.0,623.0,636.0,635.0,629.0,629.0,635.0,629.0,625.0,633.0,617.0,620.0,632.0,621.0,636.0,636.0,628.0,624.0,632.0,625.0,625.0
688.0,673.0,673.0,688.0,683.0,682.0,677.0,670.0,668.0,667.0,667.0,668.0,687.0,673.0,670.0,677.0,678.0,702.0,685.0,671.0,667.0,675.0,671.0,670.0,671.0,667.0,678.0,677.0,669.0,675.0,683.0,665.0,672.0,670.0,670.0,668.0,675.0,670.0,668.0,665.0,663.0,670.0,669.0,679.0,673.0,669.0,659.0,682.0,660.0,660.0,673.0,672.0,666.0,691.0,679.0,660.0,663.0,669.0,660.0,667.0,672.0,676.0,677.0,667.0,674.0,674.0,677.0,672.0,669.0,672.0,679.0,682.0,678.0,677.0,685.0,684.0,674.0,683.0,695.0,692.0,694.0,692.0,680.0,686.0,685.0,688.0,690.0,690.0,690.0,689.0,681.0,696.0,699.0,689.0,704.0,681.0,691.0,693.0,688.0,693.0,695.0,703.0,699.0,702.0,705.0,701.0,689.0,701.0,697.0,710.0,700.0,707.0,700.0,694.0,702.0,694.0,707.0,710.0,711.0,697.0,706.0,715.0,705.0,714.0,707.0,719.0,711.0,716.0,713.0,715.0,717.0,726.0,707.0,701.0,725.0,719.0,722.0,740.0,754.0,718.0,707.0,721.0,724.0,718.0,719.0,724.0,722.0,726.0,724.0,721.0,729.0,723.0,722.0,739.0,732.0,735.0,734.0,738.0,735.0,737.0,741.0,740.0,743.0,734.0,743.0,728.0,743.0,745.0,738.0,723.0,716.0,713.0,727.0,717.0,733.0,718.0,727.0,724.0,710.0,704.0,711.0,700.0,723.0,704.0,716.0,708.0,737.0,730.0,729.0,725.0,743.0,729.0,752.0,754.0,746.0,746.0,755.0,770.0,758.0,745.0,766.0,754.0,744.0,740.0,736.0,739.0,754.0,753.0,754.0,766.0,768.0,774.0,757.0,764.0,751.0,767.0,759.0,781.0,779.0,777.0,761.0,749.0,744.0,729.0,735.0,722.0,727.0,725.0,720.0,724.0,724.0,716.0,716.0,723.0,719.0,708.0,712.0,716.0,714.0,724.0,726.0,720.0,738.0,748.0,758.0,760.0,762.0,747.0,768.0,755.0,753.0,726.0,744.0,714.0,718.0,728.0,696.0,698.0,684.0,672.0,667.0,673.0,688.0,677.0,688.0,682.0,684.0,675.0,694.0,691.0,684.0,691.0,683.0,694.0,691.0,706.0,712.0,709.0,708.0,718.0,709.0,696.0,701.0,691.0,695,703.0,685.0,703.0,695.0,713.0,697.0,693.0,705.0,696.0,686.0,708.0,704.0,721.0,732.0,717.0,713.0,725.0,727.0,713.0,706.0,689.0,688.0,696.0,678.0,675.0,675.0,666.0,665.0,655.0,650.0,664.0,663.0,660.0,653.0,654.0,659.0,651.0,645.0,642.0,657.0,647.0,649.0,648.0,657.0,649.0,649.0,658.0,654.0,645.0,649.0,648.0,648.0,656.0,648.0,638.0,653.0,651.0,645.0,644.0,647.0,647.0,639.0,637.0,645.0,643.0,628.0,649.0,647.0,655.0,664.0,643.0,655.0,650.0,647.0,636.0,648.0,643.0,648.0,644.0,652.0,643.0,650.0,637.0,646.0,652.0,650.0,652.0,644.0,643.0,646.0,649.0,641.0,639.0,641.0,651.0,635.0,635.0,643.0,645.0,646.0,640.0,637.0,643.0,641.0
659.0,655.0,661.0,668.0,658.0,664.0,668.0,658.0,659.0,653.0,659.0,660.0,655.0,651.0,654.0,656.0,653.0,670.0,661.0,646.0,650.0,665.0,664.0,662.0,653.0,659.0,656.0,661.0,648.0,673.0,662.0,651.0,660.0,661.0,657.0,659.0,667.0,643.0,651.0,646.0,650.0,654.0,655.0,658.0,653.0,648.0,641.0,647.0,647.0,653.0,649.0,656.0,645.0,650.0,646.0,652.0,653.0,649.0,660.0,655.0,657.0,666.0,649.0,662.0,663.0,665.0,652.0,653.0,665.0,644.0,663.0,656.0,674.0,660.0,666.0,663.0,662.0,670.0,679.0,667.0,661.0,666.0,655.0,670.0,671.0,677.0,675.0,680.0,666.0,677.0,669.0,677.0,673.0,670.0,684.0,689.0,666.0,683.0,665.0,673.0,677.0,676.0,676.0,688.0,686.0,665.0,675.0,670.0,676.0,681.0,674.0,682.0,681.0,683.0,684.0,677.0,680.0,684.0,683.0,688.0,676.0,692.0,683.0,692.0,678.0,698.0,693.0,686.0,683.0,687.0,699.0,692.0,691.0,693.0,714.0,696.0,710.0,730.0,726.0,698.0,692.0,691.0,688.0,699.0,696.0,701.0,701.0,701.0,692.0,696.0,699.0,694.0,694.0,702.0,708.0,706.0,711.0,705.0,709.0,712.0,716.0,722.0,703.0,715.0,717.0,719.0,723.0,723.0,713.0,692.0,696.0,699.0,694.0,709.0,696.0,706.0,705.0,697.0,704.0,693.0,696.0,689.0,694.0,697.0,701.0,703.0,711.0,714.0,712.0,714.0,715.0,723.0,731.0,735.0,723.0,737.0,720.0,734.0,727.0,728.0,716.0,722.0,706.0,727.0,717.0,714.0,714.0,717.0,746.0,734.0,723.0,740.0,742.0,731.0,730.0,727.0,735.0,726.0,741.0,741.0,736.0,715.0,724.0,723.0,705.0,711.0,710.0,713.0,703.0,703.0,693.0,692.0,699.0,705.0,691.0,699.0,687.0,692.0,695.0,692.0,696.0,697.0,704.0,705.0,728.0,715.0,726.0,723.0,715.0,726.0,713.0,702.0,702.0,695.0,696.0,681.0,683.0,679.0,684.0,664.0,669.0,677.0,676.0,668.0,676.0,667.0,675.0,665.0,666.0,655.0,676.0,683.0,666.0,691.0,683.0,681.0,701.0,700.0,696.0,698.0,691.0,687.0,679.0,681.0,681,686.0,687.0,685.0,682.0,677.0,682.0,673.0,686.0,688.0,683.0,687.0,680.0,688.0,698.0,702.0,703.0,696.0,685.0,697.0,684.0,677.0,672.0,674.0,665.0,662.0,658.0,651.0,648.0,649.0,656.0,650.0,652.0,639.0,648.0,640.0,642.0,641.0,643.0,642.0,646.0,643.0,637.0,644.0,647.0,641.0,644.0,641.0,642.0,625.0,636.0,644.0,633.0,639.0,642.0,638.0,638.0,638.0,637.0,630.0,646.0,634.0,641.0,642.0,627.0,634.0,628.0,637.0,636.0,634.0,631.0,627.0,639.0,639.0,633.0,634.0,632.0,640.0,637.0,635.0,638.0,635.0,634.0,639.0,639.0,633.0,644.0,636.0,636.0,637.0,637.0,639.0,636.0,628.0,633.0,630.0,639.0,633.0,637.0,632.0,630.0,634.0,633.0,633.0,630.0
671.0,673.0,676.0,665.0,673.0,671.0,663.0,659.0,658.0,654.0,659.0,659.0,662.0,650.0,664.0,653.0,665.0,677.0,675.0,662.0,657.0,663.0,656.0,652.0,658.0,661.0,655.0,661.0,655.0,675.0,654.0,666.0,666.0,668.0,662.0,653.0,652.0,658.0,654.0,666.0,654.0,664.0,642.0,657.0,651.0,654.0,647.0,657.0,660.0,656.0,653.0,654.0,645.0,655.0,654.0,663.0,655.0,659.0,662.0,658.0,657.0,671.0,662.0,652.0,656.0,663.0,658.0,660.0,666.0,651.0,670.0,665.0,663.0,668.0,665.0,673.0,659.0,669.0,677.0,676.0,679.0,672.0,672.0,677.0,676.0,670.0,687.0,688.0,672.0,671.0,680.0,669.0,683.0,682.0,673.0,682.0,664.0,693.0,678.0,685.0,686.0,676.0,681.0,691.0,679.0,684.0,677.0,677.0,685.0,679.0,681.0,683.0,683.0,684.0,690.0,678.0,697.0,695.0,692.0,691.0,682.0,692.0,691.0,693.0,694.0,692.0,692.0,693.0,697.0,701.0,705.0,702.0,686.0,692.0,707.0,702.0,713.0,728.0,719.0,704.0,697.0,691.0,699.0,699.0,704.0,702.0,696.0,691.0,702.0,704.0,698.0,688.0,720.0,703.0,706.0,714.0,712.0,711.0,706.0,696.0,705.0,705.0,711.0,705.0,719.0,716.0,727.0,726.0,710.0,696.0,692.0,695.0,697.0,704.0,708.0,701.0,704.0,699.0,715.0,690.0,699.0,696.0,703.0,700.0,690.0,715.0,704.0,709.0,706.0,714.0,730.0,728.0,741.0,734.0,733.0,736.0,731.0,741.0,729.0,722.0,725.0,710.0,719.0,719.0,726.0,727.0,720.0,716.0,739.0,751.0,739.0,743.0,736.0,739.0,749.0,747.0,743.0,741.0,741.0,747.0,736.0,727.0,715.0,730.0,713.0,716.0,711.0,705.0,707.0,700.0,714.0,701.0,695.0,699.0,707.0,703.0,685.0,701.0,692.0,691.0,704.0,700.0,702.0,709.0,724.0,729.0,731.0,729.0,739.0,716.0,718.0,709.0,700.0,692.0,693.0,689.0,698.0,672.0,679.0,673.0,662.0,670.0,670.0,659.0,679.0,663.0,666.0,654.0,666.0,670.0,685.0,672.0,677.0,684.0,689.0,676.0,708.0,699.0,697.0,696.0,694.0,694.0,686.0,679.0,689,690.0,693.0,690.0,698.0,690.0,689.0,678.0,690.0,691.0,692.0,689.0,690.0,706.0,705.0,699.0,703.0,725.0,694.0,701.0,693.0,692.0,665.0,675.0,665.0,673.0,652.0,650.0,652.0,646.0,647.0,652.0,641.0,645.0,641.0,647.0,647.0,649.0,645.0,647.0,644.0,646.0,639.0,645.0,648.0,647.0,651.0,643.0,644.0,641.0,636.0,643.0,635.0,645.0,644.0,636.0,635.0,637.0,628.0,633.0,642.0,640.0,642.0,637.0,631.0,644.0,639.0,644.0,634.0,633.0,642.0,630.0,637.0,640.0,630.0,642.0,636.0,637.0,625.0,631.0,640.0,636.0,646.0,636.0,636.0,637.0,645.0,644.0,649.0,636.0,631.0,635.0,638.0,636.0,633.0,643.0,638.0,637.0,642.0,647.0,634.0,631.0,638.0,639.0,630.0
668.0,687.0,669.0,683.0,673.0,683.0,672.0,675.0,670.0,671.0,680.0,665.0,685.0,666.0,677.0,657.0,682.0,673.0,678.0,671.0,673.0,673.0,665.0,674.0,670.0,684.0,672.0,676.0,674.0,685.0,677.0,682.0,667.0,662.0,692.0,664.0,662.0,669.0,676.0,668.0,670.0,664.0,665.0,669.0,659.0,664.0,658.0,666.0,679.0,668.0,661.0,661.0,658.0,667.0,667.0,669.0,665.0,669.0,672.0,676.0,674.0,677.0,677.0,662.0,680.0,671.0,661.0,680.0,675.0,662.0,684.0,679.0,681.0,685.0,693.0,684.0,688.0,680.0,700.0,690.0,681.0,690.0,683.0,686.0,694.0,706.0,698.0,699.0,684.0,692.0,697.0,695.0,698.0,681.0,692.0,694.0,698.0,693.0,675.0,685.0,689.0,696.0,691.0,706.0,699.0,696.0,693.0,702.0,692.0,703.0,700.0,705.0,705.0,710.0,704.0,695.0,698.0,710.0,711.0,692.0,709.0,721.0,697.0,685.0,691.0,701.0,714.0,699.0,716.0,712.0,706.0,716.0,710.0,704.0,703.0,716.0,711.0,749.0,754.0,730.0,708.0,694.0,718.0,715.0,722.0,722.0,716.0,708.0,710.0,701.0,720.0,702.0,707.0,707.0,713.0,717.0,734.0,722.0,732.0,723.0,736.0,726.0,728.0,736.0,710.0,721.0,725.0,725.0,721.0,709.0,716.0,703.0,708.0,699.0,707.0,715.0,705.0,717.0,716.0,712.0,703.0,706.0,715.0,700.0,715.0,711.0,728.0,728.0,735.0,733.0,731.0,761.0,771.0,754.0,756.0,763.0,746.0,742.0,753.0,743.0,754.0,743.0,740.0,750.0,721.0,733.0,747.0,753.0,786.0,747.0,738.0,775.0,752.0,748.0,768.0,759.0,758.0,776.0,758.0,769.0,753.0,729.0,749.0,733.0,739.0,723.0,732.0,736.0,721.0,724.0,728.0,730.0,705.0,714.0,708.0,709.0,697.0,714.0,700.0,723.0,695.0,716.0,718.0,730.0,736.0,761.0,754.0,758.0,744.0,759.0,726.0,735.0,711.0,726.0,706.0,702.0,708.0,690.0,678.0,669.0,675.0,677.0,670.0,664.0,676.0,674.0,681.0,673.0,692.0,674.0,688.0,698.0,686.0,698.0,690.0,693.0,726.0,700.0,710.0,712.0,717.0,703.0,697.0,687.0,699,681.0,688.0,690.0,702.0,690.0,691.0,677.0,700.0,706.0,713.0,707.0,731.0,730.0,716.0,739.0,715.0,736.0,734.0,715.0,703.0,697.0,687.0,690.0,671.0,663.0,669.0,661.0,660.0,648.0,655.0,652.0,656.0,643.0,641.0,650.0,654.0,654.0,647.0,643.0,641.0,654.0,645.0,639.0,647.0,640.0,639.0,643.0,635.0,631.0,645.0,630.0,629.0,638.0,641.0,627.0,644.0,637.0,640.0,641.0,639.0,627.0,644.0,639.0,636.0,627.0,644.0,634.0,631.0,634.0,645.0,641.0,636.0,643.0,639.0,639.0,636.0,641.0,637.0,637.0,636.0,635.0,632.0,633.0,646.0,633.0,645.0,643.0,637.0,635.0,640.0,628.0,638.0,636.0,631.0,639.0,636.0,624.0,633.0,631.0,636.0,626.0,631.0,631.0,628.0
657.0,657.0,661.0,664.0,658.0,663.0,651.0,659.0,657.0,642.0,656.0,661.0,651.0,648.0,664.0,653.0,669.0,677.0,674.0,661.0,659.0,659.0,659.0,653.0,651.0,658.0,662.0,653.0,653.0,671.0,660.0,658.0,655.0,663.0,657.0,659.0,651.0,657.0,651.0,653.0,657.0,653.0,654.0,651.0,659.0,652.0,648.0,652.0,655.0,655.0,653.0,645.0,650.0,656.0,649.0,655.0,658.0,663.0,656.0,653.0,651.0,662.0,655.0,658.0,647.0,654.0,655.0,651.0,656.0,654.0,663.0,671.0,668.0,656.0,672.0,661.0,654.0,674.0,669.0,662.0,675.0,665.0,665.0,657.0,663.0,668.0,675.0,685.0,675.0,668.0,665.0,668.0,679.0,665.0,669.0,671.0,658.0,672.0,670.0,675.0,664.0,671.0,673.0,694.0,674.0,683.0,666.0,669.0,676.0,680.0,672.0,682.0,680.0,677.0,677.0,670.0,675.0,688.0,687.0,685.0,685.0,674.0,685.0,688.0,691.0,688.0,679.0,686.0,693.0,683.0,684.0,680.0,694.0,688.0,694.0,700.0,700.0,716.0,710.0,685.0,684.0,686.0,699.0,690.0,700.0,694.0,690.0,681.0,699.0,682.0,689.0,698.0,693.0,696.0,691.0,697.0,702.0,691.0,707.0,709.0,693.0,707.0,693.0,705.0,695.0,710.0,698.0,706.0,710.0,690.0,699.0,686.0,681.0,683.0,690.0,688.0,689.0,686.0,695.0,697.0,693.0,689.0,683.0,694.0,696.0,691.0,708.0,701.0,700.0,700.0,705.0,708.0,729.0,723.0,728.0,730.0,715.0,718.0,721.0,724.0,712.0,715.0,713.0,722.0,708.0,714.0,708.0,726.0,719.0,728.0,719.0,730.0,734.0,720.0,719.0,724.0,736.0,737.0,736.0,727.0,737.0,712.0,715.0,709.0,724.0,703.0,691.0,699.0,692.0,702.0,690.0,690.0,694.0,689.0,695.0,683.0,690.0,690.0,683.0,690.0,676.0,692.0,701.0,705.0,719.0,719.0,716.0,719.0,738.0,714.0,711.0,697.0,688.0,703.0,694.0,687.0,674.0,666.0,668.0,673.0,663.0,671.0,672.0,661.0,663.0,670.0,665.0,657.0,672.0,661.0,676.0,678.0,671.0,690.0,684.0,674.0,691.0,691.0,685.0,695.0,689.0,684.0,685.0,677.0,679,686.0,679.0,685.0,688.0,685.0,667.0,674.0,686.0,681.0,682.0,690.0,690.0,705.0,710.0,698.0,691.0,712.0,699.0,694.0,687.0,675.0,668.0,671.0,665.0,657.0,664.0,661.0,651.0,646.0,655.0,654.0,648.0,647.0,647.0,645.0,651.0,639.0,647.0,648.0,641.0,644.0,637.0,644.0,648.0,642.0,640.0,647.0,637.0,635.0,639.0,638.0,635.0,634.0,641.0,633.0,642.0,632.0,634.0,627.0,640.0,633.0,652.0,639.0,635.0,635.0,643.0,648.0,637.0,640.0,638.0,635.0,640.0,641.0,636.0,630.0,634.0,640.0,641.0,644.0,632.0,630.0,637.0,634.0,641.0,639.0,640.0,641.0,641.0,637.0,638.0,640.0,636.0,639.0,641.0,647.0,630.0,634.0,633.0,639.0,636.0,639.0,633.0,635.0,629.0
669.0,665.0,679.0,668.0,668.0,662.0,667.0,666.0,653.0,659.0,667.0,657.0,672.0,664.0,669.0,659.0,664.0,695.0,680.0,643.0,666.0,661.0,665.0,653.0,658.0,659.0,666.0,660.0,662.0,664.0,657.0,664.0,655.0,664.0,661.0,659.0,652.0,671.0,667.0,660.0,662.0,662.0,652.0,650.0,648.0,661.0,651.0,652.0,665.0,652.0,665.0,655.0,658.0,658.0,664.0,665.0,659.0,662.0,671.0,660.0,661.0,662.0,663.0,656.0,666.0,664.0,661.0,665.0,661.0,658.0,674.0,678.0,678.0,668.0,675.0,667.0,672.0,679.0,673.0,675.0,676.0,677.0,682.0,671.0,670.0,680.0,687.0,683.0,672.0,676.0,677.0,674.0,681.0,688.0,678.0,683.0,666.0,690.0,668.0,680.0,678.0,682.0,667.0,679.0,696.0,683.0,684.0,680.0,683.0,693.0,686.0,680.0,678.0,680.0,695.0,687.0,688.0,686.0,688.0,699.0,682.0,693.0,681.0,699.0,692.0,694.0,687.0,695.0,692.0,695.0,696.0,693.0,698.0,689.0,699.0,704.0,725.0,719.0,721.0,707.0,684.0,687.0,718.0,695.0,701.0,695.0,699.0,692.0,703.0,698.0,703.0,698.0,703.0,710.0,714.0,713.0,718.0,711.0,712.0,711.0,717.0,723.0,705.0,704.0,710.0,705.0,707.0,713.0,719.0,695.0,682.0,685.0,698.0,691.0,695.0,699.0,710.0,695.0,698.0,702.0,697.0,686.0,684.0,699.0,697.0,697.0,695.0,708.0,709.0,710.0,718.0,725.0,728.0,733.0,731.0,734.0,735.0,738.0,731.0,725.0,736.0,724.0,715.0,717.0,717.0,728.0,725.0,716.0,741.0,731.0,742.0,742.0,747.0,750.0,752.0,740.0,748.0,733.0,754.0,759.0,744.0,718.0,704.0,720.0,716.0,713.0,705.0,710.0,712.0,709.0,704.0,706.0,700.0,699.0,699.0,699.0,700.0,699.0,689.0,693.0,692.0,708.0,711.0,714.0,739.0,730.0,731.0,723.0,734.0,736.0,739.0,711.0,709.0,703.0,711.0,690.0,692.0,683.0,676.0,679.0,681.0,662.0,675.0,673.0,665.0,671.0,667.0,661.0,672.0,658.0,683.0,677.0,666.0,687.0,692.0,678.0,708.0,705.0,700.0,692.0,707.0,705.0,695.0,682.0,684,683.0,693.0,688.0,693.0,684.0,682.0,685.0,683.0,690.0,695.0,684.0,698.0,707.0,706.0,714.0,712.0,718.0,699.0,705.0,698.0,689.0,672.0,676.0,669.0,672.0,654.0,656.0,646.0,651.0,648.0,650.0,650.0,650.0,641.0,649.0,651.0,646.0,646.0,644.0,645.0,649.0,647.0,647.0,653.0,643.0,642.0,650.0,645.0,650.0,640.0,642.0,632.0,644.0,638.0,636.0,638.0,625.0,639.0,638.0,644.0,637.0,634.0,638.0,624.0,640.0,638.0,636.0,638.0,637.0,632.0,636.0,643.0,643.0,644.0,636.0,637.0,644.0,635.0,635.0,640.0,635.0,650.0,626.0,633.0,640.0,630.0,639.0,639.0,641.0,640.0,639.0,637.0,632.0,636.0,639.0,635.0,627.0,634.0,639.0,629.0,632.0,630.0,637.0,629.0
658.0,644.0,655.0,651.0,650.0,654.0,645.0,655.0,647.0,640.0,645.0,652.0,654.0,644.0,648.0,644.0,655.0,674.0,661.0,632.0,653.0,644.0,648.0,646.0,643.0,652.0,649.0,641.0,647.0,645.0,648.0,651.0,654.0,650.0,646.0,641.0,646.0,641.0,646.0,641.0,650.0,639.0,640.0,638.0,633.0,657.0,647.0,635.0,646.0,641.0,646.0,647.0,647.0,643.0,642.0,647.0,643.0,643.0,656.0,642.0,633.0,658.0,633.0,643.0,657.0,641.0,649.0,640.0,648.0,648.0,658.0,655.0,659.0,646.0,646.0,660.0,649.0,654.0,661.0,652.0,657.0,664.0,652.0,655.0,649.0,652.0,664.0,676.0,651.0,665.0,666.0,656.0,664.0,667.0,669.0,667.0,650.0,659.0,654.0,669.0,659.0,657.0,654.0,666.0,655.0,654.0,673.0,660.0,659.0,670.0,658.0,664.0,660.0,660.0,674.0,663.0,665.0,675.0,664.0,672.0,663.0,675.0,667.0,667.0,660.0,662.0,677.0,670.0,669.0,671.0,667.0,676.0,666.0,672.0,678.0,675.0,683.0,695.0,695.0,673.0,675.0,671.0,683.0,666.0,674.0,666.0,667.0,663.0,661.0,664.0,677.0,668.0,667.0,672.0,670.0,664.0,682.0,675.0,676.0,675.0,678.0,693.0,688.0,680.0,671.0,671.0,678.0,686.0,679.0,678.0,662.0,671.0,672.0,669.0,668.0,678.0,674.0,682.0,664.0,673.0,676.0,664.0,671.0,661.0,665.0,675.0,675.0,684.0,680.0,682.0,685.0,694.0,698.0,700.0,683.0,702.0,699.0,698.0,693.0,697.0,704.0,690.0,698.0,698.0,688.0,683.0,690.0,695.0,705.0,697.0,704.0,698.0,714.0,705.0,705.0,707.0,716.0,714.0,717.0,689.0,713.0,698.0,686.0,690.0,686.0,682.0,680.0,682.0,701.0,678.0,683.0,683.0,682.0,664.0,670.0,670.0,679.0,681.0,678.0,670.0,674.0,669.0,680.0,680.0,704.0,700.0,695.0,700.0,702.0,684.0,686.0,679.0,681.0,671.0,654.0,669.0,659.0,661.0,656.0,646.0,657.0,638.0,670.0,650.0,665.0,649.0,658.0,659.0,651.0,648.0,652.0,673.0,669.0,671.0,670.0,661.0,675.0,665.0,680.0,676.0,670.0,669.0,665.0,668.0,674,670.0,661.0,663.0,660.0,661.0,655.0,668.0,667.0,669.0,670.0,696.0,678.0,672.0,681.0,695.0,677.0,691.0,671.0,670.0,671.0,675.0,657.0,657.0,640.0,652.0,649.0,648.0,644.0,640.0,637.0,639.0,629.0,641.0,628.0,638.0,635.0,640.0,627.0,631.0,629.0,630.0,629.0,628.0,641.0,628.0,641.0,637.0,630.0,630.0,626.0,634.0,633.0,630.0,632.0,632.0,641.0,635.0,624.0,619.0,634.0,623.0,633.0,625.0,629.0,632.0,632.0,632.0,634.0,630.0,633.0,622.0,636.0,628.0,631.0,630.0,628.0,633.0,626.0,634.0,623.0,622.0,631.0,628.0,642.0,627.0,637.0,624.0,641.0,625.0,637.0,619.0,635.0,630.0,642.0,622.0,631.0,626.0,619.0,615.0,627.0,622.0,627.0,625.0,614.0
653.0,651.0,658.0,658.0,657.0,655.0,654.0,657.0,663.0,654.0,653.0,657.0,663.0,647.0,661.0,653.0,657.0,670.0,664.0,657.0,662.0,655.0,643.0,652.0,644.0,643.0,660.0,652.0,649.0,653.0,654.0,656.0,643.0,655.0,653.0,659.0,658.0,649.0,659.0,650.0,652.0,655.0,651.0,644.0,643.0,647.0,647.0,652.0,646.0,656.0,657.0,654.0,651.0,652.0,647.0,650.0,646.0,657.0,658.0,658.0,640.0,646.0,657.0,656.0,655.0,649.0,655.0,645.0,659.0,647.0,656.0,658.0,660.0,659.0,661.0,659.0,655.0,662.0,672.0,666.0,670.0,667.0,659.0,664.0,668.0,671.0,683.0,674.0,665.0,670.0,665.0,672.0,677.0,668.0,667.0,673.0,663.0,669.0,671.0,671.0,669.0,675.0,664.0,670.0,670.0,681.0,673.0,668.0,669.0,672.0,670.0,678.0,677.0,676.0,677.0,667.0,681.0,682.0,675.0,679.0,676.0,688.0,674.0,674.0,677.0,676.0,686.0,688.0,680.0,690.0,670.0,685.0,683.0,691.0,693.0,689.0,705.0,720.0,709.0,692.0,690.0,681.0,688.0,688.0,681.0,683.0,694.0,686.0,687.0,681.0,694.0,689.0,692.0,693.0,695.0,694.0,699.0,693.0,700.0,702.0,704.0,704.0,691.0,695.0,701.0,705.0,712.0,701.0,706.0,690.0,689.0,687.0,679.0,694.0,693.0,686.0,688.0,696.0,699.0,690.0,687.0,685.0,686.0,678.0,686.0,695.0,696.0,703.0,701.0,700.0,713.0,709.0,726.0,720.0,727.0,727.0,721.0,740.0,718.0,715.0,715.0,708.0,707.0,699.0,707.0,718.0,718.0,708.0,737.0,721.0,733.0,717.0,731.0,724.0,732.0,732.0,728.0,725.0,729.0,730.0,726.0,709.0,715.0,719.0,708.0,704.0,695.0,701.0,705.0,696.0,705.0,695.0,690.0,700.0,686.0,689.0,687.0,686.0,689.0,690.0,690.0,699.0,689.0,703.0,723.0,706.0,716.0,717.0,722.0,708.0,712.0,698.0,696.0,684.0,695.0,682.0,685.0,672.0,668.0,665.0,664.0,660.0,660.0,658.0,669.0,667.0,658.0,657.0,673.0,655.0,665.0,674.0,655.0,675.0,673.0,671.0,695.0,692.0,684.0,691.0,695.0,680.0,674.0,680.0,685,687.0,681.0,683.0,669.0,678.0,668.0,677.0,677.0,677.0,680.0,689.0,685.0,705.0,695.0,691.0,694.0,697.0,692.0,696.0,685.0,675.0,673.0,668.0,660.0,665.0,655.0,646.0,649.0,638.0,641.0,641.0,645.0,643.0,636.0,641.0,644.0,639.0,645.0,636.0,642.0,634.0,639.0,642.0,648.0,637.0,637.0,635.0,633.0,636.0,633.0,635.0,641.0,633.0,637.0,635.0,634.0,636.0,639.0,628.0,640.0,634.0,640.0,633.0,633.0,636.0,629.0,637.0,636.0,635.0,633.0,627.0,640.0,637.0,627.0,632.0,625.0,632.0,632.0,637.0,630.0,629.0,630.0,628.0,639.0,634.0,634.0,635.0,630.0,634.0,634.0,633.0,630.0,637.0,633.0,632.0,643.0,620.0,634.0,631.0,626.0,633.0,633.0,639.0,626.0
671.0,681.0,681.0,672.0,668.0,676.0,660.0,672.0,670.0,662.0,667.0,667.0,675.0,656.0,678.0,669.0,672.0,679.0,669.0,669.0,676.0,666.0,663.0,672.0,672.0,668.0,667.0,671.0,670.0,675.0,666.0,677.0,669.0,670.0,665.0,667.0,670.0,663.0,671.0,660.0,665.0,657.0,666.0,668.0,661.0,656.0,650.0,655.0,662.0,662.0,652.0,659.0,651.0,663.0,667.0,657.0,670.0,663.0,655.0,673.0,666.0,675.0,664.0,660.0,668.0,662.0,671.0,671.0,671.0,666.0,673.0,675.0,677.0,677.0,685.0,673.0,668.0,677.0,688.0,683.0,675.0,671.0,674.0,670.0,679.0,690.0,694.0,696.0,682.0,688.0,683.0,692.0,688.0,683.0,690.0,686.0,689.0,695.0,676.0,694.0,682.0,699.0,683.0,700.0,687.0,680.0,685.0,700.0,685.0,695.0,693.0,697.0,710.0,689.0,694.0,690.0,702.0,698.0,704.0,712.0,700.0,706.0,687.0,695.0,710.0,704.0,694.0,692.0,699.0,716.0,715.0,702.0,706.0,706.0,712.0,706.0,737.0,751.0,731.0,729.0,709.0,707.0,707.0,698.0,711.0,713.0,709.0,706.0,719.0,712.0,713.0,709.0,714.0,717.0,718.0,720.0,729.0,726.0,740.0,734.0,714.0,730.0,719.0,725.0,727.0,725.0,745.0,754.0,734.0,722.0,704.0,703.0,720.0,704.0,702.0,716.0,709.0,707.0,704.0,704.0,704.0,706.0,710.0,710.0,713.0,723.0,720.0,726.0,736.0,726.0,737.0,735.0,747.0,757.0,741.0,747.0,751.0,752.0,738.0,747.0,743.0,731.0,729.0,733.0,725.0,737.0,743.0,744.0,760.0,750.0,762.0,765.0,768.0,748.0,757.0,750.0,755.0,763.0,757.0,757.0,762.0,749.0,733.0,744.0,731.0,734.0,731.0,726.0,719.0,713.0,724.0,724.0,706.0,724.0,713.0,715.0,707.0,710.0,713.0,709.0,712.0,705.0,729.0,735.0,744.0,743.0,745.0,752.0,746.0,736.0,737.0,714.0,711.0,711.0,716.0,705.0,687.0,676.0,679.0,685.0,687.0,673.0,672.0,666.0,689.0,677.0,675.0,676.0,689.0,666.0,690.0,698.0,675.0,698.0,695.0,685.0,711.0,705.0,710.0,712.0,709.0,697.0,707.0,695.0,697,702.0,694.0,696.0,719.0,695.0,695.0,689.0,692.0,698.0,698.0,721.0,701.0,727.0,724.0,729.0,722.0,718.0,713.0,719.0,698.0,698.0,687.0,679.0,675.0,666.0,665.0,667.0,664.0,657.0,656.0,655.0,653.0,644.0,647.0,646.0,657.0,647.0,658.0,653.0,647.0,641.0,644.0,655.0,649.0,640.0,646.0,643.0,649.0,644.0,640.0,640.0,635.0,636.0,652.0,637.0,648.0,640.0,641.0,642.0,652.0,649.0,639.0,642.0,639.0,644.0,644.0,638.0,636.0,643.0,643.0,642.0,634.0,640.0,638.0,637.0,643.0,638.0,645.0,644.0,640.0,632.0,637.0,647.0,644.0,636.0,638.0,643.0,637.0,640.0,635.0,643.0,634.0,644.0,642.0,640.0,633.0,640.0,643.0,638.0,631.0,642.0,641.0,636.0,635.0
682.0,660.0,653.0,668.0,677.0,672.0,671.0,656.0,672.0,666.0,663.0,664.0,667.0,653.0,676.0,650.0,665.0,687.0,681.0,657.0,664.0,669.0,658.0,670.0,665.0,651.0,657.0,652.0,656.0,671.0,672.0,666.0,665.0,660.0,662.0,664.0,674.0,652.0,662.0,658.0,655.0,661.0,655.0,655.0,655.0,651.0,658.0,648.0,659.0,662.0,651.0,660.0,652.0,660.0,669.0,654.0,656.0,655.0,665.0,656.0,657.0,666.0,664.0,657.0,661.0,656.0,667.0,657.0,663.0,652.0,666.0,669.0,680.0,668.0,664.0,663.0,675.0,676.0,674.0,667.0,675.0,677.0,676.0,664.0,673.0,679.0,679.0,688.0,675.0,688.0,670.0,680.0,690.0,686.0,679.0,681.0,672.0,689.0,679.0,675.0,678.0,680.0,680.0,691.0,674.0,680.0,686.0,680.0,686.0,687.0,687.0,701.0,689.0,694.0,706.0,677.0,693.0,688.0,705.0,697.0,685.0,694.0,694.0,692.0,692.0,706.0,693.0,695.0,697.0,705.0,692.0,706.0,697.0,694.0,716.0,707.0,708.0,727.0,720.0,703.0,694.0,700.0,692.0,708.0,698.0,705.0,700.0,683.0,699.0,695.0,706.0,712.0,711.0,691.0,712.0,712.0,720.0,714.0,716.0,732.0,723.0,719.0,709.0,717.0,710.0,709.0,724.0,724.0,725.0,683.0,707.0,694.0,707.0,703.0,698.0,695.0,705.0,705.0,705.0,699.0,702.0,698.0,705.0,700.0,698.0,716.0,704.0,713.0,709.0,718.0,726.0,722.0,748.0,729.0,727.0,743.0,742.0,749.0,747.0,734.0,733.0,720.0,721.0,719.0,728.0,721.0,724.0,719.0,743.0,736.0,738.0,750.0,754.0,752.0,745.0,737.0,730.0,749.0,742.0,738.0,747.0,731.0,729.0,723.0,725.0,718.0,720.0,710.0,719.0,705.0,697.0,697.0,707.0,694.0,705.0,705.0,705.0,702.0,702.0,689.0,700.0,704.0,724.0,727.0,740.0,743.0,749.0,741.0,746.0,733.0,727.0,721.0,712.0,687.0,687.0,699.0,684.0,675.0,670.0,668.0,673.0,669.0,668.0,675.0,674.0,677.0,663.0,674.0,680.0,660.0,681.0,686.0,678.0,690.0,686.0,683.0,704.0,690.0,697.0,695.0,704.0,698.0,691.0,692.0,673,695.0,696.0,692.0,697.0,686.0,681.0,693.0,692.0,693.0,691.0,699.0,684.0,714.0,711.0,719.0,711.0,728.0,702.0,695.0,707.0,691.0,675.0,675.0,671.0,657.0,658.0,653.0,654.0,655.0,654.0,653.0,645.0,644.0,657.0,647.0,645.0,655.0,648.0,646.0,646.0,656.0,648.0,636.0,643.0,638.0,632.0,640.0,638.0,641.0,643.0,638.0,635.0,646.0,642.0,634.0,637.0,641.0,637.0,637.0,644.0,636.0,644.0,642.0,625.0,647.0,641.0,634.0,627.0,638.0,632.0,637.0,643.0,630.0,633.0,642.0,641.0,638.0,643.0,634.0,631.0,634.0,647.0,632.0,649.0,646.0,642.0,643.0,632.0,637.0,639.0,631.0,633.0,632.0,634.0,637.0,636.0,631.0,638.0,635.0,630.0,640.0,636.0,632.0,624.0
704.0,703.0,710.0,705.0,698.0,687.0,700.0,686.0,698.0,683.0,695.0,680.0,701.0,688.0,684.0,689.0,696.0,710.0,704.0,679.0,704.0,686.0,689.0,682.0,695.0,695.0,700.0,695.0,695.0,697.0,687.0,685.0,696.0,696.0,688.0,685.0,694.0,681.0,689.0,693.0,685.0,690.0,680.0,685.0,686.0,690.0,669.0,690.0,677.0,686.0,683.0,674.0,688.0,679.0,680.0,681.0,682.0,679.0,690.0,696.0,686.0,701.0,689.0,690.0,688.0,689.0,676.0,687.0,694.0,683.0,698.0,701.0,700.0,701.0,708.0,706.0,687.0,702.0,717.0,690.0,701.0,702.0,690.0,695.0,700.0,719.0,720.0,710.0,715.0,711.0,706.0,705.0,717.0,717.0,723.0,714.0,697.0,721.0,702.0,714.0,711.0,739.0,716.0,720.0,716.0,729.0,716.0,718.0,729.0,716.0,722.0,720.0,728.0,722.0,736.0,728.0,733.0,720.0,708.0,734.0,718.0,721.0,735.0,743.0,726.0,728.0,731.0,723.0,740.0,748.0,744.0,731.0,731.0,730.0,746.0,756.0,765.0,792.0,778.0,733.0,733.0,732.0,739.0,743.0,749.0,734.0,746.0,738.0,736.0,746.0,750.0,743.0,762.0,737.0,754.0,760.0,779.0,775.0,766.0,762.0,758.0,771.0,750.0,746.0,754.0,747.0,770.0,767.0,769.0,722.0,729.0,739.0,734.0,729.0,725.0,743.0,737.0,746.0,749.0,736.0,725.0,726.0,725.0,723.0,723.0,738.0,744.0,752.0,761.0,758.0,752.0,766.0,788.0,789.0,766.0,805.0,781.0,800.0,789.0,790.0,789.0,775.0,781.0,780.0,759.0,770.0,782.0,801.0,798.0,790.0,808.0,810.0,800.0,793.0,797.0,797.0,805.0,796.0,820.0,788.0,788.0,771.0,768.0,763.0,771.0,747.0,759.0,748.0,765.0,755.0,742.0,739.0,735.0,738.0,743.0,732.0,736.0,739.0,732.0,735.0,747.0,744.0,765.0,785.0,786.0,799.0,815.0,787.0,803.0,782.0,770.0,756.0,747.0,728.0,737.0,738.0,722.0,706.0,692.0,684.0,686.0,691.0,696.0,702.0,697.0,691.0,699.0,678.0,698.0,687.0,686.0,696.0,697.0,708.0,721.0,702.0,731.0,732.0,733.0,734.0,726.0,711.0,713.0,706.0,715,720.0,710.0,725.0,726.0,721.0,722.0,719.0,729.0,716.0,731.0,732.0,739.0,755.0,753.0,755.0,749.0,756.0,741.0,749.0,723.0,707.0,702.0,707.0,707.0,688.0,681.0,675.0,683.0,673.0,662.0,670.0,662.0,665.0,662.0,661.0,662.0,658.0,648.0,653.0,656.0,661.0,653.0,660.0,647.0,653.0,646.0,648.0,655.0,647.0,640.0,654.0,640.0,653.0,647.0,649.0,644.0,638.0,644.0,650.0,649.0,647.0,649.0,639.0,645.0,652.0,640.0,652.0,651.0,648.0,641.0,644.0,659.0,648.0,647.0,644.0,642.0,640.0,653.0,640.0,642.0,645.0,647.0,641.0,647.0,639.0,649.0,658.0,646.0,645.0,655.0,644.0,640.0,643.0,646.0,653.0,643.0,644.0,648.0,646.0,645.0,640.0,639.0,647.0,644.0
643.0,645.0,648.0,651.0,644.0,657.0,644.0,647.0,645.0,637.0,641.0,642.0,640.0,632.0,640.0,640.0,650.0,661.0,648.0,637.0,640.0,651.0,643.0,645.0,636.0,646.0,636.0,642.0,642.0,651.0,640.0,636.0,642.0,633.0,638.0,637.0,634.0,638.0,638.0,644.0,640.0,642.0,630.0,639.0,632.0,638.0,634.0,633.0,630.0,633.0,635.0,637.0,638.0,634.0,637.0,640.0,637.0,632.0,639.0,636.0,641.0,653.0,640.0,638.0,635.0,645.0,639.0,640.0,642.0,631.0,644.0,641.0,654.0,645.0,648.0,641.0,646.0,638.0,648.0,645.0,646.0,650.0,639.0,648.0,648.0,645.0,652.0,658.0,649.0,656.0,647.0,647.0,649.0,650.0,651.0,648.0,642.0,659.0,636.0,647.0,659.0,648.0,652.0,657.0,659.0,656.0,658.0,653.0,653.0,652.0,651.0,660.0,659.0,657.0,666.0,655.0,654.0,654.0,650.0,665.0,653.0,662.0,649.0,659.0,658.0,663.0,670.0,668.0,657.0,654.0,661.0,666.0,670.0,659.0,672.0,665.0,667.0,688.0,679.0,669.0,660.0,657.0,662.0,668.0,660.0,668.0,659.0,663.0,665.0,662.0,664.0,656.0,671.0,668.0,675.0,668.0,678.0,678.0,680.0,679.0,679.0,680.0,672.0,671.0,684.0,685.0,678.0,677.0,679.0,660.0,669.0,661.0,666.0,672.0,671.0,677.0,666.0,671.0,666.0,668.0,664.0,658.0,669.0,661.0,656.0,664.0,675.0,679.0,667.0,679.0,677.0,689.0,692.0,689.0,681.0,700.0,691.0,678.0,688.0,680.0,685.0,676.0,672.0,687.0,680.0,680.0,678.0,679.0,698.0,692.0,683.0,696.0,697.0,696.0,688.0,683.0,694.0,688.0,690.0,700.0,692.0,671.0,685.0,679.0,672.0,688.0,681.0,670.0,679.0,664.0,672.0,670.0,668.0,671.0,656.0,666.0,658.0,668.0,665.0,665.0,663.0,668.0,668.0,668.0,691.0,685.0,682.0,685.0,680.0,672.0,682.0,668.0,663.0,665.0,664.0,660.0,657.0,643.0,652.0,649.0,651.0,646.0,647.0,643.0,648.0,651.0,651.0,642.0,653.0,639.0,657.0,649.0,649.0,653.0,656.0,650.0,673.0,665.0,663.0,671.0,661.0,661.0,654.0,660.0,655,664.0,659.0,656.0,656.0,655.0,661.0,663.0,656.0,669.0,651.0,671.0,655.0,669.0,666.0,671.0,671.0,668.0,655.0,667.0,660.0,652.0,649.0,654.0,639.0,643.0,632.0,634.0,636.0,636.0,638.0,634.0,638.0,631.0,631.0,629.0,635.0,629.0,627.0,630.0,625.0,633.0,636.0,625.0,642.0,627.0,631.0,627.0,628.0,622.0,624.0,636.0,627.0,634.0,632.0,630.0,632.0,622.0,627.0,620.0,630.0,627.0,635.0,631.0,617.0,625.0,617.0,621.0,621.0,624.0,627.0,615.0,629.0,631.0,624.0,629.0,623.0,629.0,620.0,623.0,624.0,625.0,625.0,618.0,630.0,619.0,632.0,630.0,629.0,621.0,623.0,633.0,617.0,625.0,620.0,626.0,625.0,621.0,621.0,629.0,622.0,623.0,621.0,621.0,624.0
650.0,652.0,654.0,650.0,650.0,651.0,642.0,643.0,642.0,645.0,647.0,648.0,649.0,637.0,651.0,643.0,640.0,669.0,663.0,646.0,647.0,643.0,646.0,643.0,643.0,643.0,646.0,651.0,641.0,646.0,639.0,647.0,647.0,645.0,646.0,644.0,642.0,644.0,637.0,648.0,642.0,646.0,641.0,643.0,641.0,638.0,638.0,636.0,636.0,638.0,639.0,638.0,636.0,637.0,644.0,647.0,634.0,637.0,644.0,643.0,641.0,651.0,645.0,633.0,641.0,648.0,639.0,639.0,642.0,640.0,652.0,647.0,650.0,646.0,649.0,642.0,641.0,649.0,649.0,651.0,653.0,649.0,647.0,654.0,651.0,655.0,661.0,669.0,651.0,654.0,654.0,654.0,667.0,658.0,653.0,661.0,638.0,664.0,651.0,658.0,660.0,652.0,655.0,652.0,657.0,656.0,647.0,655.0,650.0,661.0,658.0,660.0,663.0,657.0,659.0,645.0,668.0,668.0,673.0,661.0,661.0,669.0,660.0,671.0,669.0,670.0,668.0,668.0,673.0,670.0,664.0,675.0,668.0,664.0,666.0,664.0,672.0,684.0,683.0,675.0,666.0,660.0,669.0,670.0,675.0,674.0,669.0,664.0,669.0,668.0,672.0,669.0,683.0,678.0,681.0,681.0,681.0,676.0,678.0,669.0,674.0,689.0,680.0,676.0,682.0,683.0,690.0,681.0,680.0,668.0,670.0,673.0,665.0,664.0,676.0,671.0,664.0,666.0,677.0,669.0,675.0,666.0,675.0,667.0,666.0,677.0,679.0,681.0,679.0,685.0,693.0,686.0,704.0,699.0,694.0,702.0,692.0,700.0,694.0,696.0,698.0,680.0,686.0,691.0,699.0,693.0,684.0,682.0,702.0,700.0,701.0,694.0,691.0,710.0,704.0,711.0,699.0,703.0,694.0,695.0,692.0,701.0,690.0,689.0,682.0,679.0,684.0,678.0,686.0,675.0,675.0,675.0,675.0,678.0,680.0,678.0,664.0,673.0,664.0,670.0,675.0,669.0,674.0,677.0,689.0,695.0,695.0,683.0,696.0,691.0,679.0,682.0,666.0,681.0,668.0,672.0,669.0,657.0,651.0,649.0,649.0,654.0,651.0,650.0,657.0,654.0,654.0,640.0,654.0,644.0,661.0,661.0,658.0,662.0,671.0,658.0,685.0,676.0,670.0,677.0,671.0,670.0,656.0,661.0,663,674.0,659.0,667.0,673.0,661.0,663.0,657.0,666.0,672.0,669.0,677.0,664.0,677.0,673.0,678.0,669.0,682.0,663.0,670.0,671.0,665.0,654.0,656.0,654.0,655.0,644.0,643.0,642.0,629.0,645.0,641.0,628.0,637.0,638.0,637.0,638.0,638.0,642.0,637.0,637.0,641.0,632.0,630.0,643.0,639.0,635.0,643.0,633.0,630.0,631.0,628.0,630.0,637.0,630.0,629.0,629.0,625.0,625.0,621.0,629.0,630.0,636.0,628.0,623.0,630.0,635.0,634.0,624.0,636.0,626.0,627.0,629.0,623.0,621.0,631.0,627.0,630.0,621.0,630.0,632.0,631.0,631.0,631.0,634.0,637.0,639.0,630.0,631.0,633.0,629.0,630.0,633.0,628.0,624.0,632.0,626.0,628.0,636.0,639.0,625.0,624.0,627.0,634.0,629.0
665.0,666.0,662.0,675.0,662.0,658.0,663.0,668.0,659.0,662.0,663.0,665.0,659.0,660.0,667.0,658.0,672.0,671.0,679.0,659.0,665.0,669.0,663.0,667.0,662.0,657.0,667.0,658.0,665.0,666.0,672.0,655.0,675.0,673.0,664.0,654.0,662.0,672.0,661.0,658.0,662.0,644.0,654.0,657.0,667.0,661.0,636.0,660.0,655.0,659.0,657.0,654.0,659.0,661.0,666.0,652.0,647.0,647.0,663.0,665.0,670.0,668.0,659.0,662.0,655.0,661.0,657.0,655.0,672.0,658.0,668.0,663.0,672.0,667.0,666.0,679.0,667.0,677.0,672.0,658.0,683.0,665.0,669.0,662.0,673.0,691.0,695.0,675.0,686.0,675.0,689.0,687.0,684.0,675.0,673.0,684.0,672.0,674.0,675.0,685.0,667.0,675.0,671.0,687.0,680.0,677.0,669.0,671.0,684.0,698.0,698.0,677.0,693.0,687.0,676.0,671.0,691.0,693.0,695.0,684.0,692.0,689.0,700.0,696.0,682.0,691.0,692.0,694.0,687.0,700.0,695.0,689.0,694.0,697.0,694.0,682.0,715.0,721.0,715.0,689.0,691.0,694.0,688.0,683.0,687.0,696.0,686.0,702.0,685.0,687.0,701.0,698.0,711.0,705.0,708.0,717.0,718.0,701.0,716.0,716.0,719.0,720.0,723.0,711.0,707.0,712.0,697.0,706.0,706.0,695.0,683.0,697.0,702.0,688.0,688.0,703.0,688.0,703.0,690.0,705.0,684.0,694.0,688.0,692.0,701.0,699.0,705.0,719.0,703.0,707.0,716.0,717.0,749.0,743.0,739.0,724.0,730.0,740.0,726.0,726.0,732.0,742.0,729.0,721.0,726.0,727.0,726.0,723.0,742.0,742.0,755.0,727.0,760.0,761.0,741.0,743.0,753.0,759.0,736.0,737.0,760.0,721.0,741.0,724.0,725.0,714.0,712.0,734.0,710.0,709.0,696.0,713.0,685.0,709.0,699.0,704.0,699.0,687.0,705.0,695.0,685.0,705.0,718.0,727.0,736.0,745.0,741.0,737.0,746.0,748.0,740.0,699.0,716.0,702.0,705.0,706.0,687.0,682.0,679.0,675.0,675.0,646.0,664.0,661.0,659.0,674.0,665.0,647.0,670.0,665.0,675.0,675.0,660.0,676.0,682.0,686.0,701.0,697.0,696.0,694.0,691.0,690.0,698.0,683.0,695,691.0,689.0,684.0,685.0,688.0,684.0,676.0,688.0,686.0,697.0,707.0,699.0,716.0,718.0,712.0,715.0,715.0,699.0,690.0,706.0,680.0,682.0,681.0,665.0,671.0,661.0,661.0,656.0,638.0,643.0,647.0,654.0,651.0,633.0,650.0,647.0,634.0,637.0,647.0,632.0,636.0,628.0,640.0,643.0,627.0,638.0,638.0,637.0,632.0,624.0,632.0,619.0,638.0,643.0,627.0,634.0,632.0,640.0,620.0,626.0,622.0,630.0,619.0,624.0,633.0,629.0,635.0,630.0,633.0,640.0,625.0,629.0,624.0,630.0,630.0,624.0,637.0,634.0,641.0,631.0,631.0,630.0,630.0,629.0,636.0,634.0,633.0,619.0,632.0,629.0,640.0,629.0,637.0,630.0,638.0,622.0,623.0,636.0,627.0,643.0,629.0,633.0,627.0,629.0
659.0,659.0,661.0,662.0,662.0,664.0,651.0,663.0,658.0,642.0,656.0,658.0,652.0,645.0,659.0,657.0,661.0,673.0,673.0,662.0,661.0,653.0,659.0,652.0,656.0,664.0,659.0,659.0,659.0,667.0,656.0,649.0,658.0,663.0,651.0,661.0,659.0,662.0,660.0,658.0,658.0,650.0,654.0,652.0,650.0,655.0,651.0,648.0,651.0,653.0,659.0,651.0,645.0,658.0,658.0,663.0,660.0,653.0,653.0,655.0,652.0,660.0,657.0,657.0,658.0,658.0,659.0,657.0,662.0,655.0,674.0,671.0,673.0,660.0,658.0,657.0,657.0,676.0,675.0,674.0,674.0,669.0,665.0,664.0,669.0,669.0,680.0,684.0,681.0,673.0,668.0,668.0,685.0,664.0,677.0,669.0,654.0,678.0,671.0,678.0,671.0,665.0,675.0,685.0,682.0,684.0,662.0,669.0,679.0,681.0,679.0,676.0,679.0,686.0,690.0,675.0,670.0,695.0,687.0,695.0,686.0,682.0,683.0,695.0,688.0,694.0,680.0,689.0,685.0,688.0,682.0,686.0,689.0,690.0,696.0,702.0,702.0,712.0,724.0,692.0,689.0,686.0,683.0,686.0,704.0,704.0,695.0,688.0,701.0,691.0,704.0,687.0,697.0,695.0,694.0,701.0,710.0,696.0,705.0,719.0,702.0,705.0,709.0,699.0,697.0,706.0,705.0,707.0,714.0,685.0,694.0,683.0,692.0,676.0,695.0,683.0,688.0,694.0,687.0,696.0,686.0,691.0,690.0,688.0,694.0,698.0,709.0,710.0,698.0,696.0,712.0,714.0,731.0,720.0,730.0,733.0,728.0,734.0,724.0,715.0,712.0,716.0,710.0,726.0,717.0,724.0,723.0,719.0,730.0,726.0,728.0,733.0,735.0,732.0,739.0,740.0,738.0,735.0,741.0,731.0,730.0,722.0,714.0,708.0,714.0,712.0,695.0,703.0,696.0,700.0,693.0,692.0,693.0,689.0,692.0,684.0,695.0,685.0,696.0,688.0,685.0,698.0,712.0,711.0,741.0,728.0,722.0,730.0,741.0,723.0,728.0,705.0,692.0,699.0,695.0,689.0,676.0,663.0,671.0,669.0,662.0,668.0,673.0,661.0,669.0,665.0,659.0,660.0,673.0,662.0,668.0,672.0,666.0,689.0,670.0,678.0,695.0,694.0,691.0,693.0,690.0,692.0,678.0,685.0,683,684.0,684.0,685.0,686.0,684.0,671.0,677.0,682.0,682.0,683.0,703.0,705.0,710.0,713.0,702.0,702.0,716.0,703.0,692.0,689.0,679.0,672.0,668.0,667.0,663.0,665.0,655.0,643.0,644.0,652.0,650.0,649.0,642.0,647.0,637.0,641.0,645.0,636.0,638.0,646.0,642.0,631.0,638.0,645.0,641.0,636.0,636.0,636.0,634.0,628.0,633.0,629.0,630.0,640.0,633.0,637.0,633.0,630.0,623.0,636.0,629.0,635.0,628.0,630.0,635.0,635.0,644.0,621.0,636.0,637.0,632.0,639.0,636.0,629.0,627.0,633.0,642.0,631.0,642.0,634.0,629.0,636.0,625.0,638.0,637.0,639.0,637.0,639.0,644.0,635.0,630.0,635.0,633.0,636.0,639.0,627.0,628.0,636.0,636.0,625.0,636.0,634.0,629.0,627.0
674.0,667.0,684.0,672.0,677.0,670.0,671.0,669.0,669.0,674.0,667.0,666.0,671.0,673.0,677.0,665.0,678.0,681.0,685.0,665.0,670.0,679.0,674.0,662.0,665.0,657.0,680.0,669.0,668.0,680.0,670.0,665.0,668.0,672.0,669.0,673.0,664.0,671.0,671.0,672.0,669.0,671.0,662.0,652.0,658.0,669.0,654.0,659.0,667.0,660.0,667.0,661.0,660.0,668.0,666.0,666.0,659.0,668.0,671.0,673.0,663.0,675.0,672.0,665.0,673.0,665.0,664.0,668.0,673.0,668.0,678.0,680.0,675.0,680.0,677.0,676.0,671.0,679.0,682.0,683.0,685.0,676.0,684.0,682.0,677.0,689.0,692.0,695.0,679.0,685.0,685.0,688.0,688.0,689.0,687.0,690.0,674.0,702.0,678.0,683.0,681.0,687.0,685.0,696.0,702.0,699.0,691.0,688.0,700.0,704.0,692.0,696.0,698.0,700.0,712.0,685.0,695.0,711.0,705.0,710.0,687.0,704.0,697.0,697.0,704.0,703.0,702.0,716.0,699.0,706.0,697.0,705.0,715.0,709.0,715.0,719.0,730.0,733.0,737.0,710.0,705.0,707.0,715.0,706.0,701.0,705.0,705.0,696.0,718.0,718.0,719.0,720.0,716.0,725.0,722.0,720.0,732.0,736.0,729.0,735.0,725.0,737.0,721.0,725.0,740.0,719.0,737.0,733.0,728.0,712.0,698.0,693.0,701.0,710.0,708.0,707.0,715.0,710.0,708.0,705.0,703.0,698.0,702.0,697.0,706.0,714.0,721.0,728.0,725.0,731.0,733.0,747.0,752.0,741.0,752.0,752.0,750.0,762.0,758.0,752.0,749.0,741.0,724.0,740.0,729.0,735.0,739.0,737.0,754.0,745.0,762.0,754.0,760.0,760.0,766.0,760.0,761.0,758.0,763.0,771.0,756.0,739.0,734.0,731.0,728.0,728.0,728.0,730.0,721.0,724.0,704.0,718.0,702.0,710.0,711.0,712.0,695.0,702.0,703.0,706.0,707.0,718.0,721.0,731.0,732.0,742.0,753.0,745.0,758.0,747.0,745.0,719.0,719.0,704.0,718.0,704.0,695.0,675.0,674.0,679.0,680.0,676.0,676.0,674.0,670.0,676.0,676.0,669.0,685.0,663.0,688.0,671.0,676.0,676.0,696.0,690.0,708.0,707.0,700.0,715.0,715.0,701.0,703.0,690.0,695,699.0,703.0,697.0,706.0,692.0,693.0,694.0,682.0,700.0,704.0,706.0,705.0,716.0,723.0,725.0,725.0,730.0,718.0,719.0,708.0,697.0,688.0,684.0,676.0,675.0,667.0,660.0,658.0,649.0,655.0,646.0,653.0,650.0,649.0,656.0,657.0,646.0,644.0,636.0,656.0,649.0,647.0,642.0,656.0,656.0,642.0,643.0,643.0,643.0,644.0,641.0,638.0,644.0,644.0,649.0,642.0,640.0,638.0,640.0,656.0,641.0,631.0,635.0,632.0,642.0,643.0,637.0,638.0,645.0,632.0,639.0,641.0,643.0,642.0,642.0,636.0,636.0,639.0,640.0,632.0,643.0,642.0,628.0,639.0,638.0,634.0,645.0,633.0,635.0,644.0,644.0,637.0,644.0,634.0,642.0,635.0,624.0,633.0,635.0,631.0,642.0,631.0,634.0,637.0
651.0,651.0,662.0,651.0,660.0,650.0,665.0,644.0,656.0,645.0,658.0,642.0,651.0,651.0,644.0,645.0,658.0,672.0,657.0,658.0,639.0,650.0,642.0,646.0,654.0,649.0,654.0,651.0,652.0,651.0,648.0,654.0,645.0,660.0,651.0,649.0,646.0,650.0,651.0,649.0,652.0,642.0,643.0,638.0,645.0,631.0,648.0,646.0,635.0,657.0,639.0,646.0,642.0,644.0,651.0,640.0,651.0,638.0,640.0,655.0,654.0,658.0,646.0,644.0,659.0,649.0,645.0,635.0,639.0,648.0,660.0,650.0,653.0,649.0,659.0,653.0,653.0,641.0,659.0,651.0,653.0,653.0,655.0,657.0,655.0,653.0,672.0,668.0,662.0,666.0,656.0,665.0,669.0,649.0,661.0,659.0,658.0,659.0,648.0,667.0,656.0,644.0,657.0,663.0,671.0,678.0,654.0,663.0,660.0,667.0,658.0,668.0,662.0,650.0,669.0,656.0,665.0,687.0,673.0,666.0,672.0,669.0,664.0,653.0,658.0,674.0,675.0,670.0,664.0,667.0,663.0,674.0,669.0,662.0,687.0,678.0,690.0,705.0,695.0,673.0,661.0,664.0,678.0,675.0,669.0,674.0,669.0,665.0,666.0,669.0,679.0,671.0,675.0,678.0,679.0,671.0,683.0,688.0,686.0,680.0,689.0,686.0,672.0,666.0,674.0,680.0,681.0,680.0,669.0,673.0,652.0,660.0,660.0,658.0,667.0,671.0,661.0,664.0,659.0,664.0,673.0,661.0,664.0,658.0,665.0,676.0,670.0,680.0,677.0,680.0,686.0,684.0,701.0,701.0,702.0,705.0,693.0,697.0,694.0,697.0,686.0,675.0,680.0,680.0,682.0,687.0,700.0,685.0,701.0,713.0,712.0,710.0,714.0,704.0,697.0,706.0,705.0,707.0,717.0,716.0,714.0,696.0,684.0,698.0,684.0,691.0,682.0,680.0,686.0,678.0,684.0,679.0,678.0,673.0,663.0,671.0,679.0,668.0,666.0,668.0,670.0,678.0,686.0,694.0,703.0,694.0,704.0,707.0,703.0,701.0,707.0,689.0,680.0,659.0,685.0,669.0,671.0,658.0,659.0,648.0,654.0,647.0,653.0,644.0,661.0,652.0,652.0,649.0,667.0,654.0,657.0,647.0,654.0,667.0,661.0,655.0,685.0,661.0,680.0,684.0,668.0,666.0,648.0,665.0,671,654.0,660.0,669.0,668.0,671.0,664.0,658.0,661.0,670.0,670.0,685.0,678.0,679.0,696.0,690.0,686.0,686.0,690.0,678.0,677.0,665.0,666.0,663.0,649.0,648.0,643.0,638.0,633.0,637.0,636.0,639.0,626.0,631.0,627.0,627.0,639.0,638.0,637.0,629.0,636.0,636.0,622.0,629.0,625.0,634.0,632.0,626.0,632.0,624.0,620.0,618.0,623.0,624.0,630.0,620.0,624.0,632.0,630.0,616.0,624.0,620.0,626.0,617.0,618.0,632.0,622.0,622.0,620.0,628.0,623.0,622.0,632.0,628.0,617.0,621.0,616.0,626.0,632.0,628.0,626.0,621.0,623.0,625.0,628.0,628.0,632.0,633.0,625.0,624.0,629.0,623.0,627.0,634.0,636.0,627.0,628.0,619.0,620.0,622.0,626.0,618.0,619.0,622.0,617.0
644.0,646.0,652.0,648.0,648.0,649.0,652.0,649.0,653.0,646.0,651.0,649.0,652.0,640.0,655.0,647.0,656.0,662.0,659.0,646.0,652.0,647.0,641.0,643.0,641.0,639.0,654.0,648.0,638.0,649.0,646.0,649.0,644.0,648.0,646.0,654.0,652.0,639.0,651.0,647.0,644.0,640.0,641.0,642.0,638.0,642.0,640.0,646.0,641.0,645.0,645.0,641.0,640.0,643.0,649.0,641.0,643.0,647.0,653.0,646.0,634.0,640.0,639.0,651.0,649.0,641.0,644.0,641.0,647.0,638.0,655.0,651.0,651.0,653.0,655.0,649.0,646.0,659.0,659.0,666.0,660.0,658.0,657.0,655.0,652.0,667.0,665.0,666.0,663.0,664.0,652.0,663.0,664.0,657.0,657.0,660.0,652.0,653.0,660.0,669.0,662.0,669.0,657.0,660.0,665.0,663.0,658.0,655.0,669.0,659.0,659.0,666.0,672.0,658.0,665.0,662.0,673.0,674.0,670.0,668.0,661.0,674.0,668.0,657.0,666.0,659.0,679.0,681.0,675.0,676.0,667.0,670.0,666.0,667.0,675.0,678.0,695.0,701.0,694.0,673.0,682.0,670.0,671.0,686.0,674.0,676.0,682.0,678.0,678.0,668.0,687.0,668.0,678.0,685.0,687.0,678.0,689.0,675.0,689.0,696.0,687.0,688.0,680.0,686.0,684.0,692.0,697.0,691.0,685.0,683.0,673.0,678.0,668.0,678.0,681.0,678.0,685.0,683.0,682.0,672.0,678.0,679.0,672.0,664.0,675.0,687.0,679.0,684.0,681.0,691.0,692.0,699.0,714.0,697.0,701.0,711.0,703.0,720.0,694.0,706.0,697.0,698.0,700.0,691.0,697.0,696.0,709.0,702.0,725.0,703.0,708.0,702.0,706.0,716.0,725.0,727.0,707.0,711.0,708.0,708.0,698.0,694.0,696.0,704.0,692.0,687.0,693.0,683.0,690.0,691.0,686.0,681.0,683.0,686.0,679.0,675.0,675.0,672.0,682.0,667.0,676.0,684.0,672.0,694.0,700.0,689.0,702.0,705.0,703.0,703.0,693.0,685.0,689.0,686.0,673.0,675.0,675.0,662.0,666.0,659.0,659.0,654.0,652.0,657.0,659.0,655.0,648.0,656.0,657.0,654.0,660.0,659.0,647.0,663.0,662.0,667.0,688.0,668.0,673.0,678.0,688.0,660.0,667.0,668.0,672,676.0,671.0,666.0,664.0,663.0,660.0,674.0,667.0,671.0,674.0,676.0,676.0,683.0,684.0,687.0,688.0,693.0,675.0,687.0,672.0,667.0,658.0,663.0,654.0,653.0,645.0,643.0,646.0,638.0,640.0,643.0,633.0,635.0,635.0,634.0,638.0,636.0,630.0,632.0,638.0,633.0,628.0,633.0,636.0,626.0,636.0,628.0,625.0,635.0,629.0,632.0,641.0,630.0,625.0,631.0,632.0,632.0,628.0,621.0,635.0,625.0,633.0,627.0,621.0,630.0,622.0,631.0,634.0,633.0,634.0,624.0,637.0,633.0,625.0,621.0,628.0,628.0,627.0,629.0,628.0,631.0,630.0,627.0,631.0,630.0,632.0,627.0,626.0,627.0,628.0,636.0,629.0,634.0,625.0,632.0,631.0,618.0,627.0,628.0,620.0,625.0,628.0,628.0,626.0
675.0,682.0,680.0,672.0,668.0,681.0,665.0,673.0,675.0,663.0,661.0,667.0,674.0,668.0,662.0,671.0,665.0,674.0,688.0,667.0,668.0,671.0,670.0,670.0,664.0,671.0,674.0,666.0,675.0,678.0,667.0,669.0,670.0,668.0,672.0,669.0,663.0,672.0,665.0,664.0,667.0,671.0,668.0,661.0,662.0,668.0,668.0,660.0,669.0,673.0,668.0,660.0,659.0,669.0,666.0,666.0,669.0,662.0,663.0,672.0,674.0,684.0,665.0,666.0,674.0,674.0,664.0,662.0,674.0,667.0,679.0,672.0,688.0,678.0,687.0,675.0,674.0,688.0,688.0,687.0,691.0,687.0,677.0,675.0,685.0,684.0,701.0,708.0,685.0,695.0,695.0,695.0,694.0,696.0,686.0,689.0,693.0,698.0,688.0,697.0,698.0,693.0,697.0,707.0,698.0,699.0,684.0,700.0,703.0,704.0,707.0,709.0,714.0,698.0,711.0,698.0,704.0,710.0,707.0,704.0,719.0,711.0,711.0,696.0,716.0,707.0,713.0,719.0,726.0,716.0,716.0,726.0,722.0,715.0,725.0,716.0,745.0,759.0,756.0,727.0,715.0,710.0,719.0,723.0,706.0,721.0,714.0,719.0,732.0,726.0,724.0,723.0,730.0,737.0,735.0,729.0,743.0,741.0,749.0,748.0,738.0,740.0,744.0,721.0,734.0,728.0,763.0,752.0,749.0,731.0,716.0,717.0,724.0,711.0,719.0,728.0,717.0,730.0,725.0,722.0,720.0,718.0,723.0,719.0,720.0,727.0,739.0,733.0,729.0,735.0,743.0,759.0,772.0,780.0,758.0,762.0,759.0,776.0,758.0,769.0,757.0,752.0,747.0,745.0,749.0,760.0,750.0,747.0,767.0,772.0,779.0,773.0,779.0,766.0,763.0,756.0,766.0,770.0,778.0,774.0,783.0,769.0,748.0,757.0,740.0,745.0,736.0,728.0,727.0,729.0,722.0,731.0,721.0,725.0,717.0,723.0,714.0,722.0,722.0,713.0,720.0,727.0,732.0,747.0,760.0,750.0,758.0,763.0,753.0,750.0,732.0,722.0,719.0,726.0,722.0,706.0,702.0,690.0,691.0,684.0,684.0,677.0,687.0,684.0,687.0,679.0,691.0,671.0,694.0,686.0,691.0,697.0,695.0,710.0,715.0,697.0,716.0,721.0,734.0,721.0,727.0,718.0,704.0,700.0,704,713.0,700.0,709.0,709.0,704.0,708.0,702.0,712.0,700.0,709.0,734.0,717.0,738.0,730.0,736.0,741.0,725.0,710.0,738.0,693.0,711.0,690.0,697.0,683.0,671.0,679.0,675.0,664.0,662.0,664.0,666.0,650.0,657.0,650.0,657.0,663.0,649.0,664.0,645.0,661.0,650.0,652.0,654.0,645.0,649.0,649.0,651.0,650.0,643.0,656.0,654.0,645.0,646.0,645.0,641.0,657.0,646.0,638.0,644.0,652.0,644.0,644.0,644.0,641.0,646.0,636.0,654.0,636.0,648.0,651.0,643.0,642.0,643.0,647.0,651.0,645.0,640.0,644.0,644.0,630.0,640.0,652.0,641.0,652.0,641.0,654.0,648.0,634.0,649.0,643.0,647.0,645.0,649.0,645.0,642.0,640.0,632.0,648.0,643.0,638.0,644.0,649.0,629.0,638.0
677.0,657.0,657.0,668.0,667.0,678.0,661.0,654.0,669.0,654.0,667.0,656.0,664.0,650.0,659.0,648.0,671.0,681.0,674.0,653.0,659.0,653.0,650.0,674.0,658.0,655.0,659.0,661.0,657.0,660.0,660.0,652.0,662.0,660.0,657.0,655.0,654.0,652.0,652.0,663.0,659.0,657.0,652.0,646.0,659.0,659.0,646.0,655.0,649.0,654.0,653.0,652.0,639.0,660.0,658.0,662.0,660.0,653.0,660.0,657.0,647.0,659.0,657.0,653.0,657.0,648.0,653.0,649.0,648.0,658.0,664.0,675.0,677.0,659.0,667.0,659.0,667.0,668.0,669.0,665.0,661.0,668.0,662.0,665.0,675.0,673.0,675.0,685.0,674.0,672.0,684.0,670.0,676.0,677.0,673.0,677.0,657.0,674.0,667.0,676.0,677.0,672.0,663.0,684.0,663.0,681.0,671.0,678.0,681.0,684.0,673.0,671.0,690.0,685.0,681.0,668.0,686.0,675.0,681.0,696.0,677.0,689.0,679.0,687.0,689.0,693.0,698.0,679.0,673.0,685.0,685.0,687.0,681.0,689.0,692.0,696.0,692.0,716.0,716.0,693.0,700.0,679.0,689.0,693.0,690.0,688.0,696.0,681.0,679.0,676.0,690.0,692.0,697.0,685.0,694.0,691.0,706.0,692.0,702.0,711.0,707.0,704.0,686.0,689.0,692.0,696.0,691.0,701.0,702.0,674.0,693.0,685.0,684.0,672.0,692.0,680.0,687.0,682.0,679.0,694.0,685.0,691.0,685.0,678.0,697.0,687.0,694.0,703.0,695.0,705.0,713.0,709.0,730.0,718.0,710.0,732.0,721.0,721.0,708.0,723.0,725.0,709.0,704.0,711.0,703.0,709.0,717.0,699.0,727.0,725.0,713.0,732.0,742.0,734.0,730.0,723.0,725.0,733.0,733.0,738.0,722.0,718.0,702.0,715.0,712.0,695.0,696.0,688.0,693.0,693.0,692.0,701.0,698.0,694.0,694.0,691.0,686.0,683.0,688.0,676.0,695.0,694.0,707.0,700.0,719.0,713.0,725.0,730.0,720.0,715.0,713.0,710.0,694.0,689.0,674.0,693.0,675.0,661.0,655.0,659.0,660.0,660.0,659.0,656.0,663.0,663.0,663.0,651.0,664.0,655.0,679.0,666.0,662.0,682.0,685.0,663.0,691.0,678.0,685.0,681.0,691.0,683.0,682.0,675.0,666,681.0,675.0,688.0,672.0,678.0,674.0,680.0,676.0,679.0,685.0,699.0,687.0,709.0,699.0,701.0,706.0,711.0,686.0,701.0,687.0,675.0,665.0,668.0,649.0,655.0,664.0,644.0,662.0,640.0,649.0,638.0,642.0,637.0,630.0,629.0,651.0,638.0,635.0,640.0,637.0,639.0,632.0,635.0,636.0,622.0,626.0,630.0,635.0,627.0,633.0,631.0,628.0,636.0,630.0,631.0,639.0,629.0,625.0,625.0,632.0,624.0,634.0,626.0,628.0,632.0,625.0,621.0,623.0,631.0,636.0,625.0,627.0,622.0,618.0,625.0,632.0,621.0,629.0,634.0,633.0,621.0,631.0,630.0,629.0,634.0,638.0,632.0,629.0,624.0,628.0,628.0,629.0,627.0,627.0,625.0,634.0,624.0,634.0,627.0,631.0,626.0,632.0,625.0,622.0
700.0,716.0,722.0,703.0,714.0,696.0,704.0,708.0,699.0,694.0,702.0,695.0,687.0,682.0,695.0,693.0,696.0,711.0,715.0,689.0,695.0,710.0,696.0,702.0,704.0,691.0,702.0,695.0,688.0,699.0,697.0,692.0,678.0,698.0,699.0,690.0,691.0,692.0,715.0,696.0,705.0,687.0,685.0,696.0,689.0,695.0,687.0,687.0,689.0,696.0,693.0,692.0,683.0,687.0,689.0,693.0,689.0,683.0,700.0,697.0,702.0,698.0,698.0,689.0,696.0,697.0,686.0,693.0,706.0,691.0,699.0,705.0,705.0,690.0,703.0,702.0,697.0,715.0,726.0,707.0,718.0,706.0,707.0,711.0,699.0,719.0,724.0,726.0,709.0,715.0,714.0,731.0,712.0,728.0,735.0,735.0,712.0,734.0,718.0,712.0,725.0,714.0,729.0,734.0,717.0,735.0,720.0,724.0,735.0,720.0,718.0,732.0,728.0,738.0,727.0,722.0,733.0,733.0,737.0,720.0,730.0,732.0,739.0,741.0,741.0,757.0,742.0,767.0,749.0,743.0,749.0,745.0,739.0,741.0,745.0,742.0,772.0,778.0,773.0,753.0,757.0,740.0,752.0,753.0,744.0,758.0,753.0,738.0,753.0,753.0,755.0,767.0,767.0,751.0,759.0,772.0,772.0,747.0,771.0,759.0,766.0,764.0,774.0,752.0,766.0,769.0,793.0,776.0,759.0,743.0,742.0,735.0,752.0,753.0,736.0,757.0,748.0,765.0,756.0,747.0,749.0,744.0,741.0,745.0,743.0,754.0,757.0,742.0,754.0,759.0,780.0,762.0,791.0,799.0,781.0,802.0,775.0,790.0,801.0,786.0,784.0,783.0,770.0,773.0,760.0,778.0,787.0,782.0,793.0,791.0,825.0,797.0,810.0,808.0,803.0,795.0,792.0,782.0,813.0,798.0,807.0,780.0,764.0,780.0,760.0,758.0,763.0,756.0,761.0,751.0,752.0,746.0,734.0,751.0,752.0,719.0,747.0,739.0,743.0,742.0,723.0,752.0,764.0,776.0,786.0,795.0,788.0,797.0,787.0,779.0,783.0,745.0,772.0,744.0,741.0,723.0,717.0,713.0,693.0,705.0,708.0,709.0,707.0,700.0,701.0,702.0,695.0,697.0,704.0,697.0,702.0,715.0,700.0,707.0,725.0,707.0,737.0,740.0,719.0,736.0,744.0,727.0,713.0,717.0,733,720.0,721.0,714.0,726.0,724.0,732.0,712.0,732.0,725.0,723.0,740.0,740.0,760.0,744.0,751.0,735.0,754.0,745.0,742.0,733.0,723.0,714.0,711.0,692.0,704.0,688.0,685.0,686.0,689.0,675.0,689.0,674.0,672.0,674.0,677.0,674.0,676.0,677.0,676.0,677.0,682.0,663.0,668.0,674.0,669.0,672.0,672.0,665.0,663.0,664.0,668.0,663.0,667.0,678.0,661.0,657.0,670.0,657.0,661.0,669.0,655.0,669.0,659.0,670.0,665.0,677.0,668.0,657.0,680.0,662.0,657.0,661.0,663.0,659.0,658.0,661.0,654.0,675.0,668.0,665.0,658.0,670.0,654.0,666.0,671.0,660.0,669.0,660.0,670.0,665.0,658.0,666.0,667.0,673.0,666.0,672.0,658.0,668.0,658.0,658.0,659.0,659.0,660.0,670.0
686.0,681.0,679.0,688.0,688.0,694.0,688.0,678.0,669.0,677.0,680.0,681.0,680.0,669.0,677.0,679.0,681.0,689.0,683.0,684.0,677.0,681.0,684.0,678.0,671.0,689.0,681.0,678.0,674.0,689.0,685.0,673.0,678.0,671.0,673.0,683.0,663.0,672.0,674.0,679.0,673.0,669.0,668.0,675.0,665.0,677.0,662.0,670.0,672.0,669.0,669.0,673.0,679.0,678.0,684.0,684.0,674.0,675.0,678.0,685.0,680.0,687.0,682.0,679.0,687.0,683.0,679.0,681.0,675.0,676.0,686.0,678.0,688.0,687.0,689.0,683.0,696.0,696.0,703.0,690.0,695.0,696.0,694.0,696.0,689.0,694.0,707.0,698.0,689.0,703.0,686.0,699.0,693.0,696.0,707.0,704.0,695.0,711.0,701.0,701.0,709.0,700.0,707.0,706.0,696.0,713.0,706.0,704.0,709.0,710.0,712.0,712.0,717.0,712.0,725.0,715.0,723.0,720.0,721.0,719.0,726.0,719.0,717.0,718.0,729.0,732.0,728.0,725.0,730.0,727.0,729.0,727.0,730.0,710.0,728.0,739.0,732.0,761.0,753.0,724.0,738.0,719.0,732.0,739.0,732.0,733.0,732.0,732.0,729.0,727.0,734.0,728.0,733.0,746.0,750.0,742.0,750.0,735.0,764.0,744.0,743.0,755.0,745.0,751.0,752.0,757.0,762.0,761.0,757.0,735.0,747.0,743.0,745.0,735.0,733.0,733.0,741.0,741.0,731.0,733.0,727.0,727.0,735.0,738.0,729.0,745.0,739.0,736.0,750.0,759.0,745.0,749.0,768.0,755.0,761.0,770.0,762.0,765.0,778.0,758.0,755.0,762.0,748.0,753.0,751.0,771.0,762.0,763.0,759.0,776.0,768.0,763.0,778.0,778.0,759.0,766.0,767.0,771.0,773.0,784.0,760.0,754.0,753.0,754.0,749.0,740.0,748.0,733.0,731.0,723.0,729.0,721.0,719.0,729.0,720.0,727.0,713.0,720.0,710.0,721.0,718.0,727.0,723.0,753.0,747.0,750.0,763.0,760.0,749.0,745.0,739.0,720.0,729.0,712.0,715.0,707.0,693.0,700.0,695.0,691.0,684.0,693.0,688.0,696.0,699.0,703.0,694.0,676.0,698.0,687.0,693.0,698.0,693.0,700.0,699.0,689.0,719.0,716.0,715.0,709.0,718.0,695.0,708.0,699.0,704,701.0,690.0,706.0,706.0,691.0,706.0,714.0,697.0,709.0,708.0,717.0,712.0,728.0,731.0,722.0,722.0,715.0,715.0,716.0,705.0,696.0,686.0,688.0,679.0,693.0,668.0,668.0,674.0,666.0,675.0,672.0,660.0,652.0,662.0,663.0,667.0,671.0,650.0,671.0,668.0,664.0,656.0,666.0,659.0,667.0,666.0,657.0,657.0,650.0,656.0,665.0,661.0,660.0,657.0,661.0,658.0,647.0,653.0,642.0,654.0,656.0,654.0,652.0,656.0,658.0,653.0,656.0,647.0,659.0,651.0,650.0,663.0,654.0,650.0,665.0,655.0,651.0,656.0,660.0,653.0,654.0,662.0,648.0,664.0,655.0,656.0,666.0,655.0,659.0,653.0,656.0,651.0,647.0,655.0,657.0,652.0,654.0,650.0,657.0,661.0,655.0,649.0,649.0,652.0
671.0,668.0,659.0,667.0,668.0,670.0,656.0,660.0,667.0,654.0,658.0,671.0,664.0,653.0,664.0,663.0,663.0,679.0,692.0,663.0,666.0,662.0,659.0,658.0,657.0,661.0,666.0,675.0,658.0,662.0,671.0,663.0,667.0,658.0,660.0,659.0,662.0,655.0,661.0,657.0,666.0,662.0,665.0,654.0,656.0,655.0,652.0,650.0,660.0,664.0,669.0,654.0,655.0,650.0,670.0,658.0,652.0,653.0,658.0,662.0,659.0,665.0,662.0,655.0,655.0,667.0,659.0,663.0,664.0,657.0,669.0,668.0,673.0,672.0,670.0,665.0,665.0,681.0,676.0,670.0,683.0,682.0,667.0,672.0,673.0,680.0,683.0,695.0,679.0,681.0,679.0,686.0,696.0,688.0,678.0,686.0,672.0,694.0,682.0,680.0,679.0,686.0,682.0,685.0,680.0,688.0,682.0,682.0,676.0,687.0,687.0,682.0,691.0,690.0,684.0,670.0,700.0,692.0,705.0,694.0,692.0,698.0,687.0,692.0,700.0,706.0,702.0,695.0,708.0,700.0,690.0,699.0,700.0,699.0,699.0,705.0,705.0,728.0,725.0,707.0,702.0,696.0,709.0,697.0,698.0,710.0,704.0,690.0,703.0,698.0,698.0,706.0,718.0,709.0,706.0,701.0,716.0,712.0,719.0,722.0,717.0,720.0,712.0,707.0,717.0,718.0,743.0,724.0,726.0,702.0,704.0,704.0,696.0,699.0,708.0,706.0,708.0,710.0,710.0,704.0,703.0,695.0,700.0,685.0,709.0,708.0,709.0,724.0,718.0,715.0,726.0,724.0,744.0,739.0,735.0,744.0,733.0,744.0,731.0,727.0,733.0,726.0,717.0,721.0,721.0,736.0,721.0,718.0,742.0,727.0,732.0,739.0,738.0,740.0,728.0,736.0,742.0,733.0,744.0,733.0,731.0,729.0,727.0,719.0,708.0,721.0,705.0,716.0,712.0,709.0,698.0,697.0,709.0,703.0,702.0,696.0,701.0,694.0,690.0,699.0,701.0,698.0,704.0,714.0,725.0,718.0,718.0,709.0,733.0,731.0,707.0,708.0,706.0,708.0,697.0,700.0,686.0,682.0,671.0,673.0,671.0,670.0,671.0,674.0,674.0,674.0,674.0,656.0,684.0,672.0,677.0,682.0,675.0,686.0,684.0,691.0,699.0,695.0,698.0,705.0,701.0,695.0,691.0,692.0,690,688.0,681.0,689.0,683.0,678.0,687.0,692.0,690.0,689.0,688.0,701.0,696.0,706.0,697.0,704.0,695.0,699.0,704.0,693.0,682.0,681.0,670.0,677.0,666.0,669.0,663.0,664.0,664.0,647.0,661.0,657.0,655.0,657.0,655.0,652.0,660.0,653.0,662.0,649.0,650.0,653.0,653.0,645.0,664.0,658.0,648.0,659.0,648.0,648.0,651.0,648.0,652.0,648.0,641.0,645.0,646.0,641.0,645.0,645.0,640.0,649.0,646.0,647.0,638.0,647.0,650.0,648.0,643.0,659.0,650.0,642.0,649.0,644.0,635.0,643.0,641.0,644.0,641.0,644.0,648.0,648.0,649.0,638.0,648.0,644.0,649.0,642.0,643.0,644.0,644.0,647.0,640.0,645.0,637.0,646.0,642.0,645.0,649.0,649.0,644.0,643.0,640.0,647.0,650.0
696.0,696.0,684.0,700.0,697.0,683.0,698.0,695.0,690.0,679.0,686.0,686.0,690.0,675.0,685.0,688.0,690.0,696.0,699.0,676.0,697.0,684.0,690.0,686.0,678.0,691.0,687.0,696.0,687.0,689.0,691.0,696.0,697.0,681.0,699.0,694.0,686.0,685.0,692.0,677.0,690.0,695.0,682.0,676.0,671.0,684.0,681.0,686.0,693.0,671.0,694.0,678.0,675.0,689.0,686.0,696.0,676.0,685.0,687.0,693.0,699.0,700.0,692.0,705.0,689.0,688.0,690.0,684.0,703.0,672.0,705.0,701.0,695.0,706.0,705.0,701.0,699.0,728.0,727.0,736.0,713.0,712.0,706.0,702.0,708.0,737.0,717.0,736.0,718.0,710.0,725.0,719.0,732.0,709.0,712.0,722.0,717.0,727.0,710.0,714.0,708.0,732.0,725.0,742.0,751.0,731.0,718.0,728.0,721.0,730.0,730.0,724.0,747.0,744.0,738.0,715.0,736.0,738.0,733.0,750.0,735.0,742.0,720.0,727.0,753.0,723.0,735.0,736.0,758.0,743.0,752.0,748.0,740.0,733.0,761.0,761.0,751.0,803.0,784.0,747.0,728.0,750.0,743.0,748.0,740.0,764.0,741.0,742.0,742.0,737.0,763.0,750.0,784.0,766.0,751.0,779.0,777.0,762.0,770.0,766.0,773.0,757.0,773.0,761.0,757.0,762.0,788.0,791.0,772.0,753.0,772.0,744.0,763.0,758.0,755.0,758.0,759.0,768.0,764.0,743.0,735.0,749.0,744.0,756.0,752.0,753.0,753.0,755.0,758.0,761.0,785.0,781.0,786.0,781.0,791.0,791.0,787.0,782.0,793.0,784.0,791.0,786.0,778.0,773.0,778.0,785.0,771.0,781.0,780.0,793.0,816.0,796.0,788.0,811.0,800.0,799.0,785.0,799.0,795.0,801.0,791.0,776.0,776.0,767.0,764.0,765.0,760.0,771.0,746.0,764.0,755.0,746.0,752.0,750.0,730.0,751.0,738.0,735.0,756.0,748.0,723.0,735.0,753.0,756.0,772.0,787.0,778.0,773.0,778.0,777.0,752.0,731.0,749.0,748.0,747.0,737.0,718.0,724.0,719.0,699.0,706.0,708.0,704.0,699.0,706.0,697.0,690.0,693.0,716.0,697.0,717.0,708.0,694.0,713.0,727.0,708.0,737.0,722.0,747.0,736.0,745.0,723.0,709.0,721.0,705,710.0,731.0,712.0,722.0,710.0,710.0,721.0,705.0,695.0,744.0,722.0,716.0,735.0,737.0,744.0,733.0,754.0,747.0,724.0,725.0,721.0,707.0,718.0,693.0,686.0,685.0,676.0,676.0,670.0,680.0,679.0,673.0,669.0,668.0,679.0,684.0,680.0,662.0,668.0,661.0,663.0,666.0,660.0,676.0,662.0,657.0,669.0,664.0,668.0,655.0,658.0,660.0,659.0,662.0,665.0,658.0,665.0,662.0,664.0,659.0,640.0,663.0,661.0,660.0,662.0,655.0,658.0,656.0,664.0,661.0,659.0,663.0,655.0,653.0,659.0,656.0,656.0,667.0,667.0,655.0,656.0,663.0,665.0,659.0,650.0,670.0,663.0,661.0,668.0,653.0,662.0,663.0,653.0,654.0,660.0,659.0,656.0,666.0,655.0,654.0,672.0,657.0,652.0,649.0
684.0,692.0,691.0,686.0,697.0,692.0,678.0,675.0,686.0,673.0,681.0,681.0,689.0,676.0,684.0,683.0,694.0,699.0,697.0,679.0,684.0,677.0,675.0,679.0,676.0,686.0,685.0,679.0,680.0,684.0,681.0,682.0,684.0,689.0,684.0,677.0,680.0,680.0,691.0,686.0,673.0,673.0,681.0,676.0,680.0,684.0,679.0,669.0,672.0,674.0,674.0,673.0,674.0,679.0,683.0,688.0,682.0,676.0,678.0,675.0,687.0,692.0,681.0,685.0,690.0,696.0,687.0,691.0,691.0,684.0,707.0,686.0,704.0,695.0,683.0,685.0,697.0,716.0,715.0,714.0,702.0,703.0,695.0,696.0,704.0,704.0,716.0,718.0,701.0,717.0,711.0,711.0,707.0,706.0,715.0,710.0,696.0,723.0,700.0,704.0,709.0,714.0,711.0,700.0,713.0,715.0,699.0,716.0,717.0,722.0,715.0,718.0,723.0,720.0,733.0,714.0,715.0,739.0,731.0,739.0,724.0,729.0,731.0,731.0,735.0,732.0,732.0,741.0,726.0,723.0,735.0,743.0,729.0,728.0,742.0,749.0,749.0,768.0,762.0,744.0,738.0,729.0,736.0,725.0,741.0,752.0,740.0,745.0,734.0,741.0,742.0,741.0,743.0,735.0,756.0,761.0,768.0,750.0,771.0,771.0,743.0,747.0,764.0,748.0,751.0,774.0,777.0,783.0,771.0,747.0,727.0,734.0,730.0,740.0,739.0,740.0,749.0,755.0,745.0,748.0,731.0,734.0,727.0,738.0,743.0,744.0,742.0,761.0,753.0,756.0,763.0,768.0,789.0,781.0,770.0,801.0,780.0,785.0,783.0,775.0,766.0,757.0,760.0,763.0,772.0,769.0,773.0,759.0,779.0,779.0,779.0,780.0,805.0,783.0,790.0,789.0,793.0,786.0,803.0,801.0,781.0,773.0,761.0,762.0,752.0,761.0,736.0,742.0,741.0,751.0,742.0,743.0,733.0,735.0,721.0,740.0,734.0,727.0,746.0,733.0,732.0,729.0,748.0,747.0,771.0,772.0,774.0,779.0,777.0,759.0,761.0,754.0,737.0,725.0,729.0,725.0,713.0,696.0,702.0,705.0,704.0,702.0,702.0,695.0,699.0,698.0,692.0,693.0,697.0,694.0,700.0,702.0,709.0,727.0,703.0,720.0,740.0,736.0,741.0,739.0,734.0,730.0,715.0,721.0,719,713.0,703.0,716.0,716.0,709.0,705.0,706.0,717.0,715.0,725.0,738.0,729.0,742.0,750.0,746.0,741.0,756.0,730.0,736.0,736.0,707.0,704.0,695.0,690.0,696.0,683.0,682.0,672.0,669.0,687.0,683.0,690.0,663.0,669.0,680.0,681.0,674.0,662.0,662.0,673.0,660.0,661.0,664.0,674.0,664.0,666.0,673.0,659.0,659.0,663.0,656.0,653.0,664.0,657.0,659.0,659.0,660.0,654.0,658.0,666.0,652.0,652.0,654.0,657.0,656.0,659.0,664.0,653.0,658.0,655.0,658.0,668.0,659.0,656.0,664.0,663.0,663.0,655.0,667.0,662.0,654.0,662.0,645.0,656.0,663.0,666.0,662.0,650.0,663.0,658.0,654.0,662.0,658.0,661.0,664.0,648.0,649.0,656.0,657.0,645.0,662.0,657.0,663.0,654.0
689.0,680.0,692.0,668.0,683.0,695.0,677.0,679.0,674.0,678.0,677.0,679.0,674.0,668.0,685.0,689.0,683.0,691.0,703.0,684.0,674.0,692.0,685.0,676.0,677.0,674.0,686.0,684.0,681.0,694.0,683.0,674.0,688.0,683.0,687.0,684.0,681.0,682.0,687.0,686.0,679.0,685.0,675.0,669.0,673.0,675.0,666.0,676.0,670.0,680.0,679.0,678.0,676.0,684.0,684.0,684.0,680.0,673.0,677.0,691.0,682.0,683.0,684.0,675.0,690.0,682.0,685.0,678.0,688.0,671.0,692.0,690.0,693.0,690.0,696.0,689.0,687.0,691.0,701.0,702.0,694.0,690.0,696.0,694.0,692.0,703.0,710.0,703.0,691.0,697.0,694.0,703.0,702.0,704.0,709.0,706.0,696.0,707.0,695.0,701.0,700.0,710.0,710.0,709.0,707.0,705.0,706.0,699.0,712.0,713.0,713.0,705.0,718.0,722.0,717.0,700.0,711.0,721.0,724.0,711.0,706.0,731.0,713.0,719.0,715.0,712.0,721.0,729.0,722.0,730.0,720.0,715.0,727.0,733.0,733.0,728.0,751.0,760.0,751.0,730.0,726.0,720.0,729.0,723.0,732.0,721.0,730.0,726.0,736.0,733.0,735.0,729.0,733.0,730.0,736.0,730.0,752.0,737.0,752.0,745.0,756.0,751.0,739.0,750.0,750.0,749.0,762.0,742.0,751.0,734.0,718.0,726.0,724.0,717.0,723.0,725.0,732.0,731.0,727.0,720.0,718.0,714.0,720.0,727.0,726.0,735.0,736.0,745.0,740.0,747.0,745.0,749.0,765.0,772.0,774.0,769.0,769.0,770.0,758.0,770.0,758.0,755.0,740.0,748.0,748.0,766.0,774.0,748.0,774.0,765.0,788.0,779.0,772.0,778.0,779.0,782.0,778.0,775.0,772.0,770.0,764.0,758.0,749.0,742.0,745.0,740.0,750.0,742.0,748.0,742.0,724.0,744.0,730.0,721.0,724.0,735.0,710.0,717.0,732.0,730.0,729.0,733.0,748.0,750.0,760.0,760.0,783.0,756.0,780.0,762.0,753.0,738.0,730.0,722.0,717.0,713.0,707.0,693.0,682.0,687.0,689.0,684.0,691.0,684.0,683.0,683.0,689.0,688.0,696.0,689.0,697.0,698.0,683.0,697.0,713.0,704.0,716.0,722.0,711.0,724.0,725.0,711.0,713.0,709.0,710,707.0,709.0,712.0,712.0,703.0,710.0,709.0,705.0,717.0,723.0,727.0,736.0,734.0,743.0,740.0,736.0,742.0,738.0,728.0,721.0,704.0,701.0,699.0,683.0,683.0,680.0,666.0,674.0,666.0,667.0,667.0,670.0,668.0,661.0,649.0,663.0,657.0,658.0,659.0,664.0,661.0,660.0,654.0,662.0,660.0,655.0,655.0,656.0,649.0,654.0,655.0,654.0,656.0,656.0,649.0,645.0,653.0,645.0,640.0,661.0,643.0,643.0,644.0,651.0,656.0,650.0,655.0,649.0,662.0,646.0,642.0,647.0,647.0,645.0,656.0,637.0,645.0,647.0,651.0,643.0,644.0,650.0,647.0,656.0,648.0,662.0,650.0,644.0,653.0,653.0,659.0,646.0,649.0,646.0,650.0,654.0,640.0,650.0,646.0,643.0,640.0,648.0,646.0,644.0
670.0,658.0,672.0,672.0,668.0,664.0,664.0,660.0,660.0,657.0,670.0,655.0,667.0,652.0,664.0,661.0,665.0,677.0,677.0,667.0,663.0,657.0,673.0,654.0,668.0,661.0,667.0,665.0,654.0,669.0,663.0,667.0,665.0,665.0,657.0,662.0,662.0,669.0,663.0,659.0,659.0,660.0,654.0,669.0,658.0,657.0,647.0,649.0,656.0,659.0,661.0,661.0,660.0,653.0,664.0,651.0,656.0,661.0,664.0,659.0,665.0,675.0,664.0,665.0,658.0,663.0,656.0,661.0,661.0,653.0,661.0,678.0,663.0,672.0,679.0,673.0,654.0,685.0,678.0,675.0,664.0,663.0,665.0,678.0,667.0,673.0,673.0,678.0,670.0,669.0,673.0,677.0,685.0,688.0,670.0,672.0,682.0,677.0,673.0,677.0,677.0,674.0,680.0,697.0,669.0,682.0,685.0,684.0,669.0,685.0,679.0,677.0,694.0,687.0,689.0,678.0,693.0,687.0,702.0,700.0,694.0,700.0,691.0,691.0,694.0,689.0,690.0,685.0,691.0,696.0,699.0,702.0,694.0,699.0,703.0,684.0,698.0,724.0,725.0,685.0,686.0,701.0,690.0,699.0,696.0,692.0,694.0,690.0,700.0,691.0,701.0,696.0,706.0,710.0,710.0,697.0,705.0,702.0,720.0,702.0,715.0,705.0,705.0,706.0,696.0,713.0,723.0,704.0,712.0,712.0,698.0,684.0,695.0,698.0,687.0,700.0,699.0,702.0,704.0,708.0,696.0,690.0,697.0,688.0,706.0,702.0,706.0,713.0,691.0,710.0,711.0,721.0,734.0,724.0,717.0,745.0,716.0,727.0,722.0,711.0,736.0,727.0,718.0,713.0,711.0,710.0,731.0,705.0,735.0,736.0,748.0,722.0,734.0,735.0,739.0,723.0,730.0,731.0,736.0,733.0,724.0,714.0,701.0,709.0,710.0,719.0,710.0,701.0,707.0,694.0,686.0,699.0,702.0,703.0,707.0,706.0,687.0,688.0,704.0,705.0,707.0,701.0,704.0,706.0,708.0,714.0,722.0,726.0,718.0,709.0,704.0,707.0,701.0,681.0,698.0,689.0,692.0,674.0,676.0,663.0,664.0,670.0,667.0,664.0,682.0,666.0,678.0,658.0,684.0,667.0,688.0,686.0,658.0,683.0,680.0,682.0,697.0,695.0,697.0,692.0,679.0,693.0,671.0,682.0,684,684.0,691.0,680.0,686.0,676.0,692.0,675.0,688.0,686.0,686.0,689.0,690.0,700.0,702.0,700.0,697.0,707.0,694.0,691.0,696.0,679.0,662.0,678.0,662.0,667.0,662.0,651.0,660.0,651.0,651.0,656.0,661.0,652.0,646.0,651.0,658.0,656.0,641.0,649.0,658.0,659.0,650.0,648.0,662.0,646.0,652.0,645.0,645.0,646.0,649.0,646.0,648.0,649.0,649.0,648.0,653.0,652.0,640.0,638.0,654.0,640.0,634.0,646.0,643.0,641.0,643.0,647.0,645.0,637.0,643.0,645.0,657.0,642.0,642.0,641.0,645.0,647.0,654.0,643.0,642.0,647.0,644.0,642.0,654.0,643.0,652.0,659.0,641.0,654.0,648.0,645.0,641.0,644.0,638.0,647.0,651.0,641.0,655.0,661.0,647.0,647.0,644.0,651.0,638.0
665.0,657.0,669.0,661.0,655.0,668.0,662.0,662.0,656.0,658.0,663.0,665.0,662.0,649.0,669.0,653.0,665.0,676.0,676.0,663.0,659.0,653.0,663.0,655.0,659.0,653.0,671.0,659.0,656.0,665.0,654.0,658.0,664.0,659.0,660.0,664.0,663.0,654.0,662.0,657.0,652.0,657.0,653.0,658.0,649.0,656.0,656.0,666.0,655.0,651.0,660.0,656.0,650.0,657.0,666.0,658.0,660.0,658.0,659.0,655.0,653.0,658.0,655.0,660.0,665.0,662.0,650.0,657.0,665.0,655.0,676.0,665.0,668.0,660.0,674.0,669.0,668.0,678.0,674.0,671.0,676.0,678.0,675.0,673.0,672.0,681.0,675.0,683.0,672.0,686.0,671.0,677.0,679.0,674.0,673.0,676.0,667.0,682.0,676.0,680.0,677.0,674.0,686.0,691.0,688.0,676.0,670.0,669.0,683.0,688.0,678.0,682.0,699.0,676.0,695.0,682.0,691.0,699.0,685.0,691.0,679.0,685.0,685.0,687.0,687.0,691.0,692.0,699.0,695.0,699.0,693.0,697.0,685.0,685.0,704.0,700.0,716.0,722.0,719.0,700.0,711.0,689.0,698.0,708.0,693.0,710.0,695.0,692.0,703.0,695.0,708.0,692.0,714.0,708.0,709.0,708.0,715.0,710.0,719.0,724.0,707.0,713.0,716.0,706.0,712.0,721.0,718.0,728.0,719.0,710.0,703.0,706.0,703.0,696.0,711.0,708.0,709.0,708.0,715.0,698.0,705.0,697.0,698.0,696.0,704.0,714.0,712.0,718.0,709.0,733.0,720.0,727.0,743.0,730.0,719.0,739.0,717.0,739.0,715.0,731.0,732.0,724.0,728.0,715.0,719.0,721.0,728.0,730.0,758.0,728.0,728.0,735.0,730.0,734.0,745.0,754.0,734.0,732.0,741.0,745.0,720.0,719.0,721.0,730.0,713.0,712.0,723.0,709.0,709.0,711.0,710.0,700.0,702.0,705.0,690.0,683.0,701.0,691.0,699.0,692.0,697.0,704.0,696.0,715.0,709.0,712.0,723.0,723.0,721.0,716.0,715.0,704.0,702.0,701.0,697.0,693.0,690.0,680.0,689.0,683.0,674.0,666.0,679.0,674.0,674.0,672.0,669.0,662.0,678.0,675.0,681.0,682.0,675.0,686.0,683.0,689.0,704.0,690.0,697.0,700.0,703.0,683.0,696.0,692.0,683,692.0,684.0,683.0,688.0,675.0,685.0,689.0,685.0,681.0,687.0,697.0,700.0,702.0,695.0,710.0,708.0,707.0,688.0,700.0,695.0,684.0,666.0,678.0,668.0,670.0,663.0,659.0,657.0,656.0,663.0,664.0,652.0,650.0,652.0,655.0,657.0,657.0,648.0,648.0,653.0,654.0,644.0,656.0,652.0,648.0,658.0,650.0,644.0,653.0,644.0,658.0,650.0,650.0,654.0,654.0,650.0,653.0,640.0,642.0,656.0,638.0,646.0,644.0,638.0,649.0,641.0,646.0,653.0,654.0,652.0,645.0,653.0,658.0,651.0,640.0,646.0,650.0,644.0,647.0,646.0,651.0,649.0,649.0,652.0,649.0,653.0,648.0,653.0,652.0,644.0,660.0,654.0,650.0,644.0,647.0,644.0,643.0,651.0,648.0,640.0,644.0,653.0,640.0,638.0
679.0,684.0,690.0,688.0,683.0,693.0,680.0,689.0,696.0,679.0,678.0,679.0,682.0,675.0,690.0,685.0,691.0,699.0,698.0,674.0,693.0,692.0,683.0,683.0,686.0,687.0,686.0,684.0,684.0,692.0,680.0,688.0,684.0,679.0,682.0,671.0,673.0,682.0,683.0,679.0,683.0,684.0,677.0,670.0,671.0,683.0,683.0,672.0,678.0,692.0,687.0,673.0,686.0,680.0,681.0,678.0,683.0,678.0,680.0,679.0,688.0,692.0,691.0,694.0,691.0,688.0,682.0,684.0,687.0,672.0,705.0,696.0,703.0,683.0,695.0,689.0,700.0,712.0,718.0,709.0,702.0,710.0,700.0,699.0,706.0,698.0,725.0,717.0,701.0,703.0,712.0,708.0,705.0,720.0,701.0,714.0,711.0,736.0,708.0,724.0,713.0,704.0,708.0,720.0,717.0,717.0,713.0,720.0,726.0,727.0,725.0,729.0,715.0,724.0,730.0,714.0,728.0,731.0,735.0,728.0,739.0,736.0,730.0,726.0,726.0,717.0,740.0,735.0,746.0,756.0,727.0,754.0,731.0,714.0,742.0,744.0,764.0,771.0,774.0,743.0,737.0,734.0,738.0,743.0,740.0,752.0,746.0,736.0,753.0,742.0,757.0,746.0,758.0,751.0,767.0,754.0,771.0,764.0,760.0,768.0,768.0,768.0,759.0,748.0,772.0,778.0,768.0,774.0,769.0,750.0,742.0,746.0,756.0,745.0,747.0,735.0,759.0,743.0,752.0,749.0,735.0,735.0,739.0,740.0,733.0,762.0,754.0,749.0,753.0,771.0,765.0,786.0,800.0,795.0,789.0,802.0,788.0,786.0,777.0,785.0,778.0,765.0,766.0,767.0,761.0,788.0,780.0,765.0,794.0,795.0,791.0,800.0,793.0,804.0,780.0,786.0,780.0,804.0,795.0,793.0,784.0,797.0,766.0,782.0,783.0,756.0,760.0,756.0,746.0,751.0,754.0,756.0,762.0,752.0,738.0,736.0,739.0,737.0,729.0,735.0,730.0,740.0,754.0,762.0,787.0,770.0,795.0,777.0,781.0,775.0,761.0,746.0,745.0,735.0,720.0,717.0,716.0,710.0,707.0,701.0,692.0,693.0,703.0,710.0,709.0,696.0,697.0,686.0,712.0,704.0,699.0,705.0,710.0,717.0,728.0,716.0,728.0,739.0,735.0,734.0,746.0,736.0,717.0,707.0,718,713.0,715.0,723.0,719.0,711.0,709.0,717.0,725.0,728.0,733.0,741.0,739.0,738.0,755.0,741.0,745.0,740.0,714.0,744.0,721.0,724.0,706.0,706.0,701.0,696.0,684.0,684.0,676.0,671.0,667.0,671.0,663.0,671.0,668.0,665.0,670.0,665.0,672.0,666.0,665.0,669.0,661.0,673.0,668.0,667.0,662.0,668.0,658.0,654.0,661.0,671.0,664.0,664.0,660.0,658.0,661.0,665.0,664.0,664.0,669.0,643.0,651.0,652.0,657.0,659.0,657.0,674.0,656.0,658.0,669.0,654.0,662.0,655.0,663.0,656.0,669.0,653.0,659.0,666.0,661.0,655.0,662.0,650.0,654.0,657.0,668.0,666.0,657.0,668.0,664.0,660.0,654.0,653.0,661.0,659.0,659.0,651.0,658.0,653.0,668.0,663.0,658.0,659.0,652.0
660.0,654.0,659.0,657.0,660.0,662.0,657.0,658.0,660.0,656.0,662.0,652.0,657.0,649.0,653.0,656.0,658.0,674.0,669.0,652.0,652.0,650.0,652.0,657.0,653.0,649.0,659.0,658.0,644.0,657.0,654.0,649.0,645.0,653.0,656.0,648.0,654.0,649.0,650.0,655.0,652.0,651.0,638.0,646.0,640.0,645.0,642.0,643.0,642.0,647.0,648.0,648.0,639.0,658.0,650.0,649.0,645.0,648.0,646.0,656.0,643.0,658.0,647.0,642.0,656.0,643.0,649.0,645.0,649.0,647.0,651.0,662.0,660.0,649.0,662.0,650.0,660.0,650.0,664.0,662.0,649.0,657.0,649.0,657.0,668.0,671.0,678.0,671.0,659.0,657.0,656.0,667.0,670.0,670.0,665.0,671.0,648.0,668.0,670.0,666.0,665.0,667.0,667.0,667.0,673.0,669.0,676.0,660.0,657.0,670.0,670.0,667.0,680.0,677.0,666.0,663.0,674.0,677.0,675.0,677.0,668.0,683.0,662.0,681.0,673.0,675.0,680.0,677.0,667.0,677.0,671.0,679.0,674.0,668.0,686.0,682.0,681.0,704.0,705.0,682.0,676.0,670.0,690.0,669.0,682.0,672.0,673.0,676.0,670.0,668.0,687.0,678.0,683.0,698.0,681.0,686.0,690.0,681.0,693.0,687.0,699.0,699.0,684.0,683.0,672.0,680.0,683.0,695.0,672.0,676.0,662.0,674.0,671.0,674.0,671.0,674.0,678.0,680.0,677.0,674.0,659.0,676.0,670.0,673.0,671.0,677.0,681.0,681.0,674.0,683.0,692.0,686.0,714.0,705.0,697.0,714.0,716.0,702.0,699.0,703.0,696.0,701.0,685.0,708.0,689.0,684.0,701.0,684.0,714.0,703.0,698.0,715.0,716.0,705.0,717.0,712.0,710.0,717.0,712.0,719.0,714.0,709.0,697.0,695.0,699.0,673.0,687.0,687.0,689.0,676.0,681.0,682.0,671.0,681.0,675.0,675.0,676.0,673.0,671.0,676.0,674.0,678.0,691.0,684.0,703.0,708.0,719.0,718.0,717.0,710.0,697.0,687.0,694.0,684.0,670.0,677.0,664.0,652.0,651.0,648.0,652.0,653.0,656.0,650.0,658.0,651.0,647.0,642.0,661.0,651.0,658.0,657.0,649.0,662.0,679.0,658.0,675.0,674.0,684.0,669.0,674.0,670.0,667.0,656.0,663,658.0,671.0,666.0,661.0,664.0,664.0,674.0,661.0,671.0,676.0,686.0,679.0,701.0,685.0,696.0,700.0,692.0,676.0,693.0,687.0,670.0,655.0,669.0,648.0,654.0,654.0,640.0,644.0,632.0,643.0,632.0,634.0,634.0,626.0,620.0,637.0,636.0,629.0,623.0,627.0,642.0,623.0,633.0,629.0,622.0,629.0,628.0,623.0,619.0,626.0,625.0,617.0,629.0,627.0,637.0,626.0,623.0,626.0,618.0,633.0,621.0,632.0,616.0,621.0,622.0,621.0,619.0,629.0,617.0,626.0,616.0,627.0,619.0,615.0,621.0,621.0,619.0,630.0,621.0,624.0,620.0,622.0,620.0,629.0,630.0,617.0,620.0,624.0,616.0,634.0,619.0,617.0,628.0,620.0,629.0,626.0,614.0,626.0,618.0,617.0,621.0,620.0,615.0,621.0
